{"authorDailyContributionsMap":{"wenruu":[{"date":"2025-03-14","commitResults":[{"hash":"6821ebae9e3fa13f7139aa42a46d4b6e31da2aff","isMergeCommit":false,"messageTitle":"Modify AboutUs.md and add picture","messageBody":"","fileTypesAndContributionMap":{"docs":{"insertions":6,"deletions":6}}},{"hash":"2e832ab81d8ae7484b2205400ad64631085bf4e1","isMergeCommit":false,"messageTitle":"Revert AboutUs.md changes","messageBody":"Need to merge image separately first.\n","fileTypesAndContributionMap":{"docs":{"insertions":5,"deletions":5}}},{"hash":"468425d6bbb001cbede190b474e4480939d8e539","isMergeCommit":false,"messageTitle":"Amend AboutUs.md","messageBody":"","fileTypesAndContributionMap":{"docs":{"insertions":1,"deletions":1}}},{"hash":"897c99772e4b114f4d9010fbfbd071d970aec4a3","isMergeCommit":false,"messageTitle":"Add Wenrui to AboutUs.md","messageBody":"","fileTypesAndContributionMap":{"docs":{"insertions":5,"deletions":5}}},{"hash":"7f2d68a65cbe00edcecc59253b923eb905887764","isMergeCommit":false,"messageTitle":"Edit Wenrui\u0027s AboutUs profile","messageBody":"","fileTypesAndContributionMap":{"docs":{"insertions":0,"deletions":1}}},{"hash":"9b73c71c4ac46fdef6988d4ae6610b15d1d91668","isMergeCommit":true,"messageTitle":"Merge branch \u0027About-Us\u0027","messageBody":"","fileTypesAndContributionMap":{}}]},{"date":"2025-03-16","commitResults":[{"hash":"99d51f6f4870d6cae907664e4bc4b46d8792c265","isMergeCommit":true,"messageTitle":"Merge pull request #11 from wenruu/About-Us","messageBody":"Add AboutUs Wenrui","fileTypesAndContributionMap":{}},{"hash":"e352cab14483b73f716f5846c1152c75ba88c55b","isMergeCommit":true,"messageTitle":"Merge pull request #12 from nanditaselvaraju/master","messageBody":"Add profile details - nandita","fileTypesAndContributionMap":{}},{"hash":"9c487f492739fd9609f87dc10bef1e5cef022feb","isMergeCommit":true,"messageTitle":"Merge pull request #15 from angjozee/master","messageBody":"Update AboutUs.md with my name and details","fileTypesAndContributionMap":{}}]},{"date":"2025-03-17","commitResults":[{"hash":"59febc7cb727a838c64487b51f8dea755ed466a0","isMergeCommit":true,"messageTitle":"Merge branch \u0027master\u0027 of https://github.com/AY2425S2-CS2103T-T14-2/tp","messageBody":"* \u0027master\u0027 of https://github.com/AY2425S2-CS2103T-T14-2/tp:\n  Add zechary28 photo\n  Add bug fixes\n  Add loan class\n  Add abstract loan class\n  Update AboutUs.md with my name and details\n  Added my picture as angjozee.png\n  Add details for Nandita in the about us.\n  Add profile picture for nandita\n  Add about us\n","fileTypesAndContributionMap":{}},{"hash":"17df4681387c13744c24b0279513800a23772088","isMergeCommit":true,"messageTitle":"Merge pull request #20 from nanditaselvaraju/SubclassesOfLoan","messageBody":"create subclasses of loan - simple interest and compound interest","fileTypesAndContributionMap":{}},{"hash":"0632a6e827207a86b44f29fb33e8aeca1f291752","isMergeCommit":false,"messageTitle":"Edit JavaDocs","messageBody":"","fileTypesAndContributionMap":{"functional-code":{"insertions":7,"deletions":2}}},{"hash":"2f2e7cf1f4363b339d85294e8c2caa9d3ec9f164","isMergeCommit":false,"messageTitle":"Merge branch \u0027master\u0027 of https://github.com/AY2425S2-CS2103T-T14-2/tp","messageBody":"* \u0027master\u0027 of https://github.com/AY2425S2-CS2103T-T14-2/tp:\n  Fix checkstyle error\n  Fixed checkstyle errors\n  Add new line at the end of file\n  Implement loan subclasses for different interest calculations\n\n# Conflicts:\n#\tsrc/main/java/seedu/address/model/person/Loan.java\n","fileTypesAndContributionMap":{"functional-code":{"insertions":191,"deletions":14}}},{"hash":"456e46f63f9aabb297e1c9f2d000570875305401","isMergeCommit":false,"messageTitle":"Add test classes for new loan classes","messageBody":"Let\u0027s fully implement these when the classes have been finalised.\n","fileTypesAndContributionMap":{"test-code":{"insertions":36,"deletions":0}}}]},{"date":"2025-03-18","commitResults":[{"hash":"25c248510c97b3c7e264cc28c33d93d9b6b09955","isMergeCommit":false,"messageTitle":"Add loan field and related methods","messageBody":"","fileTypesAndContributionMap":{"functional-code":{"insertions":39,"deletions":0}}},{"hash":"668d19b98a343d95d2f1211ae03bb477ea298689","isMergeCommit":true,"messageTitle":"Merge branch \u0027master\u0027 into Person-Loan-Field","messageBody":"","fileTypesAndContributionMap":{}},{"hash":"cb809adadebb9400c89e63ca07872d99675eed20","isMergeCommit":false,"messageTitle":"Fix missing newline at EOF","messageBody":"","fileTypesAndContributionMap":{"test-code":{"insertions":2,"deletions":2}}},{"hash":"b4cb303b2d7d5c87fed520431fdd7ffad372e814","isMergeCommit":true,"messageTitle":"Merge branch \u0027Person-Loan-Field\u0027 of https://github.com/wenruu/tp into Person-Loan-Field","messageBody":"* \u0027Person-Loan-Field\u0027 of https://github.com/wenruu/tp:\n  Fix checkstyle error\n  Fixed checkstyle errors\n  Add new line at the end of file\n  Implement loan subclasses for different interest calculations\n","fileTypesAndContributionMap":{}},{"hash":"7f2085781ba14b367efbf4cd2ba371ae7cdc40d7","isMergeCommit":false,"messageTitle":"Remove unused import","messageBody":"","fileTypesAndContributionMap":{"functional-code":{"insertions":0,"deletions":1}}},{"hash":"4efc21dab64329501f2c902a980334ae5046c525","isMergeCommit":true,"messageTitle":"Merge pull request #21 from wenruu/Person-Loan-Field","messageBody":"Person loan field","fileTypesAndContributionMap":{}}]},{"date":"2025-03-20","commitResults":[{"hash":"cf684981cb6bdaa1ed02619a9bb350eb472146e2","isMergeCommit":true,"messageTitle":"Merge branch \u0027master\u0027 of https://github.com/AY2425S2-CS2103T-T14-2/tp","messageBody":"* \u0027master\u0027 of https://github.com/AY2425S2-CS2103T-T14-2/tp:\n  Remove unused import\n  Fix missing newline at EOF\n  Add loan field and related methods\n  Fix checkstyle error\n  Fixed checkstyle errors\n  Add new line at the end of file\n  Implement loan subclasses for different interest calculations\n","fileTypesAndContributionMap":{}}]},{"date":"2025-03-22","commitResults":[{"hash":"e444334a1b6f33cd9afb227c3a0404dfa5258ddf","isMergeCommit":false,"messageTitle":"Add loan command","messageBody":"","fileTypesAndContributionMap":{"functional-code":{"insertions":73,"deletions":1}}},{"hash":"c1466ac46f163e8814ffc9229880498880fda3d3","isMergeCommit":true,"messageTitle":"Merge branch \u0027master\u0027 of https://github.com/AY2425S2-CS2103T-T14-2/tp","messageBody":"* \u0027master\u0027 of https://github.com/AY2425S2-CS2103T-T14-2/tp:\n  Add loan tests\n  Edit Loan\n  Edit Loan class\n  Add loan class\n","fileTypesAndContributionMap":{}},{"hash":"c2f4b95b2bb7318d8a771313d89926b3ff38740e","isMergeCommit":false,"messageTitle":"Minor changes","messageBody":"","fileTypesAndContributionMap":{"functional-code":{"insertions":12,"deletions":0}}},{"hash":"50869371edf117514db8d343db6cfb3432f9df53","isMergeCommit":false,"messageTitle":"Loan command functional","messageBody":"Loan command can now be used to add a loan to the loan list of a person.\nHowever, saving the list and the UI displaying loans has not been\nachieved yet.\n\nRefactored Loan class to accept float inputs for both interest rate\nand amount, up to 2 d.p.\n\nRefactored toString() method of Loan class to be consistent with Person\nby adding a format method for Loan and changing the default toString()\nmethod for Person to include the loan list. Made the output more human\nreadable.\n\nLet\u0027s,\n- Test to see if there are any unintentional bugs introduced\n- Write test cases\n","fileTypesAndContributionMap":{"functional-code":{"insertions":102,"deletions":32}}},{"hash":"aeedb9d23982392901b5746f3c837f98e9178a71","isMergeCommit":false,"messageTitle":"Fix checkstyle violations","messageBody":"","fileTypesAndContributionMap":{"functional-code":{"insertions":12,"deletions":8}}},{"hash":"e641396c002a2b8455aba80bcf9bf7a4c40664a3","isMergeCommit":false,"messageTitle":"Fix checkstyle violations","messageBody":"","fileTypesAndContributionMap":{"functional-code":{"insertions":5,"deletions":1}}},{"hash":"1357001b23ca41052476e30f0acfb3f0d8363159","isMergeCommit":false,"messageTitle":"Update expected Person toString test","messageBody":"","fileTypesAndContributionMap":{"functional-code":{"insertions":1,"deletions":1},"test-code":{"insertions":2,"deletions":1}}},{"hash":"99a58fe0bc90fdadc410a56a367db3db06200ea5","isMergeCommit":true,"messageTitle":"Merge pull request #35 from wenruu/Add-Loan-Command","messageBody":"Add loan command","fileTypesAndContributionMap":{}},{"hash":"2194927649bd7ab38d1aa50728a84bb7154c393e","isMergeCommit":true,"messageTitle":"Merge branch \u0027Add-Loan-Command\u0027","messageBody":"* Add-Loan-Command:\n  Update expected Person toString test\n  Fix checkstyle violations\n  Fix checkstyle violations\n  Loan command functional\n","fileTypesAndContributionMap":{}},{"hash":"1c60033cb02d1f48571d07e0b07b5e0c9dfab83d","isMergeCommit":true,"messageTitle":"Merge branch \u0027master\u0027 of https://github.com/AY2425S2-CS2103T-T14-2/tp","messageBody":"* \u0027master\u0027 of https://github.com/AY2425S2-CS2103T-T14-2/tp:\n  Edit simple loan class\n  Add loan edit\n","fileTypesAndContributionMap":{}},{"hash":"81e1100db4f868345c08674e342bae3132874256","isMergeCommit":false,"messageTitle":"Add LoanList class, UI shows loans","messageBody":"","fileTypesAndContributionMap":{"functional-code":{"insertions":92,"deletions":6}}},{"hash":"27b1046775b1af30714280b46f4b5ee0574693cf","isMergeCommit":true,"messageTitle":"Merge pull request #41 from nanditaselvaraju/UpdateUi","messageBody":"Update UI","fileTypesAndContributionMap":{}},{"hash":"e899439a962efb4257684244f38826c330066426","isMergeCommit":false,"messageTitle":"Fix checkstyle violations","messageBody":"","fileTypesAndContributionMap":{"functional-code":{"insertions":3,"deletions":2}}},{"hash":"3c1b193f00038762c59de3b2c63b2b645e314963","isMergeCommit":false,"messageTitle":"Update PersonTest expected String","messageBody":"","fileTypesAndContributionMap":{"test-code":{"insertions":1,"deletions":1}}},{"hash":"ad9c3ff78ff67b939b317699f13d255f5d635dbb","isMergeCommit":true,"messageTitle":"Merge pull request #42 from wenruu/Add-LoanList-Class","messageBody":"Add loan list class","fileTypesAndContributionMap":{}},{"hash":"2a8e532e4901aaebf4b2c7f387d2b4c3a7f669ec","isMergeCommit":true,"messageTitle":"Merge branch \u0027master\u0027 of https://github.com/AY2425S2-CS2103T-T14-2/tp into Add-LoanList-Class","messageBody":"* \u0027master\u0027 of https://github.com/AY2425S2-CS2103T-T14-2/tp:\n  Update the Ui.png\n  Implement compound interest calculations in CompoundInterestLoan\n","fileTypesAndContributionMap":{}},{"hash":"f470bdcf589636ffa07b3c4073eecea3f978ddd2","isMergeCommit":true,"messageTitle":"Merge branch \u0027master\u0027 of https://github.com/AY2425S2-CS2103T-T14-2/tp into Add-LoanList-Class","messageBody":"* \u0027master\u0027 of https://github.com/AY2425S2-CS2103T-T14-2/tp:\n  Add loanlist to storage\n  Update LoanCommandTest to fix checkstyle error\n  Update settings.json\n  Fix vs code setting bug\n  Add storage functions for loanlist class\n  Add LoanCommandTest to verify successful loan addition\n  Update README.md\n  Add .vscode/settings.json\n  Bug fix on loan to save string\n  Add save string method for loan class\n","fileTypesAndContributionMap":{}},{"hash":"ce587a384480de68923e0f430e92024a6bad5ed5","isMergeCommit":true,"messageTitle":"Merge branch \u0027Add-LoanList-Class\u0027","messageBody":"* Add-LoanList-Class:\n  Add loanlist to storage\n  Update LoanCommandTest to fix checkstyle error\n  Update settings.json\n  Fix vs code setting bug\n  Add storage functions for loanlist class\n  Add LoanCommandTest to verify successful loan addition\n  Update README.md\n  Add .vscode/settings.json\n  Bug fix on loan to save string\n  Add save string method for loan class\n  Update PersonTest expected String\n  Fix checkstyle violations\n  Add LoanList class, UI shows loans\n  Update the Ui.png\n  Implement compound interest calculations in CompoundInterestLoan\n","fileTypesAndContributionMap":{}}]},{"date":"2025-03-24","commitResults":[{"hash":"b92b34f2d9e94f1abe12cabe6736ce88fde56f2c","isMergeCommit":true,"messageTitle":"Merge branch \u0027master\u0027 of https://github.com/AY2425S2-CS2103T-T14-2/tp","messageBody":"* \u0027master\u0027 of https://github.com/AY2425S2-CS2103T-T14-2/tp:\n  Update User Guide with more commands to be added in the future\n  Fixed checkstyle errors\n  Update the user guide with the new command, loan\n  Update project website formatting\n  Add storage\n","fileTypesAndContributionMap":{}},{"hash":"768ee0924d6ed278d4621d8b4802823556291464","isMergeCommit":false,"messageTitle":"Bugfix: Edit command did not keep loans","messageBody":"","fileTypesAndContributionMap":{"functional-code":{"insertions":18,"deletions":4}}},{"hash":"ed545f8754992c405a3a74a4de197c399d659c7c","isMergeCommit":true,"messageTitle":"Merge pull request #49 from wenruu/EditCommand-Copy-Loan","messageBody":"Edit command copy loan","fileTypesAndContributionMap":{}},{"hash":"c2ba830d4666d9ea3df6c422cf7d5ee4c5c2a08c","isMergeCommit":true,"messageTitle":"Merge branch \u0027EditCommand-Copy-Loan\u0027","messageBody":"* EditCommand-Copy-Loan:\n  Bugfix: Edit command did not keep loans\n","fileTypesAndContributionMap":{}}]},{"date":"2025-03-26","commitResults":[{"hash":"3b908e8bfdcd847e0300031ecc6f749ba1a6a6cd","isMergeCommit":true,"messageTitle":"Merge branch \u0027master\u0027 of https://github.com/AY2425S2-CS2103T-T14-2/tp into Pay-Loan-Command","messageBody":"* \u0027master\u0027 of https://github.com/AY2425S2-CS2103T-T14-2/tp:\n  Fix Checkstyle errors\n  Fix Checkstyle errors\n  Fix Checkstyle errors\n  Add filterLoan command to filter loans by paid status\n","fileTypesAndContributionMap":{}},{"hash":"50fbb34c81dd71b1b054843ff71726da9aec5dcf","isMergeCommit":false,"messageTitle":"Add Pay command and associated logic","messageBody":"","fileTypesAndContributionMap":{"functional-code":{"insertions":305,"deletions":83}}},{"hash":"3f60c81164e7a3f4c651a6bcc8b730ade59b5dd2","isMergeCommit":false,"messageTitle":"Fix checkstyle issues","messageBody":"","fileTypesAndContributionMap":{"functional-code":{"insertions":5,"deletions":2}}},{"hash":"238423b2cc3513c06ef503842bb8854ebd398096","isMergeCommit":true,"messageTitle":"Merge pull request #58 from wenruu/Pay-Loan-Command","messageBody":"Pay loan command","fileTypesAndContributionMap":{}}]},{"date":"2025-03-27","commitResults":[{"hash":"3af91ea0011c03ad89eb714fda405d0a8104b52a","isMergeCommit":false,"messageTitle":"Remove getLoanValue()","messageBody":"","fileTypesAndContributionMap":{"functional-code":{"insertions":2,"deletions":7}}},{"hash":"ae62f957395b77b3536b4723b55628df246d539e","isMergeCommit":true,"messageTitle":"Merge branch \u0027Pay-Loan-Command\u0027","messageBody":"* Pay-Loan-Command:\n  Remove getLoanValue()\n  Fix checkstyle issues\n  Add Pay command and associated logic\n  Fix Checkstyle errors\n  Fix Checkstyle errors\n  Fix Checkstyle errors\n  Add filterLoan command to filter loans by paid status\n","fileTypesAndContributionMap":{}},{"hash":"645ff3477fc85d8898620272a4ceb3a094f0265a","isMergeCommit":true,"messageTitle":"Merge branch \u0027master\u0027 of https://github.com/AY2425S2-CS2103T-T14-2/tp","messageBody":"* \u0027master\u0027 of https://github.com/AY2425S2-CS2103T-T14-2/tp:\n","fileTypesAndContributionMap":{}},{"hash":"1caa8eadbda324cdfe985ac781cba6b2c19a8e5e","isMergeCommit":false,"messageTitle":"no message","messageBody":"","fileTypesAndContributionMap":{"functional-code":{"insertions":47,"deletions":13}}},{"hash":"533297a6c5d02586faefb60ab7e71a4135175f0e","isMergeCommit":false,"messageTitle":"Fix no error for invalid date","messageBody":"","fileTypesAndContributionMap":{"functional-code":{"insertions":13,"deletions":3}}},{"hash":"098ca9a943167f0193bf8a140282b541e8885e96","isMergeCommit":false,"messageTitle":"Fix checkstyle issues","messageBody":"","fileTypesAndContributionMap":{"functional-code":{"insertions":1,"deletions":2}}},{"hash":"cbad69a5e4c91ec4af7aa9b540d1ed8aa9051ff4","isMergeCommit":true,"messageTitle":"Merge branch \u0027master\u0027 into Pay-Loan-Compound","messageBody":"","fileTypesAndContributionMap":{}},{"hash":"61459cb3e41cfba5338900eac952526e98311a60","isMergeCommit":true,"messageTitle":"Merge pull request #62 from wenruu/Pay-Loan-Compound","messageBody":"Pay loan compound","tags":["v1.4"],"fileTypesAndContributionMap":{}},{"hash":"16ee9c0e203866d608cad308a35eba5dfd61896d","isMergeCommit":true,"messageTitle":"Merge branch \u0027Pay-Loan-Compound\u0027","messageBody":"* Pay-Loan-Compound:\n  Fix checkstyle issues\n  Fix no error for invalid date\n  no message\n","fileTypesAndContributionMap":{}},{"hash":"dbab268b7fa07cadaff1e0e6d9b7e6b40fdf1ded","isMergeCommit":true,"messageTitle":"Merge branch \u0027master\u0027 of https://github.com/AY2425S2-CS2103T-T14-2/tp","messageBody":"* \u0027master\u0027 of https://github.com/AY2425S2-CS2103T-T14-2/tp:\n  Add minor changes\n  Add loan edit\n","fileTypesAndContributionMap":{}}]},{"date":"2025-04-02","commitResults":[{"hash":"99722489ef5cc74900ad2f1dd517c18efee407b1","isMergeCommit":false,"messageTitle":"Fix getPaymentDifference()","messageBody":"","fileTypesAndContributionMap":{"functional-code":{"insertions":20,"deletions":4}}},{"hash":"2c93112a73dedf5340fbb22d8da341ce3914767f","isMergeCommit":true,"messageTitle":"Merge pull request #67 from wenruu/Fix-Compound-Payment-Diff","messageBody":"Fix compound payment diff","fileTypesAndContributionMap":{}},{"hash":"71e4399090465e9ca87e6e30c8b4e17f5e36df63","isMergeCommit":true,"messageTitle":"Merge branch \u0027Fix-Compound-Payment-Diff\u0027","messageBody":"* Fix-Compound-Payment-Diff:\n  Fix getPaymentDifference()\n","fileTypesAndContributionMap":{}},{"hash":"e347108d11b880815c7d20278f5bd84961229749","isMergeCommit":true,"messageTitle":"Merge branch \u0027master\u0027 of https://github.com/AY2425S2-CS2103T-T14-2/tp","messageBody":"* \u0027master\u0027 of https://github.com/AY2425S2-CS2103T-T14-2/tp:\n  Merge with wr\n  Add loan list test\n  Add loan list test\n  Add individual person page\n","fileTypesAndContributionMap":{}},{"hash":"e346dc12999eec4bba4d4968d3ae1616fe208603","isMergeCommit":false,"messageTitle":"Refactoring, bug fixes","messageBody":"","fileTypesAndContributionMap":{"functional-code":{"insertions":53,"deletions":71},"test-code":{"insertions":8,"deletions":0}}},{"hash":"20ac1fe1cf96fc2309c18769be7d53da9d9903af","isMergeCommit":false,"messageTitle":"Minor checkstyle fixes","messageBody":"","fileTypesAndContributionMap":{"test-code":{"insertions":3,"deletions":3}}},{"hash":"cb007c53793edc6ff799e41255206611d656691e","isMergeCommit":false,"messageTitle":"Checkstyle fixes","messageBody":"","fileTypesAndContributionMap":{"functional-code":{"insertions":2,"deletions":2},"docs":{"insertions":3,"deletions":3}}},{"hash":"3edb5c38739052feeffe8dbdcca9971f102c5751","isMergeCommit":false,"messageTitle":"Untrack bin, checkstyle fixes","messageBody":"","fileTypesAndContributionMap":{"docs":{"insertions":1,"deletions":1}}},{"hash":"cae69351073c6076ef7967dfd6749d35448d0bb8","isMergeCommit":false,"messageTitle":"Remove bin files","messageBody":"","fileTypesAndContributionMap":{"other":{"insertions":0,"deletions":727}}},{"hash":"0d92fcece0a0a3e9340db7fdff15ffc064ad3c05","isMergeCommit":true,"messageTitle":"Merge branch \u0027master\u0027 of https://github.com/AY2425S2-CS2103T-T14-2/tp into Monthly-Instalment-Bugfix","messageBody":"* \u0027master\u0027 of https://github.com/AY2425S2-CS2103T-T14-2/tp:\n  Add loan list tests\n  Add simple interest test\n\n# Conflicts:\n#\tbin/main/seedu/address/logic/commands/SortCommand.class\n#\tbin/main/seedu/address/model/person/UniquePersonList.class\n#\tbin/main/seedu/address/ui/LoanIndiv.class\n#\tbin/test/seedu/address/model/person/LoanListTest.class\n#\tbin/test/seedu/address/model/person/SimpleInterestLoanTest.class\n","fileTypesAndContributionMap":{}},{"hash":"9adca623599389f9606a43ac26b4ac790d38ea55","isMergeCommit":true,"messageTitle":"Merge branch \u0027Monthly-Instalment-Bugfix\u0027","messageBody":"* Monthly-Instalment-Bugfix:\n  Stop tracking bin folder\n  Remove bin files\n  Untrack bin, checkstyle fixes\n  Checkstyle fixes\n  Minor checkstyle fixes\n  Add loan list tests\n  Add simple interest test\n","fileTypesAndContributionMap":{}},{"hash":"eb61cab886ebb7c2cdf12c6869e2214785a6c907","isMergeCommit":true,"messageTitle":"Merge pull request #76 from wenruu/Monthly-Instalment-Bugfix","messageBody":"Monthly instalment bugfix","fileTypesAndContributionMap":{}},{"hash":"0c1bdfce0b3916b167333c6134756cef01bfc0b3","isMergeCommit":false,"messageTitle":"Add Delete Loan Command","messageBody":"","fileTypesAndContributionMap":{"functional-code":{"insertions":107,"deletions":6}}},{"hash":"3ef26a062410af18bf91623b596becd9606a3496","isMergeCommit":true,"messageTitle":"Merge pull request #82 from wenruu/Delete-Loan-Command","messageBody":"Delete loan command","fileTypesAndContributionMap":{}},{"hash":"8f1cf08156a0ab7aac776cd7ce3ad784173da477","isMergeCommit":true,"messageTitle":"Merge branch \u0027Delete-Loan-Command\u0027","messageBody":"* Delete-Loan-Command:\n  Add Delete Loan Command\n","fileTypesAndContributionMap":{}},{"hash":"2b407e2909d9adb74700de15fa48c9dae62b16ef","isMergeCommit":true,"messageTitle":"Merge branch \u0027master\u0027 of https://github.com/AY2425S2-CS2103T-T14-2/tp","messageBody":"* \u0027master\u0027 of https://github.com/AY2425S2-CS2103T-T14-2/tp:\n  Add new ui.png\n  Update UserGuide.md\n  Update UG\n","fileTypesAndContributionMap":{}}]},{"date":"2025-04-03","commitResults":[{"hash":"f6136685cb4f0b4f1058b6804e0d6ac23fe96d62","isMergeCommit":true,"messageTitle":"Merge pull request #85 from nanditaselvaraju/EditingPay","messageBody":"Editing pay to include different types","fileTypesAndContributionMap":{}},{"hash":"19e0a1aeed238daec447e7bfeda5c58ad4f9a245","isMergeCommit":false,"messageTitle":"add bg file","messageBody":"","fileTypesAndContributionMap":{"functional-code":{"insertions":13,"deletions":6}}},{"hash":"3fceb1ae2454d72bf84003a92b0c34cd9ab0bd20","isMergeCommit":true,"messageTitle":"Merge pull request #93 from wenruu/v1.2-PR","messageBody":"nil","fileTypesAndContributionMap":{}},{"hash":"61164ed7ce4a8f08fea25b89784f9662d8b63c59","isMergeCommit":false,"messageTitle":"Add comment","messageBody":"","fileTypesAndContributionMap":{"functional-code":{"insertions":1,"deletions":0}}},{"hash":"28de63d97419f9707ff4b08aeee16ee73a9ca97e","isMergeCommit":true,"messageTitle":"Merge pull request #94 from wenruu/v1.3-PR","messageBody":"Add comment","fileTypesAndContributionMap":{}},{"hash":"629b1f00662ae78d7084e5c03bd7aa567d7d17f8","isMergeCommit":false,"messageTitle":"no message","messageBody":"","fileTypesAndContributionMap":{"functional-code":{"insertions":96,"deletions":106}}},{"hash":"ca9fbef840d11a24aafb7bf00ccde748995b6c8a","isMergeCommit":true,"messageTitle":"Merge branch \u0027master\u0027 of https://github.com/AY2425S2-CS2103T-T14-2/tp","messageBody":"* \u0027master\u0027 of https://github.com/AY2425S2-CS2103T-T14-2/tp:\n  Add comment\n  Add UG\n  Fix checkstyle error\n  Fix checkstyle errors\n  Update pay method to take in 3 types: \u0027pay by amount\u0027, \u0027pay by months\u0027, \u0027pay all\u0027\n  Correct checkstyle errors\n  Add \u0027pay by months\u0027 functionality to PayCommand\n","fileTypesAndContributionMap":{}},{"hash":"01e01af609b7836ceb82a4fc5eac5a5c9fd568e1","isMergeCommit":false,"messageTitle":"Change Ui massively","messageBody":"","fileTypesAndContributionMap":{"functional-code":{"insertions":2,"deletions":2},"other":{"insertions":81,"deletions":52}}},{"hash":"9487b4c307021b1eddf3dfd325cd8eaaf1997a18","isMergeCommit":true,"messageTitle":"Merge branch \u0027Ui-Update\u0027 of https://github.com/wenruu/tp into Ui-Update","messageBody":"* \u0027Ui-Update\u0027 of https://github.com/wenruu/tp:\n  no message\n  add bg file\n\n# Conflicts:\n#\tsrc/main/resources/view/SharkTheme.css\n","fileTypesAndContributionMap":{}},{"hash":"fc3112c3947bb7411e8bc17d55d2a2a487e73fc2","isMergeCommit":false,"messageTitle":"Fix checkstyle","messageBody":"","fileTypesAndContributionMap":{"docs":{"insertions":1,"deletions":1}}},{"hash":"e43276f378ea251da1de2ff5efc8f9421aa2f6b1","isMergeCommit":true,"messageTitle":"Merge pull request #97 from wenruu/Ui-Update","messageBody":"UI update","fileTypesAndContributionMap":{}}]},{"date":"2025-04-04","commitResults":[{"hash":"615f3c300062125d966867cab39811bfe07c24fd","isMergeCommit":true,"messageTitle":"Merge branch \u0027master\u0027 of https://github.com/AY2425S2-CS2103T-T14-2/tp","messageBody":"* \u0027master\u0027 of https://github.com/AY2425S2-CS2103T-T14-2/tp: (24 commits)\n  Add bug fix\n  Enable assertions in build.gradle\n  Add zechary28.png\n  Fix Checkstyle errors\n  Update filter loan in user guide features and summary\n  Update Developer Guide with new features, manual testing, and appendices\n  Fix checkstyle\n  Add EOF SharkTheme.css\n  Test roughly loan filter by amount, loanType, dueDate\n  Fix add loan bug\n  Add UI fix\n  Throw CommandException for LoanFilterCommand.execute()\n  Update LoanFilterCommandParser.parse() to accept personIndex\n  Update LoanFilterCommand.execute()\n  Throw Exceptions in ParserUtil.parseLoanPredicate\n  Move LoanFilter parsing logic to ParserUtil.parseLoanPredicate\n  Create LoanPredicate class\n  Change LoanFilterCommand constructor, method signature, variables, enable filter by person\n  Change Message_Usage for LoanFilterCommand\n  Update use cases in developer guide\n  ...\n","fileTypesAndContributionMap":{}},{"hash":"de98100ca46840fbf639187f04f37ffd324ecb7b","isMergeCommit":false,"messageTitle":"Huge UI touchup","messageBody":"","fileTypesAndContributionMap":{"functional-code":{"insertions":67,"deletions":51}}},{"hash":"d3ec16ff9721e607005ee2d95bae3beebc43e9c6","isMergeCommit":false,"messageTitle":"Checkstyle fixes","messageBody":"","fileTypesAndContributionMap":{"functional-code":{"insertions":5,"deletions":5}}},{"hash":"05348e3e64cb68bd24c52a84dd922d904a6f3991","isMergeCommit":true,"messageTitle":"Merge pull request #107 from wenruu/Ui-Touchup-v1.5","messageBody":"UI touchup v1.5","fileTypesAndContributionMap":{}},{"hash":"ecbe67e8e85c27c6cfdd1124b51bed5f9b152ac1","isMergeCommit":false,"messageTitle":"Update UG and DG","messageBody":"","fileTypesAndContributionMap":{"docs":{"insertions":270,"deletions":135}}},{"hash":"3bee353884a3521ce36a688d8cefed9ef053ffa1","isMergeCommit":true,"messageTitle":"Merge pull request #108 from wenruu/Update-UG-DG","messageBody":"Update UG and DG","fileTypesAndContributionMap":{}},{"hash":"0e6029350485357d513bc4aad95db18557e4f3e2","isMergeCommit":false,"messageTitle":"Fix checkstyle","messageBody":"","fileTypesAndContributionMap":{"docs":{"insertions":5,"deletions":5}}},{"hash":"96cdacbab0e52d265859deb18f16805f9121dc58","isMergeCommit":true,"messageTitle":"Merge pull request #109 from wenruu/Update-UG-DG","messageBody":"Fix checkstyle","fileTypesAndContributionMap":{}},{"hash":"a7901dcc62f2cf97495a603e6e2a6f156db36986","isMergeCommit":false,"messageTitle":"Bugfix","messageBody":"","fileTypesAndContributionMap":{"functional-code":{"insertions":1,"deletions":1}}},{"hash":"02d3e4367960de621ade7a0eb766a811071c2644","isMergeCommit":true,"messageTitle":"Merge pull request #110 from wenruu/Update-UG-DG","messageBody":"Bugfix","fileTypesAndContributionMap":{}},{"hash":"2bc5ed0f87b456f65957c7ab33f1db5e39103308","isMergeCommit":false,"messageTitle":"Bugfix for not updating ui","messageBody":"","fileTypesAndContributionMap":{"functional-code":{"insertions":8,"deletions":1}}},{"hash":"16c4c0d6b82306d226fb1d876bc4fd65303925dd","isMergeCommit":false,"messageTitle":"Bugfix","messageBody":"","fileTypesAndContributionMap":{"functional-code":{"insertions":2,"deletions":6}}},{"hash":"42b58f8ca519daaa50c91d4121da11f521fba307","isMergeCommit":true,"messageTitle":"Merge pull request #111 from wenruu/Update-UG-DG","messageBody":"Update ug dg","fileTypesAndContributionMap":{}},{"hash":"ae90e336762327416a47a568961a249c85f28b1e","isMergeCommit":false,"messageTitle":"Checkstyle fix","messageBody":"","fileTypesAndContributionMap":{"functional-code":{"insertions":0,"deletions":2}}},{"hash":"76bfd3690516c172ab2dcf0ae9cf349e6f9f8074","isMergeCommit":true,"messageTitle":"Merge pull request #112 from wenruu/Update-UG-DG","messageBody":"Checkstyle fix","fileTypesAndContributionMap":{}},{"hash":"527cefd1f9cd25a97c26b28272a674574c0e4933","isMergeCommit":false,"messageTitle":"Fix failing test","messageBody":"","fileTypesAndContributionMap":{"functional-code":{"insertions":5,"deletions":2}}},{"hash":"0fcd07e0c71e13654446ead402d918d88992b221","isMergeCommit":true,"messageTitle":"Merge pull request #113 from wenruu/Update-UG-DG","messageBody":"Fix failing test","fileTypesAndContributionMap":{}},{"hash":"84a45de2c80f120348323a60df82159ef0978d80","isMergeCommit":true,"messageTitle":"Merge branch \u0027master\u0027 of https://github.com/AY2425S2-CS2103T-T14-2/tp","messageBody":"* \u0027master\u0027 of https://github.com/AY2425S2-CS2103T-T14-2/tp:\n  Fix failing test\n  Checkstyle fix\n  Bugfix\n  Bugfix for not updating ui\n  Bugfix\n  Fix checkstyle\n  Update UG and DG\n","fileTypesAndContributionMap":{}},{"hash":"3ebd0714bbe406f82fd126dc052392ab44dd89cb","isMergeCommit":false,"messageTitle":"Fix checkstyle","messageBody":"","fileTypesAndContributionMap":{"functional-code":{"insertions":3,"deletions":1}}},{"hash":"4ccd264eb7f76538ce2a4822aa5e2a48ffb62e2c","isMergeCommit":true,"messageTitle":"Merge pull request #114 from wenruu/Temp","messageBody":"Temp","fileTypesAndContributionMap":{}},{"hash":"a7dcbb51b0551566298d088fd4c27ba380c41812","isMergeCommit":true,"messageTitle":"Merge branch \u0027master\u0027 of https://github.com/AY2425S2-CS2103T-T14-2/tp into Update-UG-DG","messageBody":"* \u0027master\u0027 of https://github.com/AY2425S2-CS2103T-T14-2/tp:\n  Fix checkstyle\n","fileTypesAndContributionMap":{}},{"hash":"95b7cc95d96cc969531151335edbea0c44058f01","isMergeCommit":false,"messageTitle":"Add .puml","messageBody":"","fileTypesAndContributionMap":{"docs":{"insertions":4,"deletions":0}}},{"hash":"863bf6c22e00a2c3cf7858b3339c61f2b15fa9b3","isMergeCommit":false,"messageTitle":"Add .puml to DG","messageBody":"","fileTypesAndContributionMap":{"docs":{"insertions":60,"deletions":65}}},{"hash":"439695e6630deca215bf22a5464fd7b89c34199d","isMergeCommit":false,"messageTitle":"Add more uml diagrams","messageBody":"","fileTypesAndContributionMap":{"docs":{"insertions":68,"deletions":3}}},{"hash":"e9c6c2d78a53945653e66f2ec60e02a7196abeac","isMergeCommit":true,"messageTitle":"Merge pull request #115 from wenruu/Update-UG-DG","messageBody":"Update ug dg","fileTypesAndContributionMap":{}},{"hash":"240629381ff7a9f8c248ded018474162eaddb347","isMergeCommit":false,"messageTitle":"Update DeveloperGuide.md","messageBody":"","fileTypesAndContributionMap":{"docs":{"insertions":0,"deletions":5}}},{"hash":"c70abe696f38de4a72e8adb4d73c33dfaa2f6386","isMergeCommit":false,"messageTitle":"Update UserGuide.md","messageBody":"","tags":["v1.5"],"fileTypesAndContributionMap":{"docs":{"insertions":0,"deletions":6}}},{"hash":"5f3f0bdc834996965ffce5cb1224748a558ef7c8","isMergeCommit":true,"messageTitle":"Merge branch \u0027master\u0027 of https://github.com/AY2425S2-CS2103T-T14-2/tp","messageBody":"* \u0027master\u0027 of https://github.com/AY2425S2-CS2103T-T14-2/tp:\n  Add page breaks UG\n  Edit UG filter\n  Change abit filter UG\n  Tweak UG filter command\n  Update UG filter command\n  Update README.md\n  Fix CI\n  Fix loan change bug\n  Update UserGuide.md\n  Update DeveloperGuide.md\n  Add more uml diagrams\n  Add .puml to DG\n  Add .puml\n  Add filter clear\n  Add fix for filter command\n","fileTypesAndContributionMap":{}},{"hash":"aa6118b6c8924fd3c77904c303c135d7ded9e865","isMergeCommit":false,"messageTitle":"UI update","messageBody":"","fileTypesAndContributionMap":{"functional-code":{"insertions":36,"deletions":52}}},{"hash":"6bd63cfdd0e0930bcbd807541fee17e8e70c8f6a","isMergeCommit":false,"messageTitle":"Checkstyle fixes","messageBody":"","fileTypesAndContributionMap":{"functional-code":{"insertions":0,"deletions":16}}},{"hash":"55a9842afaed36944171c0263b96338c15950c75","isMergeCommit":true,"messageTitle":"Merge pull request #121 from wenruu/Ui-Touchup-v1.5","messageBody":"UI touchup v1.5","fileTypesAndContributionMap":{}}]},{"date":"2025-04-07","commitResults":[{"hash":"60ceb96f9dfe43a259cacc8024d6bbd6786c267f","isMergeCommit":false,"messageTitle":"Update AboutUs.md","messageBody":"","fileTypesAndContributionMap":{"docs":{"insertions":1,"deletions":0}}},{"hash":"d3def9413fbf45b6f13218b8a78758a2710c7a38","isMergeCommit":false,"messageTitle":"Update UserGuide.md","messageBody":"","fileTypesAndContributionMap":{"docs":{"insertions":4,"deletions":0}}},{"hash":"245fe2e5f1658766f7d0de8ca101d83a990ce8aa","isMergeCommit":false,"messageTitle":"Update UserGuide.md","messageBody":"","fileTypesAndContributionMap":{"docs":{"insertions":11,"deletions":8}}},{"hash":"73918963c3e88f440555da260928932775aa3ef0","isMergeCommit":false,"messageTitle":"Update UserGuide.md","messageBody":"","fileTypesAndContributionMap":{"docs":{"insertions":23,"deletions":3}}},{"hash":"5c4fb2735ba63f2a24e4a894b02e5e4318189c0b","isMergeCommit":false,"messageTitle":"Update UserGuide.md","messageBody":"","fileTypesAndContributionMap":{"docs":{"insertions":5,"deletions":0}}},{"hash":"bd8bab55da7549d6cd51e897994f6a648cce53d5","isMergeCommit":false,"messageTitle":"Update UserGuide.md","messageBody":"","fileTypesAndContributionMap":{"docs":{"insertions":7,"deletions":1}}},{"hash":"3c1bf4f0299a3330ae49439e907e94af051b36ec","isMergeCommit":false,"messageTitle":"Update UserGuide.md","messageBody":"","fileTypesAndContributionMap":{"docs":{"insertions":6,"deletions":4}}},{"hash":"edc84a7f00ad6e2887dfc4b2885923a4f5c56bb6","isMergeCommit":false,"messageTitle":"Update UserGuide.md","messageBody":"","fileTypesAndContributionMap":{"docs":{"insertions":1,"deletions":1}}},{"hash":"ef672830b77b2a874b082802108e571e545b57ec","isMergeCommit":false,"messageTitle":"Update UserGuide.md","messageBody":"","fileTypesAndContributionMap":{"docs":{"insertions":1,"deletions":1}}},{"hash":"84588a676be9193fc468e2372614aa6de99536c1","isMergeCommit":false,"messageTitle":"Update UserGuide.md","messageBody":"","fileTypesAndContributionMap":{"docs":{"insertions":1,"deletions":1}}},{"hash":"e131e422795fbcb3512ea003b46c726ce112c202","isMergeCommit":false,"messageTitle":"Update UserGuide.md","messageBody":"","fileTypesAndContributionMap":{"docs":{"insertions":1,"deletions":1}}},{"hash":"2c17853c8fa067d5a63209cde5de00fc8928bb82","isMergeCommit":false,"messageTitle":"Update UserGuide.md","messageBody":"","fileTypesAndContributionMap":{"docs":{"insertions":1,"deletions":1}}},{"hash":"dfd6597fb0e94b62004338360bf393daf1213394","isMergeCommit":false,"messageTitle":"Update UserGuide.md","messageBody":"","fileTypesAndContributionMap":{"docs":{"insertions":2,"deletions":0}}},{"hash":"1b17c6465ffb0b2e588b912af1aa0cdc51e06c31","isMergeCommit":false,"messageTitle":"Update UserGuide.md","messageBody":"","fileTypesAndContributionMap":{"docs":{"insertions":1,"deletions":1}}},{"hash":"d165f63cf6829622ab7364b891c4b54cdc027c61","isMergeCommit":false,"messageTitle":"Update UserGuide.md","messageBody":"","fileTypesAndContributionMap":{"docs":{"insertions":1,"deletions":2}}},{"hash":"2e6f0e4ade8a810524b09345aae25fd321b6fdda","isMergeCommit":false,"messageTitle":"Update UserGuide.md","messageBody":"","fileTypesAndContributionMap":{"docs":{"insertions":1,"deletions":1}}}]}],"alexandtheoh":[{"date":"2025-03-08","commitResults":[{"hash":"60030fe4b70788a2390024601a2918e93f350801","isMergeCommit":false,"messageTitle":"Add about us","messageBody":"","fileTypesAndContributionMap":{"docs":{"insertions":4,"deletions":5}}}]},{"date":"2025-03-14","commitResults":[{"hash":"b744e26ccc07ea02764c971d4bb67b1d67247fd2","isMergeCommit":true,"messageTitle":"Merge pull request #5 from alexandtheoh/about-us","messageBody":"Alex Oh About-Us","fileTypesAndContributionMap":{}}]},{"date":"2025-03-16","commitResults":[{"hash":"2294bd5cdaac9e5c3d612146b1472809b0ed86c7","isMergeCommit":false,"messageTitle":"Add abstract loan class","messageBody":"","fileTypesAndContributionMap":{"functional-code":{"insertions":112,"deletions":0}}},{"hash":"acbd205a2106464ebf432722201da03ef6e794bd","isMergeCommit":false,"messageTitle":"Add loan class","messageBody":"","fileTypesAndContributionMap":{"functional-code":{"insertions":45,"deletions":28}}},{"hash":"663a9cc2679b929658a971ca5a0ca13c61846a51","isMergeCommit":false,"messageTitle":"Add bug fixes","messageBody":"","fileTypesAndContributionMap":{"functional-code":{"insertions":1,"deletions":1}}},{"hash":"223b76c9896cec7e0c61fe3d25a2823503dab4bb","isMergeCommit":true,"messageTitle":"Create abstract loan class","messageBody":"Create abstract loan class","fileTypesAndContributionMap":{}},{"hash":"535db97421f4cee3b7b3b5350ffc67968a537c30","isMergeCommit":false,"messageTitle":"Add loan class","messageBody":"","fileTypesAndContributionMap":{"functional-code":{"insertions":31,"deletions":15}}},{"hash":"caabfc1f0f5de69250d8124a018462fedacce293","isMergeCommit":true,"messageTitle":"Merge branch \u0027master\u0027 of https://github.com/alexandtheoh/tp Merge Loan class","messageBody":"","fileTypesAndContributionMap":{}}]},{"date":"2025-03-20","commitResults":[{"hash":"aa42b2b8a7d66f5acc35019c94e9f56b66cd0d00","isMergeCommit":true,"messageTitle":"Merge upstream Merge remote-tracking branch \u0027upstream/master\u0027","messageBody":"","fileTypesAndContributionMap":{}}]},{"date":"2025-03-21","commitResults":[{"hash":"15389268d5dd484ffd9088b442c6ce7e5359b718","isMergeCommit":false,"messageTitle":"Edit Loan class","messageBody":"","fileTypesAndContributionMap":{"functional-code":{"insertions":38,"deletions":113}}},{"hash":"7585621f3735118586715b561e9cd077746848f8","isMergeCommit":false,"messageTitle":"Edit Loan","messageBody":"","fileTypesAndContributionMap":{"functional-code":{"insertions":19,"deletions":14}}},{"hash":"0c27577c79b508dbd4e3891fbbaf1e29ad7c8533","isMergeCommit":true,"messageTitle":"Edits to loan class functionality","messageBody":"","fileTypesAndContributionMap":{}}]},{"date":"2025-03-22","commitResults":[{"hash":"c9dc1e320dc2d7f2ee4d7884b4f4d1ae32a337d7","isMergeCommit":false,"messageTitle":"Add loan tests","messageBody":"","fileTypesAndContributionMap":{"functional-code":{"insertions":36,"deletions":10},"test-code":{"insertions":61,"deletions":12}}},{"hash":"2478f135b4f89253e9a3767d5165f2aeecf39400","isMergeCommit":true,"messageTitle":"Merge pull request #34 from alexandtheoh/storage","messageBody":"Add loan tests","fileTypesAndContributionMap":{}},{"hash":"9fd2ba39d430fd7819e838f2cecc05ce9cf07c1c","isMergeCommit":false,"messageTitle":"Add loan edit","messageBody":"","fileTypesAndContributionMap":{"functional-code":{"insertions":51,"deletions":13},"test-code":{"insertions":1,"deletions":1}}},{"hash":"d58bbfc9e712ada4c16c2b181a1963753574f3c7","isMergeCommit":true,"messageTitle":"Merge branch \u0027storage\u0027","messageBody":"","fileTypesAndContributionMap":{}},{"hash":"305d1ed5fe0b4e55d45979fa9003557a7ccfbedb","isMergeCommit":true,"messageTitle":"Merge pull request #37 from alexandtheoh/master","messageBody":"Merged with WR","fileTypesAndContributionMap":{}},{"hash":"2619095fb98d8200773072a8b50d6dd29157e3b3","isMergeCommit":false,"messageTitle":"Edit simple loan class","messageBody":"","fileTypesAndContributionMap":{"functional-code":{"insertions":141,"deletions":24}}},{"hash":"cc2c982a779353e894e2386fa094299dd4becf78","isMergeCommit":true,"messageTitle":"Merge branch \u0027master\u0027 into storage","messageBody":"","fileTypesAndContributionMap":{}},{"hash":"af958d1e4c3c0baed1d6a32f4011d643444e4d3c","isMergeCommit":true,"messageTitle":"Merge pull request #39 from alexandtheoh/storage","messageBody":"Edits to simple interest laon","fileTypesAndContributionMap":{}},{"hash":"02c1b6817778f83687aefa16e43f5d18336d054a","isMergeCommit":false,"messageTitle":"Add save string method for loan class","messageBody":"","fileTypesAndContributionMap":{"functional-code":{"insertions":191,"deletions":22},"other":{"insertions":5,"deletions":0},"test-code":{"insertions":4,"deletions":0}}},{"hash":"e89bf13f904e8c65b60c2a03c91321ade4244555","isMergeCommit":false,"messageTitle":"Bug fix on loan to save string","messageBody":"","fileTypesAndContributionMap":{"functional-code":{"insertions":5,"deletions":4},"test-code":{"insertions":4,"deletions":2}}},{"hash":"a71b59785ab3eb228146df87df5db04439d9ec4e","isMergeCommit":true,"messageTitle":"Merge branch \u0027storage\u0027 Mergin with wr","messageBody":"","fileTypesAndContributionMap":{}},{"hash":"6c3e863de75bae5a76498a8919c4d44f1232bff1","isMergeCommit":false,"messageTitle":"Add storage functions for loanlist class","messageBody":"","fileTypesAndContributionMap":{"functional-code":{"insertions":75,"deletions":35},"test-code":{"insertions":22,"deletions":0}}},{"hash":"6f84c75bda9bb7380de334656912d6d2cd3cba08","isMergeCommit":true,"messageTitle":"Merge pull request #43 from alexandtheoh/storage","messageBody":"Added storage functon for LoanList class","fileTypesAndContributionMap":{}},{"hash":"d3baecaef39740f021d5ba8c77efa71537544c59","isMergeCommit":false,"messageTitle":"Add loanlist to storage","messageBody":"","fileTypesAndContributionMap":{"functional-code":{"insertions":28,"deletions":6},"test-code":{"insertions":22,"deletions":10}}},{"hash":"d2e59430d700767dc5cc6119051dd66552048ad8","isMergeCommit":true,"messageTitle":"Merge branch \u0027storage\u0027 Merged storage with main","messageBody":"","fileTypesAndContributionMap":{}},{"hash":"5935da8ef98a3ab43772f7a9e63d783b9fc5fef9","isMergeCommit":true,"messageTitle":"Merge pull request #45 from alexandtheoh/master","messageBody":"Merged loanlist storage","fileTypesAndContributionMap":{}},{"hash":"7104d823cf9d847c12055eee7f81e9a987de918a","isMergeCommit":false,"messageTitle":"Add storage","messageBody":"","fileTypesAndContributionMap":{"functional-code":{"insertions":26,"deletions":11},"test-code":{"insertions":2,"deletions":2}}},{"hash":"41faa1ef16164e76308c1bcc1a65a22e22ad4c21","isMergeCommit":true,"messageTitle":"Merge branch \u0027master\u0027 of https://github.com/AY2425S2-CS2103T-T14-2/tp","messageBody":"","fileTypesAndContributionMap":{}},{"hash":"09514432b65cb10d99b54b78b31887254ada9402","isMergeCommit":true,"messageTitle":"Merge pull request #46 from alexandtheoh/master","messageBody":"Add storage","tags":["v1.3"],"fileTypesAndContributionMap":{}}]},{"date":"2025-03-26","commitResults":[{"hash":"291f6b2222d8af431a12a28a2cf2eb514e76f986","isMergeCommit":true,"messageTitle":"Merge branch \u0027master\u0027 of https://github.com/AY2425S2-CS2103T-T14-2/tp Merge with upstream","messageBody":"","fileTypesAndContributionMap":{}}]},{"date":"2025-03-27","commitResults":[{"hash":"0ee7db5c4cc2294b2585e063aae4e74ba8d0b0cc","isMergeCommit":false,"messageTitle":"Add loan edit","messageBody":"","fileTypesAndContributionMap":{"functional-code":{"insertions":1,"deletions":1}}},{"hash":"8140752d8d19a99316771a7a262a0a72ad466bc4","isMergeCommit":true,"messageTitle":"Merge branch \u0027master\u0027 of https://github.com/AY2425S2-CS2103T-T14-2/tp","messageBody":"","fileTypesAndContributionMap":{}},{"hash":"033237a0c0943d83a773e40228b91875906e5dff","isMergeCommit":false,"messageTitle":"Add minor changes","messageBody":"","fileTypesAndContributionMap":{"functional-code":{"insertions":207,"deletions":3},"test-code":{"insertions":5,"deletions":0}}},{"hash":"d1a67744326d5a72ccec001f2c889ea5a23d3523","isMergeCommit":true,"messageTitle":"Merge pull request #61 from alexandtheoh/sortCommand","messageBody":"Add sort command","fileTypesAndContributionMap":{}}]},{"date":"2025-04-02","commitResults":[{"hash":"2ee9ae546ad4bc698d2abe94304e8dd56a202423","isMergeCommit":false,"messageTitle":"Add individual person page","messageBody":"","fileTypesAndContributionMap":{"functional-code":{"insertions":555,"deletions":83},"other":{"insertions":727,"deletions":0},"test-code":{"insertions":10,"deletions":0}}},{"hash":"1e7f7d24ab6e879840592ced4ddb89292edf792d","isMergeCommit":false,"messageTitle":"Add loan list test","messageBody":"","fileTypesAndContributionMap":{"other":{"insertions":581,"deletions":0},"test-code":{"insertions":1,"deletions":1}}},{"hash":"4b79e3dd0bdae93834e0c01768be56b31651f63c","isMergeCommit":false,"messageTitle":"Add loan list test","messageBody":"","fileTypesAndContributionMap":{"test-code":{"insertions":4,"deletions":2}}},{"hash":"e4bf6d21a4aa037ebb2c5e58122a3f8111f09416","isMergeCommit":true,"messageTitle":"JUnit tests for storage of loan list","messageBody":"JUnit tests for storage of loan list","fileTypesAndContributionMap":{}},{"hash":"2d04abeb91d81c794db87fdbed6de140e3cee571","isMergeCommit":true,"messageTitle":"Merge branch \u0027master\u0027 into person-indiv-ui","messageBody":"# Conflicts:\n#\tbin/main/seedu/address/logic/Logic.class\n#\tbin/main/seedu/address/logic/LogicManager.class\n#\tbin/main/seedu/address/logic/commands/SortCommand.class\n#\tbin/main/seedu/address/model/AddressBook.class\n#\tbin/main/seedu/address/model/Model.class\n#\tbin/main/seedu/address/model/ModelManager.class\n#\tbin/main/seedu/address/model/person/CompoundInterestLoan.class\n#\tbin/main/seedu/address/model/person/Loan.class\n#\tbin/main/seedu/address/model/person/LoanList.class\n#\tbin/main/seedu/address/model/person/Person.class\n#\tbin/main/seedu/address/model/person/SimpleInterestLoan.class\n#\tbin/main/seedu/address/model/person/UniquePersonList.class\n#\tbin/main/seedu/address/ui/MainWindow.class\n#\tbin/main/seedu/address/ui/PersonCard.class\n#\tbin/main/seedu/address/ui/PersonListPanel$PersonListViewCell.class\n#\tbin/main/seedu/address/ui/PersonListPanel.class\n#\tbin/main/view/DarkTheme.css\n#\tbin/main/view/Extensions.css\n#\tbin/main/view/MainWindow.fxml\n#\tbin/main/view/PersonListCard.fxml\n#\tbin/main/view/PersonListPanel.fxml\n#\tbin/test/seedu/address/logic/commands/AddCommandTest$ModelStub.class\n#\tbin/test/seedu/address/logic/commands/AddCommandTest$ModelStubAcceptingPersonAdded.class\n#\tbin/test/seedu/address/logic/commands/AddCommandTest$ModelStubWithPerson.class\n#\tbin/test/seedu/address/model/person/LoanListTest.class\n#\tsrc/main/java/seedu/address/model/person/CompoundInterestLoan.java\n","fileTypesAndContributionMap":{}},{"hash":"46e8d46bab9a3295ba2e2b390a913f90874136af","isMergeCommit":false,"messageTitle":"Merge with wr","messageBody":"","fileTypesAndContributionMap":{"functional-code":{"insertions":5,"deletions":5}}},{"hash":"550b3a5fd1fce3012071c3f053fb8f0ded16a640","isMergeCommit":true,"messageTitle":"Merge individual user page","messageBody":"individual user page","fileTypesAndContributionMap":{}},{"hash":"22ddefb665ff10571de1518f4808dc10b2c24598","isMergeCommit":false,"messageTitle":"Add simple interest test","messageBody":"","fileTypesAndContributionMap":{"functional-code":{"insertions":2,"deletions":2},"test-code":{"insertions":4,"deletions":0}}},{"hash":"ca72bfb191b4ab9e55bcf86a613ab1c271406fce","isMergeCommit":false,"messageTitle":"Add loan list tests","messageBody":"","fileTypesAndContributionMap":{"test-code":{"insertions":3,"deletions":0}}},{"hash":"cb30935bc1117bdf5c2a554eb91712bcdfb12f63","isMergeCommit":true,"messageTitle":"Merge branch \u0027loanlist-test\u0027 of https://github.com/alexandtheoh/tp into alexandtheoh-loanlist-test","messageBody":"","fileTypesAndContributionMap":{}},{"hash":"b92b6bb812667a7f6230a180ebfe625866118de7","isMergeCommit":true,"messageTitle":"Merge branch \u0027alexandtheoh-loanlist-test\u0027","messageBody":"","fileTypesAndContributionMap":{}},{"hash":"6c75dabeb7aa50c47f666097b1d5be29dab94ad0","isMergeCommit":true,"messageTitle":"Merge pull request #73 from alexandtheoh/loan-class-tests","messageBody":"Create loan class test","fileTypesAndContributionMap":{}},{"hash":"283e7b0ee3e04168a4f49bc79f0aeaf0402a1be1","isMergeCommit":true,"messageTitle":"Merge pull request #75 from alexandtheoh/loanlist-test","messageBody":"loanlist tests","fileTypesAndContributionMap":{}},{"hash":"c7c64a783bfb4e17a14fe2fa36dfeb6dbb1c180a","isMergeCommit":true,"messageTitle":"Merge branch \u0027master\u0027 of https://github.com/AY2425S2-CS2103T-T14-2/tp","messageBody":"","fileTypesAndContributionMap":{}},{"hash":"1d64f5b62b6e043e4c93ac2af17424c34afe555b","isMergeCommit":false,"messageTitle":"Update UG","messageBody":"","fileTypesAndContributionMap":{"docs":{"insertions":22,"deletions":4}}},{"hash":"ae2b0511ba18d73ae2899d14448047611598ee51","isMergeCommit":true,"messageTitle":"Merge pull request #80 from alexandtheoh/userguide","messageBody":"Update UG","fileTypesAndContributionMap":{}},{"hash":"730a9eb3eda51feb14741867940a2d2d0f0b20f0","isMergeCommit":false,"messageTitle":"Update UserGuide.md","messageBody":"","fileTypesAndContributionMap":{"docs":{"insertions":10,"deletions":30}}}]},{"date":"2025-04-03","commitResults":[{"hash":"aabad0617cf1d1b475f1f79203d1aa7a32b3cd5d","isMergeCommit":false,"messageTitle":"Add UG","messageBody":"","fileTypesAndContributionMap":{"docs":{"insertions":48,"deletions":11}}},{"hash":"4e838666b987973b3942b975a022361ff4e0d8f5","isMergeCommit":true,"messageTitle":"Merge pull request #87 from alexandtheoh/master","messageBody":"Add UG","fileTypesAndContributionMap":{}},{"hash":"d6d298dc8a7fb9911fab249c14623e2368146fe5","isMergeCommit":false,"messageTitle":"Fix bugs of indiv page not updating on chnage","messageBody":"","fileTypesAndContributionMap":{"functional-code":{"insertions":85,"deletions":59}}},{"hash":"dc8d4ca84239b33a76d89ca2302c3588560cbbf6","isMergeCommit":true,"messageTitle":"Merge pull request #95 from alexandtheoh/master","messageBody":"Fix bugs of indiv page not updating on chnage","fileTypesAndContributionMap":{}},{"hash":"29bf5f9ebbe3337c2b52c9ed0c4bf1d83d0e6c73","isMergeCommit":false,"messageTitle":"Add UI fix","messageBody":"","fileTypesAndContributionMap":{"functional-code":{"insertions":24,"deletions":7}}},{"hash":"c122ca15066aa895a2579d70777bc8374a6cead7","isMergeCommit":true,"messageTitle":"Merge pull request #98 from alexandtheoh/master","messageBody":"Add UI fix","fileTypesAndContributionMap":{}},{"hash":"2c98e9f6a5b7b277a729b6e97cc29861466e2dcd","isMergeCommit":false,"messageTitle":"Fix add loan bug","messageBody":"","fileTypesAndContributionMap":{"functional-code":{"insertions":10,"deletions":6}}},{"hash":"159bfba2cb01785a9e73ef023c2db97888c43bc6","isMergeCommit":true,"messageTitle":"Merge pull request #99 from alexandtheoh/master","messageBody":"Fix add loan bug","fileTypesAndContributionMap":{}},{"hash":"3e23bc2a223f501350cfccb534d83a230cdde4b1","isMergeCommit":false,"messageTitle":"Add bug fix","messageBody":"","fileTypesAndContributionMap":{"functional-code":{"insertions":1,"deletions":1}}},{"hash":"c2d802da0bd9dd784ac2de470715c73409f88160","isMergeCommit":true,"messageTitle":"Merge pull request #105 from alexandtheoh/master","messageBody":"Add bug fix","fileTypesAndContributionMap":{}}]},{"date":"2025-04-04","commitResults":[{"hash":"0c8d5a37a07fe836fbe1a9505be73d42307dabab","isMergeCommit":false,"messageTitle":"Add PUML","messageBody":"","fileTypesAndContributionMap":{"docs":{"insertions":68,"deletions":0}}},{"hash":"1826154fcdb46b541a077c3c09d8e8f20080fc5b","isMergeCommit":true,"messageTitle":"Merge pull request #106 from alexandtheoh/master","messageBody":"Add PUML","fileTypesAndContributionMap":{}},{"hash":"dee9618a9641769136274baa914278323ea581a0","isMergeCommit":false,"messageTitle":"Add fix for filter command","messageBody":"","fileTypesAndContributionMap":{"functional-code":{"insertions":159,"deletions":17},"test-code":{"insertions":6,"deletions":1}}},{"hash":"a53a45a14fd9a6b73ec3e8701c869fe21bbb04e5","isMergeCommit":true,"messageTitle":"Merge branch \u0027master\u0027 of https://github.com/AY2425S2-CS2103T-T14-2/tp into filter","messageBody":"","fileTypesAndContributionMap":{}},{"hash":"1d80fa38cd80f862a89758414b4773711f32c102","isMergeCommit":false,"messageTitle":"Add filter clear","messageBody":"","fileTypesAndContributionMap":{"functional-code":{"insertions":29,"deletions":27}}},{"hash":"48e98fcded07bdba1dd7e7e4b34fe58452198993","isMergeCommit":true,"messageTitle":"Merge branch \u0027master\u0027 of https://github.com/AY2425S2-CS2103T-T14-2/tp into filter","messageBody":"","fileTypesAndContributionMap":{}},{"hash":"e9f82a7c62edf1297d7fcab1d0df381adcc5ea61","isMergeCommit":true,"messageTitle":"Merge branch \u0027master\u0027 of https://github.com/AY2425S2-CS2103T-T14-2/tp into filter","messageBody":"","fileTypesAndContributionMap":{}},{"hash":"428ffa25dde6a28c547d5085cafc081803494662","isMergeCommit":false,"messageTitle":"Fix loan change bug","messageBody":"","fileTypesAndContributionMap":{"functional-code":{"insertions":128,"deletions":8}}},{"hash":"f446c23ef19e4996ebe55285601c6783f6de6f7e","isMergeCommit":true,"messageTitle":"Merge pull request #116 from alexandtheoh/filter","messageBody":"Filter","fileTypesAndContributionMap":{}}]},{"date":"2025-04-07","commitResults":[{"hash":"23f07f7edf3299c4f53c737830ac7fe1415c2c74","isMergeCommit":false,"messageTitle":"Fix bug for sort command","messageBody":"","fileTypesAndContributionMap":{"functional-code":{"insertions":6,"deletions":3}}},{"hash":"8aae8ef3023eafe05453bac479694ffb1b6a45a5","isMergeCommit":true,"messageTitle":"Merge pull request #209 from alexandtheoh/master","messageBody":"Fix bug for sort command","fileTypesAndContributionMap":{}}]}],"angjozee":[{"date":"2025-03-15","commitResults":[{"hash":"391ae6731dc181d5880e4795da3aff29410eeec5","isMergeCommit":false,"messageTitle":"Update AboutUs.md with my name and details","messageBody":"","fileTypesAndContributionMap":{"docs":{"insertions":3,"deletions":3}}}]},{"date":"2025-03-22","commitResults":[{"hash":"6d235b88e5b27f29e14d98feb97c70598c142fe1","isMergeCommit":false,"messageTitle":"Add LoanCommandTest to verify successful loan addition","messageBody":"","fileTypesAndContributionMap":{"test-code":{"insertions":49,"deletions":0}}},{"hash":"91c376d763e9def8a572d3798841142d8c24b482","isMergeCommit":false,"messageTitle":"Update LoanCommandTest to fix checkstyle error","messageBody":"","fileTypesAndContributionMap":{"test-code":{"insertions":1,"deletions":1}}},{"hash":"24e788a9f7f7583a50d8743a7453e807cdac1280","isMergeCommit":true,"messageTitle":"Merge pull request #44 from angjozee/master","messageBody":"Add Loan Command Test","fileTypesAndContributionMap":{}}]},{"date":"2025-03-25","commitResults":[{"hash":"9da05893c4498b6219ced7b69483be1899f3c26f","isMergeCommit":false,"messageTitle":"Add filterLoan command to filter loans by paid status","messageBody":"","fileTypesAndContributionMap":{"functional-code":{"insertions":84,"deletions":1}}},{"hash":"042ae8f6a624fee91e86f06086bc715fefaea9fe","isMergeCommit":false,"messageTitle":"Fix Checkstyle errors","messageBody":"","fileTypesAndContributionMap":{"functional-code":{"insertions":1,"deletions":1}}},{"hash":"d11b9a3a9ddb6285e8d0f0035baec29892310489","isMergeCommit":false,"messageTitle":"Fix Checkstyle errors","messageBody":"","fileTypesAndContributionMap":{"functional-code":{"insertions":35,"deletions":0}}},{"hash":"92a44aa6f24176f67888af8f4b22d29ed84a081a","isMergeCommit":false,"messageTitle":"Fix Checkstyle errors","messageBody":"","fileTypesAndContributionMap":{"functional-code":{"insertions":5,"deletions":5}}},{"hash":"24d82eebe9ce7f9ddf98231d913590ed8d1c6990","isMergeCommit":true,"messageTitle":"Merge pull request #55 from angjozee/master","messageBody":"Add filterLoan command to filter loans by paid status","fileTypesAndContributionMap":{}}]},{"date":"2025-04-03","commitResults":[{"hash":"2f3a0a2a7a9d7f7ed5cede0d308857a80bd686c3","isMergeCommit":false,"messageTitle":"Update Developer Guide with new features, manual testing, and appendices","messageBody":"","fileTypesAndContributionMap":{"docs":{"insertions":77,"deletions":28}}},{"hash":"44e2a68803e7df9f4125ecca9cc217e142aafafa","isMergeCommit":false,"messageTitle":"Fix Checkstyle errors","messageBody":"","fileTypesAndContributionMap":{"functional-code":{"insertions":1,"deletions":1},"docs":{"insertions":14,"deletions":14}}},{"hash":"f26c2cfed45cdbbb066a090a2d6d66161197f257","isMergeCommit":true,"messageTitle":"Merge pull request #102 from angjozee/master","messageBody":"Update Developer Guide","fileTypesAndContributionMap":{}}]}],"nanditaselvaraju":[{"date":"2025-03-15","commitResults":[{"hash":"5de57e06e97e869561dcce2268625839b4e1035b","isMergeCommit":false,"messageTitle":"Add details for Nandita in the about us.","messageBody":"","fileTypesAndContributionMap":{"docs":{"insertions":3,"deletions":3}}}]},{"date":"2025-03-16","commitResults":[{"hash":"6d6082f5b44b1c4374b17790ca54d267ae5e961f","isMergeCommit":true,"messageTitle":"Merge branch \u0027master\u0027 of https://github.com/AY2425S2-CS2103T-T14-2/tp","messageBody":"* \u0027master\u0027 of https://github.com/AY2425S2-CS2103T-T14-2/tp:\n  Add zechary28 photo\n  Add bug fixes\n  Add loan class\n  Add abstract loan class\n  Update AboutUs.md with my name and details\n  Added my picture as angjozee.png\n  Edit Wenrui\u0027s AboutUs profile\n  Add Wenrui to AboutUs.md\n","fileTypesAndContributionMap":{}},{"hash":"fbd5df29ecfaec53cc5466ec92d06609dd031065","isMergeCommit":false,"messageTitle":"Implement loan subclasses for different interest calculations","messageBody":"- Added SimpleInterestLoan class to calculate loan repayment with simple interest.\n- Added CompoundInterestLoan class to calculate loan repayment with compound interest.\n- Implemented interest calculations and payment logic\n- Ensured adherence to SLAP and encapsulation principles.\n\nThese changes allow tracking of different types of loans.\n","fileTypesAndContributionMap":{"functional-code":{"insertions":183,"deletions":0}}},{"hash":"54a926760620f46b73a642d3c804b71cb7ce9fac","isMergeCommit":false,"messageTitle":"Add new line at the end of file","messageBody":"","fileTypesAndContributionMap":{"functional-code":{"insertions":2,"deletions":3}}},{"hash":"d525943f3da6bf1bb8f29a5b4458a02ace652c47","isMergeCommit":false,"messageTitle":"Fixed checkstyle errors","messageBody":"","fileTypesAndContributionMap":{"functional-code":{"insertions":2,"deletions":2}}},{"hash":"ffdfee69f14471431c42885c56385dca57e6d931","isMergeCommit":false,"messageTitle":"Fix checkstyle error","messageBody":"","fileTypesAndContributionMap":{"functional-code":{"insertions":2,"deletions":2}}}]},{"date":"2025-03-22","commitResults":[{"hash":"4b0f913ad693eefb9d96eba37eafdc2727883b0e","isMergeCommit":true,"messageTitle":"Merge branch \u0027master\u0027 of https://github.com/AY2425S2-CS2103T-T14-2/tp","messageBody":"* \u0027master\u0027 of https://github.com/AY2425S2-CS2103T-T14-2/tp: (22 commits)\n  Edit simple loan class\n  Add loan edit\n  Update expected Person toString test\n  Fix checkstyle violations\n  Fix checkstyle violations\n  Loan command functional\n  Minor changes\n  Add loan command\n  Add loan tests\n  Edit Loan\n  Edit Loan class\n  Remove unused import\n  Fix missing newline at EOF\n  Add loan field and related methods\n  Add test classes for new loan classes\n  Merge branch \u0027master\u0027 of https://github.com/AY2425S2-CS2103T-T14-2/tp\n  Edit JavaDocs\n  Fix checkstyle error\n  Fixed checkstyle errors\n  Add new line at the end of file\n  ...\n","fileTypesAndContributionMap":{}},{"hash":"4cf4cdda02275cab7d95989b1d96a54930e6bcf6","isMergeCommit":false,"messageTitle":"Implement compound interest calculations in CompoundInterestLoan","messageBody":"- Add getMonthlyInterest() to compute interest based on months elapsed\n- Update getTotalMonthlyCost() to sum principal and compound interest\n- Implement getLoanValue() to consider overdue periods\n- Fix getMoneyOwed() to reflect compounding effects\n- Correct getOverDueMonths() and isOverDue() for accuracy\n- Implement pay() to track payments and update loan status\n","fileTypesAndContributionMap":{"functional-code":{"insertions":41,"deletions":6}}},{"hash":"2d8c49672da567749faea055f5adbf67688e0124","isMergeCommit":false,"messageTitle":"Update README.md","messageBody":"","fileTypesAndContributionMap":{"docs":{"insertions":20,"deletions":8}}},{"hash":"70ccfab835bf46a624a05ff594814e4fdf50a480","isMergeCommit":false,"messageTitle":"Update project website formatting","messageBody":"- Add a Features tab\n","fileTypesAndContributionMap":{"docs":{"insertions":60,"deletions":15}}}]},{"date":"2025-03-23","commitResults":[{"hash":"43dd39d15f881df1162ce6fcb6df51bb784a7089","isMergeCommit":false,"messageTitle":"Update the user guide with the new command, loan","messageBody":"","fileTypesAndContributionMap":{"docs":{"insertions":22,"deletions":14}}},{"hash":"a99e4ded8b0c3b08109138000dcf36466038341f","isMergeCommit":false,"messageTitle":"Fixed checkstyle errors","messageBody":"","fileTypesAndContributionMap":{"docs":{"insertions":3,"deletions":3}}},{"hash":"1602a35910b7b36065592a08f8fe6860574c8a30","isMergeCommit":true,"messageTitle":"Merge pull request #47 from nanditaselvaraju/UpdateProjectWebsite","messageBody":"Update project website","fileTypesAndContributionMap":{}},{"hash":"f68c39bcb71df12e0791d30955737c27db342a48","isMergeCommit":false,"messageTitle":"Update User Guide with more commands to be added in the future","messageBody":"","fileTypesAndContributionMap":{"docs":{"insertions":45,"deletions":55}}},{"hash":"fb3e96fae68530cb69ea65bbd2e424f0466bb7e1","isMergeCommit":true,"messageTitle":"Merge pull request #48 from nanditaselvaraju/UpdateProjectWebsite","messageBody":"Update User Guide with more commands to be added in the future","fileTypesAndContributionMap":{}}]},{"date":"2025-03-25","commitResults":[{"hash":"2daaba2d3e21169335d6dff7885390c6e0578142","isMergeCommit":true,"messageTitle":"Merge branch \u0027master\u0027 of https://github.com/AY2425S2-CS2103T-T14-2/tp","messageBody":"* \u0027master\u0027 of https://github.com/AY2425S2-CS2103T-T14-2/tp: (21 commits)\n  Bugfix: Edit command did not keep loans\n  Update User Guide with more commands to be added in the future\n  Fixed checkstyle errors\n  Update the user guide with the new command, loan\n  Update project website formatting\n  Add storage\n  Add loanlist to storage\n  Update LoanCommandTest to fix checkstyle error\n  Update settings.json\n  Fix vs code setting bug\n  Add storage functions for loanlist class\n  Add LoanCommandTest to verify successful loan addition\n  Update README.md\n  Add .vscode/settings.json\n  Bug fix on loan to save string\n  Add save string method for loan class\n  Update PersonTest expected String\n  Fix checkstyle violations\n  Add LoanList class, UI shows loans\n  Update the Ui.png\n  ...\n","fileTypesAndContributionMap":{}}]},{"date":"2025-03-31","commitResults":[{"hash":"e8cbe9207c87ce4404d5f71783425e5225f45991","isMergeCommit":true,"messageTitle":"Merge branch \u0027master\u0027 of https://github.com/AY2425S2-CS2103T-T14-2/tp","messageBody":"* \u0027master\u0027 of https://github.com/AY2425S2-CS2103T-T14-2/tp:\n  Fix checkstyle issues\n  Fix no error for invalid date\n  no message\n  Add minor changes\n  Remove getLoanValue()\n  Add loan edit\n  Fix checkstyle issues\n  Add Pay command and associated logic\n  Fix Checkstyle errors\n  Fix Checkstyle errors\n  Fix Checkstyle errors\n  Add filterLoan command to filter loans by paid status\n","fileTypesAndContributionMap":{}}]},{"date":"2025-04-02","commitResults":[{"hash":"ddd6099733cfe1419b4745d0509204a18b168cc6","isMergeCommit":true,"messageTitle":"Merge branch \u0027master\u0027 of https://github.com/AY2425S2-CS2103T-T14-2/tp","messageBody":"* \u0027master\u0027 of https://github.com/AY2425S2-CS2103T-T14-2/tp:\n  Merge with wr\n  Add loan list test\n  Add loan list test\n  Add individual person page\n  Fix getPaymentDifference()\n","fileTypesAndContributionMap":{}},{"hash":"59ea3c85638e8949e89a1b09839188d7ee5c68bc","isMergeCommit":false,"messageTitle":"Add \u0027pay by months\u0027 functionality to PayCommand","messageBody":"- Implemented the payByMonths method in PayCommand to allow users to pay off loans for multiple months\n- Updated PayCommandParser to parse the new command format for paying by months\n- Adjusted Person class methods to support paying multiple months of loan installments\n- Enhanced user experience by providing an alternative payment option for paying multiple months of loans at once\n","fileTypesAndContributionMap":{"functional-code":{"insertions":81,"deletions":14}}},{"hash":"c27687faf31792ef3569602f6470bd37ff5b5517","isMergeCommit":false,"messageTitle":"Correct checkstyle errors","messageBody":"","fileTypesAndContributionMap":{"functional-code":{"insertions":1,"deletions":7}}},{"hash":"b392dd19ae8dd33a8be2707b5d44d79550522dc4","isMergeCommit":false,"messageTitle":"Update pay method to take in 3 types: \u0027pay by amount\u0027, \u0027pay by months\u0027, \u0027pay all\u0027","messageBody":"","fileTypesAndContributionMap":{"functional-code":{"insertions":92,"deletions":37}}},{"hash":"ac5baad35ec2b8d5fdc6cbd584b01c522333524b","isMergeCommit":true,"messageTitle":"Merge branch \u0027master\u0027 into EditingPay","messageBody":"","fileTypesAndContributionMap":{}}]},{"date":"2025-04-03","commitResults":[{"hash":"1ccf37a1d1f8c303aa33d63917399eff35748db0","isMergeCommit":true,"messageTitle":"Merge branch \u0027EditingPay\u0027 of https://github.com/nanditaselvaraju/tp into EditingPay","messageBody":"* \u0027EditingPay\u0027 of https://github.com/nanditaselvaraju/tp:\n  Add new ui.png\n  Update UserGuide.md\n  Add Delete Loan Command\n  Update UG\n  Ignore bin directory\n  Stop tracking bin folder\n  Remove bin files\n  Untrack bin, checkstyle fixes\n  Checkstyle fixes\n  Minor checkstyle fixes\n  Refactoring, bug fixes\n  Add loan list tests\n  Add simple interest test\n","fileTypesAndContributionMap":{}},{"hash":"40800ece2ef8c597801427d01aca674bc4b29c3b","isMergeCommit":false,"messageTitle":"Fix checkstyle errors","messageBody":"","fileTypesAndContributionMap":{"test-code":{"insertions":9,"deletions":0}}},{"hash":"acbe9e36cc108ae07d8edb276cf5e4cb171cb43b","isMergeCommit":false,"messageTitle":"Fix checkstyle error","messageBody":"","fileTypesAndContributionMap":{"test-code":{"insertions":0,"deletions":2}}}]}],"zechary28":[{"date":"2025-03-16","commitResults":[{"hash":"e31fdb7cc7561cb90fe67afd73a3389f990f4867","isMergeCommit":true,"messageTitle":"Merge pull request #19 from zechary28/add-zech-photo-branch","messageBody":"Add zechary28 photo","fileTypesAndContributionMap":{}}]},{"date":"2025-03-22","commitResults":[{"hash":"2f8287749a3c2a334504da885708b9b60af8ad84","isMergeCommit":false,"messageTitle":"Update user stories","messageBody":"","fileTypesAndContributionMap":{"other":{"insertions":580,"deletions":0},"docs":{"insertions":40,"deletions":8}}},{"hash":"e2ca28e09317f4f79936f0927292de2fef8adaf8","isMergeCommit":true,"messageTitle":"Merge branch \u0027master\u0027 of https://github.com/AY2425S2-CS2103T-T14-2/tp into developer-guide","messageBody":"","fileTypesAndContributionMap":{}},{"hash":"9b40a6c6e11a2c2ab09383aa73b59dd54f51544e","isMergeCommit":false,"messageTitle":"Stop tracking /bin folder","messageBody":"","fileTypesAndContributionMap":{"other":{"insertions":0,"deletions":580}}},{"hash":"825eca2c15942f5fce16240fd523caea3c263407","isMergeCommit":false,"messageTitle":"Update target user profile in developer guide","messageBody":"","fileTypesAndContributionMap":{"docs":{"insertions":6,"deletions":6}}},{"hash":"f142801ca8ce10cf8190cce77443ae4a1a7df034","isMergeCommit":false,"messageTitle":"Update use cases in developer guide","messageBody":"","fileTypesAndContributionMap":{"docs":{"insertions":93,"deletions":7}}}]},{"date":"2025-03-23","commitResults":[{"hash":"0405f0c2374737ecb622e5c85735a97e87eb9f70","isMergeCommit":true,"messageTitle":"Merge branch \u0027master\u0027 of https://github.com/AY2425S2-CS2103T-T14-2/tp into developer-guide","messageBody":"","fileTypesAndContributionMap":{}}]},{"date":"2025-04-02","commitResults":[{"hash":"dcc43e3084a51b18ef13f8767969037ef2f77859","isMergeCommit":false,"messageTitle":"Change Message_Usage for LoanFilterCommand","messageBody":"","fileTypesAndContributionMap":{"functional-code":{"insertions":13,"deletions":3}}},{"hash":"285f562567fe731b47342806ce19170ab2b6537d","isMergeCommit":false,"messageTitle":"Change LoanFilterCommand constructor, method signature, variables, enable filter by person","messageBody":"","fileTypesAndContributionMap":{"functional-code":{"insertions":50,"deletions":12}}}]},{"date":"2025-04-03","commitResults":[{"hash":"de207ce0acf46f1eedbfcb8f69c0dfc1f38c436b","isMergeCommit":false,"messageTitle":"Create LoanPredicate class","messageBody":"","fileTypesAndContributionMap":{"functional-code":{"insertions":189,"deletions":9}}},{"hash":"eb64d686074691f2393dbbbeb801c167910db265","isMergeCommit":false,"messageTitle":"Move LoanFilter parsing logic to ParserUtil.parseLoanPredicate","messageBody":"","fileTypesAndContributionMap":{"functional-code":{"insertions":112,"deletions":88}}},{"hash":"b0b2b61c2d7af31700b27e87cfcba1f562391247","isMergeCommit":false,"messageTitle":"Throw Exceptions in ParserUtil.parseLoanPredicate","messageBody":"","fileTypesAndContributionMap":{"functional-code":{"insertions":41,"deletions":40}}},{"hash":"51555efd9c7869047bab2a4b0feb739c12e07e9d","isMergeCommit":true,"messageTitle":"Merge branch \u0027master\u0027 of https://github.com/AY2425S2-CS2103T-T14-2/tp into filterLoan-by-parameters","messageBody":"","fileTypesAndContributionMap":{}},{"hash":"8257915b6579ae0ab91dbe427c04525e5549af41","isMergeCommit":false,"messageTitle":"Update LoanFilterCommand.execute()","messageBody":"","fileTypesAndContributionMap":{"functional-code":{"insertions":27,"deletions":41}}},{"hash":"6561d185b6de02fb6eec1eb962eb195ef6c16c3d","isMergeCommit":false,"messageTitle":"Update LoanFilterCommandParser.parse() to accept personIndex","messageBody":"","fileTypesAndContributionMap":{"functional-code":{"insertions":7,"deletions":5}}},{"hash":"74d9cef2cf4609a750c7d8c5fbe65e6fd1dd186f","isMergeCommit":false,"messageTitle":"Throw CommandException for LoanFilterCommand.execute()","messageBody":"","fileTypesAndContributionMap":{"functional-code":{"insertions":10,"deletions":17}}},{"hash":"046bcb8a6a8aa718f1442e3765f8d84c0afaf061","isMergeCommit":true,"messageTitle":"Handle person index out of range, merge branch \u0027master\u0027 of https://github.com/AY2425S2-CS2103T-T14-2/tp into filterLoan-by-parameters","messageBody":"","fileTypesAndContributionMap":{}},{"hash":"72256d013cfddc7c17d5548a3e13270ecb0fdc1a","isMergeCommit":false,"messageTitle":"Test roughly loan filter by amount, loanType, dueDate","messageBody":"","fileTypesAndContributionMap":{"functional-code":{"insertions":21,"deletions":4}}},{"hash":"fd8a3936865785a849d59752ccb08ea66ca5024a","isMergeCommit":true,"messageTitle":"Merge branch \u0027master\u0027 of https://github.com/AY2425S2-CS2103T-T14-2/tp into filterLoan-by-parameters","messageBody":"","fileTypesAndContributionMap":{}},{"hash":"8bfeed898c56fa0edca4f2fc9c3e4be778fba3f6","isMergeCommit":false,"messageTitle":"Add EOF SharkTheme.css","messageBody":"","fileTypesAndContributionMap":{"functional-code":{"insertions":1,"deletions":1}}},{"hash":"e65d97b6140d225c7dc52142a28ceb9e23481c0e","isMergeCommit":false,"messageTitle":"Fix checkstyle","messageBody":"","fileTypesAndContributionMap":{"functional-code":{"insertions":69,"deletions":47}}},{"hash":"0ac5e189e8a4523ac153573778a259e6425dab64","isMergeCommit":false,"messageTitle":"Update filter loan in user guide features and summary","messageBody":"","fileTypesAndContributionMap":{"functional-code":{"insertions":1,"deletions":7},"docs":{"insertions":22,"deletions":12}}},{"hash":"fedcde8cefe29e157e1e5aef6446d34b5c15b9ed","isMergeCommit":false,"messageTitle":"Add zechary28.png","messageBody":"","fileTypesAndContributionMap":{"docs":{"insertions":1,"deletions":1}}},{"hash":"962417573c4586defe728a8f2f48799c2e47d0d9","isMergeCommit":true,"messageTitle":"Merge master into developer-guide branch","messageBody":"","fileTypesAndContributionMap":{}},{"hash":"27ee86144c0b02dac0d104898d0b55cacc58dc8d","isMergeCommit":true,"messageTitle":"Merge pull request #38 from zechary28/developer-guide","messageBody":"Developer guide with jozee\u0027s update","fileTypesAndContributionMap":{}},{"hash":"9cdf62459ec45b064d9d7cd576f97bc54359b761","isMergeCommit":false,"messageTitle":"Enable assertions in build.gradle","messageBody":"","fileTypesAndContributionMap":{"other":{"insertions":4,"deletions":0}}},{"hash":"d680d78efe0d780b18456b4d9b35588b29ab8d87","isMergeCommit":true,"messageTitle":"Merge branch \u0027master\u0027 of https://github.com/AY2425S2-CS2103T-T14-2/tp","messageBody":"","fileTypesAndContributionMap":{}},{"hash":"ae5915789ddcc16c623134483873c61ad6dcb15c","isMergeCommit":true,"messageTitle":"Merge pull request #86 from zechary28/filterLoan-by-parameters","messageBody":"Filter loan by parameters","fileTypesAndContributionMap":{}},{"hash":"5f878ac907c04ecd9d1db1b0f1f74a3ff3f84a88","isMergeCommit":true,"messageTitle":"Merge pull request #103 from zechary28/master","messageBody":"Enable assertions","fileTypesAndContributionMap":{}},{"hash":"fe509071a361788affc7f3e33ad959601d8b81bf","isMergeCommit":true,"messageTitle":"Merge pull request #101 from zechary28/filterLoan-userGuide","messageBody":"Added filterLoan to user guide","fileTypesAndContributionMap":{}}]},{"date":"2025-04-04","commitResults":[{"hash":"1120412f2919d78bf41c22734d0b23d61ac68791","isMergeCommit":false,"messageTitle":"Fix CI","messageBody":"","fileTypesAndContributionMap":{"functional-code":{"insertions":6,"deletions":6},"docs":{"insertions":4,"deletions":4}}},{"hash":"a9181c7ac02c0709584bd1489a7aac68f3187c4d","isMergeCommit":true,"messageTitle":"Fix CI","messageBody":"","fileTypesAndContributionMap":{}},{"hash":"1f4519b7f68f50c6d776501f48affe3be3fe2158","isMergeCommit":false,"messageTitle":"Update README.md","messageBody":"","fileTypesAndContributionMap":{"docs":{"insertions":8,"deletions":7}}},{"hash":"89cb5821e7675cabd06e1f0978e9c811887d0b2f","isMergeCommit":false,"messageTitle":"Update UG filter command","messageBody":"","fileTypesAndContributionMap":{"functional-code":{"insertions":1,"deletions":1},"docs":{"insertions":9,"deletions":4}}},{"hash":"626ada664b103cea14447d9244495e04e6267356","isMergeCommit":false,"messageTitle":"Tweak UG filter command","messageBody":"","fileTypesAndContributionMap":{"docs":{"insertions":3,"deletions":3}}},{"hash":"32c460a1ab0a5d23c2d8546d260f80ac64f61a73","isMergeCommit":false,"messageTitle":"Change abit filter UG","messageBody":"","fileTypesAndContributionMap":{"docs":{"insertions":2,"deletions":0}}},{"hash":"6cb2429e95dad015e2246b23d36484f32eeb2bdb","isMergeCommit":true,"messageTitle":"Update filter command in User Guide","messageBody":"Update filter command in User Guide","fileTypesAndContributionMap":{}},{"hash":"ff8439c5aaf531618ce78a226d7d9d7af46cda80","isMergeCommit":false,"messageTitle":"Edit UG filter","messageBody":"","fileTypesAndContributionMap":{"docs":{"insertions":1,"deletions":1}}},{"hash":"ebb8e8e9aeac14329410457f6a964fbb8a27ce71","isMergeCommit":true,"messageTitle":"Edit UG filter command summary","messageBody":"Edit UG filter","fileTypesAndContributionMap":{}},{"hash":"e660d50b7c73289344e112e614b7a0ba6b51d33f","isMergeCommit":false,"messageTitle":"Add page breaks UG","messageBody":"","fileTypesAndContributionMap":{"docs":{"insertions":8,"deletions":0}}},{"hash":"2145f9c8f859efb4e858c34a9db7a6883973599b","isMergeCommit":true,"messageTitle":"Add page breaks User Guide","messageBody":"Add page breaks UG","fileTypesAndContributionMap":{}}]},{"date":"2025-04-05","commitResults":[{"hash":"37d7e6babaa8d635bdadbf786025a091054a1302","isMergeCommit":false,"messageTitle":"Format output for filter loan","messageBody":"","fileTypesAndContributionMap":{"functional-code":{"insertions":17,"deletions":4}}},{"hash":"70588376b965c1ec1c87f9555e9cf07cf4b2d31d","isMergeCommit":false,"messageTitle":"Reduce changed lines","messageBody":"","fileTypesAndContributionMap":{"functional-code":{"insertions":6,"deletions":7}}},{"hash":"43ae398c542d2688b9acb25b12e4c371d56a88f0","isMergeCommit":false,"messageTitle":"Tweak filter output","messageBody":"","fileTypesAndContributionMap":{"functional-code":{"insertions":4,"deletions":4}}},{"hash":"a8db131e077bc14ccb02e44f7cb87ca6c5861f51","isMergeCommit":false,"messageTitle":"Reduce lines changed","messageBody":"","fileTypesAndContributionMap":{"functional-code":{"insertions":9,"deletions":14}}},{"hash":"d5fddddac6f1f5d7d68c6ca038f6f4990721cae5","isMergeCommit":false,"messageTitle":"Fix checkstyle","messageBody":"","fileTypesAndContributionMap":{"functional-code":{"insertions":7,"deletions":7}}}]},{"date":"2025-04-06","commitResults":[{"hash":"6b7ec6047a74d74e323b994bdf18a97af7084fcb","isMergeCommit":true,"messageTitle":"Format output for filter commands","messageBody":"","fileTypesAndContributionMap":{}}]}]},"authorFileTypeContributionMap":{"wenruu":{"docs":394,"functional-code":938,"test-code":38},"alexandtheoh":{"docs":36,"functional-code":1479,"test-code":135,"other":5},"angjozee":{"docs":72,"functional-code":74,"test-code":49},"nanditaselvaraju":{"docs":99,"functional-code":206,"test-code":6},"zechary28":{"docs":160,"functional-code":303,"test-code":0,"other":4}},"authorContributionVariance":{"wenruu":44396.227,"alexandtheoh":106438.086,"angjozee":782.6938,"nanditaselvaraju":2679.412,"zechary28":48823.19},"authorDisplayNameMap":{"wenruu":"CS2103T-T14-2 ZHAO..NRUI","alexandtheoh":"CS2103T-T14-2 OH Z..NDER","angjozee":"CS2103T-T14-2 ANG .. ZEE","nanditaselvaraju":"CS2103T-T14-2 SELV..DITA","zechary28":"CS2103T-T14-2 CHUA..HARY"}}
