{"authorDailyContributionsMap":{"Jensen188":[{"date":"2025-02-25T00:00:00","commitResults":[{"hash":"06ffdd6133317455a433914dddd428e7d83b8a0b","isMergeCommit":true,"messageTitle":"Merge pull request #5 from Clifong/add-clif-info","messageBody":"Add clif\u0027s info","fileTypesAndContributionMap":{}}]},{"date":"2025-03-03T00:00:00","commitResults":[{"hash":"ca71c639d0a19171d73ad6c23183417294179c19","isMergeCommit":false,"messageTitle":"Update AboutUs.md","messageBody":"","fileTypesAndContributionMap":{"docs":{"insertions":3,"deletions":3}}},{"hash":"081063927b65fca30b8067a8866dcaffc80a7d0b","isMergeCommit":true,"messageTitle":"Merge pull request #11 from SanShaoQian/Add-shaoqian-details","messageBody":"Add Shao Qian\u0027s image","fileTypesAndContributionMap":{}},{"hash":"bc285805001eb79924378d9cd008b6412d59dbbf","isMergeCommit":false,"messageTitle":"Update AboutUs.md","messageBody":"","fileTypesAndContributionMap":{"docs":{"insertions":4,"deletions":4}}},{"hash":"87f89294ab6a32b0b9c06f50ac0d4fc3dfb725bf","isMergeCommit":true,"messageTitle":"Merge branch \u0027master\u0027 into UpdateAboutUs","messageBody":"","fileTypesAndContributionMap":{}},{"hash":"b776e5a58c60e550c64cd53bbf4784f90809650d","isMergeCommit":false,"messageTitle":"Revert \"Add Jensen\u0027s photo\"","messageBody":"","fileTypesAndContributionMap":{"docs":{"insertions":3,"deletions":3}}},{"hash":"710eabad74b28dcba3dc9c7176bfac1b08194d0b","isMergeCommit":true,"messageTitle":"Merge pull request #21 from AY2425S2-CS2103T-T08-1/revert-12-AddingPhoto","messageBody":"Revert \"Add Jensen\u0027s photo\"","fileTypesAndContributionMap":{}},{"hash":"22ecc91d37731cb6e70f5b0d95b99b7edff4d5c8","isMergeCommit":false,"messageTitle":"Add Jensen\u0027s photo","messageBody":"","fileTypesAndContributionMap":{"docs":{"insertions":1,"deletions":1}}},{"hash":"833db3ef0443be334e4a87a3f3eeb10c9e88785d","isMergeCommit":true,"messageTitle":"Merge branch \u0027master\u0027 into AddingPhoto","messageBody":"","fileTypesAndContributionMap":{}},{"hash":"2d32b9f2dc4a59a2ad8d1527aa57d18328ca8472","isMergeCommit":true,"messageTitle":"Merge pull request #23 from Clifong/change-image-name","messageBody":"Change image name","fileTypesAndContributionMap":{}}]},{"date":"2025-03-05T00:00:00","commitResults":[{"hash":"a9078fee0f4e6621445b50443849e78546efc378","isMergeCommit":false,"messageTitle":"Update AboutUs.md and add photo","messageBody":"","fileTypesAndContributionMap":{"docs":{"insertions":46,"deletions":0}}},{"hash":"3a34ff2755b59c6c86b3d917701030f4deb5bd4f","isMergeCommit":true,"messageTitle":"Merge branch \u0027UpdateAboutUs\u0027","messageBody":"","fileTypesAndContributionMap":{}},{"hash":"456ec6a2249ff7bd3cdf569129c07c27f7fa54b9","isMergeCommit":false,"messageTitle":"Update AboutUs.md","messageBody":"","fileTypesAndContributionMap":{"docs":{"insertions":1,"deletions":1}}},{"hash":"b92fe170c1486417d0e8521f410797179699a54b","isMergeCommit":true,"messageTitle":"Merge branch \u0027master\u0027 into master","messageBody":"","fileTypesAndContributionMap":{}},{"hash":"45f101e7173555c6bf91b9e75098b4b082466e6d","isMergeCommit":true,"messageTitle":"Merge pull request #28 from sivaramjeychand/Add-Siva-Image","messageBody":"","fileTypesAndContributionMap":{}}]},{"date":"2025-03-13T00:00:00","commitResults":[{"hash":"83212b3c37debf7c34936da8b0d1981f6d80fb1b","isMergeCommit":false,"messageTitle":"Add viewOrders command","messageBody":"- Create ViewOrdersCommand.java and ViewOrdersCommandParser.java\n- Modify AddressBookParser.java to include viewOrders command\n- Add ViewOrdersCommandTest.java\n","fileTypesAndContributionMap":{"functional-code":{"insertions":112,"deletions":0},"test-code":{"insertions":118,"deletions":0}}},{"hash":"97c5273f2224d5403252c55d65bcff256e22507c","isMergeCommit":false,"messageTitle":"Add findOrders command","messageBody":"- Create FindOrdersCommand.java and FindOrdersCommandParser.java\n- Modify AddressBookParser.java to include command findOrders\n- Create OrdersContainsKeywordsPredicate.java to filter order names that\n  contains specific keywords\n","fileTypesAndContributionMap":{"functional-code":{"insertions":139,"deletions":0}}},{"hash":"535df508728818aca8ee6be796f7ec860857fb3f","isMergeCommit":true,"messageTitle":"Merge branch \u0027master\u0027 into add-findorders-command","messageBody":"","fileTypesAndContributionMap":{}},{"hash":"bafe77ff5245f20e3a32e771de7390ade61c9199","isMergeCommit":true,"messageTitle":"Merge pull request #51 from ziliangstanley/add-findpreferences-command","messageBody":"Add findPreferences command","fileTypesAndContributionMap":{}}]},{"date":"2025-03-19T00:00:00","commitResults":[{"hash":"1d4244c47f9d62b25c2299b1da2ae1b83a06c234","isMergeCommit":true,"messageTitle":"Merge pull request #66 from SanShaoQian/debug-test-save-preference","messageBody":"Add tests for savePreference","fileTypesAndContributionMap":{}}]},{"date":"2025-03-20T00:00:00","commitResults":[{"hash":"1104df5cbff3939d95da9fb1fd108c1b3eaf3084","isMergeCommit":true,"messageTitle":"Merge pull request #67 from ziliangstanley/debug-test-findPreferences","messageBody":"Debug and add tests for findPreferences","fileTypesAndContributionMap":{}},{"hash":"950e32fa013b82bac365069828cbfa642b49341f","isMergeCommit":false,"messageTitle":"Debug and add tests for viewOrders","messageBody":"- Fix equal method in ViewOrdersCommand.java\n- Fix ViewOrdersCommandTest.java\n- Add ViewOrderCommandParserTest.java\n- Modify typicalPersonAddressBook.json and TypicalPersons.java to pass\n  testcase\n","fileTypesAndContributionMap":{"functional-code":{"insertions":1,"deletions":1},"test-code":{"insertions":46,"deletions":17}}},{"hash":"b126b600c152959a93ba871bfbeada591eb02939","isMergeCommit":false,"messageTitle":"Debug and add tests for findOrders","messageBody":"","fileTypesAndContributionMap":{"functional-code":{"insertions":4,"deletions":4},"test-code":{"insertions":115,"deletions":3}}},{"hash":"ec8c1d36db1c5d7ea9415860f10dfa043e38f0cd","isMergeCommit":false,"messageTitle":"Fix checkstyle errors","messageBody":"","fileTypesAndContributionMap":{"test-code":{"insertions":1,"deletions":1}}},{"hash":"ab726b33215a5e12b133c0cbd8e527b910307541","isMergeCommit":true,"messageTitle":"Merge pull request #74 from Clifong/fix-test","messageBody":"","tags":["v1.3","V_1.0_MVP"],"fileTypesAndContributionMap":{}}]},{"date":"2025-03-21T00:00:00","commitResults":[{"hash":"b0ebe919de4f604d0e628c7b895d65054f7ed0bc","isMergeCommit":false,"messageTitle":"Fix PersonBuilder.java","messageBody":"- Modify the build function in PersonBuilder.java to include order history\n- Improve the test cases in FindOrdersCommandTest.java\n","fileTypesAndContributionMap":{"test-code":{"insertions":25,"deletions":15}}},{"hash":"d2873042bdd7eb242aa77bc2c1ec96b86e56c2bd","isMergeCommit":false,"messageTitle":"Add tests for findOrders parser","messageBody":"","fileTypesAndContributionMap":{"test-code":{"insertions":41,"deletions":0}}}]},{"date":"2025-03-24T00:00:00","commitResults":[{"hash":"ed9b175bfe63648c1ef01e2bb57bdb6820054029","isMergeCommit":false,"messageTitle":"Add viewOrders to User Guide","messageBody":"","fileTypesAndContributionMap":{"docs":{"insertions":13,"deletions":0}}},{"hash":"729b3e63b7e30f25acb675ee7ad211ab755862a2","isMergeCommit":false,"messageTitle":"Add findOrders to User Guide","messageBody":"","fileTypesAndContributionMap":{"docs":{"insertions":16,"deletions":1}}},{"hash":"af024a79931968a138a74c72c372abbce35cbc2d","isMergeCommit":true,"messageTitle":"Merge branch \u0027master\u0027 into add-userguide-findorders","messageBody":"","fileTypesAndContributionMap":{}},{"hash":"d2fd273a67a763aa0bfa18dd255ede9c4f3536a1","isMergeCommit":true,"messageTitle":"Merge branch \u0027master\u0027 into add-userguide-vieworders","messageBody":"","fileTypesAndContributionMap":{}}]},{"date":"2025-03-25T00:00:00","commitResults":[{"hash":"8530ef793569cb059d1ad2846586f4a3a362cf1a","isMergeCommit":true,"messageTitle":"Merge pull request #92 from Clifong/minor-update-to-dg","messageBody":"Update DG","fileTypesAndContributionMap":{}}]},{"date":"2025-03-27T00:00:00","commitResults":[{"hash":"c2165a6ad9639942f99827dc7b0adb5066c715fd","isMergeCommit":false,"messageTitle":"Fix add command in UserGuide.md","messageBody":"","fileTypesAndContributionMap":{"docs":{"insertions":12,"deletions":12}}},{"hash":"bcd146cfe89af4be0de1d1454b446d2a43fe9bbc","isMergeCommit":true,"messageTitle":"Merge pull request #96 from ziliangstanley/add-findtag-command","messageBody":"Add findTag command and add test cases for it","fileTypesAndContributionMap":{}},{"hash":"7ed949b5fbd55ad8d9d28cc0820e2a40875320b2","isMergeCommit":true,"messageTitle":"Fix merge conflict","messageBody":"","fileTypesAndContributionMap":{}},{"hash":"87faf72ac255515e78b96f376f977f650c9ca0c9","isMergeCommit":false,"messageTitle":"Fix add command","messageBody":"- Fix UserGuide.md\n- Fix AddCommand.java and AddCommandParser.java to save preferences\n","fileTypesAndContributionMap":{"functional-code":{"insertions":10,"deletions":6},"docs":{"insertions":15,"deletions":32}}},{"hash":"afc726c94451c7cca56f46597e1e7a9665e760ec","isMergeCommit":false,"messageTitle":"Fix tests for AddCommandParser.java","messageBody":"","fileTypesAndContributionMap":{"test-code":{"insertions":8,"deletions":6}}},{"hash":"34104a8d3b491f643c7ffb3b653e4dbdb9ba6017","isMergeCommit":false,"messageTitle":"Fix typo","messageBody":"","fileTypesAndContributionMap":{"docs":{"insertions":12,"deletions":12}}},{"hash":"9e06ada755ca6b18f9f99f83de1acf45521d7ecc","isMergeCommit":false,"messageTitle":"Update UML diagram","messageBody":"","fileTypesAndContributionMap":{"docs":{"insertions":29,"deletions":0}}}]},{"date":"2025-03-30T00:00:00","commitResults":[{"hash":"f1fa15548ccaf2142f51bedd4c3d5b4e254ebcd7","isMergeCommit":true,"messageTitle":"Merge pull request #110 from Clifong/fix-addcustomer-bugs","messageBody":"Fix add customer bugs","fileTypesAndContributionMap":{}}]},{"date":"2025-04-01T00:00:00","commitResults":[{"hash":"30c9706f0149cb2c5cedf74be2dd1fc5f0d24e2e","isMergeCommit":true,"messageTitle":"Merge pull request #117 from SanShaoQian/alpha-bug-view-orders","messageBody":"Update ViewOrders","fileTypesAndContributionMap":{}}]},{"date":"2025-04-03T00:00:00","commitResults":[{"hash":"4c26f89c50b51a52882b10e5f1f58ff5648fc539","isMergeCommit":false,"messageTitle":"Change url in help window","messageBody":"","fileTypesAndContributionMap":{"functional-code":{"insertions":1,"deletions":1}}},{"hash":"197270c0b10c44b16f1526c212cfbd8384ab3eb4","isMergeCommit":false,"messageTitle":"Fix user guide","messageBody":"","fileTypesAndContributionMap":{"docs":{"insertions":2,"deletions":2}}},{"hash":"3c44da55f9195862389165e8d4775efab18631da","isMergeCommit":false,"messageTitle":"Fix message usage in FindPreferencesCommand.java","messageBody":"","fileTypesAndContributionMap":{"functional-code":{"insertions":1,"deletions":1}}},{"hash":"30aed4b8d0a169c34d5fd44c3145baf0cfb842e0","isMergeCommit":false,"messageTitle":"Fix example commands in QuickStart UserGuide","messageBody":"","fileTypesAndContributionMap":{"docs":{"insertions":4,"deletions":4}}},{"hash":"ba6c465da1f260d107953ff50020e90ca4fb164a","isMergeCommit":true,"messageTitle":"Merge pull request #145 from SanShaoQian/alpha-bug-find-order","messageBody":"Update FindOrdersCommandTest","fileTypesAndContributionMap":{}}]},{"date":"2025-04-06T00:00:00","commitResults":[{"hash":"28d4a7b7381364b4f687014e9b3a8df1217c81dd","isMergeCommit":true,"messageTitle":"Merge pull request #204 from SanShaoQian/debugging-PE-D","messageBody":"Update UG and DG","fileTypesAndContributionMap":{}},{"hash":"428af8dd3e62e4b67f47ec5f65c06df5d324fb4b","isMergeCommit":false,"messageTitle":"Improve UserGuide.md","messageBody":"","fileTypesAndContributionMap":{"docs":{"insertions":13,"deletions":14}}},{"hash":"f267bb6b48a1ac75425a6daf8f5ccdd7ca2c45af","isMergeCommit":false,"messageTitle":"Fix sample data and UserGuide.md","messageBody":"","fileTypesAndContributionMap":{"functional-code":{"insertions":4,"deletions":4},"docs":{"insertions":1,"deletions":1}}}]}],"SanShaoQian":[{"date":"2025-02-26T00:00:00","commitResults":[{"hash":"d6bfc9a4a0797a78e0e8e5d18763d3e32b9ae78a","isMergeCommit":true,"messageTitle":"Merge pull request #7 from Clifong/add-clif-details","messageBody":"Add clif\u0027s dettails to md files","fileTypesAndContributionMap":{}}]},{"date":"2025-03-03T00:00:00","commitResults":[{"hash":"922d85b1fa6061c9c0bbd0e728ee3a78af2491cc","isMergeCommit":false,"messageTitle":"Edit MainApp.java","messageBody":"","fileTypesAndContributionMap":{"functional-code":{"insertions":5,"deletions":0}}},{"hash":"d915ee0018684f3e78f8f0268d6cfde5fafca6b2","isMergeCommit":true,"messageTitle":"Merge pull request #13 from ziliangstanley/add-stanley-photo","messageBody":"Add Stanley image","fileTypesAndContributionMap":{}},{"hash":"b3828405fd71b1975618bd5805ee8094eff96eec","isMergeCommit":false,"messageTitle":"Update AboutUs.md","messageBody":"","fileTypesAndContributionMap":{"docs":{"insertions":51,"deletions":5}}},{"hash":"82649847b4d0c77cd5d97c1b57d18abd0b46815b","isMergeCommit":true,"messageTitle":"Merge pull request #12 from Jensen188/AddingPhoto","messageBody":"Add Jensen\u0027s photo","fileTypesAndContributionMap":{}},{"hash":"6a342cff0a5d3187a536d324d8c3676310015421","isMergeCommit":false,"messageTitle":"Update AboutUs.md","messageBody":"","fileTypesAndContributionMap":{"docs":{"insertions":1,"deletions":1}}},{"hash":"998bf6020e584c2346e0a08853cf9c34a671b12c","isMergeCommit":true,"messageTitle":"Merge pull request #19 from ziliangstanley/update-stanley-aboutus","messageBody":"Update About Us page for Stanley","fileTypesAndContributionMap":{}},{"hash":"b1ba6027f5a4b162f556dcc580fd7c89918263fb","isMergeCommit":true,"messageTitle":"Merge pull request #18 from Jensen188/UpdateAboutUs","messageBody":"Update AboutUs Page for Jensen","fileTypesAndContributionMap":{}},{"hash":"b2fe2c7d33572b28cd4b5634dd26a971b86369a4","isMergeCommit":true,"messageTitle":"Merge branch \u0027master\u0027 into Update-AboutUspage","messageBody":"","fileTypesAndContributionMap":{}},{"hash":"c466152ab6201ee8c83a2f146a84d7e92696edc7","isMergeCommit":true,"messageTitle":"Merge pull request #20 from Clifong/update-aboutus","messageBody":"Update developer guide with more information","fileTypesAndContributionMap":{}}]},{"date":"2025-03-04T00:00:00","commitResults":[{"hash":"d23bd79feb12fc10915f3f5c2ba4e958c3332159","isMergeCommit":true,"messageTitle":"Merge pull request #25 from Clifong/update-readme","messageBody":"Update readme and markbind","fileTypesAndContributionMap":{}}]},{"date":"2025-03-08T00:00:00","commitResults":[{"hash":"f08b547b2e3c157ea6f0cf68e3137ca689254ad2","isMergeCommit":true,"messageTitle":"Merge pull request #39 from Clifong/fix-add-command","messageBody":"Edit classes","fileTypesAndContributionMap":{}}]},{"date":"2025-03-09T00:00:00","commitResults":[{"hash":"0098639153f17796c365fee4542dfea1bb165e41","isMergeCommit":false,"messageTitle":"Add Tag function","messageBody":"","fileTypesAndContributionMap":{"functional-code":{"insertions":206,"deletions":104}}},{"hash":"f9f136d29d6a2a2478bff1f33c281e3113671d01","isMergeCommit":false,"messageTitle":"Minor debugging","messageBody":"","fileTypesAndContributionMap":{"functional-code":{"insertions":2,"deletions":3}}},{"hash":"800657a1ce9bda0bad2867bd8b05974cd6ae9122","isMergeCommit":false,"messageTitle":"Edit tests to match","messageBody":"","fileTypesAndContributionMap":{"functional-code":{"insertions":32,"deletions":86},"test-code":{"insertions":161,"deletions":190}}},{"hash":"584f1555de37dfec2580c25eef6c0713df0e9cd5","isMergeCommit":true,"messageTitle":"Merge branch \u0027master\u0027 into adding-tag","messageBody":"","fileTypesAndContributionMap":{}},{"hash":"8e656d7d79238910a30b5dcd6c7a614aee76eadc","isMergeCommit":false,"messageTitle":"Edit code style","messageBody":"","fileTypesAndContributionMap":{"functional-code":{"insertions":26,"deletions":29},"test-code":{"insertions":0,"deletions":1}}},{"hash":"aba3e81cb1d71a2fb386f533758773f02a8570ce","isMergeCommit":true,"messageTitle":"Merge branch \u0027adding-tag\u0027 of https://github.com/SanShaoQian/tp into adding-tag","messageBody":"","fileTypesAndContributionMap":{}},{"hash":"3721b56d33ec5da5f2d6f8548b39067f43f80172","isMergeCommit":false,"messageTitle":"Edit code style","messageBody":"","fileTypesAndContributionMap":{"functional-code":{"insertions":3,"deletions":4}}},{"hash":"1a0eb41d065f07b756141248dd1c31a0f07d5bbe","isMergeCommit":false,"messageTitle":"Edit code style","messageBody":"","fileTypesAndContributionMap":{"functional-code":{"insertions":2,"deletions":1}}},{"hash":"920f6d0d740a1a3b882ec5056f3e754bb871d4a6","isMergeCommit":false,"messageTitle":"Edit code style","messageBody":"","fileTypesAndContributionMap":{"test-code":{"insertions":73,"deletions":76}}},{"hash":"05e1b0c1eb2d5812623e83f1e18ec7b6b53007c0","isMergeCommit":false,"messageTitle":"Edit code style","messageBody":"","fileTypesAndContributionMap":{"test-code":{"insertions":11,"deletions":11}}},{"hash":"24dc88501fff8e83e3513fdac5ede32db37a8c7d","isMergeCommit":false,"messageTitle":"Edit tests","messageBody":"","fileTypesAndContributionMap":{"test-code":{"insertions":3,"deletions":6}}},{"hash":"2cee7a9eef3649856bc6954110cd9bd5f5d24617","isMergeCommit":false,"messageTitle":"Add save preference function","messageBody":"","fileTypesAndContributionMap":{"functional-code":{"insertions":275,"deletions":19}}},{"hash":"10fde0cd55bfdc6e08d695ba29644e79409eb644","isMergeCommit":false,"messageTitle":"Update UserGuide","messageBody":"","fileTypesAndContributionMap":{"docs":{"insertions":40,"deletions":11}}}]},{"date":"2025-03-10T00:00:00","commitResults":[{"hash":"4e88887fd210c796a4c02f479697866d12b5cd10","isMergeCommit":false,"messageTitle":"Debug addcommand","messageBody":"","fileTypesAndContributionMap":{"functional-code":{"insertions":10,"deletions":5},"test-code":{"insertions":21,"deletions":7}}}]},{"date":"2025-03-15T00:00:00","commitResults":[{"hash":"8eb41b950043c706a558a2032166fe762e3a62ab","isMergeCommit":false,"messageTitle":"debug savePreference function","messageBody":"","fileTypesAndContributionMap":{"functional-code":{"insertions":102,"deletions":14},"test-code":{"insertions":13,"deletions":10}}},{"hash":"a3e7d4cf2a3a4b647c154a9fdf26edfcd04250b0","isMergeCommit":false,"messageTitle":"debug savePreference function","messageBody":"","fileTypesAndContributionMap":{"functional-code":{"insertions":6,"deletions":0}}},{"hash":"73270d34081094e485fd314b136baab24f265924","isMergeCommit":true,"messageTitle":"Merge branch \u0027master\u0027 into debugging","messageBody":"","fileTypesAndContributionMap":{}},{"hash":"1ac93fb51e8961057c592756b06c61fa79fb1f8a","isMergeCommit":false,"messageTitle":"Update JsonAdaptedPerson.java","messageBody":"","fileTypesAndContributionMap":{"functional-code":{"insertions":3,"deletions":3}}},{"hash":"30e455452f45795e0c16b6c3121415b9876979b7","isMergeCommit":false,"messageTitle":"Update JsonAdaptedPerson.java","messageBody":"","fileTypesAndContributionMap":{"functional-code":{"insertions":0,"deletions":1}}},{"hash":"6b5866bb90b11cd9b624d9c8da00f5971a3eb1ee","isMergeCommit":false,"messageTitle":"Update JsonAdaptedPerson","messageBody":"","fileTypesAndContributionMap":{"functional-code":{"insertions":1,"deletions":0}}}]},{"date":"2025-03-17T00:00:00","commitResults":[{"hash":"626a2519be9c75b3cd49992ea29a6ace028a4ea2","isMergeCommit":true,"messageTitle":"Merge pull request #62 from Clifong/fix-errors","messageBody":"Fix checkstyle errors","fileTypesAndContributionMap":{}}]},{"date":"2025-03-18T00:00:00","commitResults":[{"hash":"30fcf0169e75a58637db831fb1dd429c2b08b5a6","isMergeCommit":false,"messageTitle":"Add tests for tag","messageBody":"Add test scripts for TagCommand and TagCommandParser\n\nTagCommand and TagCommandParser currently lack dedicated test scripts, making it difficult to verify their correctness and ensure they work as expected.\n\nAdd unit tests for TagCommand and TagCommandParser using JUnit. Cover various input cases, including valid and invalid inputs, to ensure robustness.\n\nTesting is done this way to improve code reliability and prevent regressions when modifying the command logic. The approach follows existing testing conventions in the project.\n\nThis change enhances test coverage and simplifies debugging by catching issues early.\n","fileTypesAndContributionMap":{"functional-code":{"insertions":19,"deletions":17},"test-code":{"insertions":162,"deletions":10}}},{"hash":"ea0ff1acc2a047c74a16be3a9b836a5459c5f6af","isMergeCommit":false,"messageTitle":"Edit UserGuide.md","messageBody":"","fileTypesAndContributionMap":{"functional-code":{"insertions":0,"deletions":5},"docs":{"insertions":2,"deletions":0},"test-code":{"insertions":5,"deletions":23}}}]},{"date":"2025-03-19T00:00:00","commitResults":[{"hash":"5a015f46a4121395a11d2f76787e2a209126525a","isMergeCommit":false,"messageTitle":"Add tests for savePreference","messageBody":"Add test scripts for SavePreferenceCommand, Preference, and SavePreferenceCommandParser\n\nSavePreferenceCommand, Preference, and SavePreferenceCommandParser lack dedicated test scripts, making it difficult to verify their correctness and ensure they function as intended.\n\nAdd unit tests for SavePreferenceCommand, Preference, and SavePreferenceCommandParser using JUnit. Test various scenarios, including valid and invalid preference values, to ensure robustness.\n\nThis approach follows the project\u0027s existing testing framework, ensuring consistency and maintainability. Comprehensive testing helps prevent regressions and improves reliability.\n\nThis change enhances test coverage, making debugging and future modifications easier.\n","fileTypesAndContributionMap":{"functional-code":{"insertions":13,"deletions":3},"docs":{"insertions":1,"deletions":1},"test-code":{"insertions":273,"deletions":32}}}]},{"date":"2025-03-20T00:00:00","commitResults":[{"hash":"40888c075bf78e7dac2346b3672e59c134913f66","isMergeCommit":true,"messageTitle":"Merge pull request #69 from Jensen188/debug-test-vieworders","messageBody":"Debug and add tests for viewOrders","fileTypesAndContributionMap":{}}]},{"date":"2025-03-21T00:00:00","commitResults":[{"hash":"baa1b2d2d4bf0345eb688617d0cb339af1773c32","isMergeCommit":true,"messageTitle":"Merge pull request #75 from Jensen188/debug-test-findorders","messageBody":"Fix PersonBuilder.java and add tests to findOrders","fileTypesAndContributionMap":{}}]},{"date":"2025-03-24T00:00:00","commitResults":[{"hash":"f774fda9737a143e39896346156eb14b9d9ae28c","isMergeCommit":true,"messageTitle":"Merge pull request #81 from ziliangstanley/add-findpreferences-userguide","messageBody":"Add findPreferences to User Guide","fileTypesAndContributionMap":{}},{"hash":"70af57b25a9187101cab11842497aabac809b8c6","isMergeCommit":true,"messageTitle":"Merge pull request #82 from ziliangstanley/update-userguide","messageBody":"Change person to customer in User Guide","fileTypesAndContributionMap":{}},{"hash":"bc5c5dfbceabbf0cf654a43df27cd565265ab442","isMergeCommit":true,"messageTitle":"Merge pull request #83 from Clifong/improve-userguide","messageBody":"Add more information to user guide","fileTypesAndContributionMap":{}},{"hash":"17772521463720d1b50b7b8fd1d321988d8e45e7","isMergeCommit":true,"messageTitle":"Merge pull request #84 from Clifong/improve-usergude2","messageBody":"Add more information to user guide","fileTypesAndContributionMap":{}}]},{"date":"2025-03-25T00:00:00","commitResults":[{"hash":"662213e69f443138c646110c6a9a1febfeef58e2","isMergeCommit":false,"messageTitle":"update model class diagrams","messageBody":"Update model class diagrams\n\nThe model class diagrams are outdated and do not accurately reflect recent changes in the codebase, making them less useful for documentation and understanding the system design.\n\nUpdate the model class diagrams to align with the latest implementation. Modify class relationships, attributes, and methods as needed to match the current structure.\n\nThis ensures that the documentation remains accurate and useful for developers working on the project. Keeping diagrams up to date helps with onboarding and system maintenance.\n\nThis change improves clarity and prevents confusion caused by outdated documentation.\n","fileTypesAndContributionMap":{"functional-code":{"insertions":9,"deletions":2},"docs":{"insertions":12,"deletions":15}}},{"hash":"4f8a82853a9615c964185291207a97a7163c46b1","isMergeCommit":false,"messageTitle":"Improve code coverage of JsonAdaptedPerson","messageBody":"Improve code coverage of JsonAdaptedPerson (add test cases)\n\nThe current test coverage for JsonAdaptedPerson is insufficient, leaving potential edge cases untested and reducing confidence in its correctness.\n\nAdd additional unit tests for JsonAdaptedPerson to cover various scenarios, including valid and invalid JSON inputs, missing fields, and boundary cases.\n\nThis ensures that JsonAdaptedPerson behaves as expected under different conditions, improving robustness and preventing potential errors. The approach follows the project\u0027s existing testing framework for consistency.\n\nThis change enhances test coverage, making the codebase more reliable and maintainable.\n","fileTypesAndContributionMap":{"functional-code":{"insertions":5,"deletions":1},"test-code":{"insertions":32,"deletions":2}}},{"hash":"19593b0262f724e151748a9f4f8fab2d7e774e3d","isMergeCommit":false,"messageTitle":"fix code style","messageBody":"","fileTypesAndContributionMap":{"test-code":{"insertions":2,"deletions":1}}},{"hash":"c22ebced4d0836c0f533fac018d47080b14c2f33","isMergeCommit":false,"messageTitle":"Update JsonAdaptedPersonTest","messageBody":"Add test cases\n","fileTypesAndContributionMap":{"test-code":{"insertions":10,"deletions":0}}}]},{"date":"2025-03-27T00:00:00","commitResults":[{"hash":"310e3f688065782e1b57274d0e9a62fae7755c5d","isMergeCommit":true,"messageTitle":"Merge pull request #99 from Jensen188/update-uml-diagram","messageBody":"Update UML diagram","tags":["v1.4"],"fileTypesAndContributionMap":{}}]},{"date":"2025-04-01T00:00:00","commitResults":[{"hash":"bd4f1536ee3ea5b8fe785c7afe70b1f5a266b67f","isMergeCommit":false,"messageTitle":"Update ViewOrders","messageBody":"Update ViewOrdersCommand to include frequency of dishes ordered\n\nThe ViewOrdersCommand does not display the frequency of each dish ordered, making it harder to analyze popular items efficiently.\n\nModify ViewOrdersCommand to compute and display the frequency of each dish ordered. Update relevant data structures and UI components accordingly.\n\nThis change improves usability by providing better insights into ordering trends. The implementation follows existing data-handling patterns for consistency and maintainability.\n\nThis enhancement makes it easier to track popular dishes and aids decision-making for menu optimization.\n","fileTypesAndContributionMap":{"functional-code":{"insertions":7,"deletions":2},"docs":{"insertions":29,"deletions":5}}},{"hash":"4609926a2d8037c45a675ed0ae5f748bdd486c33","isMergeCommit":false,"messageTitle":"Fix code style","messageBody":"Fix code style to pass checkstyle tests\n","fileTypesAndContributionMap":{"functional-code":{"insertions":2,"deletions":2}}},{"hash":"cbaa44731abcb5b3931408eb888cc1fa2248474d","isMergeCommit":false,"messageTitle":"Update AddOrderCommand","messageBody":"Ensure AddOrderCommand rejects empty dish names with only spaces\n\nAddOrderCommand allows dish names consisting only of spaces, which can lead to inconsistent data and unintended behavior.\n\nModify AddOrderCommand to validate dish names and raise a CommandException if the input consists only of whitespace.\n\nThis ensures data integrity by preventing invalid entries. The validation approach follows existing input checks in the command structure for consistency.\n\nThis change improves robustness and prevents erroneous order entries in the system.\n","fileTypesAndContributionMap":{"functional-code":{"insertions":5,"deletions":1}}}]},{"date":"2025-04-02T00:00:00","commitResults":[{"hash":"418e35eb010da70970397ba24c7c5473b8ad86f0","isMergeCommit":false,"messageTitle":"Edit TagCommand","messageBody":"Edit TagCommand to preserve the original orderHistory of the customer to be edited, instead of replacing it with an empty orderHistory\n","fileTypesAndContributionMap":{"functional-code":{"insertions":17,"deletions":2}}},{"hash":"a5fa6c46782e49fcf6b1a9b0e73e6f0c856b8b5e","isMergeCommit":false,"messageTitle":"Add tests","messageBody":"","fileTypesAndContributionMap":{"functional-code":{"insertions":3,"deletions":0},"test-code":{"insertions":43,"deletions":0}}},{"hash":"5b5126d0a6914e2ef28672580add1f0571a4d28a","isMergeCommit":false,"messageTitle":"Fix codestyle","messageBody":"","fileTypesAndContributionMap":{"test-code":{"insertions":0,"deletions":1}}}]},{"date":"2025-04-03T00:00:00","commitResults":[{"hash":"eb30411ceb153cb603d95fce22080686f5812cb7","isMergeCommit":true,"messageTitle":"Merge pull request #122 from sivaramjeychand/v1.5-update-UG","messageBody":"Update UG","fileTypesAndContributionMap":{}},{"hash":"4336416f044946f012a7d020dad87afddae6a8c7","isMergeCommit":true,"messageTitle":"Merge pull request #143 from ziliangstanley/update-UML","messageBody":"Update DG and UML","fileTypesAndContributionMap":{}},{"hash":"968cf41bd1094ee436be779da092d2223e859229","isMergeCommit":false,"messageTitle":"Update findOrders","messageBody":"","fileTypesAndContributionMap":{"functional-code":{"insertions":9,"deletions":14},"docs":{"insertions":19,"deletions":19},"test-code":{"insertions":12,"deletions":12}}},{"hash":"704dd963eab0b1f25e7d0ed266a9a19ae18cdc86","isMergeCommit":false,"messageTitle":"Update code style","messageBody":"","fileTypesAndContributionMap":{"functional-code":{"insertions":0,"deletions":2}}},{"hash":"51971f7b61e1d7f9b6cf5665bc29b3e7692cbe2e","isMergeCommit":false,"messageTitle":"Fix testcase","messageBody":"","fileTypesAndContributionMap":{"test-code":{"insertions":10,"deletions":10}}},{"hash":"08be98a8454452514c075263970563a6dcc97c68","isMergeCommit":false,"messageTitle":"Update FindOrdersCommandTest","messageBody":"","fileTypesAndContributionMap":{"test-code":{"insertions":0,"deletions":12}}}]},{"date":"2025-04-05T00:00:00","commitResults":[{"hash":"4d6de0b1d8075a56d4dad725f17607ad6b9e08be","isMergeCommit":true,"messageTitle":"Merge pull request #203 from Clifong/updated-add-abit","messageBody":"Update add","fileTypesAndContributionMap":{}}]},{"date":"2025-04-06T00:00:00","commitResults":[{"hash":"cfebcbfda9ad0e5bfecb9919402056f3a19434d0","isMergeCommit":false,"messageTitle":"Update UG and DG","messageBody":"Edit code, UG and DG to fix bugs from PE-dry run\n- update UI after savePreference\n- prevent addition of repetitive tags\n","fileTypesAndContributionMap":{"functional-code":{"insertions":10,"deletions":3},"docs":{"insertions":44,"deletions":51}}},{"hash":"f722d732ee94a80d1c300091db193fac02c2d58e","isMergeCommit":false,"messageTitle":"Fix code style","messageBody":"","fileTypesAndContributionMap":{"functional-code":{"insertions":3,"deletions":0},"docs":{"insertions":2,"deletions":1}}},{"hash":"4370a8b3796bb89dbe9498bcea085b8369730d76","isMergeCommit":false,"messageTitle":"Fix codestyle","messageBody":"","fileTypesAndContributionMap":{"docs":{"insertions":0,"deletions":1}}},{"hash":"89f5900c498c86ad0cb8d2bf56daecf16ac0bfa6","isMergeCommit":false,"messageTitle":"Add test code","messageBody":"","fileTypesAndContributionMap":{"test-code":{"insertions":9,"deletions":0}}},{"hash":"b64648cdbe69eea3ab800e485cd0133fbd372a03","isMergeCommit":true,"messageTitle":"Merge pull request #206 from sivaramjeychand/Debugging-PE-D","messageBody":"Debug PE-D","fileTypesAndContributionMap":{}},{"hash":"b2a6ba0b775483cc334e73e6a1ca0c38787da8e6","isMergeCommit":true,"messageTitle":"Merge pull request #207 from Jensen188/fix-PE-D","messageBody":"Fix UserGuide.md and sample data","fileTypesAndContributionMap":{}}]}],"ziliangstanley":[{"date":"2025-03-03T00:00:00","commitResults":[{"hash":"06efec49f241ad0bdbc6933b8d3b49de46c74fad","isMergeCommit":false,"messageTitle":"Update About Us page","messageBody":"","fileTypesAndContributionMap":{"docs":{"insertions":1,"deletions":1}}},{"hash":"543467944a3951bb815ab92c8f9350b7e0f277a8","isMergeCommit":false,"messageTitle":"Update About Us page","messageBody":"","fileTypesAndContributionMap":{"docs":{"insertions":2,"deletions":2}}},{"hash":"2c1357b307db9b9f8b28a7840e81b4041554dc03","isMergeCommit":false,"messageTitle":"Update AboutUs page","messageBody":"","fileTypesAndContributionMap":{"docs":{"insertions":2,"deletions":2}}},{"hash":"5613cb1bbfab299837c573a5e67dcb833ca9e9f0","isMergeCommit":true,"messageTitle":"Merge pull request #15 from SanShaoQian/Update-AboutUspage","messageBody":"Update the AboutUs page for Shao Qian","fileTypesAndContributionMap":{}},{"hash":"764df820edc157e83a33d9e83b23285923976db9","isMergeCommit":true,"messageTitle":"Merge pull request #22 from Jensen188/AddingPhoto","messageBody":"Add Jensen\u0027s photo","fileTypesAndContributionMap":{}}]},{"date":"2025-03-08T00:00:00","commitResults":[{"hash":"cc925f0d933bad1018f3b6a0947a89171027f016","isMergeCommit":true,"messageTitle":"Merge pull request #40 from Clifong/fix-add-command","messageBody":"Fix some details","fileTypesAndContributionMap":{}}]},{"date":"2025-03-13T00:00:00","commitResults":[{"hash":"dff8ce7e601f87a73ad404c08b866a2253f8e6b0","isMergeCommit":true,"messageTitle":"Merge pull request #49 from Jensen188/add-vieworders-command","messageBody":"Add viewOrders command","fileTypesAndContributionMap":{}},{"hash":"e9be9f93ace534b861fb5e40ab254da1f1d062d5","isMergeCommit":true,"messageTitle":"Merge pull request #50 from Jensen188/add-findorders-command","messageBody":"Add findOrders command","fileTypesAndContributionMap":{}},{"hash":"c521015fb21ed9508594d2b455cdd55a192510a8","isMergeCommit":false,"messageTitle":"Add findPreferences command","messageBody":"","fileTypesAndContributionMap":{"functional-code":{"insertions":102,"deletions":1}}}]},{"date":"2025-03-17T00:00:00","commitResults":[{"hash":"3882bc52c5bbfc0bf551994dc117ab949ed649f6","isMergeCommit":true,"messageTitle":"Merge pull request #63 from Clifong/tidy-UG","messageBody":"Change the UG","fileTypesAndContributionMap":{}}]},{"date":"2025-03-20T00:00:00","commitResults":[{"hash":"7426ac9e1797123af53e92a57ad167fcc303a124","isMergeCommit":false,"messageTitle":"Debug and add tests for findPreferences","messageBody":"","fileTypesAndContributionMap":{"functional-code":{"insertions":35,"deletions":10},"test-code":{"insertions":86,"deletions":0}}},{"hash":"66e91dbedca93357a771e612eb46ba23a9c27e67","isMergeCommit":false,"messageTitle":"Fix checkstyle issues","messageBody":"","fileTypesAndContributionMap":{"functional-code":{"insertions":2,"deletions":2},"test-code":{"insertions":65,"deletions":53}}}]},{"date":"2025-03-24T00:00:00","commitResults":[{"hash":"080d071fed1be550e618e68a817fa07fb6c1c789","isMergeCommit":false,"messageTitle":"Add findPreferences to User Guide","messageBody":"","fileTypesAndContributionMap":{"docs":{"insertions":15,"deletions":0}}},{"hash":"c4cf4e405bef360bb18cc67276167f2741765ab3","isMergeCommit":false,"messageTitle":"Change person to customer in User Guide","messageBody":"","fileTypesAndContributionMap":{"docs":{"insertions":8,"deletions":8}}},{"hash":"3a6a0252da29d723c8708e4d8f37e91ec056ee58","isMergeCommit":true,"messageTitle":"Merge pull request #87 from Jensen188/add-userguide-vieworders","messageBody":"Add viewOrders to User Guide","fileTypesAndContributionMap":{}}]},{"date":"2025-03-25T00:00:00","commitResults":[{"hash":"7de1fe2c5eb3e34c8602e29e33fe01177c60575a","isMergeCommit":true,"messageTitle":"Merge pull request #91 from Clifong/added-ea","messageBody":"Add enable assertions","fileTypesAndContributionMap":{}},{"hash":"9e0b786008b50e9733f8fbc6148b33b8e77243c6","isMergeCommit":true,"messageTitle":"Merge pull request #93 from SanShaoQian/update-UML-diagram","messageBody":"update model class diagrams","fileTypesAndContributionMap":{}}]},{"date":"2025-03-27T00:00:00","commitResults":[{"hash":"a01a5bc69d5b8cbbcbf52c66e7d84b8759803742","isMergeCommit":false,"messageTitle":"Add findTag command and add test cases for it","messageBody":"","fileTypesAndContributionMap":{"functional-code":{"insertions":128,"deletions":10},"test-code":{"insertions":49,"deletions":3}}},{"hash":"8b565add3798eedec2740cfc9a4ceb195a68f727","isMergeCommit":false,"messageTitle":"Update User Guide with findTag command","messageBody":"","fileTypesAndContributionMap":{"docs":{"insertions":16,"deletions":1}}},{"hash":"ed2b87030e072cc37cb0c9ef21dc84912d66de05","isMergeCommit":false,"messageTitle":"Add javadocs for FindTagCommand","messageBody":"","fileTypesAndContributionMap":{"functional-code":{"insertions":3,"deletions":0}}}]},{"date":"2025-04-03T00:00:00","commitResults":[{"hash":"1ed0b2e13726700825bcaed0f3af82cb2eabc913","isMergeCommit":true,"messageTitle":"Merge pull request #132 from Jensen188/alpha-fix-bug","messageBody":"Fix message usage in FindPreferencesCommand.java","fileTypesAndContributionMap":{}},{"hash":"25eb98f94c57ecb33111bff0843a4e90ecb044e9","isMergeCommit":false,"messageTitle":"Update DG and UML","messageBody":"","fileTypesAndContributionMap":{"docs":{"insertions":53,"deletions":3}}},{"hash":"356de55c10c0513569d8cec821c25215ce6ffffd","isMergeCommit":true,"messageTitle":"Merge pull request #142 from Jensen188/alpha-fix-bug","messageBody":"Fix example commands in UserGuide QuickStart","fileTypesAndContributionMap":{}}]},{"date":"2025-04-06T00:00:00","commitResults":[{"hash":"e1e54226809d424b7fbd52ce6b1674837b021411","isMergeCommit":false,"messageTitle":"Normalise preferences for add command","messageBody":"","fileTypesAndContributionMap":{"functional-code":{"insertions":1,"deletions":1}}},{"hash":"38fce2adc5be969a3042a1fd9b6176b398bd15bc","isMergeCommit":false,"messageTitle":"Update documentation","messageBody":"","fileTypesAndContributionMap":{"docs":{"insertions":109,"deletions":37}}}]}],"Clifong":[{"date":"2025-02-25T00:00:00","commitResults":[{"hash":"8e6ed60c43fdd91f3c8a347291c9a45c5ce87c4a","isMergeCommit":false,"messageTitle":"Add clif\u0027s info","messageBody":"Add clif.md data.\n\nThis data is required for the webpage where\nall team member\u0027s information a displayed.\nI will be creating a pull request from this branch\nto the team\u0027s repo master and to wait for someone\nto approve the pull request\n","fileTypesAndContributionMap":{"docs":{"insertions":7,"deletions":0}}},{"hash":"ed993d3a8cdec1d704f951cd0bf079e0e275825d","isMergeCommit":false,"messageTitle":"Add new details","messageBody":"Added new details to my read.me\n\nThe change is required based on the comments on the\npull request. I have added the new necessary details\nfor a 3rd member to review\n","fileTypesAndContributionMap":{"docs":{"insertions":1,"deletions":1}}}]},{"date":"2025-02-26T00:00:00","commitResults":[{"hash":"ac225f146e3a76e632660313b03288f4d4ce9299","isMergeCommit":false,"messageTitle":"Add clif\u0027s dettails to md files","messageBody":"Added the required details as specified\nin the tp workflow. These includes a png\npicture of myself and new .md files required\n\nAwaiting for someone to merge.\n","fileTypesAndContributionMap":{"docs":{"insertions":11,"deletions":5}}},{"hash":"d7756cb1b39a29b40c36a6b8e6e33055db4af71c","isMergeCommit":false,"messageTitle":"Add mroe details","messageBody":"Added more details as specified\nin the PR comments. This include\nslightly adjusting by role in the\nmd file. Still waiting for more pull\nrequests to be made\n","fileTypesAndContributionMap":{"docs":{"insertions":1,"deletions":1}}}]},{"date":"2025-03-03T00:00:00","commitResults":[{"hash":"152f38cbff1fff0c1289cd8a10ff9c45c2c30094","isMergeCommit":false,"messageTitle":"Update developer guide with more information","messageBody":"Update the developer guide with new information specific\nto our contact book (bitebook). Additionally, I have changed\nthe UI image that is also specific to ours\n","fileTypesAndContributionMap":{"docs":{"insertions":71,"deletions":27}}}]},{"date":"2025-03-04T00:00:00","commitResults":[{"hash":"7fc374dc5f2ba6b240257eaf9e37a6fc253dbf99","isMergeCommit":false,"messageTitle":"Update readme and markbind","messageBody":"Readme file has been updated to be based on our\nproject requirement. This includes correct png image,\ncorrect hyperlinks and a badge pointing to our workflow\n\nI have also updated the markbind page to have a github\nlink pointing to our repository\n","fileTypesAndContributionMap":{"docs":{"insertions":9,"deletions":12}}}]},{"date":"2025-03-05T00:00:00","commitResults":[{"hash":"807b3957c59d0ea22f236b1cdea3aef7d71abdfd","isMergeCommit":true,"messageTitle":"Merge pull request #26 from Jensen188/master","messageBody":"Update AboutUs","fileTypesAndContributionMap":{}}]},{"date":"2025-03-06T00:00:00","commitResults":[{"hash":"12a7e2d12f109f7d6e75e757c4a81269bf19de31","isMergeCommit":false,"messageTitle":"Change website","messageBody":"Change the website to include siva\u0027s image and github\ninformation. This was originally missing which caused\nthe github to not register it as done\n","fileTypesAndContributionMap":{"docs":{"insertions":2,"deletions":2}}},{"hash":"129d2bfb82f436582140328f25b1d460e070f59a","isMergeCommit":false,"messageTitle":"Change details","messageBody":"The name was not changed I have updated the\nname of the website to be more correct again\n","fileTypesAndContributionMap":{"docs":{"insertions":1,"deletions":1}}}]},{"date":"2025-03-08T00:00:00","commitResults":[{"hash":"5680d0e64a71cae3250ecde7f87be48316f04262","isMergeCommit":false,"messageTitle":"Edit classes","messageBody":"Edited all classes such that they fit within our\ncodebase. This includes removing all mentions of\naddress and email which ae not needed\n","fileTypesAndContributionMap":{"functional-code":{"insertions":27,"deletions":321},"other":{"insertions":578,"deletions":0},"test-code":{"insertions":128,"deletions":535}}},{"hash":"90b334ef6589cad756b4d23f82582f91ab471d84","isMergeCommit":false,"messageTitle":"Fix some details","messageBody":"Phone number are now minimally\nat least 8 digits long. This is because we are\nassuming that the person dining with us is\na Singaporean for simplicity.\n","fileTypesAndContributionMap":{"functional-code":{"insertions":2,"deletions":2},"test-code":{"insertions":0,"deletions":1}}},{"hash":"ba3208aa8702da44085b8e8c3ec1b94038ea7e7e","isMergeCommit":false,"messageTitle":"Fix some errors","messageBody":"Some of the errors are missing line at the ed of some files.\nI have resolved them.\n","fileTypesAndContributionMap":{"functional-code":{"insertions":3,"deletions":4}}},{"hash":"fb40aab332508366b883a9c2666484278739df94","isMergeCommit":false,"messageTitle":"Fix more errors","messageBody":"All the errors are style errors. I have edited some of\nthem which I previously did not spot earlier.\n","fileTypesAndContributionMap":{"functional-code":{"insertions":1,"deletions":1}}},{"hash":"b4394c389e8329910c8fdbb9f2d3f0855aa4f6aa","isMergeCommit":false,"messageTitle":"Fix more tests issue","messageBody":"The errors are due to checkstyle. I have fixed more of them\nafter using the configuration file and checkstyle method thing.\n","fileTypesAndContributionMap":{"test-code":{"insertions":79,"deletions":99}}},{"hash":"0ed8d9368bee8bfa6f7eaf40b973be1429b621c2","isMergeCommit":false,"messageTitle":"dit delete command","messageBody":"The delete command is already complete.\nI merely edit some parts of the code that\nleads to an incorrect format.\n","fileTypesAndContributionMap":{"functional-code":{"insertions":0,"deletions":1}}}]},{"date":"2025-03-09T00:00:00","commitResults":[{"hash":"df363c33d0f2efd24fd3ab34555556c73ec6b36f","isMergeCommit":true,"messageTitle":"Merge pull request #43 from SanShaoQian/adding-tag","messageBody":"Add Tag function","fileTypesAndContributionMap":{}},{"hash":"7e529fc4b59eab4274ef4bd35967a9b35cfdfebf","isMergeCommit":true,"messageTitle":"Merge pull request #44 from SanShaoQian/add-dietary-preference","messageBody":"Add dietary preference","fileTypesAndContributionMap":{}}]},{"date":"2025-03-10T00:00:00","commitResults":[{"hash":"ca2954af482a4f9f29f40779bb13f701c9e03b2a","isMergeCommit":true,"messageTitle":"Merge pull request #45 from SanShaoQian/debug","messageBody":"Debug addcommand","fileTypesAndContributionMap":{}}]},{"date":"2025-03-11T00:00:00","commitResults":[{"hash":"82fc85e9401b082152e3782d72d28b4b5827baf5","isMergeCommit":true,"messageTitle":"Merge pull request #46 from sivaramjeychand/Add-Order-Command","messageBody":"Add addOrder Command","fileTypesAndContributionMap":{}},{"hash":"0c095971155ffb0cfc9a2d1d5dfe58038668a15f","isMergeCommit":true,"messageTitle":"Merge pull request #47 from sivaramjeychand/Add-Order-Command","messageBody":"Debug addOrder Command","fileTypesAndContributionMap":{}}]},{"date":"2025-03-15T00:00:00","commitResults":[{"hash":"3e9640fe5a1e956682d93d5b035cbae6afc89ace","isMergeCommit":true,"messageTitle":"Merge pull request #52 from SanShaoQian/debug","messageBody":"Debug savePreference function","fileTypesAndContributionMap":{}}]},{"date":"2025-03-17T00:00:00","commitResults":[{"hash":"0f2acd578f7f42e2d7b4920ae4639d6e16cfa8fd","isMergeCommit":false,"messageTitle":"Fix checkstyle errors","messageBody":"Fixed some errors causing checkstyle tests to fail\nI have rectified some of them. The remaining tests\nare non checkstyle related\n","fileTypesAndContributionMap":{"functional-code":{"insertions":40,"deletions":36},"test-code":{"insertions":11,"deletions":7}}},{"hash":"8f1454bdc5d43a5a951a3a8a30fe441536087d26","isMergeCommit":false,"messageTitle":"Change the UG","messageBody":"Change the contents of the UG to be more\nin line with the latest features in our code.\n","fileTypesAndContributionMap":{"docs":{"insertions":9,"deletions":9}}},{"hash":"0e088cd8cd95f04861434826b3eeed7670851cf5","isMergeCommit":false,"messageTitle":"Add some tests for add command","messageBody":"Add some tests for add command. This is\nto ensure the code is tested to a greater\nextent\n","fileTypesAndContributionMap":{"test-code":{"insertions":7,"deletions":3}}}]},{"date":"2025-03-20T00:00:00","commitResults":[{"hash":"d082da26874aba7f511e826c6657b1e93c44fd13","isMergeCommit":true,"messageTitle":"Merge pull request #70 from sivaramjeychand/v1.3-tests-and-debugging","messageBody":"Add tests and debug","fileTypesAndContributionMap":{}},{"hash":"19ecc94966ab3fab311c748b5d2806975950ce7b","isMergeCommit":true,"messageTitle":"Merge pull request #71 from sivaramjeychand/v1.3-tests-and-debugging","messageBody":"Add newline at EOF","fileTypesAndContributionMap":{}},{"hash":"db917337e629b7c0167d5b6351103220e661d71f","isMergeCommit":true,"messageTitle":"Merge pull request #72 from ziliangstanley/fix-checkstyle","messageBody":"Fix checkstyle issues","fileTypesAndContributionMap":{}},{"hash":"4fadf0ce254d4011affb281e0753c19b3901b6db","isMergeCommit":true,"messageTitle":"Merge pull request #73 from Jensen188/debug-test-findorders","messageBody":"Debug and add tests for findOrders","fileTypesAndContributionMap":{}},{"hash":"91c33600934a5b11476424b0d310a10081eaf450","isMergeCommit":false,"messageTitle":"Fx some errors","messageBody":"Fixed some errors regarding to the tests. I have also\nupdated the test cases to ensure that they are working\nwell enough.\n","fileTypesAndContributionMap":{"test-code":{"insertions":24,"deletions":24}}}]},{"date":"2025-03-24T00:00:00","commitResults":[{"hash":"f10b018173a5e641a633054ffed70caf69367f08","isMergeCommit":false,"messageTitle":"Add more information to user guide","messageBody":"Add more information regarding what kind of commands\nthere are into the user guide\n","fileTypesAndContributionMap":{"docs":{"insertions":7,"deletions":2}}},{"hash":"37e9198d6d30057fe51c94cef0274e07916aad95","isMergeCommit":false,"messageTitle":"Add more information to user guide","messageBody":"Add more information regarding what kind of commands\nthere are into the user guide\n","fileTypesAndContributionMap":{"docs":{"insertions":2,"deletions":0}}},{"hash":"78a51c501182133e122ee12fabeb1a8d6c0f2bf5","isMergeCommit":false,"messageTitle":"Improvethe UML diagram","messageBody":"Added more stuff to the UML diagram so they are clearer\nand more in line with our version\n","fileTypesAndContributionMap":{"docs":{"insertions":30,"deletions":32}}},{"hash":"a66a2d612cd44a3a6039ecc4dd6f08c945a619b8","isMergeCommit":true,"messageTitle":"Merge pull request #86 from Jensen188/add-userguide-findorders","messageBody":"Add findOrders to User Guide","fileTypesAndContributionMap":{}},{"hash":"8e11b237da6ff4c542b7e1073adc35777cdf3c34","isMergeCommit":false,"messageTitle":"Add enable assertions","messageBody":"Add the add assertions command into the gradle file\nFrom now on assertions is enabled\n","fileTypesAndContributionMap":{"other":{"insertions":4,"deletions":0}}}]},{"date":"2025-03-25T00:00:00","commitResults":[{"hash":"e5eb108b852bbf2d1a58241fe0cfb7d85696b559","isMergeCommit":false,"messageTitle":"Change the position of statement","messageBody":"Changed the position of the run statement for\nenable assertions.\n","fileTypesAndContributionMap":{"other":{"insertions":4,"deletions":4}}},{"hash":"7dfdd7e495b473cb93ca0fd97c000a5c4f706c32","isMergeCommit":false,"messageTitle":"Update DG","messageBody":"Added some minor update to the DG\n","fileTypesAndContributionMap":{"functional-code":{"insertions":1,"deletions":0},"docs":{"insertions":67,"deletions":92}}},{"hash":"3104f94435687913c7d7ab66374171f6c61e3c71","isMergeCommit":false,"messageTitle":"Fix bug","messageBody":"Fixed a silly bug. The length is minimally 8, not 9\n","fileTypesAndContributionMap":{"functional-code":{"insertions":1,"deletions":1}}},{"hash":"2eb8ea7cc8ee55aa9e482bb17dd0a687482047b3","isMergeCommit":false,"messageTitle":"Fix bug","messageBody":"Fix a minor bug that is causing pipeline to fail\n","fileTypesAndContributionMap":{"functional-code":{"insertions":1,"deletions":1}}}]},{"date":"2025-03-26T00:00:00","commitResults":[{"hash":"3656c837403313c1e848304b11509a4c8c8c615a","isMergeCommit":true,"messageTitle":"Merge pull request #95 from sivaramjeychand/Update-UML_Diagrams","messageBody":"Add UML Diagram","fileTypesAndContributionMap":{}},{"hash":"c2f497e82927303004d6f3cfb07f947be920b74b","isMergeCommit":true,"messageTitle":"Merge pull request #94 from sivaramjeychand/v1.4-edit-command","messageBody":"Remove old Edit Command","fileTypesAndContributionMap":{}}]},{"date":"2025-03-27T00:00:00","commitResults":[{"hash":"783044da0939765bcbb77a92af956f4624dd783e","isMergeCommit":true,"messageTitle":"Merge pull request #98 from Jensen188/fix-add-command","messageBody":"Fix add customer","fileTypesAndContributionMap":{}}]},{"date":"2025-03-30T00:00:00","commitResults":[{"hash":"7859ba2ab692e3fef58c5626e0a4ed0ea42f6775","isMergeCommit":false,"messageTitle":"Fix add customer bugs","messageBody":"Fix an issue with this command where multiple prefix\nand preference tags are allowed\n","fileTypesAndContributionMap":{"functional-code":{"insertions":12,"deletions":4},"docs":{"insertions":2,"deletions":1}}},{"hash":"82f08830a9ada52ecd427346de347d66cf06ad87","isMergeCommit":false,"messageTitle":"Fix checkstyle bug","messageBody":"Fix a checkstyle bug. Pipeline should pass\n","fileTypesAndContributionMap":{"functional-code":{"insertions":0,"deletions":1}}},{"hash":"7357c3dbe8a2d9ea3b0316379b98085b1f11a173","isMergeCommit":false,"messageTitle":"Fix a test bug","messageBody":"Fixed a test bug causing failur\n","fileTypesAndContributionMap":{"test-code":{"insertions":2,"deletions":3}}},{"hash":"13c294bfad7c8333bf022403445a3acd80f6ef36","isMergeCommit":false,"messageTitle":"Fix checkstyle bug","messageBody":"Fix checkstyle bug\n","fileTypesAndContributionMap":{"test-code":{"insertions":3,"deletions":1}}},{"hash":"51bd1b089938470dfaac564d9996750838dc1d21","isMergeCommit":false,"messageTitle":"Fix checkstlye bug","messageBody":"Fix checkstlye bug\n","fileTypesAndContributionMap":{"test-code":{"insertions":1,"deletions":1}}}]},{"date":"2025-04-01T00:00:00","commitResults":[{"hash":"a2c7b408af11f8f24beb9556a881b4da2fa24748","isMergeCommit":true,"messageTitle":"Merge pull request #118 from SanShaoQian/alpha-bug-test-orders","messageBody":"Update AddOrderCommand","fileTypesAndContributionMap":{}}]},{"date":"2025-04-02T00:00:00","commitResults":[{"hash":"ece7023be46547003df7adae54a6722563a77fe5","isMergeCommit":true,"messageTitle":"Merge pull request #120 from SanShaoQian/alpha-bug-tag","messageBody":"Edit TagCommand","fileTypesAndContributionMap":{}}]},{"date":"2025-04-03T00:00:00","commitResults":[{"hash":"9f1600c90c69377cb65799fe6fe3ab75aaa1f3ee","isMergeCommit":true,"messageTitle":"Merge pull request #123 from sivaramjeychand/v1.5-update-UG","messageBody":"Edit UG","fileTypesAndContributionMap":{}},{"hash":"224eb8fe8c79f6cf281af367c08f6f46ffea6508","isMergeCommit":true,"messageTitle":"Merge pull request #125 from Jensen188/fix-help-command","messageBody":"Change url in help window","fileTypesAndContributionMap":{}},{"hash":"3cc4f6af7188222c3f39f46195b81e4fbce5cbda","isMergeCommit":true,"messageTitle":"Merge pull request #127 from Jensen188/fix-help-command","messageBody":"Fix link to jar file in user guide","fileTypesAndContributionMap":{}},{"hash":"4c3b93a4ae2677be3981c9c9b5482f5be8fc008c","isMergeCommit":true,"messageTitle":"Merge pull request #144 from SanShaoQian/alpha-bug-find-order","messageBody":"Update findOrders","tags":["v1.5"],"fileTypesAndContributionMap":{}}]},{"date":"2025-04-05T00:00:00","commitResults":[{"hash":"02d4baaddfc3f746a8c0ff7fc140848fd6965a4a","isMergeCommit":false,"messageTitle":"Update add","messageBody":"Updated add command to be slightly more relaxed.\nUpdated the user guide too\n","fileTypesAndContributionMap":{"functional-code":{"insertions":1,"deletions":4},"docs":{"insertions":4,"deletions":0}}}]}],"sivaramjeychand":[{"date":"2025-03-05T00:00:00","commitResults":[{"hash":"433d919b280fc26c176b3b893b0b49fe2cb35296","isMergeCommit":false,"messageTitle":"Update README.md","messageBody":"","fileTypesAndContributionMap":{"docs":{"insertions":1,"deletions":1}}}]},{"date":"2025-03-06T00:00:00","commitResults":[{"hash":"c61eb9589c0cc56dc3454918dfaf825d209d6f2f","isMergeCommit":true,"messageTitle":"Merge pull request #29 from Clifong/fixed-website","messageBody":"Change website","fileTypesAndContributionMap":{}},{"hash":"35a99cf03cb69ed2ff48396a4e63bd2b9dcc3413","isMergeCommit":true,"messageTitle":"Merge pull request #30 from Clifong/fixed-website","messageBody":"Change details","fileTypesAndContributionMap":{}}]},{"date":"2025-03-08T00:00:00","commitResults":[{"hash":"e94578665a7264eed1157e4d2765d5c4a5885c43","isMergeCommit":true,"messageTitle":"Merge pull request #41 from Clifong/fix-add-command","messageBody":"Fix some errors","fileTypesAndContributionMap":{}},{"hash":"aad03fddebb5f4aebf6740236f68be9c116b5a69","isMergeCommit":true,"messageTitle":"Merge pull request #42 from Clifong/fix-delete-customer","messageBody":"dit delete command","fileTypesAndContributionMap":{}}]},{"date":"2025-03-11T00:00:00","commitResults":[{"hash":"f00f2073ba4de8689c044f7dd591354112a09c25","isMergeCommit":false,"messageTitle":"Add addOrder Command - Modify Person to include a Hashmap\u003cString, Integer\u003e orderHistory - Modify CliSyntax to include d/ command - Modify AddressBookParser to include the case for addOrder - Modify the UI to display Top dishes - Create the command and parser classes for addOrder","messageBody":"","fileTypesAndContributionMap":{"functional-code":{"insertions":206,"deletions":6}}},{"hash":"25c57dcfc9cc71765d752942d0a29c02affbe8c6","isMergeCommit":false,"messageTitle":"Bug fixes - Ensure dish name is case insensitive","messageBody":"","fileTypesAndContributionMap":{"functional-code":{"insertions":2,"deletions":1}}}]},{"date":"2025-03-17T00:00:00","commitResults":[{"hash":"b086f1a3941ba057e3cb5d35b4ae46ffcefc98ad","isMergeCommit":true,"messageTitle":"Merge pull request #64 from Clifong/added-test-for-add","messageBody":"Add some tests for add command","fileTypesAndContributionMap":{}}]},{"date":"2025-03-18T00:00:00","commitResults":[{"hash":"504bcc6cc25c6d518ef195b2d599156259136436","isMergeCommit":true,"messageTitle":"Merge pull request #65 from SanShaoQian/debug-tests-tag-customer","messageBody":"Debug and add tests for Tag customer","fileTypesAndContributionMap":{}}]},{"date":"2025-03-20T00:00:00","commitResults":[{"hash":"249fd78986dc76bb76c9b3b54ad62fbbf5decbe9","isMergeCommit":false,"messageTitle":"Add tests and debug - Added tests for all the methods that came with AddOrderCommand - Debug to ensure all tests pass","messageBody":"","fileTypesAndContributionMap":{"functional-code":{"insertions":1,"deletions":1},"test-code":{"insertions":111,"deletions":434}}},{"hash":"c4f7a457fd02889181e75021e7b52210bb6c04af","isMergeCommit":false,"messageTitle":"Formatting -Remove traling whitespaces and other formatting","messageBody":"","fileTypesAndContributionMap":{"docs":{"insertions":4,"deletions":4},"test-code":{"insertions":1,"deletions":0}}},{"hash":"4b1db9940310bbc792f96ecd1bfe66808391b199","isMergeCommit":false,"messageTitle":"Formatting","messageBody":"","fileTypesAndContributionMap":{"test-code":{"insertions":0,"deletions":1}}},{"hash":"f0f8fd2a3a508e7d814b089987255b239abef13c","isMergeCommit":false,"messageTitle":"Formatting","messageBody":"","fileTypesAndContributionMap":{"test-code":{"insertions":1,"deletions":0}}},{"hash":"3ce0df6aea58992d90dc30251e25be38ac13704d","isMergeCommit":false,"messageTitle":"Add newline at EOF","messageBody":"","fileTypesAndContributionMap":{"test-code":{"insertions":1,"deletions":2}}}]},{"date":"2025-03-24T00:00:00","commitResults":[{"hash":"5c40d5941a34a41042b31ee6a89781cadcd20806","isMergeCommit":true,"messageTitle":"Merge pull request #85 from Clifong/UML-diagram-improve","messageBody":"Improve the UML diagram","fileTypesAndContributionMap":{}}]},{"date":"2025-03-26T00:00:00","commitResults":[{"hash":"c0eb5bae0f3939ed78533129db3ae115fb97b30d","isMergeCommit":false,"messageTitle":"Add UML Diagram","messageBody":"Add a new UML sequence\nDiagram for\naddOrderCommand\n","fileTypesAndContributionMap":{"docs":{"insertions":46,"deletions":0}}},{"hash":"41d951cba696ea74bd1a00f041ca556829b39eaa","isMergeCommit":false,"messageTitle":"Remove old Edit Command","messageBody":"","fileTypesAndContributionMap":{"functional-code":{"insertions":0,"deletions":280},"test-code":{"insertions":0,"deletions":103}}}]},{"date":"2025-03-27T00:00:00","commitResults":[{"hash":"45aba94104cd452e5f4fbe62edd76bc388200150","isMergeCommit":true,"messageTitle":"Merge pull request #97 from ziliangstanley/update-userguide-findtag","messageBody":"Update User Guide with findTag command","fileTypesAndContributionMap":{}}]},{"date":"2025-04-03T00:00:00","commitResults":[{"hash":"71558f6c32b58602f4b4a939d5d898de825d2419","isMergeCommit":false,"messageTitle":"Update UG Add some screenshots and missed commands.","messageBody":"","fileTypesAndContributionMap":{"docs":{"insertions":43,"deletions":73}}},{"hash":"78b5ee3893cbb753790ca0ed8f239a9b7a04e52b","isMergeCommit":false,"messageTitle":"Edit UG","messageBody":"","fileTypesAndContributionMap":{"docs":{"insertions":40,"deletions":15}}}]},{"date":"2025-04-06T00:00:00","commitResults":[{"hash":"992247e99d951b83548d6f953e148cbb81b197d5","isMergeCommit":true,"messageTitle":"Merge pull request #205 from ziliangstanley/debug-add-command","messageBody":"Debug add command and update documentation","fileTypesAndContributionMap":{}},{"hash":"58789cb9baee5f7a2cdb61ef695d4b8261960d49","isMergeCommit":false,"messageTitle":"Debug PE-D Some UG changes and fix bug in savePreference Command.","messageBody":"","fileTypesAndContributionMap":{"functional-code":{"insertions":24,"deletions":6},"other":{"insertions":2,"deletions":2}}},{"hash":"c3feb27b417e4ffcd09adb35e899f535577ddbeb","isMergeCommit":false,"messageTitle":"Bug fix","messageBody":"","fileTypesAndContributionMap":{"functional-code":{"insertions":0,"deletions":6}}},{"hash":"f335d6a851eb632edb9855981cc82bee76d3d501","isMergeCommit":false,"messageTitle":"Minor fix","messageBody":"","fileTypesAndContributionMap":{"functional-code":{"insertions":0,"deletions":2}}},{"hash":"73ceff2a7fffe3ab2fc29249e750b31306c71e80","isMergeCommit":false,"messageTitle":"Fix UG Bugs","messageBody":"","fileTypesAndContributionMap":{"docs":{"insertions":3,"deletions":2}}},{"hash":"ff143e20909f644e9da0d954983d1ae976365d4b","isMergeCommit":true,"messageTitle":"Merge branch \u0027master\u0027 into Debugging-PE-D","messageBody":"","fileTypesAndContributionMap":{}}]}]},"authorFileTypeContributionMap":{"Jensen188":{"docs":109,"functional-code":241,"test-code":294},"SanShaoQian":{"docs":129,"functional-code":549,"test-code":531},"ziliangstanley":{"docs":167,"functional-code":213,"test-code":173},"Clifong":{"docs":168,"functional-code":52,"test-code":35,"other":580},"sivaramjeychand":{"docs":86,"functional-code":178,"test-code":102,"other":2}},"authorContributionVariance":{"Jensen188":4198.7627,"SanShaoQian":43817.863,"ziliangstanley":2893.3987,"Clifong":69166.7,"sivaramjeychand":11807.0205},"authorDisplayNameMap":{"Jensen188":"CS2103T-T08-1 TEO ..NSEN","SanShaoQian":"CS2103T-T08-1 SAN ..QIAN","ziliangstanley":"CS2103T-T08-1 BEH ..NLEY","Clifong":"CS2103T-T08-1 ONG ..CLIF","sivaramjeychand":"CS2103T-T08-1 SARA..HAND"}}
