{"authorDailyContributionsMap":{"Mil-leon":[{"date":"2025-02-21T00:00:00","commitResults":[{"hash":"8fa7aee96b3a91d4884fade168c3086255c22ae2","isMergeCommit":false,"messageTitle":"Trivial change to test for Codecov","messageBody":"","fileTypesAndContributionMap":{"docs":{"insertions":1,"deletions":1}}},{"hash":"988ef529479cbaab8c2c6b016c824fa1576f5c0b","isMergeCommit":false,"messageTitle":"Update README.md","messageBody":"Add codecov tag into the readme","fileTypesAndContributionMap":{"docs":{"insertions":1,"deletions":0}}}]},{"date":"2025-02-23T00:00:00","commitResults":[{"hash":"144a8f49f2644ec61722ecb9cb4636d0dd4d80a5","isMergeCommit":false,"messageTitle":"Add Remark Command","messageBody":"","fileTypesAndContributionMap":{"functional-code":{"insertions":198,"deletions":35},"test-code":{"insertions":210,"deletions":17}}},{"hash":"fa7556132bed186fd1f29babea79dfa86d3fac94","isMergeCommit":true,"messageTitle":"Merge branch \u0027tutorial-adding-command\u0027","messageBody":"","fileTypesAndContributionMap":{}}]},{"date":"2025-03-04T00:00:00","commitResults":[{"hash":"7c70793abcb3012c00d9d3f4467520fb2eee1bcd","isMergeCommit":false,"messageTitle":"Revert \"Add Remark Command\"","messageBody":"This reverts commit 144a8f49f2644ec61722ecb9cb4636d0dd4d80a5.\n","fileTypesAndContributionMap":{"functional-code":{"insertions":35,"deletions":198},"test-code":{"insertions":17,"deletions":210}}}]},{"date":"2025-03-05T00:00:00","commitResults":[{"hash":"e2c7b95238ca00c0041c35d25a95be1b8bbb369f","isMergeCommit":false,"messageTitle":"Add AboutUse details","messageBody":"","fileTypesAndContributionMap":{"docs":{"insertions":0,"deletions":0}}},{"hash":"12d168cd1edae6bd84b20d467819d41183c1fbbd","isMergeCommit":false,"messageTitle":"Add AboutUs Details","messageBody":"","fileTypesAndContributionMap":{"docs":{"insertions":4,"deletions":4}}},{"hash":"301a2f1a9fbca6cb47a5ac54e011f097a1f60b6a","isMergeCommit":true,"messageTitle":"Merge pull request #30 from mihirniyogi/update-readme","messageBody":"Update README page","fileTypesAndContributionMap":{}},{"hash":"4aa2258abb09b0e322c2a62603c8704348b62d40","isMergeCommit":false,"messageTitle":"Add use case descriptions","messageBody":"","fileTypesAndContributionMap":{"docs":{"insertions":66,"deletions":9}}}]},{"date":"2025-03-13T00:00:00","commitResults":[{"hash":"92ddcf217926ce62a844a91f499ad60ef870178c","isMergeCommit":false,"messageTitle":"Add AddPastryCommand Class to command folder","messageBody":"","fileTypesAndContributionMap":{"functional-code":{"insertions":75,"deletions":0}}},{"hash":"9e471372ca1c38d8186017b18163b46333470764","isMergeCommit":false,"messageTitle":"Add Pastry parser class","messageBody":"","fileTypesAndContributionMap":{"functional-code":{"insertions":87,"deletions":1}}},{"hash":"e74051bf96dbcb474173232a25487f6e65253f9f","isMergeCommit":false,"messageTitle":"Change to display price after adding pastry","messageBody":"","fileTypesAndContributionMap":{"functional-code":{"insertions":3,"deletions":3}}},{"hash":"79c0e285a8e0e575fd49a868accff23a02ac1384","isMergeCommit":false,"messageTitle":"Reject duplicate pastries","messageBody":"","fileTypesAndContributionMap":{"functional-code":{"insertions":15,"deletions":7}}}]},{"date":"2025-03-14T00:00:00","commitResults":[{"hash":"896624b734194c1ccf1128a8d9816ac2e6df0ad9","isMergeCommit":false,"messageTitle":"Fix checkStyle errors","messageBody":"","fileTypesAndContributionMap":{"functional-code":{"insertions":6,"deletions":7}}},{"hash":"ce95ebb02b6f99b9ee1a2e59e7584101c3059b14","isMergeCommit":false,"messageTitle":"Arrange imports","messageBody":"","fileTypesAndContributionMap":{"functional-code":{"insertions":4,"deletions":1}}},{"hash":"f7d687feace6c9cfb4aa79439d8bf929e462fb1f","isMergeCommit":false,"messageTitle":"Fix Checkstyle","messageBody":"","fileTypesAndContributionMap":{"functional-code":{"insertions":0,"deletions":2}}},{"hash":"ab3bd8e335ff1032c159f9ed122745802d4656df","isMergeCommit":true,"messageTitle":"Merge branch \u0027add-new-pastries\u0027","messageBody":"","fileTypesAndContributionMap":{}},{"hash":"5258d9e29427ad810a7e22977f884e659369a903","isMergeCommit":false,"messageTitle":"Add prefix pastry and price","messageBody":"","fileTypesAndContributionMap":{"functional-code":{"insertions":2,"deletions":1}}}]},{"date":"2025-03-15T00:00:00","commitResults":[{"hash":"85c21d74316d712abf3ee407770cdb3a1df6edca","isMergeCommit":true,"messageTitle":"Merge pull request #54 from Mil-leon/add-new-pastries","messageBody":"Add new pastries","fileTypesAndContributionMap":{}}]},{"date":"2025-03-16T00:00:00","commitResults":[{"hash":"674068fc158df8c5fad2007645dbfe04ca4f7ec3","isMergeCommit":false,"messageTitle":"Add pastry test and pastry builder","messageBody":"","fileTypesAndContributionMap":{"test-code":{"insertions":292,"deletions":0}}}]},{"date":"2025-03-17T00:00:00","commitResults":[{"hash":"e454454ddac0b7e9b3875a35e37ba56c8db6214a","isMergeCommit":true,"messageTitle":"Merge pull request #69 from Emmanuel2001/delete-client-and-pastry-test-cases","messageBody":"Add more test cases for delete","fileTypesAndContributionMap":{}}]},{"date":"2025-03-26T00:00:00","commitResults":[{"hash":"ee691430580694bec45ca6a5814fa20d4fe01a88","isMergeCommit":false,"messageTitle":"Add changes to the Storage Section of the User Guide","messageBody":"","fileTypesAndContributionMap":{"docs":{"insertions":15,"deletions":2}}},{"hash":"98c532d54edf1c307f7697d8a36d4e78cb62311b","isMergeCommit":false,"messageTitle":"Add \u0027add client\u0027 and \u0027add pastry\u0027 commands in the UG","messageBody":"","fileTypesAndContributionMap":{"docs":{"insertions":57,"deletions":7}}},{"hash":"ddc1da389478bca3adb019e25f24c6f727f76bed","isMergeCommit":true,"messageTitle":"Merge pull request #96 from Mil-leon/add-command-user-guide","messageBody":"Add \u0027add client\u0027 and \u0027add pastry\u0027 commands in the UG","fileTypesAndContributionMap":{}},{"hash":"afc3bc3565c6029c86a0dda06ebdc9bf9ee06a13","isMergeCommit":true,"messageTitle":"Merge pull request #94 from Mil-leon/add-storage-user-guide","messageBody":"Add changes to the Storage Section of the User Guide","fileTypesAndContributionMap":{}},{"hash":"999c5d6188db76fd14969740ba62fecebacf27d1","isMergeCommit":true,"messageTitle":"Merge pull request #99 from Emmanuel2001/update-ug-command-section","messageBody":"Update UG command section","fileTypesAndContributionMap":{}}]},{"date":"2025-03-27T00:00:00","commitResults":[{"hash":"4c33ce5dbca0a63853be89e891244ca2317b3a2e","isMergeCommit":false,"messageTitle":"Add addOrderCommand and addOrderParser","messageBody":"","fileTypesAndContributionMap":{"functional-code":{"insertions":335,"deletions":7}}},{"hash":"4bb52fd132fa5abb0364d1f50382116834d64293","isMergeCommit":false,"messageTitle":"Fix the add order success message","messageBody":"","fileTypesAndContributionMap":{"functional-code":{"insertions":23,"deletions":12}}},{"hash":"315f4486262aa5df6b5c982d0c452868c04480e3","isMergeCommit":true,"messageTitle":"Merge branch \u0027master\u0027 of https://github.com/Mil-leon/tp into add-order-command","messageBody":"# Conflicts:\n#\tsrc/main/java/powerbake/address/model/Model.java\n","fileTypesAndContributionMap":{}},{"hash":"afb495deecffa9ab708fc0ba6d6e2e16b302ba53","isMergeCommit":false,"messageTitle":"Add error message when the pastry is not in the pastry list","messageBody":"","fileTypesAndContributionMap":{"functional-code":{"insertions":34,"deletions":2}}},{"hash":"b66fa31ac40eab555a4926ea55352f0b1dbf5f34","isMergeCommit":false,"messageTitle":"Add order commands into model stub test","messageBody":"","fileTypesAndContributionMap":{"test-code":{"insertions":50,"deletions":0}}},{"hash":"0e5bc36b689796b7ec42a8abce0b1876672dcc66","isMergeCommit":false,"messageTitle":"Fix Checkstyle Issues","messageBody":"","fileTypesAndContributionMap":{"functional-code":{"insertions":14,"deletions":16}}},{"hash":"3af8bda55fbd27fccc80f344d042479e73ea8784","isMergeCommit":true,"messageTitle":"Merge pull request #104 from Mil-leon/add-order-command","messageBody":"Add Order Command","fileTypesAndContributionMap":{}}]},{"date":"2025-03-28T00:00:00","commitResults":[{"hash":"afceabb13a4afadbd74ba1f28df6682bdfdffc1a","isMergeCommit":false,"messageTitle":"Update model class diagram","messageBody":"","fileTypesAndContributionMap":{"docs":{"insertions":34,"deletions":7}}},{"hash":"58238ec42cf540f37fa3ccdaa11f48bfa2070412","isMergeCommit":false,"messageTitle":"Add diagram boxes for dg","messageBody":"","fileTypesAndContributionMap":{"docs":{"insertions":6,"deletions":1}}},{"hash":"09a7b39a91fef8187241a34f603be8819d3b6ce4","isMergeCommit":true,"messageTitle":"Merge pull request #126 from Mil-leon/modify-model-diagrams","messageBody":"Update model class diagram","fileTypesAndContributionMap":{}},{"hash":"fe27a26ade1d34f5d751e1af39d49be9fbd1ec8d","isMergeCommit":false,"messageTitle":"Fix diagram for better viewing","messageBody":"","fileTypesAndContributionMap":{"docs":{"insertions":5,"deletions":5}}},{"hash":"b34d289980a76fbaab65ad7910551cb2ef4f3b0e","isMergeCommit":true,"messageTitle":"Merge branch \u0027master\u0027 of https://github.com/Mil-leon/tp","messageBody":"","fileTypesAndContributionMap":{}}]},{"date":"2025-04-01T00:00:00","commitResults":[{"hash":"164961d07d770ff1a830d3bb1df09294e91070b5","isMergeCommit":false,"messageTitle":"Add additional descriptions for the Model Diagram Developer Guide.","messageBody":"","fileTypesAndContributionMap":{"docs":{"insertions":7,"deletions":4}}},{"hash":"c209c289785837e92cd0e7a54c2a963131fb6518","isMergeCommit":false,"messageTitle":"Change better model class diagram to include pastry and order","messageBody":"","fileTypesAndContributionMap":{"docs":{"insertions":47,"deletions":7}}},{"hash":"c6de6862a054a8223d7f6630391038360b775a8c","isMergeCommit":false,"messageTitle":"Change to more appropriate width","messageBody":"","fileTypesAndContributionMap":{"docs":{"insertions":2,"deletions":2}}},{"hash":"5c347fca9f25eff990de6fef008cd636aed7da33","isMergeCommit":false,"messageTitle":"Change to fix alignment issues","messageBody":"","fileTypesAndContributionMap":{"docs":{"insertions":1,"deletions":1}}},{"hash":"39e589994270e50b77257d9779605acfbc42f221","isMergeCommit":true,"messageTitle":"Merge pull request #135 from Mil-leon/fix-model-diagram","messageBody":"Fix model diagram","fileTypesAndContributionMap":{}},{"hash":"d1dd2217254d8602c452aa889f45cbb5176b9fcd","isMergeCommit":true,"messageTitle":"Merge branch \u0027master\u0027 of https://github.com/Mil-leon/tp","messageBody":"","fileTypesAndContributionMap":{}},{"hash":"a8d5c7339b44b634e69d555504ce3a579b73f8f4","isMergeCommit":true,"messageTitle":"Merge pull request #139 from Mil-leon/master","messageBody":"Change width and alignment of the model","fileTypesAndContributionMap":{}}]},{"date":"2025-04-02T00:00:00","commitResults":[{"hash":"83570eca89e12f43903176cb9aed221e88e4f9d3","isMergeCommit":false,"messageTitle":"Add add order command test cases.","messageBody":"","fileTypesAndContributionMap":{"functional-code":{"insertions":23,"deletions":1},"test-code":{"insertions":251,"deletions":0}}},{"hash":"06a0c5f296cf1d584776735fe4cc973e0cab6c12","isMergeCommit":true,"messageTitle":"Merge branch \u0027master\u0027 of https://github.com/Mil-leon/tp into add-order-testcases","messageBody":"","fileTypesAndContributionMap":{}},{"hash":"cdb75d1b348a75157c42d29782c977534916cdcd","isMergeCommit":false,"messageTitle":"Fix checkstyle errors","messageBody":"","fileTypesAndContributionMap":{"test-code":{"insertions":2,"deletions":12}}},{"hash":"9f23ccae488c870f1cfcbde15b169b0b417f9845","isMergeCommit":false,"messageTitle":"Add test cases for isSameOrder","messageBody":"","fileTypesAndContributionMap":{"test-code":{"insertions":15,"deletions":0}}},{"hash":"a9a685331094487f868f959db6541b4bbff25b90","isMergeCommit":false,"messageTitle":"Added Pastry Name as mandatory to prevent empty orders","messageBody":"","fileTypesAndContributionMap":{"functional-code":{"insertions":1,"deletions":1}}},{"hash":"a948be3a6ef3ee33f813572efedf98352a3cdc4b","isMergeCommit":false,"messageTitle":"Add check for duplicate pastries in a single order","messageBody":"","fileTypesAndContributionMap":{"functional-code":{"insertions":12,"deletions":1}}},{"hash":"91059d4f9056c4d7ad80173c11daeabe3728f581","isMergeCommit":false,"messageTitle":"Add error message for duplicate pastries in an order.","messageBody":"","fileTypesAndContributionMap":{"functional-code":{"insertions":2,"deletions":1}}},{"hash":"7cbe9d6983ce3760c664e87b574039742ba2459a","isMergeCommit":false,"messageTitle":"Change hasPastry method to make pastry name case sensitive.","messageBody":"","fileTypesAndContributionMap":{"functional-code":{"insertions":10,"deletions":1}}},{"hash":"97d28fc4dd6fabb043a66ed90495b85bb41ab2a2","isMergeCommit":false,"messageTitle":"Add formatting changes to make it look neater","messageBody":"","fileTypesAndContributionMap":{"functional-code":{"insertions":14,"deletions":3}}},{"hash":"1e43303c4afdd5d34db6ee71013f572bfae382d4","isMergeCommit":false,"messageTitle":"Updated the features section for consistent formatting between commands.","messageBody":"Also removed the double storage section from the UG.\n","fileTypesAndContributionMap":{"docs":{"insertions":34,"deletions":37}}}]},{"date":"2025-04-03T00:00:00","commitResults":[{"hash":"482680eaf77200ec657f83298ac44db426295f38","isMergeCommit":false,"messageTitle":"Add check for address length and testcases.","messageBody":"","fileTypesAndContributionMap":{"functional-code":{"insertions":10,"deletions":2},"test-code":{"insertions":13,"deletions":1}}},{"hash":"bf6d03288b86ae90655a1e78159944b2a7cfe5e1","isMergeCommit":false,"messageTitle":"Change pastry error message format","messageBody":"","fileTypesAndContributionMap":{"functional-code":{"insertions":1,"deletions":1}}},{"hash":"b10d6a6c8fb535fa319f89b607aac36436c2c2ed","isMergeCommit":false,"messageTitle":"Add validation to make pastry only accept between 1 - 999","messageBody":"Add test cases for the StringUtil method\n","fileTypesAndContributionMap":{"functional-code":{"insertions":17,"deletions":5},"test-code":{"insertions":18,"deletions":0}}},{"hash":"46b1041c9849064e35b045df8b7f26c9f270ada0","isMergeCommit":false,"messageTitle":"Fix checkstyle issue","messageBody":"","fileTypesAndContributionMap":{"functional-code":{"insertions":2,"deletions":2}}},{"hash":"368be3c5f5a2bd475a6d44c02240fb10f10f2f6b","isMergeCommit":false,"messageTitle":"Change the details of DG to shorten it.","messageBody":"","fileTypesAndContributionMap":{"docs":{"insertions":4,"deletions":10}}},{"hash":"bec72af1430a3e7193f5c27f54221e204508a1fe","isMergeCommit":false,"messageTitle":"Add test cases to the DG","messageBody":"","fileTypesAndContributionMap":{"docs":{"insertions":138,"deletions":21}}},{"hash":"5d4d66e7142b4e2ebee0ef749691afe5c3bdb9cd","isMergeCommit":true,"messageTitle":"Merge pull request #229 from mihirniyogi/change-app-icon","messageBody":"Change app icon","fileTypesAndContributionMap":{}}]},{"date":"2025-04-06T00:00:00","commitResults":[{"hash":"60c384090627f46276beeecb23828c62ddea2f55","isMergeCommit":false,"messageTitle":"Add ignore case for the add order command","messageBody":"","fileTypesAndContributionMap":{"functional-code":{"insertions":2,"deletions":2}}},{"hash":"564fa7ab2e5f538335232b6f55b7d65ed99230b0","isMergeCommit":false,"messageTitle":"Fix the grammar issues during error messages","messageBody":"","fileTypesAndContributionMap":{"functional-code":{"insertions":3,"deletions":3}}},{"hash":"c48240717945892253a957f58ff10e5cec085dd2","isMergeCommit":false,"messageTitle":"Fix pastry formatting issue","messageBody":"","fileTypesAndContributionMap":{"functional-code":{"insertions":1,"deletions":1}}}]}],"cyhni":[{"date":"2025-03-04T00:00:00","commitResults":[{"hash":"d65334129a155e6d1fd2ab6a5f5b125dcf9308d8","isMergeCommit":false,"messageTitle":"Update AboutUs.md and added personal cyhni.md","messageBody":"","fileTypesAndContributionMap":{"docs":{"insertions":26,"deletions":6}}}]},{"date":"2025-03-05T00:00:00","commitResults":[{"hash":"3fa7b6c7e39a6279c964618aecd0e82d545cc6b1","isMergeCommit":false,"messageTitle":"Update the DG with user stories","messageBody":"","fileTypesAndContributionMap":{"docs":{"insertions":18,"deletions":11}}},{"hash":"e09c19e8046759d6cdf2cc34d5dda2a5347ecc57","isMergeCommit":true,"messageTitle":"Merge pull request #32 from mogmyij/update-dev-guide-nfr","messageBody":"Update Non-functional requirements","fileTypesAndContributionMap":{}},{"hash":"875f4df227fbed9da2ba3345463bb1b835ca5658","isMergeCommit":true,"messageTitle":"Merge pull request #34 from Emmanuel2001/update-dg-glossary","messageBody":"update glossary in developerguide.md","fileTypesAndContributionMap":{}}]},{"date":"2025-03-12T00:00:00","commitResults":[{"hash":"1fad322931427b2e2aa2aaa000345a4cd8462ebe","isMergeCommit":true,"messageTitle":"Merge pull request #45 from mogmyij/change-package-and-class-names","messageBody":"Change package name from seedu to powerbake","fileTypesAndContributionMap":{}}]},{"date":"2025-03-14T00:00:00","commitResults":[{"hash":"6dd37c59142dea7a80f20bbb62bdae7ed63eff26","isMergeCommit":false,"messageTitle":"Change prefix to match feature spec","messageBody":"","fileTypesAndContributionMap":{"functional-code":{"insertions":20,"deletions":20},"test-code":{"insertions":12,"deletions":12}}},{"hash":"b7f69ecddfa0193f8278ee555129a3d731ea4f28","isMergeCommit":false,"messageTitle":"Update AddCommandParserTest to fix checkstyle error","messageBody":"","fileTypesAndContributionMap":{"test-code":{"insertions":2,"deletions":1}}},{"hash":"4893e7551ea15fff92f1e53a969c6ca3fbe0b716","isMergeCommit":false,"messageTitle":"Remove trimming of user command to make sure prefix works","messageBody":"","fileTypesAndContributionMap":{"functional-code":{"insertions":1,"deletions":1},"test-code":{"insertions":1,"deletions":0}}}]},{"date":"2025-03-15T00:00:00","commitResults":[{"hash":"8081fb09481b7319ce873b7b5ba64c9051a49ed1","isMergeCommit":true,"messageTitle":"Merge pull request #56 from mihirniyogi/view-ui-and-command","messageBody":"Add \"view\" command to view client and pastries","fileTypesAndContributionMap":{}},{"hash":"b3a41126ccfd148286116804d1082d8d085a988e","isMergeCommit":false,"messageTitle":"Combine add commands into one to be able to choose pastry and client","messageBody":"","fileTypesAndContributionMap":{"functional-code":{"insertions":185,"deletions":127},"other":{"insertions":18,"deletions":17},"test-code":{"insertions":27,"deletions":37}}},{"hash":"7785fca09ea5c6835cd04257c8a5b60a9fc7d940","isMergeCommit":true,"messageTitle":"Merge pull request #59 from Emmanuel2001/delete-client-and-pastry","messageBody":"Add delete function to pastry, client and modify test cases","fileTypesAndContributionMap":{}}]},{"date":"2025-03-19T00:00:00","commitResults":[{"hash":"ba4be552bf9b2e7956b15b158da272b6a38fd7e8","isMergeCommit":false,"messageTitle":"Add AddPastryCommandIntegrationTest","messageBody":"","fileTypesAndContributionMap":{"test-code":{"insertions":49,"deletions":1}}},{"hash":"b83df596bea328613c589f7e6c4238b33242b9d8","isMergeCommit":false,"messageTitle":"Abstract AddClientCommandParserTest and add AddPastryCommandParserTest","messageBody":"","fileTypesAndContributionMap":{"functional-code":{"insertions":0,"deletions":2},"test-code":{"insertions":307,"deletions":165}}}]},{"date":"2025-03-20T00:00:00","commitResults":[{"hash":"6461d814d576967d7e15a5635de7b973b72f12af","isMergeCommit":false,"messageTitle":"Update jar build name to powerbake.jar from addressbook.jar","messageBody":"","fileTypesAndContributionMap":{"other":{"insertions":1,"deletions":1}}}]},{"date":"2025-03-26T00:00:00","commitResults":[{"hash":"16d45d2e29cc42236ddbb98cf42868dbc7a2f38a","isMergeCommit":false,"messageTitle":"Update UG with introduction and navigation guide. Also updated home page.","messageBody":"","fileTypesAndContributionMap":{"docs":{"insertions":190,"deletions":12}}},{"hash":"6713d46b6a0a8e500e9df5aa3f7799c6a470933c","isMergeCommit":false,"messageTitle":"Revert package-lock.json","messageBody":"","fileTypesAndContributionMap":{"docs":{"insertions":190,"deletions":12}}},{"hash":"6f81b4c02db158e394044177896b9ca5c8b4181e","isMergeCommit":true,"messageTitle":"Merge pull request #95 from cyhni/update-UG-intro-and-nav","messageBody":"Update UG with introduction and navigation guide. ","fileTypesAndContributionMap":{}},{"hash":"db2cdf14ca7b7a87df0ecd0e4b2b537a755675db","isMergeCommit":false,"messageTitle":"Update UG and DG glossary","messageBody":"","fileTypesAndContributionMap":{"docs":{"insertions":31,"deletions":13}}},{"hash":"b7953fc0b9da821863e17a8cc0c5c1efdd5f817d","isMergeCommit":false,"messageTitle":"Enable Assertions","messageBody":"","fileTypesAndContributionMap":{"functional-code":{"insertions":11,"deletions":0},"other":{"insertions":4,"deletions":0}}},{"hash":"7dc1dfb6196aea8caa180ed5161b900841b581e6","isMergeCommit":false,"messageTitle":"Fix checkstyle","messageBody":"","fileTypesAndContributionMap":{"functional-code":{"insertions":2,"deletions":2}}},{"hash":"02c5321326f045be04e5fb4bf67ff1e6335e79d0","isMergeCommit":true,"messageTitle":"Merge pull request #92 from mihirniyogi/view-order-ui","messageBody":"Add \"view order\" UI","fileTypesAndContributionMap":{}}]},{"date":"2025-03-27T00:00:00","commitResults":[{"hash":"149ef5924a69fc70c32a9912868715f6ad55d580","isMergeCommit":false,"messageTitle":"Update Mainwindow to change tabs through commandResult","messageBody":"","fileTypesAndContributionMap":{"functional-code":{"insertions":47,"deletions":6},"test-code":{"insertions":28,"deletions":1}}},{"hash":"646134bcadab272c4eb959ba60b083d88527b221","isMergeCommit":false,"messageTitle":"Add view order command","messageBody":"","fileTypesAndContributionMap":{"functional-code":{"insertions":129,"deletions":21},"test-code":{"insertions":15,"deletions":2}}},{"hash":"e6eecd7926cbcaa01783808fd392a67d36ae2d1c","isMergeCommit":false,"messageTitle":"Add test for view order","messageBody":"","fileTypesAndContributionMap":{"functional-code":{"insertions":5,"deletions":1},"test-code":{"insertions":97,"deletions":3}}},{"hash":"2917b84d0982c36afa888acb4c12270dc9a4e272","isMergeCommit":true,"messageTitle":"Merge branch \u0027master\u0027 into add-view-order","messageBody":"","fileTypesAndContributionMap":{}},{"hash":"893367b12438da4deb7806ce4d5835be2cbbbe3a","isMergeCommit":false,"messageTitle":"Fix checkstyle","messageBody":"","fileTypesAndContributionMap":{"functional-code":{"insertions":1,"deletions":2},"test-code":{"insertions":0,"deletions":5}}},{"hash":"31ca13fe31b841aac1abcae5aec5ba67ea5fe077","isMergeCommit":false,"messageTitle":"Add more test to increase coverage","messageBody":"","fileTypesAndContributionMap":{"functional-code":{"insertions":0,"deletions":4},"test-code":{"insertions":13,"deletions":0}}},{"hash":"4a53fb05c5d2360955907f8a467e4b2dfb5154b2","isMergeCommit":false,"messageTitle":"Update logic class diagram","messageBody":"","fileTypesAndContributionMap":{"docs":{"insertions":6,"deletions":4}}},{"hash":"5cf25c02fd9123ea13e6f70f762a0297e182a806","isMergeCommit":false,"messageTitle":"Update parser class diagram","messageBody":"","fileTypesAndContributionMap":{"docs":{"insertions":3,"deletions":3}}}]},{"date":"2025-03-28T00:00:00","commitResults":[{"hash":"6ebe6b5851b49a750d352c8a98c50ea8c93d17fa","isMergeCommit":true,"messageTitle":"Merge pull request #127 from Emmanuel2001/update-help-url","messageBody":"Update help command URL","fileTypesAndContributionMap":{}},{"hash":"5130943c4562e69f47375f5f53f2c6871e0e9203","isMergeCommit":true,"messageTitle":"Merge pull request #128 from Emmanuel2001/update-dg-architecture-diagram","messageBody":"Update DG architecture sequence model","fileTypesAndContributionMap":{}}]},{"date":"2025-04-01T00:00:00","commitResults":[{"hash":"861062952d28136cc75e4db087aebd108e44f463","isMergeCommit":true,"messageTitle":"Merge pull request #136 from mogmyij/update-storage-uml","messageBody":"Update storage UML diagram","fileTypesAndContributionMap":{}}]},{"date":"2025-04-02T00:00:00","commitResults":[{"hash":"95e2bcc236539a263ae60cee4de12e8af6df8565","isMergeCommit":true,"messageTitle":"Merge pull request #174 from mihirniyogi/show-original-index","messageBody":"Fix original index not displaying after filter","fileTypesAndContributionMap":{}},{"hash":"70244e065a9bda1893df7d15612f153254683459","isMergeCommit":false,"messageTitle":"Add find command for various types","messageBody":"","fileTypesAndContributionMap":{"functional-code":{"insertions":116,"deletions":21},"test-code":{"insertions":155,"deletions":43}}},{"hash":"6a6fc670da650bc97e7e3baf72e4fe586d3742ed","isMergeCommit":false,"messageTitle":"Add FindCommandTest to increase coverage","messageBody":"","fileTypesAndContributionMap":{"test-code":{"insertions":32,"deletions":2}}},{"hash":"5fc098c3c50d4b8af460a2f59ba1c58cca82fa40","isMergeCommit":false,"messageTitle":"Fix glossary","messageBody":"","fileTypesAndContributionMap":{"docs":{"insertions":3,"deletions":2}}},{"hash":"7c80909ec66019cc87ebef26d39d3d905ff8008e","isMergeCommit":false,"messageTitle":"Fix add command with three prefix","messageBody":"","fileTypesAndContributionMap":{"functional-code":{"insertions":2,"deletions":1}}},{"hash":"1c8bd223758262d36c6b8f4ab3a2f883a6669b5b","isMergeCommit":false,"messageTitle":"Update View specific order command result","messageBody":"","fileTypesAndContributionMap":{"functional-code":{"insertions":3,"deletions":2}}},{"hash":"e768f94a0efb69901fb2ec461382b09567f9a062","isMergeCommit":false,"messageTitle":"Fix test cases","messageBody":"","fileTypesAndContributionMap":{"test-code":{"insertions":4,"deletions":1}}},{"hash":"bb2d2a5cb0676c5cd2bedfe41d61cbed751e9d9e","isMergeCommit":false,"messageTitle":"Update person to client in command messages","messageBody":"","fileTypesAndContributionMap":{"functional-code":{"insertions":4,"deletions":4}}},{"hash":"d4a5abd88cc2d0c74dac75d7b82c85cab58df227","isMergeCommit":false,"messageTitle":"Fix erroneous command term in glossary","messageBody":"","fileTypesAndContributionMap":{"docs":{"insertions":3,"deletions":2}}}]},{"date":"2025-04-03T00:00:00","commitResults":[{"hash":"0de21f930405c87b9fead318885aa855f9217021","isMergeCommit":false,"messageTitle":"Update UG","messageBody":"","fileTypesAndContributionMap":{"docs":{"insertions":71,"deletions":14}}},{"hash":"40955e17e111ac52829c30b499111db45f7f3c42","isMergeCommit":true,"messageTitle":"Merge branch \u0027master\u0027 into ug-add-view-command-order","messageBody":"","fileTypesAndContributionMap":{}},{"hash":"6d62a7995e966d882ff37f648c4eb6f31533bc72","isMergeCommit":false,"messageTitle":"Update command summary","messageBody":"","fileTypesAndContributionMap":{"docs":{"insertions":4,"deletions":2}}},{"hash":"4dd163a103767507debaa6be01c6590daab9ff87","isMergeCommit":false,"messageTitle":"Update add order message usage","messageBody":"","fileTypesAndContributionMap":{"functional-code":{"insertions":1,"deletions":0}}},{"hash":"de7a85da51105c898ebbf96adeaddd07cfa54bae","isMergeCommit":true,"messageTitle":"Merge pull request #204 from mihirniyogi/add-delete-order-ug","messageBody":"Add delete order to UG","fileTypesAndContributionMap":{}},{"hash":"b0978a1925cfbc84b0fea7f203dcd0028d8e8153","isMergeCommit":false,"messageTitle":"Add UG with view specific order","messageBody":"","fileTypesAndContributionMap":{"functional-code":{"insertions":1,"deletions":1},"docs":{"insertions":19,"deletions":3}}},{"hash":"7c2f1fe613c44baae16ebe05ef224b07cb06d974","isMergeCommit":false,"messageTitle":"Remove irrelevant details from about us","messageBody":"","fileTypesAndContributionMap":{"docs":{"insertions":0,"deletions":3}}},{"hash":"a5fb72d9bbb19fc886ed8a016c6a17646eb7675a","isMergeCommit":false,"messageTitle":"Fix UG style","messageBody":"","fileTypesAndContributionMap":{"docs":{"insertions":76,"deletions":44}}},{"hash":"3719435953babc347e8eeaa77a372360d73d51de","isMergeCommit":true,"messageTitle":"Merge pull request #209 from cyhni/fix-UG-style","messageBody":"Fix UG style","fileTypesAndContributionMap":{}},{"hash":"1a8a73f6f6461a9a91ea34e06834499504ec287c","isMergeCommit":true,"messageTitle":"Merge pull request #210 from mihirniyogi/undo-original-index","messageBody":"Undo showing original index after filtering","fileTypesAndContributionMap":{}},{"hash":"d4750df5cff0ed6b0ea0bd6ed77ad0fcb8ba4244","isMergeCommit":true,"messageTitle":"Merge pull request #184 from Emmanuel2001/add-edit-order","messageBody":"Add edit order to edit command","fileTypesAndContributionMap":{}},{"hash":"c7589b1d345a7b5b03550fb650d549f41d216a5a","isMergeCommit":true,"messageTitle":"Merge pull request #182 from mihirniyogi/prevent-change-page-upon-command","messageBody":"Fix using mouse to change view page does not update","fileTypesAndContributionMap":{}},{"hash":"e35285ab0d876a36c115489c471c2ae5c20885ba","isMergeCommit":true,"messageTitle":"Merge pull request #176 from mihirniyogi/fix-messy-ui-uml","messageBody":"Fix messy Ui UML diagram","fileTypesAndContributionMap":{}},{"hash":"2387f73188ee1f425e395b07974c6dd9e203df1f","isMergeCommit":true,"messageTitle":"Merge pull request #178 from mihirniyogi/display-price-bugfix","messageBody":"Fix price display for pastry list","fileTypesAndContributionMap":{}},{"hash":"3c68c774a03ad0dbb0fd40744c2903b7ddfb4a31","isMergeCommit":true,"messageTitle":"Merge pull request #183 from mogmyij/fix-edit-command-not-updating-orderClient","messageBody":"Fix edit command not updating order client","fileTypesAndContributionMap":{}},{"hash":"d036e881ec6ddcc070dfc4fd6ed762377ca85747","isMergeCommit":true,"messageTitle":"resolve merge conflict","messageBody":"","fileTypesAndContributionMap":{}},{"hash":"1e6c90c0ae42246d9293e91ba75d59426d95d11d","isMergeCommit":true,"messageTitle":"Merge pull request #212 from Emmanuel2001/fix-duplicate-name-edit","messageBody":"Fix duplicate name for edit name command","fileTypesAndContributionMap":{}},{"hash":"273b7f7b6dbf151c1f614e338186a412d519f96e","isMergeCommit":true,"messageTitle":"Merge pull request #213 from Emmanuel2001/fix-edit-command-show-more-fields","messageBody":"Fix edit command show more fields","fileTypesAndContributionMap":{}},{"hash":"cbded6e34a04138bcabaef93ca4133b4998745e9","isMergeCommit":true,"messageTitle":"Merge pull request #219 from mihirniyogi/auto-scroll-to-selected-order","messageBody":"Add auto scroll to selected order","fileTypesAndContributionMap":{}},{"hash":"c2278d2c1277301406cfed4351359fbc2f4a5c1c","isMergeCommit":true,"messageTitle":"Merge pull request #221 from mihirniyogi/change-view-xyz-list-msg","messageBody":"Change tab switching message","fileTypesAndContributionMap":{}},{"hash":"385144c4d792381f534d97a1b2778aab44294c81","isMergeCommit":true,"messageTitle":"Merge pull request #227 from mihirniyogi/add-clear-command-ug","messageBody":"Add clear command to UG","fileTypesAndContributionMap":{}},{"hash":"69e033416e7f4735578d41525afa6eda65d13dab","isMergeCommit":false,"messageTitle":"Update CSS to fix font size when converting to pdf","messageBody":"","fileTypesAndContributionMap":{"other":{"insertions":0,"deletions":22},"docs":{"insertions":1,"deletions":1}}},{"hash":"09470f582a9eb16c923d44536ead6f137eb2a13d","isMergeCommit":false,"messageTitle":"Move clear command section before exit","messageBody":"","fileTypesAndContributionMap":{"docs":{"insertions":25,"deletions":25}}},{"hash":"7af8ae307348c2b00ab0a7dd3528cb5543c06bfe","isMergeCommit":false,"messageTitle":"Add back to top buttons","messageBody":"","fileTypesAndContributionMap":{"docs":{"insertions":9,"deletions":1}}},{"hash":"c6da7cc83a9e4aa4f8b8281ef0ec28ccdeab4776","isMergeCommit":false,"messageTitle":"Update UG based on feedback","messageBody":"","fileTypesAndContributionMap":{"other":{"insertions":13,"deletions":0},"docs":{"insertions":253,"deletions":215}}},{"hash":"3fce3b4a36b983cd4082733522cdb1c7b0635762","isMergeCommit":false,"messageTitle":"Fix checkstyle","messageBody":"","fileTypesAndContributionMap":{"docs":{"insertions":4,"deletions":4}}},{"hash":"e78528f5543ba488bd2fe2ec93ae9d00d784db2e","isMergeCommit":false,"messageTitle":"Fix formating for DG","messageBody":"","fileTypesAndContributionMap":{"docs":{"insertions":4,"deletions":101}}}]},{"date":"2025-04-04T00:00:00","commitResults":[{"hash":"2af550a5fbbce0d57c3d081b7769ef919011e337","isMergeCommit":true,"messageTitle":"Merge pull request #237 from cyhni/update-ui-image","messageBody":"Update Ui image with more detail","fileTypesAndContributionMap":{}},{"hash":"d33d36b31cae731f5e87553e66ed5de30910d593","isMergeCommit":false,"messageTitle":"Fix minor checkstyle","messageBody":"","fileTypesAndContributionMap":{"functional-code":{"insertions":1,"deletions":1}}}]}],"mihirniyogi":[{"date":"2025-02-22T00:00:00","commitResults":[{"hash":"c772ba8d1d51af96f2260ef38caefcb7f6f80f9c","isMergeCommit":true,"messageTitle":"Merge pull request #1 from AY2425S2-CS2103T-F13-2/switch-docs-to-markbind","messageBody":"Merge switch-docs-to-markbind branch","fileTypesAndContributionMap":{}},{"hash":"ae2fe7c0fab1fc1af4054f619998bf2f2aafcf76","isMergeCommit":false,"messageTitle":"Change AB3 labels to PowerBake labels","messageBody":"","fileTypesAndContributionMap":{"docs":{"insertions":1,"deletions":1}}}]},{"date":"2025-03-04T00:00:00","commitResults":[{"hash":"7f30493749b8474ea3ab6b3c114a8b9529ccd458","isMergeCommit":false,"messageTitle":"Add about us details for mihir","messageBody":"","fileTypesAndContributionMap":{"docs":{"insertions":14,"deletions":13}}},{"hash":"2eae78f68206a04bbc5f6c5c296713ffe1ad4eaf","isMergeCommit":false,"messageTitle":"Do minor changes","messageBody":"","fileTypesAndContributionMap":{"docs":{"insertions":9,"deletions":9}}},{"hash":"cf7a88cdde30c13f4fc33c24d48df5b8354f2955","isMergeCommit":false,"messageTitle":"Add more details to portfolio md page","messageBody":"","fileTypesAndContributionMap":{"docs":{"insertions":6,"deletions":1}}}]},{"date":"2025-03-05T00:00:00","commitResults":[{"hash":"eee43ae352e48e063636903dc32cafbc31cd5b60","isMergeCommit":false,"messageTitle":"Update GitHub Actions and codecov badge link","messageBody":"","fileTypesAndContributionMap":{"docs":{"insertions":2,"deletions":2}}},{"hash":"7921d603ed34699bcae1ca0c968fbc54e174cb50","isMergeCommit":false,"messageTitle":"Update rest of README to match our app","messageBody":"","fileTypesAndContributionMap":{"docs":{"insertions":8,"deletions":9}}}]},{"date":"2025-03-12T00:00:00","commitResults":[{"hash":"d8cde5cd08ee65a1a298b50c6ef171da794f5ee5","isMergeCommit":false,"messageTitle":"Add Pastry class and its properties to model package","messageBody":"","fileTypesAndContributionMap":{"functional-code":{"insertions":409,"deletions":0}}},{"hash":"616d43aa4b380b2d5cda2ba8be87aecbb475edbb","isMergeCommit":false,"messageTitle":"Add Pastry methods to Model and Fix tests","messageBody":"","fileTypesAndContributionMap":{"functional-code":{"insertions":147,"deletions":4},"test-code":{"insertions":38,"deletions":0}}},{"hash":"21af57f035180613ebf56c2c44ef6f054fa2f12f","isMergeCommit":false,"messageTitle":"Add Pastry methods to logic package","messageBody":"","fileTypesAndContributionMap":{"functional-code":{"insertions":25,"deletions":0}}},{"hash":"5a87e8422d8a1d5aee8eb04ca26c1767a7eed9df","isMergeCommit":false,"messageTitle":"Add Pastry to Storage and Fix tests","messageBody":"","fileTypesAndContributionMap":{"functional-code":{"insertions":76,"deletions":2},"test-code":{"insertions":1,"deletions":1}}},{"hash":"c95bf3be4fdd475a9d151784499b324afef487f3","isMergeCommit":false,"messageTitle":"Add sample data for pastries","messageBody":"","fileTypesAndContributionMap":{"functional-code":{"insertions":13,"deletions":0}}}]},{"date":"2025-03-14T00:00:00","commitResults":[{"hash":"df0f789220b6d0e81c2e594b752b315dd7437b49","isMergeCommit":true,"messageTitle":"Merge pull request #50 from cyhni/add-command-for-clients","messageBody":"Change prefix to match feature spec","fileTypesAndContributionMap":{}},{"hash":"a208432f14beefb24d38a6c2a06a851e70795a82","isMergeCommit":false,"messageTitle":"Add TabPane to switch between client and pastry view","messageBody":"","fileTypesAndContributionMap":{"functional-code":{"insertions":28,"deletions":6}}},{"hash":"812a53596b74ef03a60af72082f9c870ecb46129","isMergeCommit":false,"messageTitle":"Add css to style tabs","messageBody":"","fileTypesAndContributionMap":{"functional-code":{"insertions":21,"deletions":5}}},{"hash":"9a44b2de56ff692ec0382b5fd613067901d72845","isMergeCommit":false,"messageTitle":"Show pastry list in tab","messageBody":"","fileTypesAndContributionMap":{"functional-code":{"insertions":152,"deletions":7}}},{"hash":"10d897fef3320474d50408223d208ba79bc25d40","isMergeCommit":false,"messageTitle":"Change command name: \u0027list\u0027 to \u0027view\u0027 (no arguments yet)","messageBody":"","fileTypesAndContributionMap":{"functional-code":{"insertions":4,"deletions":3},"other":{"insertions":6,"deletions":6},"test-code":{"insertions":7,"deletions":7}}}]},{"date":"2025-03-15T00:00:00","commitResults":[{"hash":"221b3e9d359c04ded11713d33018ed36a60b291e","isMergeCommit":false,"messageTitle":"Modify view command to allow \u0027view client\u0027 and \u0027view pastry\u0027","messageBody":"","fileTypesAndContributionMap":{"functional-code":{"insertions":85,"deletions":6}}},{"hash":"929adb8b7d4c2f35ec1b7a59988d6033f948c8bf","isMergeCommit":false,"messageTitle":"Modify and add tests for new view command","messageBody":"","fileTypesAndContributionMap":{"test-code":{"insertions":80,"deletions":10}}},{"hash":"b8c1ddccb74872c470c3923a8f6801be1fdedbac","isMergeCommit":false,"messageTitle":"Enable switch tabs when user types view client or view pastry","messageBody":"","fileTypesAndContributionMap":{"functional-code":{"insertions":17,"deletions":2}}},{"hash":"08d97b46caefe9f44f992f5d58daf59b575ef39e","isMergeCommit":false,"messageTitle":"Fix checkstyle issues","messageBody":"","fileTypesAndContributionMap":{"functional-code":{"insertions":7,"deletions":7}}},{"hash":"65e15e5528ff6021d776ca7f9f7928a5635e67d0","isMergeCommit":false,"messageTitle":"Add tests for equals() and toString() methods","messageBody":"","fileTypesAndContributionMap":{"test-code":{"insertions":38,"deletions":0}}}]},{"date":"2025-03-16T00:00:00","commitResults":[{"hash":"35a8c85240f6a9c878e074309b07417145e9b2ee","isMergeCommit":true,"messageTitle":"Merge pull request #65 from mogmyij/local-storage","messageBody":"Add Json test files for Pastries and improves test files for local storage","fileTypesAndContributionMap":{}},{"hash":"e2ed9327f8723365e9edc64fb3029b5437472359","isMergeCommit":false,"messageTitle":"Add tests for pastry/Name.java","messageBody":"","fileTypesAndContributionMap":{"test-code":{"insertions":60,"deletions":0}}}]},{"date":"2025-03-17T00:00:00","commitResults":[{"hash":"e60825d15d3a25d2c2b72558bafea1b7b71069d1","isMergeCommit":true,"messageTitle":"Merge branch \u0027master\u0027 into add-model-pastry-tests","messageBody":"","fileTypesAndContributionMap":{}},{"hash":"e27d9020c9c2317f16b9b8ad5b6853d47825b6d4","isMergeCommit":false,"messageTitle":"Add tests for pastry/Price.java","messageBody":"","fileTypesAndContributionMap":{"test-code":{"insertions":64,"deletions":0}}},{"hash":"6cc44eeca348c0926ca36f05933b2c33ae7e908c","isMergeCommit":false,"messageTitle":"Add tests for pastry/Pastry.java","messageBody":"","fileTypesAndContributionMap":{"test-code":{"insertions":80,"deletions":0}}},{"hash":"29ccd68a1fb023314c73b0fb810272e3295bcf6c","isMergeCommit":false,"messageTitle":"Change references to pastries from \u0027TypicalPersons\u0027 to \u0027TypicalPastries\u0027","messageBody":"","fileTypesAndContributionMap":{"test-code":{"insertions":5,"deletions":5}}},{"hash":"95622eadbe9150f4216f18f636894b4c7e93b18f","isMergeCommit":false,"messageTitle":"Add tests for pastry/UniquePastryList.java","messageBody":"","fileTypesAndContributionMap":{"test-code":{"insertions":195,"deletions":0}}},{"hash":"7c11121c76b81f557b19ef5473d24f9de38941c5","isMergeCommit":false,"messageTitle":"Add tests for pastry/NameContains... class","messageBody":"","fileTypesAndContributionMap":{"test-code":{"insertions":84,"deletions":0}}},{"hash":"6b10698f5a50740274817d99646f54a2871d6914","isMergeCommit":false,"messageTitle":"Improve tests for UniquePersonList.java","messageBody":"","fileTypesAndContributionMap":{"test-code":{"insertions":19,"deletions":0}}},{"hash":"33a88cdd0ad1a40737f20660e69deea8e3a80b62","isMergeCommit":false,"messageTitle":"Fix checkstyle issues","messageBody":"","fileTypesAndContributionMap":{"test-code":{"insertions":22,"deletions":19}}},{"hash":"c7e9b4baf800e18554941e757e5453b0ed82dc2b","isMergeCommit":false,"messageTitle":"Delete redundant methods due to TypicalPastries file handling it","messageBody":"","fileTypesAndContributionMap":{"test-code":{"insertions":0,"deletions":29}}}]},{"date":"2025-03-19T00:00:00","commitResults":[{"hash":"b9e929a39d8b199a50006d3e5cb224ca55cb2dac","isMergeCommit":true,"messageTitle":"Merge pull request #70 from cyhni/abstract-addClient-tests","messageBody":"Abstract add client tests","fileTypesAndContributionMap":{}}]},{"date":"2025-03-20T00:00:00","commitResults":[{"hash":"3f2a596a30d71eac9b8bae7ecbf149b97f58e582","isMergeCommit":false,"messageTitle":"Change window title to \u0027Powerbake\u0027","messageBody":"","fileTypesAndContributionMap":{"functional-code":{"insertions":1,"deletions":1}}},{"hash":"f461bc302a4b1625e0ca70b9274ebc5ac62bf3ba","isMergeCommit":true,"messageTitle":"Merge pull request #76 from cyhni/update-jar-name","messageBody":"Update jar build name to powerbake.jar from addressbook.jar","tags":["v1.3"],"fileTypesAndContributionMap":{}}]},{"date":"2025-03-24T00:00:00","commitResults":[{"hash":"2b73bbbf4e82fc1b7c3866c76eceb618d906e27d","isMergeCommit":false,"messageTitle":"Add Orders tab","messageBody":"","fileTypesAndContributionMap":{"functional-code":{"insertions":51,"deletions":0}}},{"hash":"7d9b8dcd7d70881e0f6f56f8773ef870f2623c3c","isMergeCommit":false,"messageTitle":"Remove redundant flowpane","messageBody":"","fileTypesAndContributionMap":{"functional-code":{"insertions":1,"deletions":2}}}]},{"date":"2025-03-25T00:00:00","commitResults":[{"hash":"c8e997df8840ccbadef890310fc6f65ef44ab525","isMergeCommit":true,"messageTitle":"Merge pull request #83 from mogmyij/order-model","messageBody":"Add Order model","fileTypesAndContributionMap":{}},{"hash":"99437c12adf03e47d1f6a83bdc910f5a6d943a76","isMergeCommit":true,"messageTitle":"Merge branch \u0027master\u0027 into view-order-ui","messageBody":"","fileTypesAndContributionMap":{}},{"hash":"34fbb778305b09dfeee7f0c99145e2727566309d","isMergeCommit":false,"messageTitle":"Add sample data for orders to populate","messageBody":"","fileTypesAndContributionMap":{"functional-code":{"insertions":90,"deletions":21}}},{"hash":"4f8ddd01caabf1badb27622d52e6e8787927153a","isMergeCommit":false,"messageTitle":"Add ability to fetch filtered orders (necessary for ui)","messageBody":"","fileTypesAndContributionMap":{"functional-code":{"insertions":30,"deletions":0}}},{"hash":"d56f402cfcd251ee72f0a3acb8b7f3c9ba7ed271","isMergeCommit":false,"messageTitle":"Fix tests to match previous commit changes","messageBody":"","fileTypesAndContributionMap":{"test-code":{"insertions":11,"deletions":0}}},{"hash":"eecd9b6039b85709ca2496a49dc1f4a1d88f07e2","isMergeCommit":false,"messageTitle":"Add ui to view list of orders","messageBody":"","fileTypesAndContributionMap":{"functional-code":{"insertions":216,"deletions":30}}},{"hash":"10b3324e75a23ee1c139d8e3fbca255febf2c5ff","isMergeCommit":false,"messageTitle":"Refactor: organise files into packages within ui","messageBody":"","fileTypesAndContributionMap":{"functional-code":{"insertions":1,"deletions":0},"other":{"insertions":34,"deletions":11}}},{"hash":"b3e401d0627a1e07a22e35bf8026c1ed1ad4f284","isMergeCommit":false,"messageTitle":"Fix checkstyle issues","messageBody":"","fileTypesAndContributionMap":{"functional-code":{"insertions":20,"deletions":17}}},{"hash":"f34f991956f7754a9940ea87f9a61f561d5c21a4","isMergeCommit":false,"messageTitle":"Add ability to view selected order","messageBody":"","fileTypesAndContributionMap":{"functional-code":{"insertions":217,"deletions":1},"other":{"insertions":23,"deletions":8}}},{"hash":"15023245ef017a00ad1dd26418ba85e61c1ca776","isMergeCommit":false,"messageTitle":"Fix checkstyle issues","messageBody":"","fileTypesAndContributionMap":{"functional-code":{"insertions":7,"deletions":7},"docs":{"insertions":1,"deletions":1}}},{"hash":"4b99aca5b98b8319f68d7bff5cef732311515206","isMergeCommit":false,"messageTitle":"Fix checkstyle issues 2","messageBody":"","fileTypesAndContributionMap":{"functional-code":{"insertions":2,"deletions":2}}}]},{"date":"2025-03-27T00:00:00","commitResults":[{"hash":"0574fba88cfe0e044d9fe99ac9aeec2a12d03410","isMergeCommit":true,"messageTitle":"Merge pull request #103 from cyhni/enable-assertions","messageBody":"Enable Assertions","fileTypesAndContributionMap":{}},{"hash":"ce5c7e6f4a2d855facecb222309a0ba1296c8ed2","isMergeCommit":true,"messageTitle":"Merge pull request #107 from cyhni/add-view-order","messageBody":"Add view order","tags":["v1.4"],"fileTypesAndContributionMap":{}}]},{"date":"2025-03-28T00:00:00","commitResults":[{"hash":"c675f44bacc288ac78ab5f2c271492c4fd706fff","isMergeCommit":false,"messageTitle":"Update Ui class diagram","messageBody":"","fileTypesAndContributionMap":{"docs":{"insertions":53,"deletions":32}}},{"hash":"4ce7c4793b9887fb714989457e6f8203f51fd221","isMergeCommit":false,"messageTitle":"Make arrows longer","messageBody":"","fileTypesAndContributionMap":{"docs":{"insertions":4,"deletions":4}}},{"hash":"a4be36b8b79e73fe3003faf59d177845d59daf71","isMergeCommit":false,"messageTitle":"Updated DG description of ui to match ui diagram","messageBody":"","fileTypesAndContributionMap":{"docs":{"insertions":10,"deletions":1}}},{"hash":"603cd0ac35bba6ce78e0f8e0634c0e4e88a770fb","isMergeCommit":false,"messageTitle":"Update to include UiPart in diagram","messageBody":"","fileTypesAndContributionMap":{"docs":{"insertions":13,"deletions":10}}},{"hash":"a468d1c7a5ebeff8deb6b0d20e746c1cd48aa63c","isMergeCommit":false,"messageTitle":"Fix minor positioning issues in uml","messageBody":"","fileTypesAndContributionMap":{"docs":{"insertions":15,"deletions":15}}},{"hash":"58c5cc20506b63f4a0ca2d94cc4219e75d69dbde","isMergeCommit":false,"messageTitle":"Fix checkstyle error","messageBody":"","fileTypesAndContributionMap":{"docs":{"insertions":1,"deletions":1}}},{"hash":"0bad48286a2b8f69535e935e67f4f89e5f949cc8","isMergeCommit":true,"messageTitle":"Merge pull request #118 from cyhni/update-parser-class-diagram","messageBody":"Update parser class diagram","fileTypesAndContributionMap":{}},{"hash":"b98515ab80687bd195b94204ff71f7ca1f37d2e3","isMergeCommit":true,"messageTitle":"Merge pull request #116 from cyhni/update-logic-class-diagram","messageBody":"Update logic class diagram","fileTypesAndContributionMap":{}}]},{"date":"2025-03-29T00:00:00","commitResults":[{"hash":"c162a6baeeb039c038611e1990b10fc64f3d2264","isMergeCommit":false,"messageTitle":"Change links and description from seedu to powerbake","messageBody":"","fileTypesAndContributionMap":{"docs":{"insertions":7,"deletions":7}}},{"hash":"36c1a44476eaaf63a71a9a1a7748dcee6922ceea","isMergeCommit":true,"messageTitle":"Merge pull request #125 from mihirniyogi/update-dg-ui-diagram","messageBody":"Update DG UI diagram","fileTypesAndContributionMap":{}},{"hash":"c92e3aa18870d4f7f5486c3db97c55d5044910af","isMergeCommit":true,"messageTitle":"Merge pull request #131 from mihirniyogi/update-dg-api-links","messageBody":"Update DG API Links","fileTypesAndContributionMap":{}}]},{"date":"2025-03-31T00:00:00","commitResults":[{"hash":"63adac675938974086abf67c0ee740c7fdbab109","isMergeCommit":false,"messageTitle":"Redo xml hierarchy","messageBody":"","fileTypesAndContributionMap":{"functional-code":{"insertions":82,"deletions":60}}},{"hash":"2e167a116ad04d01da08583a248f293c39dfd696","isMergeCommit":false,"messageTitle":"Add brand colours","messageBody":"","fileTypesAndContributionMap":{"functional-code":{"insertions":20,"deletions":0}}},{"hash":"f4cd6d51e345837e20e815926c109d5814a514f3","isMergeCommit":false,"messageTitle":"Refactor CommandBox fxml","messageBody":"","fileTypesAndContributionMap":{"functional-code":{"insertions":23,"deletions":5}}},{"hash":"c6525e295d61c01f08fd6bd94d9b878a1c7f6e25","isMergeCommit":false,"messageTitle":"Refactoe ResultDisplay fxml","messageBody":"","fileTypesAndContributionMap":{"functional-code":{"insertions":6,"deletions":5}}},{"hash":"fd80bf5e4ffcc0046740a565a76234b62f18edeb","isMergeCommit":false,"messageTitle":"Change Client tab styles","messageBody":"","fileTypesAndContributionMap":{"functional-code":{"insertions":21,"deletions":33}}},{"hash":"858fc675ebd0a70c87c8e42e9b97e876153d8ca2","isMergeCommit":false,"messageTitle":"Change Pastry tab styles","messageBody":"","fileTypesAndContributionMap":{"functional-code":{"insertions":17,"deletions":32}}},{"hash":"3a552ca8643b438f85b3b8481b35110e1c260ef4","isMergeCommit":false,"messageTitle":"Change Order tab styles","messageBody":"","fileTypesAndContributionMap":{"functional-code":{"insertions":40,"deletions":62}}},{"hash":"5ab591f1c284a898eea2ae5717b0ddc1e71b4218","isMergeCommit":false,"messageTitle":"Change status bar footer styles","messageBody":"","fileTypesAndContributionMap":{"functional-code":{"insertions":8,"deletions":8}}},{"hash":"7a7381a0205fc9d67064a5aa9bbf4fe7a375e961","isMergeCommit":false,"messageTitle":"Change error style to highlight the commandbox instead","messageBody":"","fileTypesAndContributionMap":{"functional-code":{"insertions":4,"deletions":1}}},{"hash":"fd33c7cab3d632fbe91d582a03cb5cd109833730","isMergeCommit":false,"messageTitle":"Refactor all colors and styles","messageBody":"","fileTypesAndContributionMap":{"functional-code":{"insertions":453,"deletions":422}}},{"hash":"2c8cf1661e61fe4d0e52c34dd0fa454f1fade50d","isMergeCommit":false,"messageTitle":"Fix checkstyle issues","messageBody":"","fileTypesAndContributionMap":{"functional-code":{"insertions":2,"deletions":6}}},{"hash":"b0d483620c735ff6de60d3f09f4e494806e77202","isMergeCommit":false,"messageTitle":"Fix checkstyle issues","messageBody":"","fileTypesAndContributionMap":{"functional-code":{"insertions":1,"deletions":1}}}]},{"date":"2025-04-01T00:00:00","commitResults":[{"hash":"8f7f4d2b625c7de40bad53afe4ba745c1b4fcee2","isMergeCommit":false,"messageTitle":"Fix checkstyle issues","messageBody":"","fileTypesAndContributionMap":{"functional-code":{"insertions":9,"deletions":9}}}]},{"date":"2025-04-02T00:00:00","commitResults":[{"hash":"d5bb8e3986a8b87b880a1e9e3c2c9a8cc428963b","isMergeCommit":false,"messageTitle":"Add convenience methods to get original index of object","messageBody":"","fileTypesAndContributionMap":{"functional-code":{"insertions":65,"deletions":0}}},{"hash":"2f172041e9384f23b7544b4f6fd5b8d9276710fa","isMergeCommit":false,"messageTitle":"Display original index even in filtered view of lists","messageBody":"","fileTypesAndContributionMap":{"functional-code":{"insertions":47,"deletions":22}}},{"hash":"04e153f733618b0abc8a690527e8620cf353294e","isMergeCommit":false,"messageTitle":"Fix ModelStub in tests","messageBody":"","fileTypesAndContributionMap":{"test-code":{"insertions":32,"deletions":0}}},{"hash":"d699e4a36c56e24a82aa501727c08d84c6f81edb","isMergeCommit":true,"messageTitle":"Merge pull request #173 from Mil-leon/add-order-testcases","messageBody":"Add Order Command testcases","fileTypesAndContributionMap":{}},{"hash":"9f3d9e9c5d458b37ba0e59a6a4ecac0961d6d4b0","isMergeCommit":true,"messageTitle":"Merge branch \u0027master\u0027 into show-original-index","messageBody":"","fileTypesAndContributionMap":{}},{"hash":"c048dd17715d9d9fccd3e099b93c0acac2daebb4","isMergeCommit":false,"messageTitle":"Fix ModelStub in tests","messageBody":"","fileTypesAndContributionMap":{"test-code":{"insertions":15,"deletions":0}}},{"hash":"748a1fe5360d90d166024df6dbdb79268c1d600d","isMergeCommit":false,"messageTitle":"Fix checkstyle issue","messageBody":"","fileTypesAndContributionMap":{"functional-code":{"insertions":1,"deletions":1}}},{"hash":"c7f17f258d8b51484d24aed240f82cdad0920905","isMergeCommit":true,"messageTitle":"Merge pull request #175 from Mil-leon/fix-empty-order","messageBody":"Added Pastry Name as mandatory to prevent empty orders","fileTypesAndContributionMap":{}},{"hash":"4964d191c389c6ecdab13b9c5a22dc2da99dbec1","isMergeCommit":false,"messageTitle":"Shift inheritance from abstract UiPart into new diagram","messageBody":"","fileTypesAndContributionMap":{"docs":{"insertions":47,"deletions":28}}},{"hash":"b744c93efb1aabc026885597072bdfbb13fec8cb","isMergeCommit":false,"messageTitle":"Fix checkstyle issue","messageBody":"","fileTypesAndContributionMap":{"docs":{"insertions":2,"deletions":2}}},{"hash":"1d4d989b093b3fc9850d2254cf3eeefad9c6ef01","isMergeCommit":true,"messageTitle":"Merge pull request #177 from Mil-leon/fix-duplicate-pastry","messageBody":"Fix duplicate pastry","fileTypesAndContributionMap":{}},{"hash":"25f55f2750b4c90ee949dc2670904a866e2eb009","isMergeCommit":false,"messageTitle":"Display full price with 2dp even when user input integer","messageBody":"","fileTypesAndContributionMap":{"functional-code":{"insertions":1,"deletions":1},"test-code":{"insertions":1,"deletions":1}}},{"hash":"5842578f0abf94679d03fa43dd274cd0d4e5cacc","isMergeCommit":false,"messageTitle":"Add mouse click listener for tabs to change saved view","messageBody":"","fileTypesAndContributionMap":{"functional-code":{"insertions":28,"deletions":0}}},{"hash":"dff49ece1bb91fac0598d8b09bb46eeb9db0a97c","isMergeCommit":false,"messageTitle":"Update comment for accuracy","messageBody":"","fileTypesAndContributionMap":{"functional-code":{"insertions":2,"deletions":2}}},{"hash":"c9843572762490e1b3fa8543142d00cc1ca960f7","isMergeCommit":false,"messageTitle":"Fix checkstyle issues","messageBody":"","fileTypesAndContributionMap":{"functional-code":{"insertions":22,"deletions":5}}},{"hash":"6362923d49ec5d7d33f0524406117237f3284f15","isMergeCommit":false,"messageTitle":"Edit UG intro and getting started sections","messageBody":"","fileTypesAndContributionMap":{"docs":{"insertions":22,"deletions":127}}},{"hash":"831a9bcd5c4eb94cf754548b991bc7f5cd742d4c","isMergeCommit":false,"messageTitle":"Update UG according to PR review comments","messageBody":"","fileTypesAndContributionMap":{"docs":{"insertions":29,"deletions":0}}},{"hash":"2e0868728c3bcbd629b36d5faa9c0414e744660e","isMergeCommit":true,"messageTitle":"Merge pull request #181 from Mil-leon/fix-pastry-case-sensitivity","messageBody":"Fix pastry case sensitivity","fileTypesAndContributionMap":{}},{"hash":"d48a3fb4cb3986a103d53018e353df64a7128674","isMergeCommit":true,"messageTitle":"Merge pull request #188 from Mil-leon/update-ug-features","messageBody":"Update UG features section","fileTypesAndContributionMap":{}},{"hash":"6f244881b69252edae1cfa711ea053baaaefe732","isMergeCommit":true,"messageTitle":"Merge pull request #180 from mogmyij/fix-command-summary-link","messageBody":"Fix and updated site map links","fileTypesAndContributionMap":{}},{"hash":"b0bbd97351795a0c535f515af1d56b6d04e0f864","isMergeCommit":true,"messageTitle":"Merge pull request #192 from cyhni/fix-ug-glossary","messageBody":"Fix glossary","fileTypesAndContributionMap":{}},{"hash":"5c02ac35c5f96a2464cb4b7371b2374ebfc15f0b","isMergeCommit":false,"messageTitle":"Add screenshots intro section","messageBody":"","fileTypesAndContributionMap":{"docs":{"insertions":2,"deletions":2}}},{"hash":"7e01f631024258c94680761323e26acfd1ed9647","isMergeCommit":false,"messageTitle":"Add delete client/pastry ss","messageBody":"","fileTypesAndContributionMap":{"docs":{"insertions":4,"deletions":4}}},{"hash":"2913568cd81b9da0ec20c870269fc8ebf1b04643","isMergeCommit":true,"messageTitle":"Merge branch \u0027master\u0027 into change-screenshots-ug","messageBody":"","fileTypesAndContributionMap":{}},{"hash":"09492ba950bd7731d6c3dd7bc92d7a32bb075857","isMergeCommit":true,"messageTitle":"Merge pull request #196 from Emmanuel2001/update-ug-features","messageBody":"Update UG features and command summary","fileTypesAndContributionMap":{}},{"hash":"69fce747072aa85e89c7c8455b9062e44f4c2bca","isMergeCommit":true,"messageTitle":"Merge branch \u0027master\u0027 into change-screenshots-ug","messageBody":"","fileTypesAndContributionMap":{}},{"hash":"0e9732c446efea3b478238b42278fe9d8f88ccbc","isMergeCommit":true,"messageTitle":"Merge pull request #190 from cyhni/find-command","messageBody":"Add find command for various types","fileTypesAndContributionMap":{}}]},{"date":"2025-04-03T00:00:00","commitResults":[{"hash":"aeae3e8beb258c276adc8a689259d13f3b7fb360","isMergeCommit":true,"messageTitle":"Merge pull request #200 from mogmyij/update-ug-images","messageBody":"Update ug images","fileTypesAndContributionMap":{}},{"hash":"0c4d4de257c11ef929424fdaccb7c1da14091f4b","isMergeCommit":false,"messageTitle":"Add delete order to ug","messageBody":"","fileTypesAndContributionMap":{"docs":{"insertions":28,"deletions":11}}},{"hash":"3db2b983d615e1bfa82209a57247bb58a284d56a","isMergeCommit":false,"messageTitle":"Fix view order in ug","messageBody":"","fileTypesAndContributionMap":{"docs":{"insertions":9,"deletions":7}}},{"hash":"73004c847a002700f762b10454a9c2aa3dc885cf","isMergeCommit":true,"messageTitle":"Merge pull request #202 from cyhni/ug-add-view-command-order","messageBody":"Ug add view command order","fileTypesAndContributionMap":{}},{"hash":"2f6b89dd83e37ebb5e41b1382bfd513fb1adb149","isMergeCommit":true,"messageTitle":"Merge branch \u0027master\u0027 into add-delete-order-ug","messageBody":"","fileTypesAndContributionMap":{}},{"hash":"00d7ad074ea63b2cb9393a05cb5a34df5d099250","isMergeCommit":false,"messageTitle":"Solve merge conflicts","messageBody":"","fileTypesAndContributionMap":{"docs":{"insertions":0,"deletions":8}}},{"hash":"b83a30d642182907801ac4cc4122c2147496a933","isMergeCommit":true,"messageTitle":"Merge pull request #205 from cyhni/add-UG-view-specific-order","messageBody":"Add UG with view specific order","fileTypesAndContributionMap":{}},{"hash":"0972718b1982f050a5ebe3f4cd1e29037ab179b4","isMergeCommit":false,"messageTitle":"Undo original index","messageBody":"","fileTypesAndContributionMap":{"functional-code":{"insertions":9,"deletions":90},"test-code":{"insertions":0,"deletions":46}}},{"hash":"0fe501a571c087341c4e1c5453142de901263e61","isMergeCommit":false,"messageTitle":"Fix checkstyle issues","messageBody":"","fileTypesAndContributionMap":{"functional-code":{"insertions":0,"deletions":3}}},{"hash":"757cd1e8ae6df8f62e97843e2d5278f11d08b216","isMergeCommit":false,"messageTitle":"Remove unnecessary dependencies to logic","messageBody":"","fileTypesAndContributionMap":{"docs":{"insertions":0,"deletions":3}}},{"hash":"a2803b452c7392f20dfd7667e14e3614a1ec3be5","isMergeCommit":false,"messageTitle":"Add control tab shortcut to switch tabs","messageBody":"","fileTypesAndContributionMap":{"functional-code":{"insertions":65,"deletions":36}}},{"hash":"c439aa6aa2d55625ab28c995cfe24f96a47536af","isMergeCommit":true,"messageTitle":"Merge pull request #216 from mogmyij/fix-view-negetive-index-error-msg","messageBody":"Fix view order index out of range error message","fileTypesAndContributionMap":{}},{"hash":"c7c74c123de8df85578dbe1de957d203c43ffab4","isMergeCommit":false,"messageTitle":"Add scroll to selected order","messageBody":"","fileTypesAndContributionMap":{"functional-code":{"insertions":2,"deletions":0}}},{"hash":"166324c4395d0af18d2085f7125f4ce997583706","isMergeCommit":false,"messageTitle":"Change tab switching message","messageBody":"","fileTypesAndContributionMap":{"functional-code":{"insertions":2,"deletions":1}}},{"hash":"2a4731ab7c80615fce916dc3e7944855a9ecca29","isMergeCommit":false,"messageTitle":"Fix checkstyle issue","messageBody":"","fileTypesAndContributionMap":{"functional-code":{"insertions":0,"deletions":1}}},{"hash":"6edf523f151d5b086717eb0fc3b35fd6bd9b0ff1","isMergeCommit":false,"messageTitle":"Change ExitCommand message","messageBody":"","fileTypesAndContributionMap":{"functional-code":{"insertions":1,"deletions":1}}},{"hash":"1e1df863951addb03b4664af3133828b97a27624","isMergeCommit":false,"messageTitle":"Make commandbox keep focus after mouse clicking tabs","messageBody":"","fileTypesAndContributionMap":{"functional-code":{"insertions":4,"deletions":1}}},{"hash":"9abe808f56c9d9fc86c22a349bef9914ab4fd6fe","isMergeCommit":false,"messageTitle":"Adjust display of messages for neatness","messageBody":"","fileTypesAndContributionMap":{"functional-code":{"insertions":3,"deletions":2}}},{"hash":"80d4407eb23d6f57264ca0d7eca7a6067e620723","isMergeCommit":false,"messageTitle":"Style scroll bar for result display","messageBody":"","fileTypesAndContributionMap":{"functional-code":{"insertions":27,"deletions":1}}},{"hash":"1aab02d9a23dfc7dbc406aa522a733f4c7f7f9a4","isMergeCommit":false,"messageTitle":"Fix checkstyle issues","messageBody":"","fileTypesAndContributionMap":{"functional-code":{"insertions":14,"deletions":15}}},{"hash":"9806675b11b2128737bf8ca004998d6dee8abe3f","isMergeCommit":false,"messageTitle":"Increase height of result display","messageBody":"","fileTypesAndContributionMap":{"functional-code":{"insertions":1,"deletions":1}}},{"hash":"d092cb74cead326e678fbf103ac32336d87371ef","isMergeCommit":false,"messageTitle":"Improve message display for find command","messageBody":"","fileTypesAndContributionMap":{"functional-code":{"insertions":1,"deletions":1}}},{"hash":"a69d26a36034a0502550c5bda353e523f5fea870","isMergeCommit":false,"messageTitle":"Add javadoc comment","messageBody":"","fileTypesAndContributionMap":{"functional-code":{"insertions":3,"deletions":0}}},{"hash":"c8e456af10d8122e8c337650ff13b35c734d2fa7","isMergeCommit":true,"messageTitle":"Merge pull request #222 from Emmanuel2001/fix-edit-tags","messageBody":"Fix edit client tags","fileTypesAndContributionMap":{}},{"hash":"f6d8ef40d952fd421d5031fa399c06443f72bfa7","isMergeCommit":true,"messageTitle":"Merge pull request #226 from Mil-leon/fix-dg-changes","messageBody":"Change the details of DG to shorten it.","fileTypesAndContributionMap":{}},{"hash":"1190551b5bcb7569a71753c88f34ca72af9b8a74","isMergeCommit":false,"messageTitle":"Add clear command to UG","messageBody":"","fileTypesAndContributionMap":{"docs":{"insertions":29,"deletions":0}}},{"hash":"49052c32a3027c754be50eb0ed28261885c5a3bf","isMergeCommit":true,"messageTitle":"Merge pull request #223 from mogmyij/fix-index-out-of-range","messageBody":"Fix index related error messages","fileTypesAndContributionMap":{}},{"hash":"e015209dd89ec4820e12266dda477a58ac5aa4c6","isMergeCommit":false,"messageTitle":"Change app icon","messageBody":"","fileTypesAndContributionMap":{"functional-code":{"insertions":2,"deletions":2}}},{"hash":"916481bd1a97e4663fdfc547930428d752c7c05d","isMergeCommit":true,"messageTitle":"Merge pull request #228 from Mil-leon/add-dg-testing-guide","messageBody":"Add test cases to the DG","fileTypesAndContributionMap":{}},{"hash":"874f3abe724438bde1d946a4f9ae3ebb43b629c4","isMergeCommit":true,"messageTitle":"Merge pull request #234 from cyhni/UG-feedback","messageBody":"Ug feedback","tags":["v1.5"],"fileTypesAndContributionMap":{}},{"hash":"7789a91c11f2f2158bd171134d1686a163e37aad","isMergeCommit":true,"messageTitle":"Merge pull request #236 from cyhni/fix-DG-style","messageBody":"Fix formating for DG","fileTypesAndContributionMap":{}}]},{"date":"2025-04-06T00:00:00","commitResults":[{"hash":"3d31d4342c136a87b477f40188210d1eb4ef2116","isMergeCommit":false,"messageTitle":"Add partial matching for find command","messageBody":"","fileTypesAndContributionMap":{"functional-code":{"insertions":4,"deletions":3},"test-code":{"insertions":3,"deletions":3}}},{"hash":"d3adc2991bbd15424b7728288acf18902aba1cff","isMergeCommit":false,"messageTitle":"Fix pastry no exist message","messageBody":"","fileTypesAndContributionMap":{"functional-code":{"insertions":1,"deletions":1}}},{"hash":"666f3a17c80ffc4283c3847886331aac58c7b339","isMergeCommit":false,"messageTitle":"Add price limit from 0 (exclusive) to 999.99 (inclusive)","messageBody":"","fileTypesAndContributionMap":{"functional-code":{"insertions":18,"deletions":1}}},{"hash":"ab38cea44993ffe0228e4b97f4b3391402706b15","isMergeCommit":false,"messageTitle":"Add tests for StringUtil::isValidPrice method","messageBody":"","fileTypesAndContributionMap":{"test-code":{"insertions":25,"deletions":0}}},{"hash":"67091a2d5eb0053d9c5cc03102ba3d53ece85298","isMergeCommit":false,"messageTitle":"Fix error message for price","messageBody":"","fileTypesAndContributionMap":{"functional-code":{"insertions":1,"deletions":1}}},{"hash":"fae255a2f5e8d88db5d912f1ba0b913ee6540fbf","isMergeCommit":false,"messageTitle":"Make error message clearer","messageBody":"","fileTypesAndContributionMap":{"functional-code":{"insertions":1,"deletions":1}}},{"hash":"aaa27fde8fff5fb9db88b11c34316c330cf10db6","isMergeCommit":false,"messageTitle":"Fix minor formatting in test","messageBody":"","fileTypesAndContributionMap":{"test-code":{"insertions":4,"deletions":0}}},{"hash":"c9a8ea90037af5cc45fb7c8b07e0e572a89fe87c","isMergeCommit":true,"messageTitle":"Fix empty order message typo.","messageBody":"","fileTypesAndContributionMap":{}},{"hash":"2e4d4c3c48518f671a6704099c8a7c8b8443325b","isMergeCommit":false,"messageTitle":"Change phone number validation to 8 digits exactly","messageBody":"","fileTypesAndContributionMap":{"functional-code":{"insertions":2,"deletions":2}}},{"hash":"e185b5953e4b826457bd4153251cb2be15f3121f","isMergeCommit":false,"messageTitle":"Update tests to match 8 digit validation","messageBody":"","fileTypesAndContributionMap":{"test-code":{"insertions":48,"deletions":27}}}]},{"date":"2025-04-07T00:00:00","commitResults":[{"hash":"7eff57658fc04ffc076cbf0fa2792f651f7fcf52","isMergeCommit":true,"messageTitle":"Merge pull request #317 from mogmyij/Fix-Develop-Guide","messageBody":"Fix links, typos and diagrams in DG","fileTypesAndContributionMap":{}}]}],"mogmyij":[{"date":"2025-03-04T00:00:00","commitResults":[{"hash":"042466515bb5932273790e5751390d232bbd7998","isMergeCommit":false,"messageTitle":"Add AboutUs details for Hong Yi","messageBody":"","fileTypesAndContributionMap":{"docs":{"insertions":15,"deletions":4}}}]},{"date":"2025-03-05T00:00:00","commitResults":[{"hash":"4c51f27fc58a59cbba1dc5e978fb41f95a4bce09","isMergeCommit":true,"messageTitle":"Merge pull request #25 from Mil-leon/add-md-details","messageBody":"Add Noel\u0027s AboutUs details","fileTypesAndContributionMap":{}},{"hash":"c34e61480dd4c2740902a72f1071360837a9f4aa","isMergeCommit":true,"messageTitle":"Merge pull request #21 from Emmanuel2001/add-emmanuel-aboutus","messageBody":"add personal emmanuel2001.md and update AboutUs.md","fileTypesAndContributionMap":{}},{"hash":"2d8a9e2a56995e3c9a666bf39fed5fe3b11c0769","isMergeCommit":true,"messageTitle":"Merge pull request #20 from mogmyij/update-AboutUs","messageBody":"Add Hong Yi AboutUs details","fileTypesAndContributionMap":{}},{"hash":"230f8e58efc796d551f21d7829e103b5c41e65d1","isMergeCommit":true,"messageTitle":"Merge pull request #18 from cyhni/update-aboutus","messageBody":"Update Nigel AboutUs.md details","fileTypesAndContributionMap":{}},{"hash":"70337b7702f0ddc10458cdc32c988f67b905cf5b","isMergeCommit":true,"messageTitle":"Merge pull request #16 from mihirniyogi/add-mihir-aboutus","messageBody":"Add Mihir About Us Details","fileTypesAndContributionMap":{}},{"hash":"557b5b3ee1c7f0f1d99c55dbf8666fa34076c2dd","isMergeCommit":false,"messageTitle":"Update Non-functional requirements","messageBody":"","fileTypesAndContributionMap":{"docs":{"insertions":9,"deletions":3}}},{"hash":"7e43d2a71a2f3c04ac29b362202d4ee9a2beb75d","isMergeCommit":true,"messageTitle":"Merge pull request #31 from cyhni/update-the-DG-user-stories","messageBody":"Update the DG with user stories","fileTypesAndContributionMap":{}}]},{"date":"2025-03-12T00:00:00","commitResults":[{"hash":"2d42d1cdf2d1daba140bd8222857379103795338","isMergeCommit":false,"messageTitle":"Change package name from seedu to powerbake","messageBody":"","fileTypesAndContributionMap":{"other":{"insertions":770,"deletions":770},"test-code":{"insertions":2,"deletions":2}}}]},{"date":"2025-03-13T00:00:00","commitResults":[{"hash":"e8cbe87aeaf04067e4c977e8d840e65a1b32f93e","isMergeCommit":true,"messageTitle":"Merge pull request #47 from mihirniyogi/add-pastry-client-objects","messageBody":"Add pastry to model, logic, storage.","fileTypesAndContributionMap":{}}]},{"date":"2025-03-15T00:00:00","commitResults":[{"hash":"312ef7893afdc37d72a3130dd39f5e01467567ca","isMergeCommit":true,"messageTitle":"Merge pull request #58 from cyhni/combine-add-pastry-and-client","messageBody":"Combine add commands into one to be able to choose pastry and client","fileTypesAndContributionMap":{}},{"hash":"abe1e5bb5f145298aed1be6bd4ba48d42f8b40a7","isMergeCommit":false,"messageTitle":"Add TypicalAddressBook and TypicalPastries To facilitate the creation of stadard AddressBook objects that now also contain pastries.","messageBody":"","fileTypesAndContributionMap":{"test-code":{"insertions":69,"deletions":11}}}]},{"date":"2025-03-16T00:00:00","commitResults":[{"hash":"c19e872740db8fef388184a1cadad4d1b67eab43","isMergeCommit":false,"messageTitle":"Add tests for JsonAdaptedPastries \u0026 seperate Pastry tests","messageBody":"","fileTypesAndContributionMap":{"test-code":{"insertions":89,"deletions":0}}},{"hash":"acea1737a0b2c89f0093c1fe9795dd772a4e8583","isMergeCommit":false,"messageTitle":"Fix style issues","messageBody":"","fileTypesAndContributionMap":{"test-code":{"insertions":5,"deletions":8}}},{"hash":"7af0f89c9ef5c4261b96c725e04a1b7ff8055027","isMergeCommit":false,"messageTitle":"Fix lexograpical import issues","messageBody":"","fileTypesAndContributionMap":{"test-code":{"insertions":7,"deletions":7}}}]},{"date":"2025-03-17T00:00:00","commitResults":[{"hash":"3d8e2433e018055649ee0b779484ba1e67b82847","isMergeCommit":true,"messageTitle":"Merge pull request #67 from mihirniyogi/add-model-pastry-tests","messageBody":"Create tests for pastry model to increase code coverage","fileTypesAndContributionMap":{}}]},{"date":"2025-03-20T00:00:00","commitResults":[{"hash":"31f699c857f5d07b79d23ddf9980b4f27f5679c9","isMergeCommit":true,"messageTitle":"Merge pull request #75 from mihirniyogi/change-window-title","messageBody":"Change window title","fileTypesAndContributionMap":{}}]},{"date":"2025-03-24T00:00:00","commitResults":[{"hash":"7b0f6e5f70e481c5695c568a3162ea270b9d5f53","isMergeCommit":false,"messageTitle":"Add Order model","messageBody":"","fileTypesAndContributionMap":{"functional-code":{"insertions":522,"deletions":2},"test-code":{"insertions":12,"deletions":1}}}]},{"date":"2025-03-25T00:00:00","commitResults":[{"hash":"b8f7aba89596f5f1e70d6f2f42c14896d55fa6e3","isMergeCommit":false,"messageTitle":"Add OrderTest.java \u0026 fix typo","messageBody":"","fileTypesAndContributionMap":{"functional-code":{"insertions":2,"deletions":2},"test-code":{"insertions":210,"deletions":0}}},{"hash":"78bedfaa2115129f22fd8e362e3298c928c95bb0","isMergeCommit":false,"messageTitle":"Add OrderIdTest.java","messageBody":"","fileTypesAndContributionMap":{"functional-code":{"insertions":7,"deletions":0},"test-code":{"insertions":141,"deletions":0}}},{"hash":"d81d0ac1ddd5ba51191bd46bade09a0cb0a502ad","isMergeCommit":false,"messageTitle":"Add tests for Order helper classes","messageBody":"","fileTypesAndContributionMap":{"functional-code":{"insertions":3,"deletions":0},"test-code":{"insertions":417,"deletions":0}}},{"hash":"e71278802ec7217751aef2d3b0a29b7c295b2774","isMergeCommit":false,"messageTitle":"Fix checkstyle issues","messageBody":"","fileTypesAndContributionMap":{"test-code":{"insertions":5,"deletions":5}}},{"hash":"66ad7c6dcf80964dd09660a00f92ca05e3b3ac3f","isMergeCommit":false,"messageTitle":"Edited AddressBookTest.java to add more tests","messageBody":"","fileTypesAndContributionMap":{"functional-code":{"insertions":2,"deletions":2},"test-code":{"insertions":178,"deletions":0}}},{"hash":"14a126e110dfc802610486cbe99e4bad9f125d8e","isMergeCommit":false,"messageTitle":"Add local storage for Order class","messageBody":"","fileTypesAndContributionMap":{"functional-code":{"insertions":213,"deletions":9}}},{"hash":"eb77e7ab198720d90e024eac948087d435bab70a","isMergeCommit":false,"messageTitle":"Add tests for Order local storage","messageBody":"","fileTypesAndContributionMap":{"functional-code":{"insertions":5,"deletions":6},"test-code":{"insertions":333,"deletions":0}}},{"hash":"e439333f9980e9e98409c69558849fedc1177c33","isMergeCommit":true,"messageTitle":"Merge pull request #84 from Emmanuel2001/add-edit-pastry","messageBody":"Add edit pastry command and modify test cases for edit client and pastry","fileTypesAndContributionMap":{}}]},{"date":"2025-03-26T00:00:00","commitResults":[{"hash":"f64456f45f9597832fe2920ffc5b803934a204e5","isMergeCommit":false,"messageTitle":"Add Getting Started to the UG","messageBody":"","fileTypesAndContributionMap":{"docs":{"insertions":107,"deletions":16}}},{"hash":"8beb1f348e05e5acb004d72b713730f8bff36f41","isMergeCommit":false,"messageTitle":"Fix formmating issues","messageBody":"","fileTypesAndContributionMap":{"docs":{"insertions":4,"deletions":2}}},{"hash":"2c3002b0e1dd7556f4af8d9abe0dd61cc2cc0be9","isMergeCommit":false,"messageTitle":"Fix checkstyle errors","messageBody":"","fileTypesAndContributionMap":{"docs":{"insertions":5,"deletions":5}}},{"hash":"5b04feaa965bbe19f86ee44ecfc675dc3b768738","isMergeCommit":true,"messageTitle":"Merge branch \u0027master\u0027 into UG-getting-started","messageBody":"","fileTypesAndContributionMap":{}},{"hash":"870e69e83ec5ed63e46e61321da15b4a3a7f5742","isMergeCommit":true,"messageTitle":"Merge pull request #93 from mogmyij/UG-getting-started","messageBody":"Add Getting Started to the UG","fileTypesAndContributionMap":{}},{"hash":"5247440233b664009db3b7b5e914e6558d371d5a","isMergeCommit":true,"messageTitle":"Merge pull request #101 from cyhni/update-ug-glossary","messageBody":"Update UG and DG glossary","fileTypesAndContributionMap":{}}]},{"date":"2025-04-01T00:00:00","commitResults":[{"hash":"8fa8b0fda9e6f6cce6a73eb28171748fa9aac890","isMergeCommit":false,"messageTitle":"Update storage UML diagram","messageBody":"","fileTypesAndContributionMap":{"docs":{"insertions":13,"deletions":3}}},{"hash":"27e3a5ee86c6db1a36a3d5a335a8022077424dab","isMergeCommit":true,"messageTitle":"Merge pull request #134 from mihirniyogi/add-styling-and-colours","messageBody":"Add styling and colours","fileTypesAndContributionMap":{}}]},{"date":"2025-04-02T00:00:00","commitResults":[{"hash":"9891c54c97e2c85f910ac1f1ae1d19d00d628a97","isMergeCommit":false,"messageTitle":"Fix and updated site map links","messageBody":"","fileTypesAndContributionMap":{"docs":{"insertions":3,"deletions":2}}},{"hash":"37c0436c9f615b5ea1ef9546495b1ed2167593c7","isMergeCommit":false,"messageTitle":"Fix edit client so that it also edits order client","messageBody":"","fileTypesAndContributionMap":{"functional-code":{"insertions":19,"deletions":0}}},{"hash":"41503214ecaf7205970e42ca9213c6f2ee201347","isMergeCommit":false,"messageTitle":"Add tests to ensure client in order is also edited","messageBody":"","fileTypesAndContributionMap":{"functional-code":{"insertions":1,"deletions":1},"test-code":{"insertions":39,"deletions":0}}},{"hash":"ac9e9e3046a635fd620bb4fdd12e52a3e8a7a8ff","isMergeCommit":false,"messageTitle":"Fix checkstyle errors","messageBody":"","fileTypesAndContributionMap":{"functional-code":{"insertions":1,"deletions":1},"docs":{"insertions":12,"deletions":12},"test-code":{"insertions":14,"deletions":9}}},{"hash":"50e4c6c57a87f758cb8987ab6e4bb3665d05af5b","isMergeCommit":true,"messageTitle":"Merge pull request #189 from mihirniyogi/edit-intro-ug","messageBody":"Edit UG Intro for draft review","fileTypesAndContributionMap":{}},{"hash":"a91bf6f3a78397b3d1a1cbd5e7b836c7322ba297","isMergeCommit":false,"messageTitle":"Add tutorial section to UG","messageBody":"","fileTypesAndContributionMap":{"docs":{"insertions":123,"deletions":18}}},{"hash":"e3e49f8f99813ce2940018fe70843eb524cfa716","isMergeCommit":false,"messageTitle":"Fix header name","messageBody":"","fileTypesAndContributionMap":{"docs":{"insertions":3,"deletions":1}}},{"hash":"72ada07d2384449d5cbd5ca56c2d4bd92b4a213a","isMergeCommit":true,"messageTitle":"Merge branch \u0027master\u0027 into add-ug-tutorial","messageBody":"","fileTypesAndContributionMap":{}},{"hash":"b7a69e486d235dc3f093b0a67a5e907a34e7965c","isMergeCommit":true,"messageTitle":"Resolve merge conflict","messageBody":"","fileTypesAndContributionMap":{}},{"hash":"9ec075f993a343523f52e3af8b626a8a021a1d28","isMergeCommit":false,"messageTitle":"Fix image dimensions","messageBody":"","fileTypesAndContributionMap":{"docs":{"insertions":10,"deletions":10}}},{"hash":"b0433f89ce24064b550b2010076dbf2d838279b2","isMergeCommit":true,"messageTitle":"Fix merge conflict","messageBody":"","fileTypesAndContributionMap":{}},{"hash":"5f2bbebb782dee63c1d349e7e697c481a6d97404","isMergeCommit":true,"messageTitle":"Merge pull request #197 from mihirniyogi/change-screenshots-ug","messageBody":"Change screenshots halfway","fileTypesAndContributionMap":{}},{"hash":"75e880480f784ab775febc783369389fd0acf32e","isMergeCommit":false,"messageTitle":"Add edit image example","messageBody":"","fileTypesAndContributionMap":{"docs":{"insertions":1,"deletions":1}}}]},{"date":"2025-04-03T00:00:00","commitResults":[{"hash":"304d82131b83155f2de57516a55d8c7848a50e89","isMergeCommit":false,"messageTitle":"Add edit command images","messageBody":"","fileTypesAndContributionMap":{"docs":{"insertions":10,"deletions":10}}},{"hash":"36166b041fa5eae37bfa83da1435ee32c7de38fc","isMergeCommit":true,"messageTitle":"Fix merge issues","messageBody":"","fileTypesAndContributionMap":{}},{"hash":"2cbb22111067c5eed6d8584632fb6b5dd4f169f8","isMergeCommit":true,"messageTitle":"Merge branch \u0027mogmyij-add-ug-tutorial\u0027","messageBody":"","fileTypesAndContributionMap":{}},{"hash":"14eab0277bf8ef57e45fb49ba7bd338cc2aaa2e5","isMergeCommit":true,"messageTitle":"Merge branch \u0027master\u0027 into update-ug-images","messageBody":"","fileTypesAndContributionMap":{}},{"hash":"7dda35835afe7e0b65fd926e32de3fe10aa7d2a5","isMergeCommit":false,"messageTitle":"Add find command images","messageBody":"","fileTypesAndContributionMap":{"docs":{"insertions":13,"deletions":121}}},{"hash":"210761cb99e0d423ee46a8c916742a8a87317639","isMergeCommit":false,"messageTitle":"Add images for all commands","messageBody":"","fileTypesAndContributionMap":{"docs":{"insertions":148,"deletions":15}}},{"hash":"e6b05ad8395a37f1c673512cf59c2031f2e4d67a","isMergeCommit":false,"messageTitle":"Fix checkstyle","messageBody":"","fileTypesAndContributionMap":{"docs":{"insertions":1,"deletions":1}}},{"hash":"0937a6f6cbc2479aabd0bb4e91e05b71cec9cdc1","isMergeCommit":true,"messageTitle":"Merge pull request #208 from cyhni/remove-details-about-us","messageBody":"Remove irrelevant details from about us","fileTypesAndContributionMap":{}},{"hash":"c5d841b4d821591c9af7fc6d6e9c5c12b869837a","isMergeCommit":true,"messageTitle":"Merge pull request #203 from cyhni/update-add-order-message","messageBody":"Update add order message usage","fileTypesAndContributionMap":{}},{"hash":"e47aee7b88f56a8993e1238030dcfa0bf73a57f7","isMergeCommit":true,"messageTitle":"Merge pull request #199 from cyhni/fix-dg-glossary","messageBody":"Fix erroneous command term in glossary","fileTypesAndContributionMap":{}},{"hash":"6a3d2871913ca296ce0e0de871f91d0d8d457f81","isMergeCommit":true,"messageTitle":"Merge branch \u0027master\u0027 into fix-edit-command-not-updating-orderClient","messageBody":"","fileTypesAndContributionMap":{}},{"hash":"1e872ad6ab64ba5ef8e56dd58a350ecf37f29ae0","isMergeCommit":true,"messageTitle":"Merge pull request #198 from cyhni/update-command-message-to-client","messageBody":"Update person to client in command messages","fileTypesAndContributionMap":{}},{"hash":"726784f465d408027e0c5f97695602beee234003","isMergeCommit":true,"messageTitle":"Merge pull request #194 from cyhni/fix-command-three-prefix","messageBody":"Fix add command with three prefix","fileTypesAndContributionMap":{}},{"hash":"9a1f1915aa8e9fd72c086ac61cc08f84597f6a46","isMergeCommit":true,"messageTitle":"Merge pull request #195 from cyhni/view-specific-order-message","messageBody":"Update View specific order command result","fileTypesAndContributionMap":{}},{"hash":"461d5b0d40fb5dde130b134e628fe2bb47941cd4","isMergeCommit":false,"messageTitle":"Fix view order index out of range error message","messageBody":"","fileTypesAndContributionMap":{"functional-code":{"insertions":11,"deletions":7},"test-code":{"insertions":8,"deletions":4}}},{"hash":"1a893768c0a6f77fe4eab9f8b7f0465b029e6fe3","isMergeCommit":true,"messageTitle":"Merge pull request #217 from mihirniyogi/tab-nav-shortcut","messageBody":"Improve tab navigation with shortcut","fileTypesAndContributionMap":{}},{"hash":"8251c4a1e33d5b655c6902292e57c23a37bb3f27","isMergeCommit":false,"messageTitle":"Fix index related error messages","messageBody":"","fileTypesAndContributionMap":{"functional-code":{"insertions":36,"deletions":18},"test-code":{"insertions":124,"deletions":40}}},{"hash":"d2d506da7b26bbabcd07f7e5891a374484bf68cc","isMergeCommit":true,"messageTitle":"Merge pull request #224 from mihirniyogi/improve-result-display","messageBody":"Improve result display","fileTypesAndContributionMap":{}},{"hash":"76243fa4fb66d6617ab77e4db743b6eb22a36afe","isMergeCommit":true,"messageTitle":"Merge pull request #232 from Emmanuel2001/fix-minor-typos","messageBody":"Fix minor typos","fileTypesAndContributionMap":{}}]},{"date":"2025-04-06T00:00:00","commitResults":[{"hash":"d7007d6fc8e5e6459e67683769d37d9fc1e8c742","isMergeCommit":false,"messageTitle":"Fix links, typos and diagrams in DG","messageBody":"","fileTypesAndContributionMap":{"docs":{"insertions":144,"deletions":72}}},{"hash":"d890bf4193f179106b889df821ba2c8ecb62b8a7","isMergeCommit":false,"messageTitle":"Add use cases and planned enhancements","messageBody":"","fileTypesAndContributionMap":{"docs":{"insertions":306,"deletions":34}}}]},{"date":"2025-04-07T00:00:00","commitResults":[{"hash":"d306a2456b1c83fce57d2d561ea309c3113746e0","isMergeCommit":false,"messageTitle":"Add implementation section","messageBody":"","fileTypesAndContributionMap":{"docs":{"insertions":255,"deletions":93}}},{"hash":"a97e5ca9c0701a2f0891e96d6f0e78ecc4156a80","isMergeCommit":false,"messageTitle":"fix checkstyle and spelling errors","messageBody":"","fileTypesAndContributionMap":{"docs":{"insertions":7,"deletions":7}}},{"hash":"a9dc3e631b80da06f5b3184b7f945e9e1eeac244","isMergeCommit":true,"messageTitle":"Merge pull request #318 from Mil-leon/fix-spelling-errors","messageBody":"Fix empty order message typo.","fileTypesAndContributionMap":{}},{"hash":"5055e142233e985cb02e7b9f57571b7649f8ba88","isMergeCommit":true,"messageTitle":"Merge pull request #321 from Mil-leon/fix-grammar-errors","messageBody":"Fix grammar errors","fileTypesAndContributionMap":{}},{"hash":"01d4c4613c672e363d3fe94b55945dfff484e09e","isMergeCommit":true,"messageTitle":"Merge pull request #319 from mihirniyogi/phone-number-8-digits","messageBody":"Change phone number validation to 8 digits","fileTypesAndContributionMap":{}},{"hash":"43d8aba278e9d05c17b29aceb4f5df2536d31087","isMergeCommit":true,"messageTitle":"Merge pull request #320 from Mil-leon/fix-order-case","messageBody":"Add ignore case for the add order command","fileTypesAndContributionMap":{}},{"hash":"324d971ee764d39b365ad880007555e5d17b541d","isMergeCommit":true,"messageTitle":"Merge pull request #315 from Emmanuel2001/fix-prefixed-whitespace-before-command","messageBody":"Fix prefixed whitespace before command","fileTypesAndContributionMap":{}},{"hash":"5d26d9898366ce4ef1f3cf6799df0ca9a5238e2b","isMergeCommit":true,"messageTitle":"Merge pull request #316 from mihirniyogi/pastry-price-limit","messageBody":"Set price limit for pastry and fix error messages","fileTypesAndContributionMap":{}},{"hash":"e14daecc6306f8fc858e5cc7cc4c60848be26f0f","isMergeCommit":true,"messageTitle":"Merge pull request #314 from mihirniyogi/missing-pastry-error-msg","messageBody":"Fix error message for pastry not exist ","fileTypesAndContributionMap":{}},{"hash":"555d997f2468eadcc8d77c83a606d969a34ae86d","isMergeCommit":true,"messageTitle":"Merge pull request #313 from mihirniyogi/find-command-partial-match","messageBody":"Add partial matching for find command","fileTypesAndContributionMap":{}},{"hash":"720ad59689fee53ceb6dae841d8d167f7a4b9a97","isMergeCommit":true,"messageTitle":"Merge pull request #240 from cyhni/view-command-checkstyle","messageBody":"Fix minor checkstyle","fileTypesAndContributionMap":{}}]}],"Emmanuel2001":[{"date":"2025-03-04T00:00:00","commitResults":[{"hash":"754780806ee1af74341bea61d125acdb4239b7df","isMergeCommit":false,"messageTitle":"add personal emmanuel2001.md and update AboutUs.md","messageBody":"","fileTypesAndContributionMap":{"docs":{"insertions":24,"deletions":4}}},{"hash":"1354137e0c836267f922673ab9f8f0edfb944354","isMergeCommit":false,"messageTitle":"update newline at eof","messageBody":"","fileTypesAndContributionMap":{"docs":{"insertions":2,"deletions":1}}}]},{"date":"2025-03-05T00:00:00","commitResults":[{"hash":"b98969ec9995f465dba3ae5f176f00f6d2801f19","isMergeCommit":false,"messageTitle":"update newline at eof","messageBody":"","fileTypesAndContributionMap":{"docs":{"insertions":0,"deletions":1}}},{"hash":"2b4e70c78ecf87d799a7fe46a1879940b3600f8f","isMergeCommit":false,"messageTitle":"update glossary in developerguide.md","messageBody":"","fileTypesAndContributionMap":{"docs":{"insertions":9,"deletions":2}}},{"hash":"806dd0d97c31b502699c2ae28cc9d718a66ade4c","isMergeCommit":true,"messageTitle":"Merge pull request #33 from Mil-leon/add-use-cases","messageBody":"Update the DG: use cases","fileTypesAndContributionMap":{}}]},{"date":"2025-03-15T00:00:00","commitResults":[{"hash":"4bcda26f9f1b4b9f0c16825cca50ed4a7fc21019","isMergeCommit":false,"messageTitle":"Add delete function to pastry and modify delete to accommodate for both cilent and pastry","messageBody":"","fileTypesAndContributionMap":{"functional-code":{"insertions":156,"deletions":18},"test-code":{"insertions":117,"deletions":55}}},{"hash":"3a189b4800a768007f3d60113d7bf4331d52cefb","isMergeCommit":false,"messageTitle":"Fix small changes to price.java","messageBody":"","fileTypesAndContributionMap":{"functional-code":{"insertions":1,"deletions":3}}}]},{"date":"2025-03-16T00:00:00","commitResults":[{"hash":"f8abd11f7a269a6db08cee20763b5d676681ab7a","isMergeCommit":true,"messageTitle":"Merge pull request #66 from Mil-leon/create-add-pastry-test","messageBody":"Add Pastry test and Pastry Builder","fileTypesAndContributionMap":{}}]},{"date":"2025-03-17T00:00:00","commitResults":[{"hash":"c8b7b137b20068070d845877f707fb7e04573cea","isMergeCommit":false,"messageTitle":"Add more test cases for delete","messageBody":"","fileTypesAndContributionMap":{"test-code":{"insertions":257,"deletions":16}}},{"hash":"1fe8e878bc5b915f47126c6b9396aa0fe8810542","isMergeCommit":false,"messageTitle":"Add more coverage for delete","messageBody":"","fileTypesAndContributionMap":{"functional-code":{"insertions":0,"deletions":13},"test-code":{"insertions":79,"deletions":0}}},{"hash":"344e70762a33f006be4e713a137e2ca5e1c5c694","isMergeCommit":false,"messageTitle":"Add complete test coverage for delete command","messageBody":"","fileTypesAndContributionMap":{"functional-code":{"insertions":13,"deletions":0},"test-code":{"insertions":13,"deletions":0}}},{"hash":"8a8b4a52a23f0841a2810d62ac90f906766d0567","isMergeCommit":false,"messageTitle":"Modify changes on code","messageBody":"","fileTypesAndContributionMap":{"test-code":{"insertions":2,"deletions":2}}}]},{"date":"2025-03-25T00:00:00","commitResults":[{"hash":"a69e09e73972db4f46f8abf005d68f32bab14b20","isMergeCommit":false,"messageTitle":"Add edit pastry command and modify test cases for edit client and pastry","messageBody":"","fileTypesAndContributionMap":{"functional-code":{"insertions":268,"deletions":65},"test-code":{"insertions":128,"deletions":112}}},{"hash":"5b4a55aa4b3da472f315b23bd13e058c5185bc9d","isMergeCommit":true,"messageTitle":"Merge remote-tracking branch \u0027origin/master\u0027 into add-edit-pastry","messageBody":"","fileTypesAndContributionMap":{}},{"hash":"b66474fe1f8ddf4f85b42ad0ae04d401267be657","isMergeCommit":false,"messageTitle":"Add more test cases to pastry and modify code to suit coding standard","messageBody":"","fileTypesAndContributionMap":{"functional-code":{"insertions":2,"deletions":2},"test-code":{"insertions":387,"deletions":66}}}]},{"date":"2025-03-26T00:00:00","commitResults":[{"hash":"4e831244321b0e4ae2276e0afc935f70ebc26839","isMergeCommit":false,"messageTitle":"Add UG commands section","messageBody":"","fileTypesAndContributionMap":{"docs":{"insertions":133,"deletions":75}}},{"hash":"41d2239a9b331a41271b2605ffa22aff3940680a","isMergeCommit":true,"messageTitle":"Merge branch \u0027master\u0027 into add-ug-commands-section","messageBody":"","fileTypesAndContributionMap":{}},{"hash":"6ccd9fd2e09cddedb03af0ef50bb8deffd71d048","isMergeCommit":true,"messageTitle":"Merge pull request #97 from Emmanuel2001/add-ug-commands-section","messageBody":"Add UG commands section","fileTypesAndContributionMap":{}},{"hash":"aafb964722022904becc1194de709d3e807488f7","isMergeCommit":false,"messageTitle":"Update UG command section","messageBody":"","fileTypesAndContributionMap":{"docs":{"insertions":62,"deletions":6}}},{"hash":"f83118489b52075f140c4360fc58f19124635bc2","isMergeCommit":true,"messageTitle":"Merge pull request #86 from mogmyij/order-local-storage","messageBody":"Order local storage","fileTypesAndContributionMap":{}}]},{"date":"2025-03-27T00:00:00","commitResults":[{"hash":"53b70c906c930a3d7a9c5ee96ebf115f3f30efa9","isMergeCommit":false,"messageTitle":"Add delete order and multiple test cases for orders","messageBody":"","fileTypesAndContributionMap":{"functional-code":{"insertions":64,"deletions":9},"test-code":{"insertions":358,"deletions":64}}},{"hash":"6d6f7ce132264683ffa00bafd09e4c43e1fc4752","isMergeCommit":true,"messageTitle":"Merge pull request #106 from Emmanuel2001/add-delete-order","messageBody":"Add delete order and multiple test cases for orders","fileTypesAndContributionMap":{}}]},{"date":"2025-03-28T00:00:00","commitResults":[{"hash":"d3c76c1a0b0df2e7aacddc0da5e0e26fc691e0ba","isMergeCommit":false,"messageTitle":"Update help command URL","messageBody":"","fileTypesAndContributionMap":{"functional-code":{"insertions":3,"deletions":2}}},{"hash":"6864a6e9dc16e01d431beb4006a51ada02a96c8b","isMergeCommit":false,"messageTitle":"Update DG architecture sequence model","messageBody":"","fileTypesAndContributionMap":{"docs":{"insertions":5,"deletions":5}}}]},{"date":"2025-04-02T00:00:00","commitResults":[{"hash":"e403a3b19fe97beb6a5b824f9dd6d72bb7a0dc9b","isMergeCommit":false,"messageTitle":"Add edit order to edit command","messageBody":"","fileTypesAndContributionMap":{"functional-code":{"insertions":199,"deletions":9}}},{"hash":"1a7ba1698cebd2165b87f22c921096af300fc1ad","isMergeCommit":false,"messageTitle":"Update UG features and command summary","messageBody":"","fileTypesAndContributionMap":{"docs":{"insertions":170,"deletions":11}}}]},{"date":"2025-04-03T00:00:00","commitResults":[{"hash":"ea6b7a8d1268aa88d41638d18101a1bf76363d2a","isMergeCommit":false,"messageTitle":"Fix duplicate name for edit name command","messageBody":"","fileTypesAndContributionMap":{"functional-code":{"insertions":1,"deletions":1}}},{"hash":"8943b4155f2afc1f2ec48f2de6dc8aef8e0d6d19","isMergeCommit":false,"messageTitle":"Fix edit command to show more fields","messageBody":"","fileTypesAndContributionMap":{"functional-code":{"insertions":13,"deletions":3},"test-code":{"insertions":1,"deletions":1}}},{"hash":"b8758c5575ef5cdf491a1770437fb995ef25fb9e","isMergeCommit":true,"messageTitle":"Merge pull request #214 from Mil-leon/add-client-specification","messageBody":"Add check for address length and testcases.","fileTypesAndContributionMap":{}},{"hash":"d0401482c23b2cecb0923993608aa682d3d71379","isMergeCommit":true,"messageTitle":"Merge pull request #215 from Mil-leon/add-command-consistency","messageBody":"Add command consistency and add pastry quantity validation","fileTypesAndContributionMap":{}},{"hash":"c784f522337e35fb075de8bf6a86799c759e43bd","isMergeCommit":false,"messageTitle":"Fix edit client tags","messageBody":"","fileTypesAndContributionMap":{"functional-code":{"insertions":3,"deletions":2}}},{"hash":"9926ad0cc95620cefd98e8fe93581467f6c144ee","isMergeCommit":false,"messageTitle":"Fix minor typos","messageBody":"","fileTypesAndContributionMap":{"functional-code":{"insertions":2,"deletions":2}}}]},{"date":"2025-04-06T00:00:00","commitResults":[{"hash":"132ace2479c71f7be110c63fc39eb60d05ed5554","isMergeCommit":false,"messageTitle":"Fix prefixed whitespace before command","messageBody":"","fileTypesAndContributionMap":{"functional-code":{"insertions":1,"deletions":1}}}]}]},"authorFileTypeContributionMap":{"Mil-leon":{"docs":264,"functional-code":568,"test-code":623},"cyhni":{"docs":504,"functional-code":393,"test-code":602,"other":16},"mihirniyogi":{"docs":161,"functional-code":2152,"test-code":753},"mogmyij":{"docs":748,"functional-code":1090,"test-code":1988,"other":1},"Emmanuel2001":{"docs":214,"functional-code":688,"test-code":1161}},"authorContributionVariance":{"Mil-leon":18822.877,"cyhni":34705.316,"mihirniyogi":67337.8,"mogmyij":113064.47,"Emmanuel2001":35115.8},"authorDisplayNameMap":{"Mil-leon":"CS2103T-F13-2 NOEL.. LIM","cyhni":"CS2103T-F13-2 CHAN..IGEL","mihirniyogi":"CS2103T-F13-2 PUTR..YOGI","mogmyij":"CS2103T-F13-2 FOON..G YI","Emmanuel2001":"CS2103T-F13-2 EMMA..HONG"}}
