{"authorDailyContributionsMap":{"gohlucas":[{"date":"2025-02-27T00:00:00","commitResults":[{"hash":"5580bbb9543ef2fb2eee537a94093ce159232361","isMergeCommit":false,"messageTitle":"Add details about myself","messageBody":"","fileTypesAndContributionMap":{"docs":{"insertions":5,"deletions":5}}},{"hash":"9785c1a0eb785ba5f06acb9ff788bb2cbac7e3c3","isMergeCommit":false,"messageTitle":"Update Roles and Responsibilities","messageBody":"","fileTypesAndContributionMap":{"docs":{"insertions":2,"deletions":2}}}]},{"date":"2025-03-07T00:00:00","commitResults":[{"hash":"9b92db01c5dbf4d3ac4b94ce81ed766d2c1b666d","isMergeCommit":true,"messageTitle":"Merge branch \u0027master\u0027 into AddAboutUs","messageBody":"","fileTypesAndContributionMap":{}},{"hash":"15193c1a831d273b4273cc0a4865c6ed7ba53117","isMergeCommit":false,"messageTitle":"Update AboutUs.md","messageBody":"","fileTypesAndContributionMap":{"docs":{"insertions":2,"deletions":1}}},{"hash":"e5cc5a18fa0df2e118075bdcb410eff7eb9158f4","isMergeCommit":true,"messageTitle":"Merge pull request #22 from SomneelSaha2004/AddAboutUs","messageBody":"AddAboutUs","fileTypesAndContributionMap":{}},{"hash":"484cc651a85b10aff729d97aefe95ca274bbc39c","isMergeCommit":false,"messageTitle":"Revert \"Add Remark Command\"","messageBody":"This reverts commit 972f0a85cfea8a85b2775855e1efbae3921fb1cc.\n","fileTypesAndContributionMap":{"functional-code":{"insertions":53,"deletions":288},"test-code":{"insertions":90,"deletions":114}}},{"hash":"7eff8c2000bcafc4c1cf371152a6860a2d7199dd","isMergeCommit":false,"messageTitle":"Rectify Checkstyle Errors","messageBody":"","fileTypesAndContributionMap":{"docs":{"insertions":2,"deletions":11}}},{"hash":"a7f8448d5c35e0b3dbf34c545ed083e32de1398f","isMergeCommit":false,"messageTitle":"Rectify Checkstyle Errors and Tests","messageBody":"","fileTypesAndContributionMap":{"functional-code":{"insertions":0,"deletions":1},"test-code":{"insertions":0,"deletions":7}}}]},{"date":"2025-03-09T00:00:00","commitResults":[{"hash":"2521fe168171d4377185e31daf008f0b2ac086b6","isMergeCommit":false,"messageTitle":"Save progress on edit","messageBody":"","fileTypesAndContributionMap":{"docs":{"insertions":35,"deletions":9}}},{"hash":"1dc87b867fa209473f002167feed6847efe20bd9","isMergeCommit":false,"messageTitle":"Update DG\u0027s User stories and Use Cases","messageBody":"","fileTypesAndContributionMap":{"docs":{"insertions":106,"deletions":31}}}]},{"date":"2025-03-12T00:00:00","commitResults":[{"hash":"ec37cfeb378af259a221dbac8483ada933e397c6","isMergeCommit":false,"messageTitle":"Rectify minor details in wording and phrasing","messageBody":"","fileTypesAndContributionMap":{"docs":{"insertions":38,"deletions":38}}}]},{"date":"2025-03-15T00:00:00","commitResults":[{"hash":"b1c5e05f29be7c7593c3f8c96879849e18a947b1","isMergeCommit":true,"messageTitle":"Merge pull request #52 from noahang/Update-UI-Addsport","messageBody":"Update UI addsport\n-In future could add css to style the gui for sport","fileTypesAndContributionMap":{}},{"hash":"34ffa58588232ed54a20a094dbd1dca9de6b0cd4","isMergeCommit":false,"messageTitle":"Save progress","messageBody":"","fileTypesAndContributionMap":{"functional-code":{"insertions":6,"deletions":4}}},{"hash":"233ef00add6e20316a203854547f50a2b07b618a","isMergeCommit":false,"messageTitle":"Save Progress","messageBody":"","fileTypesAndContributionMap":{"functional-code":{"insertions":100,"deletions":21},"test-code":{"insertions":112,"deletions":47}}},{"hash":"b3c576dc1ee8d6e00fa872572f4dd4fb8b1aaef8","isMergeCommit":false,"messageTitle":"Rectify Merge Conflict","messageBody":"","fileTypesAndContributionMap":{"functional-code":{"insertions":5,"deletions":7}}},{"hash":"7c5cd73bc9cee328b65ea8e74a9bbe78f8bfa5ab","isMergeCommit":false,"messageTitle":"Update minor details","messageBody":"","fileTypesAndContributionMap":{"functional-code":{"insertions":0,"deletions":18}}},{"hash":"d105994d9366310138f4c2500798ebc50d66dd77","isMergeCommit":false,"messageTitle":"Save progress","messageBody":"","fileTypesAndContributionMap":{"test-code":{"insertions":8,"deletions":0}}},{"hash":"bf14a186a5586dc252fe2a85587976efc5f8bf17","isMergeCommit":false,"messageTitle":"Rectify minor issue with rebase","messageBody":"","fileTypesAndContributionMap":{"functional-code":{"insertions":20,"deletions":0},"test-code":{"insertions":1,"deletions":9}}}]},{"date":"2025-03-16T00:00:00","commitResults":[{"hash":"297b0e893ec1923d2a0d3e65635d68ce1fd0edfb","isMergeCommit":false,"messageTitle":"Add testcases for delete sport","messageBody":"","fileTypesAndContributionMap":{"test-code":{"insertions":234,"deletions":0}}},{"hash":"e56d0a655693dd286d6d2b1308a94e03d8805087","isMergeCommit":false,"messageTitle":"Update testcase","messageBody":"","fileTypesAndContributionMap":{"test-code":{"insertions":3,"deletions":0}}}]},{"date":"2025-03-17T00:00:00","commitResults":[{"hash":"169c682261a1c68572ea890d461c8e40f4595583","isMergeCommit":true,"messageTitle":"Merge pull request #60 from gohlucas/DeleteSport-Test","messageBody":"DeleteSport Test v1, reviewed and subsequently rectified updates required ","fileTypesAndContributionMap":{}},{"hash":"7489edd0df11b571cd9606f010e7c9b4b51852c9","isMergeCommit":true,"messageTitle":"Merge pull request #61 from darHH/minor-changes","messageBody":"Minor changes to README","tags":["v1.0"],"fileTypesAndContributionMap":{}}]},{"date":"2025-03-19T00:00:00","commitResults":[{"hash":"ef387a0d469135fe568ea3925e5de56b742466d6","isMergeCommit":false,"messageTitle":"FindSports command","messageBody":"","fileTypesAndContributionMap":{"functional-code":{"insertions":167,"deletions":0}}},{"hash":"51105946e2779e5413e076e532b8b98e37e77278","isMergeCommit":false,"messageTitle":"Rectify issues in SportContainsKeywordsPredicate Equals Method","messageBody":"","fileTypesAndContributionMap":{"functional-code":{"insertions":3,"deletions":2}}}]},{"date":"2025-03-21T00:00:00","commitResults":[{"hash":"e25d017527d9a4b75f3c2f6b56469ec0dab59630","isMergeCommit":true,"messageTitle":"Merge pull request #80 from noahang/master","messageBody":"Bug fix","tags":["v1.3.1"],"fileTypesAndContributionMap":{}}]},{"date":"2025-03-25T00:00:00","commitResults":[{"hash":"cbcd11447625b729401c8dd9ef188196a8d14ae1","isMergeCommit":true,"messageTitle":"Merge pull request #91 from SomneelSaha2004/UserGuide","messageBody":"User guide","fileTypesAndContributionMap":{}},{"hash":"71f998cc72022b893f2a120b21c4ca614c3901f3","isMergeCommit":true,"messageTitle":"Merge pull request #90 from darHH/v1.4-create-groups","messageBody":"Add Group field","fileTypesAndContributionMap":{}}]},{"date":"2025-03-26T00:00:00","commitResults":[{"hash":"fbb58772d0769f6e7c06fb1a38f964e2f98eb813","isMergeCommit":false,"messageTitle":"Save progress","messageBody":"","fileTypesAndContributionMap":{"other":{"insertions":9,"deletions":0}}},{"hash":"f36b9068bafe3334a9fa2fe5429f25dbdaa403a0","isMergeCommit":false,"messageTitle":"Fix AddGroupCommand","messageBody":"","fileTypesAndContributionMap":{"functional-code":{"insertions":278,"deletions":41},"other":{"insertions":1,"deletions":1},"test-code":{"insertions":16,"deletions":1}}},{"hash":"e5060788108baa2980e376b31b0241b35fa16ccb","isMergeCommit":false,"messageTitle":"Commit rest of changes","messageBody":"","fileTypesAndContributionMap":{"functional-code":{"insertions":16,"deletions":7}}},{"hash":"6b5f536c26e7e080f80e126573b794d15e845452","isMergeCommit":false,"messageTitle":"DeleteGroupCommand","messageBody":"","fileTypesAndContributionMap":{"functional-code":{"insertions":100,"deletions":0}}},{"hash":"e0dcb0e6b568e9c5a3a8d6fe7163b4bce1d8726b","isMergeCommit":false,"messageTitle":"Updated StorageClassDiagram.puml","messageBody":"","fileTypesAndContributionMap":{"docs":{"insertions":3,"deletions":0}}}]},{"date":"2025-03-27T00:00:00","commitResults":[{"hash":"fce6e44b98374b40d272f9fe7a81b5a5188d6dc2","isMergeCommit":false,"messageTitle":"Add Ui for Group to be displayed beside list of persons","messageBody":"","fileTypesAndContributionMap":{"functional-code":{"insertions":225,"deletions":33}}},{"hash":"66152798cce07c3192ea12ac53dff9dd51a6b0ab","isMergeCommit":true,"messageTitle":"Merge pull request #96 from noahang/findsport-with-distance-sort","messageBody":"Findsport with distance sort","fileTypesAndContributionMap":{}},{"hash":"daaab65aff6696e181656a7911de8bded170ee0c","isMergeCommit":true,"messageTitle":"Merge pull request #93 from gohlucas/PlantUML-Update","messageBody":"Plant uml update","fileTypesAndContributionMap":{}},{"hash":"6adcb6c537e06c53867b5837469fb2cf090efe72","isMergeCommit":false,"messageTitle":"Enable Assertions","messageBody":"","fileTypesAndContributionMap":{"other":{"insertions":4,"deletions":0}}},{"hash":"38f9384e7e1fe8706812dbf1a5544aedf59a8d77","isMergeCommit":true,"messageTitle":"Merge pull request #97 from gohlucas/EnableAssertions","messageBody":"Enable Assertions","tags":["v1.4"],"fileTypesAndContributionMap":{}}]},{"date":"2025-04-01T00:00:00","commitResults":[{"hash":"92d89fd9122286ce20e9451ba02e4e9924c52c4e","isMergeCommit":false,"messageTitle":"Add check to ensure user cannot delete sport if only 1 sport left","messageBody":"","fileTypesAndContributionMap":{"functional-code":{"insertions":7,"deletions":0}}},{"hash":"ceab91cf155d38d28255583d4a22d48cdc4f0b0a","isMergeCommit":false,"messageTitle":"Implemen AddMember Functionality, yet to solve sorting","messageBody":"","fileTypesAndContributionMap":{"functional-code":{"insertions":201,"deletions":0},"test-code":{"insertions":5,"deletions":0}}},{"hash":"826cb344c5e6b3c858ec781525326b9b016f43d5","isMergeCommit":false,"messageTitle":"Add checks for people with same first name and sort function for group list","messageBody":"","fileTypesAndContributionMap":{"functional-code":{"insertions":77,"deletions":5},"test-code":{"insertions":14,"deletions":1}}}]},{"date":"2025-04-03T00:00:00","commitResults":[{"hash":"3895de3b0d698a438e199240c1a8b01442266882","isMergeCommit":false,"messageTitle":"Fix message issues and minor bugs","messageBody":"","fileTypesAndContributionMap":{"functional-code":{"insertions":32,"deletions":18}}},{"hash":"1bba79862a5f1213b28bc9e7649dc2641e7e7411","isMergeCommit":true,"messageTitle":"Merge pull request #158 from darHH/v1.5-userguide","messageBody":"V1.5 Improvements to User Guide","fileTypesAndContributionMap":{}},{"hash":"3503ea1be462c184766fda8f9799fa5aa1b8bcd2","isMergeCommit":false,"messageTitle":"Fix checkstyle","messageBody":"","fileTypesAndContributionMap":{"functional-code":{"insertions":0,"deletions":1}}},{"hash":"437a4bb0aa497c81dd9a9ceeb65e313df562c575","isMergeCommit":false,"messageTitle":"Add to UG and DG","messageBody":"","fileTypesAndContributionMap":{"docs":{"insertions":22,"deletions":93}}},{"hash":"2b4f2b163cbad9e7819324ee81cc957ddecdd7b1","isMergeCommit":false,"messageTitle":"Fix name change","messageBody":"","fileTypesAndContributionMap":{"docs":{"insertions":3,"deletions":3}}},{"hash":"5aae22196f58351d5ecdfde684f31bcb452a5fa0","isMergeCommit":false,"messageTitle":"Save adition of GameBuilder","messageBody":"","fileTypesAndContributionMap":{"functional-code":{"insertions":8,"deletions":0},"test-code":{"insertions":327,"deletions":73}}},{"hash":"754e060141b7f61d3fc0309ecfdd9b1415f931fb","isMergeCommit":true,"messageTitle":"Merge branch \u0027master\u0027 into UG-DG","messageBody":"","fileTypesAndContributionMap":{}},{"hash":"9c46770ab3b9007dc919137a4600099208614e2a","isMergeCommit":false,"messageTitle":"Testing","messageBody":"","fileTypesAndContributionMap":{"functional-code":{"insertions":22,"deletions":2},"test-code":{"insertions":202,"deletions":1}}}]},{"date":"2025-04-04T00:00:00","commitResults":[{"hash":"0b0d672016ff9882e0cea489b73f3e377ae88128","isMergeCommit":false,"messageTitle":"Fix UG and reintroduce deletesport for person","messageBody":"","fileTypesAndContributionMap":{"functional-code":{"insertions":168,"deletions":43},"docs":{"insertions":24,"deletions":23},"test-code":{"insertions":5,"deletions":5}}},{"hash":"7ca7c6c3f4dbed7977a9052f44f644e21125a22e","isMergeCommit":false,"messageTitle":"Fix Checkstyle","messageBody":"","fileTypesAndContributionMap":{"docs":{"insertions":4,"deletions":5}}},{"hash":"516784dee65677b546f495bfa564599bec563d9f","isMergeCommit":false,"messageTitle":"Testing","messageBody":"","fileTypesAndContributionMap":{"functional-code":{"insertions":9,"deletions":18},"test-code":{"insertions":187,"deletions":192}}}]},{"date":"2025-04-05T00:00:00","commitResults":[{"hash":"b11ba108607cf799879a0181a939716823503695","isMergeCommit":false,"messageTitle":"fix toc hyperlinks","messageBody":"","fileTypesAndContributionMap":{"docs":{"insertions":16,"deletions":16}}},{"hash":"e0d8ee692e4a9bc903fb6305c15244d2f1ffe724","isMergeCommit":false,"messageTitle":"Fix deletesport validation and Bugs in UG","messageBody":"","fileTypesAndContributionMap":{"functional-code":{"insertions":12,"deletions":3},"docs":{"insertions":20,"deletions":18}}},{"hash":"c37efbeba35b3164e8585b6002bd7f5cf7fff4d1","isMergeCommit":false,"messageTitle":"Fix Bugs","messageBody":"","fileTypesAndContributionMap":{"functional-code":{"insertions":14,"deletions":8},"docs":{"insertions":42,"deletions":12}}},{"hash":"6083bbf0c2239070118df58afbef645458db6f01","isMergeCommit":false,"messageTitle":"Fix test","messageBody":"","fileTypesAndContributionMap":{"test-code":{"insertions":1,"deletions":1}}},{"hash":"52d79a85d3bfc89c54bde8c7d85773d15c0080aa","isMergeCommit":false,"messageTitle":"Fix checkstyle","messageBody":"","fileTypesAndContributionMap":{"test-code":{"insertions":2,"deletions":1}}},{"hash":"fed9ac27fccc04030173c9d06d198382d8a9a05c","isMergeCommit":true,"messageTitle":"Merge pull request #244 from gohlucas/Guides-BugFix","messageBody":"Bug Fix and remedy for Addsport/Deletesport issues ","fileTypesAndContributionMap":{}},{"hash":"0a0c862c6456df2814902e56bae2dbce68ae2b28","isMergeCommit":false,"messageTitle":"Polish commands for deletesport","messageBody":"","fileTypesAndContributionMap":{"functional-code":{"insertions":5,"deletions":5}}},{"hash":"cef043420492df1edf51e687824508c5f3d18cb0","isMergeCommit":true,"messageTitle":"Merge pull request #245 from gohlucas/Guides-BugFix","messageBody":"Guides bug fix","fileTypesAndContributionMap":{}},{"hash":"6180136b4f8b2c803c366de31e5ab9befcf7d0d3","isMergeCommit":false,"messageTitle":"Add personal .md file","messageBody":"","fileTypesAndContributionMap":{"docs":{"insertions":34,"deletions":25}}},{"hash":"62afa8ab931a806694cd95c144f6685e125906b8","isMergeCommit":false,"messageTitle":"Update Name of md files to match tP requirements","messageBody":"","fileTypesAndContributionMap":{"docs":{"insertions":3,"deletions":3}}},{"hash":"4dec2760ed50fa5562693020dffcafe30e38e1e0","isMergeCommit":true,"messageTitle":"Merge pull request #246 from gohlucas/mdFile","messageBody":"Add personal .md file","fileTypesAndContributionMap":{}},{"hash":"cebc61b08a3d96ec1592dc13f63f2d9873615657","isMergeCommit":false,"messageTitle":"Save changes","messageBody":"","fileTypesAndContributionMap":{"docs":{"insertions":197,"deletions":30}}}]},{"date":"2025-04-06T00:00:00","commitResults":[{"hash":"1f2b100a115a5d67602ec427b6884e65aca056a9","isMergeCommit":false,"messageTitle":"Fix DG","messageBody":"","fileTypesAndContributionMap":{"functional-code":{"insertions":6,"deletions":16},"docs":{"insertions":242,"deletions":42},"test-code":{"insertions":11,"deletions":1}}},{"hash":"38bc7e68ec16fe8b4a0111efa221e3ae09c03882","isMergeCommit":false,"messageTitle":"Fix checkstyle","messageBody":"","fileTypesAndContributionMap":{"functional-code":{"insertions":0,"deletions":2}}},{"hash":"6f42b9455a776e2a8ab8a2d9c46add52239aa04f","isMergeCommit":false,"messageTitle":"Fix checkstyle","messageBody":"","fileTypesAndContributionMap":{"docs":{"insertions":8,"deletions":12}}},{"hash":"09f50c1a8106a9581b9b52b8a665e2204c8beda5","isMergeCommit":false,"messageTitle":"Fix Checkstyle","messageBody":"","fileTypesAndContributionMap":{"docs":{"insertions":46,"deletions":41}}},{"hash":"c8cfa6c53ac1822f5d748148a0da1c1638d459b7","isMergeCommit":false,"messageTitle":"Fix checkstyle","messageBody":"","fileTypesAndContributionMap":{"docs":{"insertions":4,"deletions":5}}},{"hash":"b5b862949ed06d4734cf33da6126b5bd6ddb6af5","isMergeCommit":true,"messageTitle":"Merge branch \u0027master\u0027 into DG-reinsert-glossary-and-others","messageBody":"","fileTypesAndContributionMap":{}},{"hash":"fc6e14bf0b35ad48dbe845ae6418956c4b3c5f1e","isMergeCommit":true,"messageTitle":"Merge pull request #248 from gohlucas/DG-reinsert-glossary-and-others","messageBody":"Update DG to reflect previously deleted stuff","fileTypesAndContributionMap":{}},{"hash":"9cdcbe51523b83c61612342b68a2904cd0bcc58c","isMergeCommit":true,"messageTitle":"Merge pull request #169 from gohlucas/Testcase","messageBody":"Testing","fileTypesAndContributionMap":{}},{"hash":"b183d7337c3513cc58b0fb2b1bb0ae904e7df2b0","isMergeCommit":false,"messageTitle":"Save changes for MultiPrefixSport","messageBody":"","fileTypesAndContributionMap":{"functional-code":{"insertions":10,"deletions":1}}},{"hash":"b404ddd4bd01e53a69de6f8c102321eaf915344f","isMergeCommit":false,"messageTitle":"Fix addgame Prefix","messageBody":"","fileTypesAndContributionMap":{"functional-code":{"insertions":2,"deletions":7}}},{"hash":"b30c600c7f00f297dfa9b1e77f74854edac0e8b8","isMergeCommit":false,"messageTitle":"Fix checkstyle","messageBody":"","fileTypesAndContributionMap":{"docs":{"insertions":5,"deletions":5}}},{"hash":"eca701cb0f52e362893cfdc841cce2dfd1f68a0e","isMergeCommit":true,"messageTitle":"Merge pull request #257 from gohlucas/Bugss","messageBody":"Save changes for MultiPrefixSport ","fileTypesAndContributionMap":{}},{"hash":"1ccb3117ce098491faf0853784a4d6e00afe873b","isMergeCommit":false,"messageTitle":"Fix edit index issue","messageBody":"","fileTypesAndContributionMap":{"functional-code":{"insertions":2,"deletions":1},"test-code":{"insertions":1,"deletions":0}}},{"hash":"c6ec56e2ce0eff1e159d201580f064c577eb5231","isMergeCommit":false,"messageTitle":"Fix at least 1 edit","messageBody":"","fileTypesAndContributionMap":{"functional-code":{"insertions":5,"deletions":3}}},{"hash":"9fb0925d75fec30fb2782702f99d608395247450","isMergeCommit":false,"messageTitle":"Checkstyle and fix edit","messageBody":"","fileTypesAndContributionMap":{"functional-code":{"insertions":5,"deletions":2},"test-code":{"insertions":8,"deletions":10}}},{"hash":"6aca5e5642547be5b2abe4359cd1a8787ee0795c","isMergeCommit":false,"messageTitle":"Fix Help Message","messageBody":"","fileTypesAndContributionMap":{"functional-code":{"insertions":1,"deletions":1}}},{"hash":"bb8f92ca4cb3967a7f0b2100680f60468f48ffa3","isMergeCommit":true,"messageTitle":"Merge pull request #261 from gohlucas/FixEDit","messageBody":"Fix edit index issue","fileTypesAndContributionMap":{}},{"hash":"b28010fcc7d4f1c8fee037608c0e8e4694ee070b","isMergeCommit":false,"messageTitle":"Fix Invalid Msg","messageBody":"","fileTypesAndContributionMap":{"functional-code":{"insertions":1,"deletions":1}}},{"hash":"a11c8acb8be6ec7d10b030f8138ff9d3c9976d72","isMergeCommit":true,"messageTitle":"Merge pull request #265 from gohlucas/AddMemberCommand","messageBody":"Fix Invalid Msg","fileTypesAndContributionMap":{}}]},{"date":"2025-04-07T00:00:00","commitResults":[{"hash":"4428550f0da3a0430d93482969299facaf6a5aa9","isMergeCommit":false,"messageTitle":"Add log and assert","messageBody":"","fileTypesAndContributionMap":{"functional-code":{"insertions":2,"deletions":0}}},{"hash":"98ba56ff6ef9171744430c91b277900c8337c82f","isMergeCommit":true,"messageTitle":"Merge pull request #268 from gohlucas/Logging","messageBody":"Add log and assert","fileTypesAndContributionMap":{}},{"hash":"5fbeeac4264e1cf121d1d6292fc7ed6528898c31","isMergeCommit":false,"messageTitle":"Fix TOC","messageBody":"","fileTypesAndContributionMap":{"docs":{"insertions":14,"deletions":14}}},{"hash":"7b8fec96b3a0e9cfc307ac6c86830620d46c1e2b","isMergeCommit":true,"messageTitle":"Merge pull request #269 from gohlucas/UG-TOC","messageBody":"Fix TOC","fileTypesAndContributionMap":{}},{"hash":"f5422f925acb1c6082e78339dbc0f9a0f3cd6874","isMergeCommit":false,"messageTitle":"Fix toc","messageBody":"","fileTypesAndContributionMap":{"docs":{"insertions":8,"deletions":8}}},{"hash":"0ff639a89139f46289488c46a9195a21f5daeb7b","isMergeCommit":true,"messageTitle":"Merge pull request #270 from gohlucas/UG-TOC","messageBody":"Fix toc","fileTypesAndContributionMap":{}},{"hash":"b2812362a7e83530695c84924dd33fb401684905","isMergeCommit":false,"messageTitle":"Modify TOC","messageBody":"","fileTypesAndContributionMap":{"docs":{"insertions":15,"deletions":22}}},{"hash":"f742c72b747a91b15f4ed498782b3620812b1afb","isMergeCommit":true,"messageTitle":"Merge pull request #271 from gohlucas/UG-TOC","messageBody":"Modify TOC","fileTypesAndContributionMap":{}},{"hash":"a7eb1b1d6bf7f7e70868879a4c1c038a5eca737d","isMergeCommit":false,"messageTitle":"Update UG to remove Table Tennis no space allowed","messageBody":"","fileTypesAndContributionMap":{"docs":{"insertions":0,"deletions":1}}},{"hash":"bb32c0e21d58262ac8daddb40323b958c605098f","isMergeCommit":true,"messageTitle":"Merge pull request #273 from gohlucas/UG-TOC","messageBody":"Update UG to remove Table Tennis no space allowed","fileTypesAndContributionMap":{}},{"hash":"7a39c0b4fbb4a93f32beda41f68a870cef38af31","isMergeCommit":false,"messageTitle":"Add link to guides on landing page","messageBody":"","fileTypesAndContributionMap":{"docs":{"insertions":1,"deletions":0}}},{"hash":"c7a1bb0b384bad559072e925702a2a0fc9b573c9","isMergeCommit":true,"messageTitle":"Merge pull request #275 from gohlucas/Index","messageBody":"Add link to guides on landing page","fileTypesAndContributionMap":{}},{"hash":"5277a4a98407af01df298fbab2b7285fd5071a0e","isMergeCommit":false,"messageTitle":"Fix pages","messageBody":"","fileTypesAndContributionMap":{"other":{"insertions":4,"deletions":4},"docs":{"insertions":42,"deletions":6}}},{"hash":"1272a655307e207680c73a6fe0084b087d102bfe","isMergeCommit":true,"messageTitle":"Merge pull request #276 from gohlucas/Index","messageBody":"Fix pages","fileTypesAndContributionMap":{}},{"hash":"ab8cc613b85ad8eafa35d711baa2b0741abc2792","isMergeCommit":false,"messageTitle":"Fix page","messageBody":"","fileTypesAndContributionMap":{"other":{"insertions":1,"deletions":1},"docs":{"insertions":1,"deletions":1}}},{"hash":"7111f294a15d10980e40f15188804e5e187c667c","isMergeCommit":true,"messageTitle":"Merge pull request #277 from gohlucas/Pages","messageBody":"Fix page","fileTypesAndContributionMap":{}}]}],"isaacchua0309":[{"date":"2025-03-07T00:00:00","commitResults":[{"hash":"e44e782ec39e20f81e9aa0d76f704400f211de3c","isMergeCommit":false,"messageTitle":"Add HelloCommand","messageBody":"","fileTypesAndContributionMap":{"functional-code":{"insertions":22,"deletions":0},"test-code":{"insertions":17,"deletions":0}}},{"hash":"af9b9910112ab795673620bcf428b8c32b759f48","isMergeCommit":false,"messageTitle":"Fix formatting issues in HelloCommand files","messageBody":"","fileTypesAndContributionMap":{"functional-code":{"insertions":1,"deletions":1},"test-code":{"insertions":2,"deletions":1}}},{"hash":"a163bc6d16808f1d7124eb5439de441e92124ab5","isMergeCommit":false,"messageTitle":"Add test for HelloCommand parsing to improve code coverage","messageBody":"","fileTypesAndContributionMap":{"test-code":{"insertions":7,"deletions":0}}},{"hash":"61a0c130a3ebcc6a508bc084523bd9d188d2dfa4","isMergeCommit":true,"messageTitle":"Merge master branch and resolve conflicts","messageBody":"","fileTypesAndContributionMap":{}},{"hash":"db88babbf7b044fa1ce345dce10bbd65ba3b8462","isMergeCommit":false,"messageTitle":"Add Isaac Chua to AboutUs and create portfolio page","messageBody":"","fileTypesAndContributionMap":{"docs":{"insertions":48,"deletions":1}}}]},{"date":"2025-03-14T00:00:00","commitResults":[{"hash":"8fc0ebea2edebb26d2626b51431dbda33706db96","isMergeCommit":false,"messageTitle":"test: add comprehensive test coverage for new sport functionality","messageBody":"- Added SportTest.java to validate:\n  - Constructor with valid/invalid inputs\n  - toString and equals methods\n- Updated ParserUtilTest.java to test:\n  - Parsing a single sport string\n  - Parsing a collection of sport strings\n  - Handling invalid sport inputs\n- Added AddSportCommandParserTest.java to cover:\n  - Parsing valid inputs\n  - Handling missing required fields and invalid values\n- Added AddSportCommandTest.java to ensure:\n  - Constructor validation\n  - Execution with valid inputs\n  - Handling duplicate sports and invalid indices\n  - equals method functionality\n- Updated AddressBookParserTest to include AddSportCommand parsing\n- Updated PersonTest to verify sport-related functionality:\n  - Retrieving sports\n  - Checking for a specific sport\n  - Adding a sport to a person\n- Updated PersonBuilder to support creating Person objects with sports\n\nAll tests are now passing, ensuring comprehensive coverage for the new sport functionality.\n","fileTypesAndContributionMap":{"test-code":{"insertions":376,"deletions":1}}},{"hash":"95890ad03fa30c68f763da2c291aa8ab87fb897b","isMergeCommit":false,"messageTitle":"Fixed checkstyle issues","messageBody":"","fileTypesAndContributionMap":{"test-code":{"insertions":27,"deletions":32}}},{"hash":"973273ee22c913780dac25f8f114e95177f07103","isMergeCommit":false,"messageTitle":"updated checks","messageBody":"","fileTypesAndContributionMap":{"docs":{"insertions":3,"deletions":5}}}]},{"date":"2025-03-15T00:00:00","commitResults":[{"hash":"9f35fa44e19e9fd346d8be64286829ee3e94afeb","isMergeCommit":true,"messageTitle":"Merge pull request #58 from SomneelSaha2004/master","messageBody":"Fix site header and add landing page","fileTypesAndContributionMap":{}}]},{"date":"2025-03-20T00:00:00","commitResults":[{"hash":"49a29f935ba036fbb830ff7366e41c8fac6b9e24","isMergeCommit":true,"messageTitle":"Merge pull request #77 from noahang/Update-AddCommand-PostalCode","messageBody":"Update add command postal code","fileTypesAndContributionMap":{}},{"hash":"af1218fd0b2a23b21072ccd9161542f2ff9028f7","isMergeCommit":true,"messageTitle":"Merge pull request #76 from darHH/v1.3-Test-findsport","messageBody":"V1.3 test findsport command and related classes","fileTypesAndContributionMap":{}},{"hash":"274ecbd7ac501ec85ab45d6794c2f515fb2934c9","isMergeCommit":false,"messageTitle":"feat: Implement comprehensive postal code handling and validation","messageBody":"This update ensures proper handling, validation, and formatting of postal codes throughout the application, addressing data integrity and preventing null reference errors. The changes include model updates, command enhancements, storage updates, and expanded test coverage.\n\n## Key Changes:\n- **Core Models**:\n  - Updated  and  classes for postal code handling\n  - Added validation and error messaging for postal codes in , , and\n\n- **Command and Parser Updates**:\n  - Enhanced , , and  to handle postal code input, validation, and parsing\n\n- **Data Handling**:\n  - Updated  to handle postal codes in JSON serialization and validation\n  - Modified test data to include postal codes\n\n- **Test Coverage**:\n  - Added tests for postal code validation, edge cases, and error handling across various test classes\n\n- **Code Quality**:\n  - Fixed checkstyle issues, including line length, trailing whitespace, and formatting inconsistencies\n\nThis update ensures that postal codes are consistently validated and handled across all relevant components of the application.\n","fileTypesAndContributionMap":{"functional-code":{"insertions":46,"deletions":8},"test-code":{"insertions":506,"deletions":45}}},{"hash":"25d218b1aa5145b953e477cbe1a10342719ca815","isMergeCommit":false,"messageTitle":"Fixed typo errors in comments and documentation","messageBody":"","fileTypesAndContributionMap":{"functional-code":{"insertions":30,"deletions":1},"test-code":{"insertions":8,"deletions":8}}}]},{"date":"2025-03-21T00:00:00","commitResults":[{"hash":"4daa5d3054a9c9c3bb6a87dc503ae88ac964d5d5","isMergeCommit":false,"messageTitle":"Implement theme switching and UI enhancements - 1) Theme Switching: Added light/dark toggle button, created LightTheme.css, implemented handleToggleTheme method, added theme state tracking. 2) Help Window: Extended theme support with applyTheme method, created theme-specific CSS files, improved positioning/sizing, enhanced copyUrl method. 3) Person List UI: Modern card layout with shadows/rounded corners, improved typography, visual hierarchy, and spacing. 4) Code Quality: Fixed Checkstyle violations in MainWindow.java and HelpWindow.java, fixed operator wrapping issues. 5) Integration: Ensured consistent theme application across all windows.","messageBody":"","fileTypesAndContributionMap":{"functional-code":{"insertions":1634,"deletions":148}}},{"hash":"bb9692a30d041f42cbf256a3946a3484782b9638","isMergeCommit":false,"messageTitle":"Fix Checkstyle issues and enhance UI/UX - Added theme switching system, improved help window, enhanced person list UI, and fixed code quality issues","messageBody":"","fileTypesAndContributionMap":{"functional-code":{"insertions":27,"deletions":27},"docs":{"insertions":2,"deletions":2}}},{"hash":"5241e93b8be6cbb18a59a414a99b9ed18004d104","isMergeCommit":false,"messageTitle":"Fix newline at EOF issues in CSS files","messageBody":"","fileTypesAndContributionMap":{"functional-code":{"insertions":3,"deletions":3}}}]},{"date":"2025-03-24T00:00:00","commitResults":[{"hash":"018585c3d1cf7c071dc76eb78db146dc77df0aa1","isMergeCommit":true,"messageTitle":"Merge pull request #81 from isaacchua0309/UIUX-improvements","messageBody":"Implement theme switching and UI enhancements ","fileTypesAndContributionMap":{}},{"hash":"d7173e0224a91cedcc7738ea42f9085c796cd06c","isMergeCommit":false,"messageTitle":"Implement SportList and improve code quality","messageBody":"This commit includes several significant improvements:\n\n1. Sport-related changes:\n\n   - Implemented SportList class for better encapsulation of sports data\n\n   - Fixed Person.getSportList() to return a defensive copy\n\n   - Fixed tests to account for SportList implementation\n\n   - Updated PersonTest for proper immutability testing\n\n2. Code quality fixes:\n\n   - Fixed Javadoc HTML tag escaping in EditCommand.java\n\n   - Removed trailing whitespace in SportList.java\n\n   - Ensured proper file endings\n\n3. UI/UX improvements:\n\n   - Modified MainWindow.java to prevent Help window from automatically opening when toggling dark mode\n\n   - Help window now only updates theme if already open\n\nTesting:\n\n   - All tests passing after fixes\n\n   - Added SportListTest for proper test coverage\n\n   - Fixed tests to work with the new implementation\n","fileTypesAndContributionMap":{"functional-code":{"insertions":278,"deletions":61},"test-code":{"insertions":186,"deletions":30}}},{"hash":"b5293cadc3162d404a74fd6ab7a729f264163109","isMergeCommit":false,"messageTitle":"Fix checkstyle issues in SportListTest.java","messageBody":"","fileTypesAndContributionMap":{"test-code":{"insertions":123,"deletions":1}}}]},{"date":"2025-03-25T00:00:00","commitResults":[{"hash":"32f094cf8adee50f52af26911d0d19d176e276f5","isMergeCommit":false,"messageTitle":"Update FindCommand and FindSportCommand to integrate with SportList class","messageBody":"","fileTypesAndContributionMap":{"functional-code":{"insertions":30,"deletions":18}}},{"hash":"3a362854832ff896f39b8cb86104b8e53a8a521c","isMergeCommit":false,"messageTitle":"Add comprehensive tests for SportList integration and FindCommand improvements","messageBody":"","fileTypesAndContributionMap":{"test-code":{"insertions":142,"deletions":4}}},{"hash":"501e7996d4a4953252023dff3aa3923dc50557a1","isMergeCommit":false,"messageTitle":"Fix checkstyle issues and missing @Test annotations in test files","messageBody":"","fileTypesAndContributionMap":{"test-code":{"insertions":10,"deletions":10}}}]},{"date":"2025-04-02T00:00:00","commitResults":[{"hash":"2af035424aa959266f20080d89e8602b70acea5d","isMergeCommit":false,"messageTitle":"\u003cthink\u003eI need to create a comprehensive commit message that details all the changes made to the help window implementation and its testing. Let me summarize what we\u0027ve done:","messageBody":"1. HelpWindow.fxml changes:\n   - Added new commands such as hello, addgroup, addmember, addsport, findsport, findsportbydistance, deletegroup, deletesport\n   - Removed non-existent commands (history, undo, redo)\n   - Updated examples and formatting\n\n2. HelpCommand.java changes:\n   - Added equals() method for proper object comparison in tests\n   - Fixed whitespace issues\n\n3. Test improvements:\n   - Enhanced HelpCommandTest.java with comprehensive unit tests\n   - Created HelpWindowTest.java with disabled UI tests\n   - Created HelpWindowIntegrationTest.java for integration testing\n   - Fixed AddressBookParserTest.java help command tests\n\nAll these changes were meant to ensure the help window properly reflects all available commands and that the testing is comprehensive.\u003c/think\u003e# Enhance HelpWindow and implement comprehensive testing framework\n\nThis commit makes significant improvements to the help window functionality and introduces a robust testing framework to ensure its reliability.\n\n## HelpWindow Command Documentation Updates\n\n- **Updated command display**: Ensured all available commands are accurately represented in the HelpWindow.fxml\n- **Added new commands**:\n  - : Simple greeting command\n  - : For creating new contact groups\n  - : For adding contacts to groups\n  - : For adding sport information\n  - : For searching sports facilities\n  - : For finding sports sorted by distance\n  - : For removing groups\n  - : For removing sport information\n- **Removed non-existent commands**:\n  - Removed  1504  rm -rf ~/.gradle/caches/\n 1505  gradle build --info\n 1506  ping -c 3 google.com\n 1507  git branch helpEdits\n 1508  git checkout helpEdits\n 1509  gralde test\n 1510  gradle build\n 1511  gradle build\n 1512  gradle build\n 1513  gradle build\n 1514  gradle run\n 1515  git add .\n 1516  git add .\n 1517  gradle run\n 1518  gradle run\n 1519  git add ., , and  commands that were in the help window but not implemented in the codebase\n- **Improved command examples**: Updated with more relevant, concise usage examples\n\n## Command Implementation Improvements\n\n- **Fixed HelloCommand**: Added HelloCommand to the AddressBookParser to make it functional\n- **Enhanced HelpCommand**: Implemented equals() method to support proper object comparison in tests\n- **Code quality**: Fixed formatting and whitespace issues\n\n## Test Framework Enhancements\n\n- **HelpCommandTest improvements**:\n  - Added unit tests for execute() method behavior\n  - Added equals() method testing\n  - Added verification of command constants and message formats\n  - Added model state verification to ensure immutability during help command execution\n\n- **New HelpWindowTest**:\n  - Added basic UI testing structure\n  - Included disabled tests with appropriate annotations for UI components that require JavaFX initialization\n  - Implemented tests for command result verification\n\n- **New HelpWindowIntegrationTest**:\n  - Added integration tests with LogicManager\n  - Added tests for various input formats (exact match, with whitespace, with arguments)\n  - Added error handling tests for invalid commands\n  - Implemented appropriate test configuration with mock file paths\n\n- **Enhanced AddressBookParserTest**:\n  - Improved parsing tests for help command variations\n  - Fixed case sensitivity handling in tests\n\nThese changes ensure that the help functionality is properly documented, fully functional, and comprehensively tested, providing users with accurate guidance on available commands.\n","fileTypesAndContributionMap":{"functional-code":{"insertions":98,"deletions":27},"test-code":{"insertions":209,"deletions":0}}},{"hash":"48f6c49f06ab20c1d804928e87041e0543281be2","isMergeCommit":false,"messageTitle":"Added Userguide Edits based on UG comments and coslutation","messageBody":"","fileTypesAndContributionMap":{"docs":{"insertions":379,"deletions":139}}},{"hash":"c00affb9d60e3773920d5bbe69f50dd5131647ca","isMergeCommit":false,"messageTitle":"Added UG updates","messageBody":"","fileTypesAndContributionMap":{"docs":{"insertions":2,"deletions":2}}},{"hash":"c5798206ebeca4866bdb49f78f2a3e163c919ab4","isMergeCommit":false,"messageTitle":"UPDATE userguide with suggestions and images","messageBody":"","fileTypesAndContributionMap":{"docs":{"insertions":376,"deletions":139}}},{"hash":"8da2e073481c538f08abfca5a092a2b431b28020","isMergeCommit":false,"messageTitle":"corrected whitespace error","messageBody":"","fileTypesAndContributionMap":{"docs":{"insertions":13,"deletions":13}}},{"hash":"9bd93db5f8e6762db0af574ee7688f423bd658b5","isMergeCommit":false,"messageTitle":"Added changes to ensure consistency with the UG","messageBody":"","fileTypesAndContributionMap":{"functional-code":{"insertions":129,"deletions":115}}},{"hash":"3c65af74daa2d779377785487508608744deed84","isMergeCommit":false,"messageTitle":"Edited whitespace error","messageBody":"","fileTypesAndContributionMap":{"functional-code":{"insertions":2,"deletions":2}}},{"hash":"e0e7423aed0dbc23e73540080b740984bc88d1c2","isMergeCommit":false,"messageTitle":"edit checkstyle","messageBody":"","fileTypesAndContributionMap":{"functional-code":{"insertions":4,"deletions":2}}},{"hash":"0b2507ca765ff11c63a90532b9aa820400a8251b","isMergeCommit":true,"messageTitle":"Merge pull request #142 from SomneelSaha2004/RefactorToGame","messageBody":"Refactor to game","fileTypesAndContributionMap":{}},{"hash":"bdbcb51617ede5773034f2fd178337d5ba977555","isMergeCommit":false,"messageTitle":"Trailing whitespace error","messageBody":"","fileTypesAndContributionMap":{"functional-code":{"insertions":2,"deletions":2}}},{"hash":"998fd04958bd8c891db5f3369e21ae53b524c4e0","isMergeCommit":true,"messageTitle":"Merge changes from origin/master","messageBody":"","fileTypesAndContributionMap":{}},{"hash":"74c08dff761e3c3e37857e89beed3a14ff28812b","isMergeCommit":true,"messageTitle":"Merge master into UG-update, keeping our UserGuide.md","messageBody":"","fileTypesAndContributionMap":{}},{"hash":"dfb432ad0e117799d055c11e6549d9de7adc7df6","isMergeCommit":false,"messageTitle":"Commit Message:","messageBody":"UI Styling and Theme Management Enhancements\nFixed issues related to incorrect or unsupported styling attributes that caused load errors.\n\nRefined the structure of styling across FXML, Java, and CSS for better consistency and maintainability.\n\nImproved theme application logic to ensure reliable transitions between dark and light modes.\n\nEliminated unwanted borders and visual inconsistencies, particularly in dark mode.\n\nEnhanced separation of concerns by assigning responsibilities clearly between FXML (structure), CSS (visuals), and Java (dynamic styling).\n","fileTypesAndContributionMap":{"functional-code":{"insertions":608,"deletions":251},"other":{"insertions":19,"deletions":0}}},{"hash":"c659f30cb91a6d0f4043ac974dfe032239529a1b","isMergeCommit":false,"messageTitle":"checkstyle","messageBody":"","fileTypesAndContributionMap":{"other":{"insertions":1,"deletions":1},"docs":{"insertions":2,"deletions":2}}}]},{"date":"2025-04-03T00:00:00","commitResults":[{"hash":"259d09dfe5c9ae9c9ac2caa73e58a65fc4ea4c3e","isMergeCommit":true,"messageTitle":"Merge pull request #161 from noahang/Create-Sport-Command","messageBody":"Add create sport command","fileTypesAndContributionMap":{}},{"hash":"5a6856d830631cb7572fe9ec721fb7e3b4c206f8","isMergeCommit":false,"messageTitle":"Fixed sport list and UIUX changes","messageBody":"","fileTypesAndContributionMap":{"functional-code":{"insertions":775,"deletions":432},"other":{"insertions":52,"deletions":1},"docs":{"insertions":154,"deletions":181},"test-code":{"insertions":1300,"deletions":610}}},{"hash":"721e970812d0652af4441ca69d5e1f1894ce030d","isMergeCommit":false,"messageTitle":"Fixed sport list and UIUX changes","messageBody":"","fileTypesAndContributionMap":{"functional-code":{"insertions":3,"deletions":2},"other":{"insertions":4,"deletions":4},"docs":{"insertions":2,"deletions":2}}},{"hash":"3f6f5db1a4d690395c428d14495137639d354829","isMergeCommit":false,"messageTitle":"Fixed sport list and UIUX changes","messageBody":"","fileTypesAndContributionMap":{"functional-code":{"insertions":1,"deletions":2},"other":{"insertions":1,"deletions":1}}},{"hash":"0959410734ae20ce399b4cbf8ab73ab013797894","isMergeCommit":true,"messageTitle":"Merge branch \u0027master\u0027 into tests","messageBody":"","fileTypesAndContributionMap":{}},{"hash":"6c364d294b8a466a21a56aa8818d50bd4d763bdc","isMergeCommit":false,"messageTitle":"Fixed sport list and UIUX changes","messageBody":"","fileTypesAndContributionMap":{"functional-code":{"insertions":1,"deletions":1}}},{"hash":"12dba372987ceb01129e95de91dbdee19d42c0d4","isMergeCommit":true,"messageTitle":"Merge pull request #162 from isaacchua0309/tests","messageBody":"Fixed sport list and UIUX changes","fileTypesAndContributionMap":{}}]}],"darHH":[{"date":"2025-02-27T00:00:00","commitResults":[{"hash":"3e2ff496f90e01da5cafac7c832998f29f110cc4","isMergeCommit":false,"messageTitle":"Update AboutUs page","messageBody":"","fileTypesAndContributionMap":{"docs":{"insertions":6,"deletions":6}}},{"hash":"d3fd3a6b290f0e72ba98465a32c14cde12ec7776","isMergeCommit":true,"messageTitle":"Merge branch \u0027v1.1-Update-AboutUS-page\u0027","messageBody":"","fileTypesAndContributionMap":{}},{"hash":"a3a1241ca77d9a0bdf1b5450d3550d9a04b8f5f9","isMergeCommit":false,"messageTitle":"Update AboutUs page","messageBody":"","fileTypesAndContributionMap":{"docs":{"insertions":2,"deletions":2}}},{"hash":"73049caf2fb258f8d0a248552b563b74de2a10d0","isMergeCommit":true,"messageTitle":"Merge branch \u0027v1.1-Update-AboutUS-page\u0027","messageBody":"","fileTypesAndContributionMap":{}}]},{"date":"2025-03-07T00:00:00","commitResults":[{"hash":"7cf8d778c605ca75dd776da56abbe4ff56320ae6","isMergeCommit":true,"messageTitle":"Merge pull request #14 from noahang/add-noahAng-info","messageBody":"Add Noah Info, AboutUs Page Noah","fileTypesAndContributionMap":{}},{"hash":"9a5ad1eaea9e7058fe3fe3fc2063a5bf85f56c69","isMergeCommit":true,"messageTitle":"Merge branch \u0027AY2425S2-CS2103T-F12-1:master\u0027 into master","messageBody":"","fileTypesAndContributionMap":{}},{"hash":"69d6ad13bd61d5c3b7590df842504f22de23d657","isMergeCommit":true,"messageTitle":"Merge branch \u0027master\u0027 of https://github.com/darHH/tp","messageBody":"","fileTypesAndContributionMap":{}},{"hash":"031ac7b232bddb340edaa593e79a5d87063180da","isMergeCommit":false,"messageTitle":"Work on A1 - add UI mockup","messageBody":"","fileTypesAndContributionMap":{"docs":{"insertions":1,"deletions":1}}}]},{"date":"2025-03-08T00:00:00","commitResults":[{"hash":"cd882eeba4f2407e1f265db0fb3125156a2f2c7d","isMergeCommit":true,"messageTitle":"Merge branch \u0027AY2425S2-CS2103T-F12-1:master\u0027 into master","messageBody":"","fileTypesAndContributionMap":{}},{"hash":"15d2e481f686391067a866810540b410bccf8f2b","isMergeCommit":true,"messageTitle":"Merge branch \u0027master\u0027 of https://github.com/darHH/tp into w7-A1-addUImockup","messageBody":"","fileTypesAndContributionMap":{}},{"hash":"b7d8db8ab6a34147f043da278e08aade53b6777a","isMergeCommit":true,"messageTitle":"Merge branch \u0027master\u0027 of https://github.com/darHH/tp","messageBody":"","fileTypesAndContributionMap":{}},{"hash":"130988dd0700c5c1e3dd1c5857f35d004bc27658","isMergeCommit":true,"messageTitle":"Merge pull request #34 from noahang/master","messageBody":"Cleaning up the mess from last night","fileTypesAndContributionMap":{}},{"hash":"d9409829d442927727f7a2cdf67e87059ebfda53","isMergeCommit":true,"messageTitle":"Merge branch \u0027AY2425S2-CS2103T-F12-1:master\u0027 into master","messageBody":"","fileTypesAndContributionMap":{}},{"hash":"49eeda9658c86c806baf17229aab5ecad17e39e6","isMergeCommit":true,"messageTitle":"Merge branch \u0027master\u0027 of https://github.com/darHH/tp","messageBody":"","fileTypesAndContributionMap":{}}]},{"date":"2025-03-09T00:00:00","commitResults":[{"hash":"83f26592937e0f3fad7a3440f30a6131848b2910","isMergeCommit":false,"messageTitle":"Add UI mockup and Developer Guide (W7)","messageBody":"","fileTypesAndContributionMap":{"docs":{"insertions":4,"deletions":2}}},{"hash":"15a3e8602a071b15602595e335635f23b0d9df37","isMergeCommit":true,"messageTitle":"Merge pull request #11 from SomneelSaha2004/master","messageBody":"Add Image for workflow","fileTypesAndContributionMap":{}},{"hash":"eed3bd5628e90261081c7fea540cd578bfde395a","isMergeCommit":false,"messageTitle":"FIx READme link to Ui.png","messageBody":"","fileTypesAndContributionMap":{"docs":{"insertions":1,"deletions":1}}}]},{"date":"2025-03-15T00:00:00","commitResults":[{"hash":"fa284888db308be369503061e610e8bff50b7ff8","isMergeCommit":true,"messageTitle":"Merge branch \u0027AY2425S2-CS2103T-F12-1:master\u0027 into master","messageBody":"","fileTypesAndContributionMap":{}}]},{"date":"2025-03-16T00:00:00","commitResults":[{"hash":"33ecbf7c6f37269c68f564dea616a7dec55c069f","isMergeCommit":false,"messageTitle":"Implement DeleteSportCommand that allows users to delete a specific sport for a specific contact","messageBody":"","fileTypesAndContributionMap":{"functional-code":{"insertions":174,"deletions":0}}},{"hash":"f415fbd753ddfe968b13c2ca910b0d02d9a032d3","isMergeCommit":false,"messageTitle":"Change equals method for Sport to case insensitive","messageBody":"","fileTypesAndContributionMap":{"functional-code":{"insertions":12,"deletions":1}}},{"hash":"1fc3ad8a8219a8fb3ebe9cd156a135715c5ca534","isMergeCommit":true,"messageTitle":"Merge branch \u0027AY2425S2-CS2103T-F12-1:master\u0027 into master","messageBody":"","fileTypesAndContributionMap":{}},{"hash":"fc5735e5dfb2831176fc482b53012e081f9bde2f","isMergeCommit":true,"messageTitle":"Merge branch \u0027master\u0027 into v1.2-add-deletesport-command","messageBody":"","fileTypesAndContributionMap":{}}]},{"date":"2025-03-17T00:00:00","commitResults":[{"hash":"2a35a123900cf7fe355627a13ae44fa7ccfd42d0","isMergeCommit":true,"messageTitle":"Merge branch \u0027master\u0027 of https://github.com/darHH/tp","messageBody":"","fileTypesAndContributionMap":{}},{"hash":"4017de3908e06a276c9b28836da86cf833e738e0","isMergeCommit":false,"messageTitle":"Minor changes to README","messageBody":"","fileTypesAndContributionMap":{"docs":{"insertions":2,"deletions":4}}}]},{"date":"2025-03-19T00:00:00","commitResults":[{"hash":"829bc9bf3befb97a3a615f91cf7d7279df5057ee","isMergeCommit":true,"messageTitle":"Merge branch \u0027master\u0027 of https://github.com/darHH/tp","messageBody":"","fileTypesAndContributionMap":{}},{"hash":"87a492c9c95f90da3035b14fbc190ac177f4a01d","isMergeCommit":true,"messageTitle":"Merge branch \u0027master\u0027 of https://github.com/darHH/tp","messageBody":"","fileTypesAndContributionMap":{}},{"hash":"a2f64b5269b2aeb33496dc412c09304b4d34594c","isMergeCommit":true,"messageTitle":"Merge branch \u0027master\u0027 into v1.3-Test-findsport","messageBody":"","fileTypesAndContributionMap":{}},{"hash":"4028a17c1b6e65d51d599365f7167e31f3f9cc32","isMergeCommit":true,"messageTitle":"Merge pull request #72 from SomneelSaha2004/AddLocation","messageBody":"","fileTypesAndContributionMap":{}}]},{"date":"2025-03-20T00:00:00","commitResults":[{"hash":"fc86badb3ce83058bc82d49d7265c45a0a32f412","isMergeCommit":false,"messageTitle":"Wrote tests in -FindSportCommandParserTest -SportContainsKeywordsPredicateTest -FindSportCommandTest","messageBody":"","fileTypesAndContributionMap":{"functional-code":{"insertions":1,"deletions":1},"test-code":{"insertions":157,"deletions":0}}},{"hash":"4c18b7b1f381dd6186ab26e9f36188f3419be685","isMergeCommit":false,"messageTitle":"Minor changes to README and AboutUs","messageBody":"","fileTypesAndContributionMap":{"docs":{"insertions":21,"deletions":17}}},{"hash":"244800d82ca7e62b4ad7317310df7b3fe75ab27d","isMergeCommit":true,"messageTitle":"Merge pull request #79 from noahang/update-UI-postal-code","messageBody":"Add postal code field in person card","fileTypesAndContributionMap":{}}]},{"date":"2025-03-24T00:00:00","commitResults":[{"hash":"10eea7b07e4926a249cd0627adfa66261c912218","isMergeCommit":false,"messageTitle":"Add Group field - Cannot view yet - Cannot delete yet - Cannot add persons to group yet - Have not changed existing tests - Have not implemented new tests for 1. AddGroupCommand 2. AddGroupCommandParser 3. AddressBookParser 4. Group 5. UniqueGroupList","messageBody":"","fileTypesAndContributionMap":{"functional-code":{"insertions":350,"deletions":6},"test-code":{"insertions":24,"deletions":0}}}]},{"date":"2025-03-25T00:00:00","commitResults":[{"hash":"a6563ea6abf6e30a43df0083f1e5e147d6f8f61b","isMergeCommit":false,"messageTitle":"Fix test errors","messageBody":"","fileTypesAndContributionMap":{"functional-code":{"insertions":13,"deletions":0},"test-code":{"insertions":3,"deletions":2}}}]},{"date":"2025-03-27T00:00:00","commitResults":[{"hash":"0c7956dd2b686b56ebc6b10880469f65cf66c12d","isMergeCommit":false,"messageTitle":"Add new AddSportSequenceDiagram png and puml file","messageBody":"","fileTypesAndContributionMap":{"docs":{"insertions":70,"deletions":0}}},{"hash":"0ae2d250a509df50700b641f03d34fa90c187fd5","isMergeCommit":false,"messageTitle":"Modify ModelClassDiagram and BetterModelClassDiagram png and puml to include UniqueGroupList and Group class","messageBody":"","fileTypesAndContributionMap":{"docs":{"insertions":33,"deletions":18}}},{"hash":"060eda269a7b8c682cc72496d953bf526e294e24","isMergeCommit":false,"messageTitle":"FIx checkstyle errors and warnings","messageBody":"","fileTypesAndContributionMap":{"docs":{"insertions":9,"deletions":9}}},{"hash":"658443c45bd3a2f4fbae24c3be90b1b549b60020","isMergeCommit":false,"messageTitle":"Fix checkstyle errors and warnings","messageBody":"","fileTypesAndContributionMap":{"docs":{"insertions":9,"deletions":9}}}]},{"date":"2025-04-01T00:00:00","commitResults":[{"hash":"9eaeedcc729bec5840ed22681842ffec4b347ead","isMergeCommit":true,"messageTitle":"Merge pull request #111 from gohlucas/DeleteSportCommand-Min1Sport","messageBody":"Add check to ensure user cannot delete sport if only 1 sport left","fileTypesAndContributionMap":{}},{"hash":"d1f07645fbb3fb38624bf756ec327dcf44dc7333","isMergeCommit":true,"messageTitle":"Merge pull request #119 from gohlucas/Addmembers","messageBody":"Addmembers","fileTypesAndContributionMap":{}}]},{"date":"2025-04-02T00:00:00","commitResults":[{"hash":"4019d185e0ca6801bd3783b7332d1e1bb6dfc639","isMergeCommit":true,"messageTitle":"Merge pull request #100 from noahang/findsport-sequence-diagram","messageBody":"Add UML sequence diagram for findsport commands","fileTypesAndContributionMap":{}},{"hash":"31a4223448d9017466db0c93a2c629220783e711","isMergeCommit":true,"messageTitle":"Merge branch \u0027master\u0027 of https://github.com/darHH/tp","messageBody":"","fileTypesAndContributionMap":{}}]},{"date":"2025-04-03T00:00:00","commitResults":[{"hash":"b14d92de8e4809f58e9026e7f7e9983a411676fa","isMergeCommit":true,"messageTitle":"Merge branch \u0027AY2425S2-CS2103T-F12-1:master\u0027 into master","messageBody":"","fileTypesAndContributionMap":{}},{"hash":"6bcbe7ef1352fa7e873709560228af0abada036b","isMergeCommit":false,"messageTitle":"Improve UserGuide","messageBody":"","fileTypesAndContributionMap":{"docs":{"insertions":7,"deletions":3}}},{"hash":"4f34bf8cab8231e27380320d3c2fba54ddfd6d0c","isMergeCommit":true,"messageTitle":"Merge pull request #159 from gohlucas/bugFix","messageBody":"Fix message issues and minor bugs","fileTypesAndContributionMap":{}},{"hash":"859bbe81c8842dd17b0a1137addf8875ff135cd7","isMergeCommit":true,"messageTitle":"Merge pull request #163 from gohlucas/Testing","messageBody":"Save adition of GameBuilder ","fileTypesAndContributionMap":{}},{"hash":"46c2c95a72a2624250e4766c946207a052198da9","isMergeCommit":false,"messageTitle":"Add edit game location command","messageBody":"","fileTypesAndContributionMap":{"functional-code":{"insertions":147,"deletions":1}}},{"hash":"3ac942bac7de845779106bb766ca48849cbd4969","isMergeCommit":false,"messageTitle":"Minor Fixes","messageBody":"","fileTypesAndContributionMap":{"functional-code":{"insertions":3,"deletions":2}}},{"hash":"3ab30c4118c5bd4c5410d06c85559b003a3cd384","isMergeCommit":true,"messageTitle":"Merge pull request #165 from noahang/UG-DG-SampleData","messageBody":"","fileTypesAndContributionMap":{}}]},{"date":"2025-04-06T00:00:00","commitResults":[{"hash":"be932ac71e376ddfb5129ae4472d097786da91d2","isMergeCommit":false,"messageTitle":"Fixed bugs for deletemembercommand and editgamelocation command","messageBody":"","fileTypesAndContributionMap":{"functional-code":{"insertions":101,"deletions":19}}},{"hash":"c5b47dea179f4426313e31155579d371776e31d0","isMergeCommit":true,"messageTitle":"Merge pull request #254 from darHH/v1.6-Bug-Fixes-Darren","messageBody":"Fixed bugs for deletemembercommand and editgamelocation command","fileTypesAndContributionMap":{}},{"hash":"3e2efd521dd6110d49a3edb467ce28b239ef5a06","isMergeCommit":false,"messageTitle":"Help window GUI wrap texts","messageBody":"","fileTypesAndContributionMap":{"functional-code":{"insertions":14,"deletions":1}}},{"hash":"8e09f1e12cc127a3e3de9cb2a77ea27ae2f87619","isMergeCommit":false,"messageTitle":"Restrict new sport to 30 characters (excluding whitespace) for createsport command","messageBody":"","fileTypesAndContributionMap":{"functional-code":{"insertions":8,"deletions":0}}},{"hash":"ed261b95ab58f351652bbcd609d9b78da0575d54","isMergeCommit":false,"messageTitle":"increase height for results display box","messageBody":"","fileTypesAndContributionMap":{"functional-code":{"insertions":1,"deletions":1}}},{"hash":"01bfb0a9d37bbbaf3a577b5f3bf223d7aa7f9e6c","isMergeCommit":false,"messageTitle":"Minor changes","messageBody":"","fileTypesAndContributionMap":{"functional-code":{"insertions":0,"deletions":18}}},{"hash":"50c88150ea010246f8a0d38574505b4da01639cd","isMergeCommit":true,"messageTitle":"Merge pull request #255 from darHH/v1.6-Bug-Fixes-Darren","messageBody":"V1.6 bug fixes darren 2.0","fileTypesAndContributionMap":{}},{"hash":"7d192d47b06c1380af44a9e9749fdfb45a54bbc6","isMergeCommit":false,"messageTitle":"Minor changes to functional code","messageBody":"","fileTypesAndContributionMap":{"functional-code":{"insertions":1,"deletions":24}}},{"hash":"b105bab91d21e84ccf41a8c29fd0bc694cede9b8","isMergeCommit":false,"messageTitle":"Minor Changes","messageBody":"","fileTypesAndContributionMap":{"functional-code":{"insertions":1,"deletions":5}}},{"hash":"6bc2127dd44c0e66581a5e0ec0d476b16dc8cd53","isMergeCommit":true,"messageTitle":"Merge pull request #260 from darHH/v1.6-Bug-Fixes-Darren","messageBody":"V1.6 bug fixes darren v3","fileTypesAndContributionMap":{}},{"hash":"0281d80c8e1972de084c55408f7e82dc92615262","isMergeCommit":false,"messageTitle":"Add editgamelocation to userguide","messageBody":"","fileTypesAndContributionMap":{"functional-code":{"insertions":1,"deletions":1},"docs":{"insertions":14,"deletions":0}}},{"hash":"0e351ede86eb37c33f34a1815e9ebf4f093f4e21","isMergeCommit":false,"messageTitle":"User guide improvements","messageBody":"","fileTypesAndContributionMap":{"docs":{"insertions":3,"deletions":1}}},{"hash":"86db5a3189dabd076bc6bcf952e2b044e13b30b9","isMergeCommit":false,"messageTitle":"User guide changes","messageBody":"","fileTypesAndContributionMap":{"docs":{"insertions":2,"deletions":4}}},{"hash":"fac7820f447a09a25a5257492b761494feb2f610","isMergeCommit":true,"messageTitle":"Merge pull request #262 from darHH/v1.6-UG-updates-Darren","messageBody":"V1.6 ug updates darren 1.0","fileTypesAndContributionMap":{}},{"hash":"9c6a56b39bdc50a365a095d39b0e7b9bf2ff6188","isMergeCommit":false,"messageTitle":"User Guide improvements","messageBody":"","fileTypesAndContributionMap":{"docs":{"insertions":5,"deletions":2}}},{"hash":"b731999055caf31106a3093be8a3adfb2cca08d8","isMergeCommit":false,"messageTitle":"User Guide improvements","messageBody":"","fileTypesAndContributionMap":{"docs":{"insertions":16,"deletions":18}}},{"hash":"f68622605461c6838a86def5cf61835914485c3f","isMergeCommit":false,"messageTitle":"UG Improvements","messageBody":"","fileTypesAndContributionMap":{"docs":{"insertions":2,"deletions":2}}},{"hash":"6ea74dfc1b7b87062bcb89bbab115c52986924d0","isMergeCommit":true,"messageTitle":"Merge branch \u0027master\u0027 into v1.6-UG-updates-Darren","messageBody":"","fileTypesAndContributionMap":{}},{"hash":"95ce0381098e6bf2db5b397e5b3acf3eaf3adec1","isMergeCommit":true,"messageTitle":"Merge pull request #263 from darHH/v1.6-UG-updates-Darren","messageBody":"V1.6 ug updates darren","fileTypesAndContributionMap":{}},{"hash":"9dea8192e4c8153c247102cff7eb35c5204a6ca4","isMergeCommit":false,"messageTitle":"Minor Bug Fixes","messageBody":"","fileTypesAndContributionMap":{"functional-code":{"insertions":0,"deletions":28},"docs":{"insertions":1,"deletions":0}}},{"hash":"ec814f1385183235b3ad08e905863709192f85eb","isMergeCommit":false,"messageTitle":"Minor bug fixes 2.0","messageBody":"","fileTypesAndContributionMap":{"functional-code":{"insertions":3,"deletions":7}}},{"hash":"a2079cc6527e8e989af916cb777845870e20288c","isMergeCommit":true,"messageTitle":"Merge pull request #264 from darHH/v1.6-UG-updates-Darren","messageBody":"V1.6 ug updates darren","fileTypesAndContributionMap":{}},{"hash":"4d0008707ff70bf639dce2afd61c58036f936291","isMergeCommit":false,"messageTitle":"Minor changes","messageBody":"","fileTypesAndContributionMap":{"functional-code":{"insertions":0,"deletions":11}}},{"hash":"f9288c681a021a43355ebfd2eac5b7298929b579","isMergeCommit":true,"messageTitle":"Merge pull request #266 from darHH/v1.6-Bug-Fixes-Darren","messageBody":"Minor changes","fileTypesAndContributionMap":{}}]}],"noahang":[{"date":"2025-02-27T00:00:00","commitResults":[{"hash":"90f703c9492933df05cbaa20209c4c67f17302ab","isMergeCommit":false,"messageTitle":"Update AboutUs.md for Noah","messageBody":"","fileTypesAndContributionMap":{"docs":{"insertions":4,"deletions":4}}},{"hash":"a8ca27042a62d0d9ca4844c55ebbf9c5ddc0a6da","isMergeCommit":false,"messageTitle":"Update AboutUs.md for Noah again","messageBody":"","fileTypesAndContributionMap":{"docs":{"insertions":1,"deletions":1}}},{"hash":"6b66b474ad76925bd56f32065b443848d979d103","isMergeCommit":true,"messageTitle":"Merge branch \u0027updateAboutUsNoah\u0027","messageBody":"","fileTypesAndContributionMap":{}},{"hash":"a46a46f719e886845b2baf8b6dfbb94cc7283aef","isMergeCommit":false,"messageTitle":"Add noahAng.md","messageBody":"","fileTypesAndContributionMap":{"docs":{"insertions":46,"deletions":0}}}]},{"date":"2025-03-07T00:00:00","commitResults":[{"hash":"561a17a8dcb7f56fd95d7cb464defa0a4aa2aaa4","isMergeCommit":true,"messageTitle":"Merge pull request #12 from darHH/v1.1-Update-AboutUS-page","messageBody":"V1.1 Update AboutUs page","fileTypesAndContributionMap":{}}]},{"date":"2025-03-08T00:00:00","commitResults":[{"hash":"f5c95efefd9c8892b5591e06145ee97013568c42","isMergeCommit":true,"messageTitle":"Merge pull request #32 from gohlucas/Rectify-PR-withdrawal","messageBody":"Rectify pr withdrawal #3 brace yourself to redo some work we did before","fileTypesAndContributionMap":{}},{"hash":"99354d84a13f0d30b614aab87cb8d4face780318","isMergeCommit":false,"messageTitle":"Add Darren\u0027s, Lucas\u0027 and Somneel\u0027s project portfolio page","messageBody":"","fileTypesAndContributionMap":{"docs":{"insertions":138,"deletions":0}}},{"hash":"70af6cdf2eeb8446623116bdf99d1ee4cdd13f13","isMergeCommit":false,"messageTitle":"Edit AboutUs.md to reflect correct pathnames","messageBody":"Somneel used wrong image pathname and github profile link, Lucas used standard project portfolio pathname.\n","fileTypesAndContributionMap":{"docs":{"insertions":3,"deletions":3}}},{"hash":"3a4af78b518e2dea335482d390261cb05667f48b","isMergeCommit":false,"messageTitle":"Update README.md (step A4)","messageBody":"","fileTypesAndContributionMap":{"docs":{"insertions":21,"deletions":0}}},{"hash":"2e1bec53711b2df2fdfecc03b24fe6a6104e0b31","isMergeCommit":false,"messageTitle":"Update project website (step B)","messageBody":"Step B may or may not be completed, depending on whether or not docs/_sass/minima/_base.scss needs to be edited, because step B requires us to edit the .scss file but I am not sure what we need to change in it.\n","fileTypesAndContributionMap":{"other":{"insertions":2,"deletions":2}}}]},{"date":"2025-03-13T00:00:00","commitResults":[{"hash":"1e019c8dd1a5fe8d5a17ff4664ff490e815ec3fb","isMergeCommit":true,"messageTitle":"Merge pull request #36 from gohlucas/Update-DG","messageBody":"Update Developer\u0027s Guide (User stories and Use case)","fileTypesAndContributionMap":{}},{"hash":"e3b32626e9652e268c6e7b0b72d9e3548f78ce0a","isMergeCommit":true,"messageTitle":"Merge pull request #27 from darHH/w7-A1-addUImockup","messageBody":"(W7) A1: Add UI mockup, DG: NFRs and Glossary","fileTypesAndContributionMap":{}},{"hash":"ee5185db42d0fcea83d57b914ba6c5aecf13e35c","isMergeCommit":true,"messageTitle":"Merge pull request #50 from SomneelSaha2004/master","messageBody":"Add addsport command and some support","fileTypesAndContributionMap":{}}]},{"date":"2025-03-14T00:00:00","commitResults":[{"hash":"f5b2c32d2ca0a198e2c46b0653ba37337f82eccb","isMergeCommit":false,"messageTitle":"Add view feature of sports and UI implementation","messageBody":"","fileTypesAndContributionMap":{"functional-code":{"insertions":7,"deletions":0}}},{"hash":"83dd3e3513598d4863c232bca570066b4160d861","isMergeCommit":false,"messageTitle":"Update sample data with sports","messageBody":"","fileTypesAndContributionMap":{"functional-code":{"insertions":16,"deletions":5}}}]},{"date":"2025-03-15T00:00:00","commitResults":[{"hash":"58ae0833b4f301b7bc82fc38de9d62312c06f4b1","isMergeCommit":true,"messageTitle":"Merge pull request #57 from gohlucas/AddCommand-Update","messageBody":"Add sport to existing contact and Add sports field when creating new contact","fileTypesAndContributionMap":{}}]},{"date":"2025-03-17T00:00:00","commitResults":[{"hash":"7a5738580e8236081595024ce073bb721abba0d5","isMergeCommit":false,"messageTitle":"Remove traces of AB-3","messageBody":"","fileTypesAndContributionMap":{"docs":{"insertions":1,"deletions":7}}},{"hash":"b77137d78b640a904c77e78698efd93fa6a8d1c8","isMergeCommit":false,"messageTitle":"Update image file pathnames in AboutUs.md","messageBody":"","fileTypesAndContributionMap":{"docs":{"insertions":2,"deletions":2}}},{"hash":"3a6292b93fca8aa1ba9157dce017d7d634c364d1","isMergeCommit":false,"messageTitle":"Remove traces of AB-3 from UserGuide.md","messageBody":"","fileTypesAndContributionMap":{"docs":{"insertions":5,"deletions":4}}}]},{"date":"2025-03-19T00:00:00","commitResults":[{"hash":"e29f99859ef37d639ac624ef7c04e144a5111385","isMergeCommit":true,"messageTitle":"Merge pull request #71 from noahang/Update-docs-and-website","messageBody":"Update docs and website","fileTypesAndContributionMap":{}},{"hash":"5aa55156d43c0999b45e325c1cbb3d4a081e18b2","isMergeCommit":true,"messageTitle":"Merge pull request #73 from gohlucas/FindSport","messageBody":"FindSports command","fileTypesAndContributionMap":{}},{"hash":"8a31dc682a9bd91b5aca6c8c1a947ae2741dd856","isMergeCommit":false,"messageTitle":"Add location field, edit person constructors and add new constructor","messageBody":"","fileTypesAndContributionMap":{"functional-code":{"insertions":20,"deletions":1}}}]},{"date":"2025-03-20T00:00:00","commitResults":[{"hash":"647ba5fb81d05bbb5263acd3bcf68e9889a83e02","isMergeCommit":false,"messageTitle":"Replace address fields/parameters of String types with Address type","messageBody":"","fileTypesAndContributionMap":{"functional-code":{"insertions":9,"deletions":7},"test-code":{"insertions":2,"deletions":1}}},{"hash":"ed4291ec154a18c7e3419be39f40a1115c101855","isMergeCommit":false,"messageTitle":"Update Person constructors to work with updated createLocation method","messageBody":"","fileTypesAndContributionMap":{"functional-code":{"insertions":3,"deletions":4}}},{"hash":"0d00b21725d1714e6af93e7104a2dfafb394d895","isMergeCommit":false,"messageTitle":"Add method to check validity of postal code against json file","messageBody":"","fileTypesAndContributionMap":{"functional-code":{"insertions":4,"deletions":0}}},{"hash":"098b6f1365068fdfc9a7c09d6330f7d4a823ead3","isMergeCommit":false,"messageTitle":"Add parsing support for postal code","messageBody":"","fileTypesAndContributionMap":{"functional-code":{"insertions":30,"deletions":10}}},{"hash":"0b0dfb15d187a9371184d39487b89a6b7d01ea8d","isMergeCommit":false,"messageTitle":"Update utilities for testing of updated addCommand and addCommandParser","messageBody":"","fileTypesAndContributionMap":{"test-code":{"insertions":32,"deletions":28}}},{"hash":"561f0a5d41e90bce2d546b346414faae048b1842","isMergeCommit":false,"messageTitle":"Add test for postal code validation method","messageBody":"","fileTypesAndContributionMap":{"test-code":{"insertions":7,"deletions":0}}},{"hash":"35ab5b94fe15c8866275a4c7ce1ce46c56e6be28","isMergeCommit":false,"messageTitle":"Update parser tests for new postal code field","messageBody":"","fileTypesAndContributionMap":{"test-code":{"insertions":71,"deletions":51}}},{"hash":"edda7a548a5d57b87b9be9fad5fa42c9fd0da580","isMergeCommit":false,"messageTitle":"Update command test and command test util for new postal code field","messageBody":"","fileTypesAndContributionMap":{"test-code":{"insertions":9,"deletions":14}}},{"hash":"50f1bcb0d5ceabf10f87c8883a6cf1bd72cec9bb","isMergeCommit":false,"messageTitle":"Checkstyle fixes","messageBody":"","fileTypesAndContributionMap":{"functional-code":{"insertions":18,"deletions":9}}},{"hash":"677ad9b84f85bbd46a32b850aeb3c0c9c16c9ea6","isMergeCommit":false,"messageTitle":"More checkstyle fixes","messageBody":"","fileTypesAndContributionMap":{"functional-code":{"insertions":0,"deletions":1}}},{"hash":"612b5a2a6885f78c397d9c9c3f7f477e60b5b7c4","isMergeCommit":false,"messageTitle":"Even more checkstyle fixes","messageBody":"","fileTypesAndContributionMap":{"test-code":{"insertions":105,"deletions":26}}},{"hash":"b507f5f62465ffba0486c90a3b34e81545620bd7","isMergeCommit":false,"messageTitle":"Yet even more checkstyle fixes","messageBody":"","fileTypesAndContributionMap":{"test-code":{"insertions":4,"deletions":5}}},{"hash":"76b9e75cf41ba5dd70c436161df18e37d1176ccf","isMergeCommit":false,"messageTitle":"Add postal code field in person card","messageBody":"","fileTypesAndContributionMap":{"functional-code":{"insertions":10,"deletions":6}}},{"hash":"4839b288ccec8b83d571728fc086817381c13a26","isMergeCommit":false,"messageTitle":"Checkstyle fix","messageBody":"","fileTypesAndContributionMap":{"functional-code":{"insertions":9,"deletions":9}}}]},{"date":"2025-03-21T00:00:00","commitResults":[{"hash":"5dd7c2d3048ede6b5c25d3cc0f62cf015c364e85","isMergeCommit":false,"messageTitle":"Bug fix for postal_code_data.json handling","messageBody":"","fileTypesAndContributionMap":{"functional-code":{"insertions":10,"deletions":5}}},{"hash":"b0fbdda8c150baf7d40bc7d3b5d42512bd987a84","isMergeCommit":false,"messageTitle":"Update version number","messageBody":"","fileTypesAndContributionMap":{"functional-code":{"insertions":1,"deletions":1}}}]},{"date":"2025-03-27T00:00:00","commitResults":[{"hash":"64f0dfb980bc5823a086b6321490372db1ec179e","isMergeCommit":true,"messageTitle":"Merge pull request #89 from isaacchua0309/add-SportList-Sport","messageBody":"Implement SportList, Sport and improve code quality","fileTypesAndContributionMap":{}},{"hash":"282ed42b8c43e5830dbf1910a9ab21f126218ae4","isMergeCommit":false,"messageTitle":"Add FindSportByDistanceCommand","messageBody":"","fileTypesAndContributionMap":{"functional-code":{"insertions":53,"deletions":0}}},{"hash":"2cd670b3f5a80b60f2284469afbcc32ce81b0060","isMergeCommit":false,"messageTitle":"Add parsing support for FindSportByDistanceCommand class","messageBody":"","fileTypesAndContributionMap":{"functional-code":{"insertions":39,"deletions":10}}},{"hash":"14e9df08c90301fa744a76067afb640383f80b2b","isMergeCommit":false,"messageTitle":"Implement execution for FindSportByDistance command","messageBody":"","fileTypesAndContributionMap":{"functional-code":{"insertions":35,"deletions":2}}},{"hash":"416b2bc2f07d3a9218f433b3836f75d6b3bd610d","isMergeCommit":false,"messageTitle":"Update AddCommandTest for compatibility","messageBody":"","fileTypesAndContributionMap":{"test-code":{"insertions":8,"deletions":0}}},{"hash":"e478787712d1ff9291840c2fe897a7b028980414","isMergeCommit":false,"messageTitle":"Update usage instructions for findsport command","messageBody":"","fileTypesAndContributionMap":{"functional-code":{"insertions":23,"deletions":11}}},{"hash":"60baad7852b79baf88e2154b8882746347dcdb0f","isMergeCommit":false,"messageTitle":"Minor grammatical fixes","messageBody":"","fileTypesAndContributionMap":{"functional-code":{"insertions":2,"deletions":2}}},{"hash":"455b89ab71183fb907a373286bc701b275957cc9","isMergeCommit":false,"messageTitle":"Update to work with tests","messageBody":"","fileTypesAndContributionMap":{"test-code":{"insertions":5,"deletions":3}}},{"hash":"e2bd8b76b9750b4eafdf4058c26b312f0f963244","isMergeCommit":false,"messageTitle":"Checkstyle fix","messageBody":"","fileTypesAndContributionMap":{"test-code":{"insertions":6,"deletions":3}}},{"hash":"b43e6e81550b484e97106b3e1a5bd8645f80ebad","isMergeCommit":false,"messageTitle":"Add comments","messageBody":"","fileTypesAndContributionMap":{"test-code":{"insertions":4,"deletions":0}}},{"hash":"49237515d55e1c2a41d6a883caf311195abfa566","isMergeCommit":true,"messageTitle":"Merge pull request #95 from gohlucas/ViewGroupUi","messageBody":"Add Ui for Group to be displayed beside list of persons","fileTypesAndContributionMap":{}}]},{"date":"2025-03-28T00:00:00","commitResults":[{"hash":"ec7a68bfe3308a9f9cc5e29d2c4257566d9ac639","isMergeCommit":true,"messageTitle":"Merge pull request #98 from darHH/w10-add-diagram","messageBody":"Add new AddSportSequenceDiagram png and puml file","fileTypesAndContributionMap":{}},{"hash":"94587e16a401e226af34b1e05b94c38cc9c5c0a3","isMergeCommit":true,"messageTitle":"Merge pull request #99 from darHH/w10-modify-diagrams","messageBody":"Modify ModelClassDiagram and BetterModelClassDiagram","fileTypesAndContributionMap":{}}]},{"date":"2025-03-29T00:00:00","commitResults":[{"hash":"c3ff058c4b0dc63a3b1f2e8f5fc132dc065a04c7","isMergeCommit":false,"messageTitle":"Add UML sequence diagram for findsport command without postal code","messageBody":"","fileTypesAndContributionMap":{"docs":{"insertions":84,"deletions":0}}}]},{"date":"2025-04-01T00:00:00","commitResults":[{"hash":"ed1c04c47531afa2e44f963b866565210131694e","isMergeCommit":false,"messageTitle":"Implement alphabetical sort","messageBody":"","fileTypesAndContributionMap":{"functional-code":{"insertions":19,"deletions":0}}},{"hash":"fc60cd47de69f8a687e198d317195c3ec1e8b899","isMergeCommit":false,"messageTitle":"Implement tests to check alphabetical sorting orders","messageBody":"","fileTypesAndContributionMap":{"test-code":{"insertions":103,"deletions":25}}},{"hash":"39ced83d6c3cf5e9fe10a2c8a61f2aefce7d6823","isMergeCommit":false,"messageTitle":"Implement tests for distance sorting order","messageBody":"","fileTypesAndContributionMap":{"test-code":{"insertions":117,"deletions":0}}},{"hash":"1938be33dad4e5a362ff8353d8ef4e77c7d8d578","isMergeCommit":false,"messageTitle":"Integrate other tests to be compatible with new features","messageBody":"","fileTypesAndContributionMap":{"test-code":{"insertions":6,"deletions":1}}}]},{"date":"2025-04-02T00:00:00","commitResults":[{"hash":"28a967326bfa4eec6befa36ca616a5d03a007240","isMergeCommit":false,"messageTitle":"Add tests for FindSportCommandParser","messageBody":"","fileTypesAndContributionMap":{"test-code":{"insertions":74,"deletions":1}}},{"hash":"f5811310907eea95db926c0368357376471f87f8","isMergeCommit":true,"messageTitle":"Merge branch \u0027master\u0027 into alphabetical-sort","messageBody":"","fileTypesAndContributionMap":{}},{"hash":"fa805e4a35b9bbb5d449175284bfe2b535c95a2f","isMergeCommit":false,"messageTitle":"Resolve sortFilteredGroupList() merge conflict","messageBody":"","fileTypesAndContributionMap":{"functional-code":{"insertions":0,"deletions":15},"test-code":{"insertions":0,"deletions":4}}},{"hash":"3c843e8a790e6e4c19b18e32188a996bcd5ae754","isMergeCommit":true,"messageTitle":"Merge branch \u0027alphabetical-sort\u0027 of https://github.com/noahang/tp into alphabetical-sort","messageBody":"# Conflicts:\n#\tsrc/main/java/seedu/address/model/ModelManager.java\n#\tsrc/test/java/seedu/address/logic/commands/AddCommandTest.java\n","fileTypesAndContributionMap":{}},{"hash":"0519fa217b20a979d266ce82d158444f76019a50","isMergeCommit":false,"messageTitle":"Checkstyle fix #1","messageBody":"","fileTypesAndContributionMap":{"test-code":{"insertions":0,"deletions":1}}},{"hash":"5c544f4d6172caf54bf133b98d2ba51a7d619e14","isMergeCommit":false,"messageTitle":"Minor defensive fix","messageBody":"","fileTypesAndContributionMap":{"test-code":{"insertions":1,"deletions":1}}},{"hash":"9b922432686593315be8402b6e6ba1dea43bee81","isMergeCommit":false,"messageTitle":"Checkstyle fix #2","messageBody":"","fileTypesAndContributionMap":{"test-code":{"insertions":2,"deletions":1}}},{"hash":"769d3601e3adf76e0967846d87cc5edd2845a4af","isMergeCommit":true,"messageTitle":"Merge pull request #131 from noahang/alphabetical-sort","messageBody":"Alphabetical sort","fileTypesAndContributionMap":{}}]},{"date":"2025-04-03T00:00:00","commitResults":[{"hash":"d55a151519c4cef7359485b10568864547598201","isMergeCommit":false,"messageTitle":"Implement create sport command","messageBody":"","fileTypesAndContributionMap":{"functional-code":{"insertions":115,"deletions":8}}},{"hash":"28e0749c780832c7b9d92cad2ef9f7b4f5b3b220","isMergeCommit":false,"messageTitle":"Implement parsing for create sport command","messageBody":"","fileTypesAndContributionMap":{"functional-code":{"insertions":47,"deletions":0}}},{"hash":"4b8a761bf8bc26917032453a23629ea6d3b1a97f","isMergeCommit":false,"messageTitle":"Implement parsing for create sport command #2","messageBody":"","fileTypesAndContributionMap":{"functional-code":{"insertions":5,"deletions":0}}},{"hash":"11d4275a33dac89d5935e18c78db46c859ae8048","isMergeCommit":false,"messageTitle":"Make app load global sports list on launch","messageBody":"","fileTypesAndContributionMap":{"functional-code":{"insertions":11,"deletions":0}}},{"hash":"df6bef4330b7bd34203e5fedcda9125bb7103e91","isMergeCommit":false,"messageTitle":"Integration with other sport commands that require global sports list","messageBody":"","fileTypesAndContributionMap":{"functional-code":{"insertions":2,"deletions":2}}},{"hash":"c8960f826c665c0d47443ad16628afc119fd5248","isMergeCommit":false,"messageTitle":"Integrate global sports list with tests","messageBody":"","fileTypesAndContributionMap":{"test-code":{"insertions":7,"deletions":0}}},{"hash":"51da8813633fc54912bf5a2acabb357c2e243e3a","isMergeCommit":false,"messageTitle":"Test bugfix #1","messageBody":"","fileTypesAndContributionMap":{"functional-code":{"insertions":8,"deletions":0},"test-code":{"insertions":1,"deletions":5}}},{"hash":"3dc305c5b26832d73adc398e282663dbf2287aaf","isMergeCommit":false,"messageTitle":"Checkstyle fix #1","messageBody":"","fileTypesAndContributionMap":{"test-code":{"insertions":0,"deletions":1}}},{"hash":"84666a36c928e9234aa9ab30957dfbeff312a800","isMergeCommit":false,"messageTitle":"Remove unnecessary variable to prevent confusion","messageBody":"","fileTypesAndContributionMap":{"functional-code":{"insertions":0,"deletions":1}}},{"hash":"f9fa96b0b7158ff00619182d9b26d98ed7fa8d44","isMergeCommit":true,"messageTitle":"Merge pull request #160 from gohlucas/UG-DG","messageBody":"Add to UG and DG","fileTypesAndContributionMap":{}},{"hash":"82fd343c98c28e2b37cea1cf746a44018da4f9e6","isMergeCommit":false,"messageTitle":"User guide enhancements","messageBody":"","fileTypesAndContributionMap":{"docs":{"insertions":34,"deletions":10}}},{"hash":"69d7fd6769e9858f49f6d085bc6a5b6cd232ce4b","isMergeCommit":false,"messageTitle":"Update UML sequence diagram for FindSportSortByDistance command","messageBody":"","fileTypesAndContributionMap":{"docs":{"insertions":98,"deletions":7}}},{"hash":"c5a66295a514333c03cf55ff8fbfd0eabb61b08e","isMergeCommit":false,"messageTitle":"Update sample data for product demo","messageBody":"","fileTypesAndContributionMap":{"functional-code":{"insertions":20,"deletions":4}}},{"hash":"c3d3290bcf33d933df95b0e70e9235af91ef725f","isMergeCommit":true,"messageTitle":"Merge pull request #164 from darHH/v1.5-edit-game","messageBody":"V1.5 add edit game location command","fileTypesAndContributionMap":{}},{"hash":"7479c720954484222e2c8dca99094e92e3d21125","isMergeCommit":false,"messageTitle":"Update version number","messageBody":"","fileTypesAndContributionMap":{"functional-code":{"insertions":1,"deletions":1}}},{"hash":"3138144af844aec0f34debc92124a82cbc3f5aa1","isMergeCommit":true,"messageTitle":"Merge pull request #166 from noahang/master","messageBody":"Update version number","tags":["v1.5"],"fileTypesAndContributionMap":{}}]},{"date":"2025-04-04T00:00:00","commitResults":[{"hash":"7e7059dc72d21574d03f243638b75828c46f4cd3","isMergeCommit":true,"messageTitle":"Merge pull request #168 from gohlucas/UG-deletesport","messageBody":"Fix UG pics and some words and reintroduce deletesport for person","fileTypesAndContributionMap":{}}]},{"date":"2025-04-06T00:00:00","commitResults":[{"hash":"a18c05c22f97ee3afb87b77362c71e22510d32bb","isMergeCommit":false,"messageTitle":"Bug fix where list where alphabetical sort was case-sensitive","messageBody":"","fileTypesAndContributionMap":{"functional-code":{"insertions":1,"deletions":1}}},{"hash":"8762dd65637f30c87515bd7ed71c4f60f90164a0","isMergeCommit":false,"messageTitle":"Make user guide explain that command words are case sensitive","messageBody":"","fileTypesAndContributionMap":{"docs":{"insertions":3,"deletions":3}}},{"hash":"409fd5942040b2863b4821e9d9db3f528e37a12b","isMergeCommit":true,"messageTitle":"Merge pull request #259 from noahang/findsport-case-sensitive-bug-fix","messageBody":"Make user guide explain that command words are case sensitive","fileTypesAndContributionMap":{}},{"hash":"917d1a4837e27e6589ce6a9f11d209be3ae354b5","isMergeCommit":true,"messageTitle":"Merge pull request #256 from noahang/alphabetical-bug-fix-noah","messageBody":"Bug fix where list where alphabetical sort was case-sensitive","fileTypesAndContributionMap":{}}]},{"date":"2025-04-07T00:00:00","commitResults":[{"hash":"28184c3ea508b382772184c5aceb0d854948f04a","isMergeCommit":false,"messageTitle":"Fix bug where addressbook does not sort alphabetically on start-up","messageBody":"","fileTypesAndContributionMap":{"functional-code":{"insertions":2,"deletions":16},"docs":{"insertions":1,"deletions":1}}},{"hash":"a4cfac7131bf508a4a3222b3f7d4fedac35fd2c3","isMergeCommit":true,"messageTitle":"Merge pull request #272 from noahang/loading-addressbook-bug-fixes","messageBody":"Fix bug where addressbook does not sort alphabetically on start-up","fileTypesAndContributionMap":{}},{"hash":"cb047855184df3b448a9e2dc1172895988bf0c51","isMergeCommit":false,"messageTitle":"Fix typo in error message for invalid command format in Add command","messageBody":"","fileTypesAndContributionMap":{"functional-code":{"insertions":1,"deletions":1}}},{"hash":"ae069a5c4aef78f3a299186943e0c246087eecad","isMergeCommit":false,"messageTitle":"UI fix for editgamelocation command","messageBody":"","fileTypesAndContributionMap":{"functional-code":{"insertions":11,"deletions":0}}},{"hash":"4dc416bbb411abf80d4d073b944c6fdb0ac3d062","isMergeCommit":true,"messageTitle":"Merge pull request #274 from noahang/master","messageBody":"Fix typo in error message for invalid command format in Add command, other UI fixes","fileTypesAndContributionMap":{}}]}],"SomneelSaha2004":[{"date":"2025-03-07T00:00:00","commitResults":[{"hash":"972f0a85cfea8a85b2775855e1efbae3921fb1cc","isMergeCommit":false,"messageTitle":"Add Remark Command","messageBody":"","fileTypesAndContributionMap":{"functional-code":{"insertions":284,"deletions":54},"test-code":{"insertions":114,"deletions":90}}},{"hash":"eab7b040f001c1924bd73a01093b4013ed8dbdd5","isMergeCommit":false,"messageTitle":"Add AboutUS","messageBody":"","fileTypesAndContributionMap":{"docs":{"insertions":5,"deletions":49}}},{"hash":"4058bf16728a74421f0fec40193a37f75af5e880","isMergeCommit":true,"messageTitle":"Merge pull request #13 from gohlucas/About-Lucas","messageBody":"AboutUs Page Lucas","fileTypesAndContributionMap":{}},{"hash":"da06e501bb1ed15b1484b0f0d49003bc0917d44e","isMergeCommit":true,"messageTitle":"Merge branch \u0027AY2425S2-CS2103T-F12-1:master\u0027 into master","messageBody":"","fileTypesAndContributionMap":{}},{"hash":"33746a738424ebd197f9eb09fba4f8550bdd714b","isMergeCommit":true,"messageTitle":"Merge branch \u0027master\u0027 of https://github.com/SomneelSaha2004/tp","messageBody":"","fileTypesAndContributionMap":{}}]},{"date":"2025-03-12T00:00:00","commitResults":[{"hash":"3ffe36a355bac96f24548f01374931a5b1a0660f","isMergeCommit":true,"messageTitle":"Merge branch \u0027master\u0027 of https://github.com/SomneelSaha2004/tp","messageBody":"","fileTypesAndContributionMap":{}}]},{"date":"2025-03-13T00:00:00","commitResults":[{"hash":"cd476251164bf906b6ddea96e777d8d0ff1d5821","isMergeCommit":true,"messageTitle":"Merge branch \u0027AY2425S2-CS2103T-F12-1:master\u0027 into master","messageBody":"","fileTypesAndContributionMap":{}},{"hash":"98eabddb0e8462306b2d952a845cd52bf7c17970","isMergeCommit":false,"messageTitle":"Add addsport command","messageBody":"","fileTypesAndContributionMap":{"functional-code":{"insertions":347,"deletions":25},"test-code":{"insertions":12,"deletions":10}}},{"hash":"0e9010758d8418f8a8243d22219ccc8c98fcab77","isMergeCommit":false,"messageTitle":"Add fixes for checkstyle","messageBody":"","fileTypesAndContributionMap":{"functional-code":{"insertions":8,"deletions":4}}},{"hash":"b0e919ce6b16e5ea82f0310922ec96faf6a2fe40","isMergeCommit":false,"messageTitle":"Fix checkstyle","messageBody":"","fileTypesAndContributionMap":{"test-code":{"insertions":73,"deletions":21}}},{"hash":"f271a21ec45893d01f3741d3a4a9b13d65d356f2","isMergeCommit":false,"messageTitle":"Fix checkstyle","messageBody":"","fileTypesAndContributionMap":{"test-code":{"insertions":5,"deletions":4}}},{"hash":"d76d85c7a13945bdc2aa084c5329e70a4cb7d6af","isMergeCommit":false,"messageTitle":"Fix checkstyle","messageBody":"","fileTypesAndContributionMap":{"test-code":{"insertions":5,"deletions":5}}},{"hash":"859322f4c5f2db3f7de5b15b8a34f2f5763c794f","isMergeCommit":false,"messageTitle":"Add changes post review","messageBody":"","fileTypesAndContributionMap":{"functional-code":{"insertions":4,"deletions":2}}}]},{"date":"2025-03-15T00:00:00","commitResults":[{"hash":"7463a1a2c3812674421499b99f770764629530fd","isMergeCommit":true,"messageTitle":"Merge pull request #56 from isaacchua0309/add-sport-test-v1","messageBody":"Add sport test v1","fileTypesAndContributionMap":{}},{"hash":"76bd7fd8365c28e870a30088a9bb1d1100010332","isMergeCommit":false,"messageTitle":"Fix issues with index.md","messageBody":"","fileTypesAndContributionMap":{"docs":{"insertions":2,"deletions":17}}},{"hash":"5d4fee61787ac01cbf6229d5032f2e8f86f37956","isMergeCommit":true,"messageTitle":"Merge branch \u0027AY2425S2-CS2103T-F12-1:master\u0027 into master","messageBody":"","fileTypesAndContributionMap":{}},{"hash":"4809ec75320aeb9b722eba7f10681ef050b79a0c","isMergeCommit":false,"messageTitle":"Fix issues site header","messageBody":"","fileTypesAndContributionMap":{"other":{"insertions":1,"deletions":1}}},{"hash":"de4659e2978b39c683384e9d0708780715e76fea","isMergeCommit":true,"messageTitle":"Merge remote-tracking branch \u0027origin/master\u0027","messageBody":"","fileTypesAndContributionMap":{}}]},{"date":"2025-03-16T00:00:00","commitResults":[{"hash":"fbd3572c80bb6c39bd1692bab751428f5b40ac29","isMergeCommit":true,"messageTitle":"Merge pull request #59 from darHH/v1.2-add-deletesport-command","messageBody":"V1.2 add deletesport command","fileTypesAndContributionMap":{}}]},{"date":"2025-03-18T00:00:00","commitResults":[{"hash":"b9d613f54dcebe46f0f5483f12bb10f0014b3e73","isMergeCommit":false,"messageTitle":"Integrate Location functionality","messageBody":"","fileTypesAndContributionMap":{"functional-code":{"insertions":208,"deletions":0},"test-code":{"insertions":54,"deletions":0}}},{"hash":"8784720d3477ef263f2c4c21b32890ada0c3e895","isMergeCommit":false,"messageTitle":"Fix bugs","messageBody":"","fileTypesAndContributionMap":{"functional-code":{"insertions":1,"deletions":1},"test-code":{"insertions":0,"deletions":54}}}]},{"date":"2025-03-19T00:00:00","commitResults":[{"hash":"ff91edd6f59891c6fbe1cc20d5336b7d0d834d04","isMergeCommit":false,"messageTitle":"Fix bugs","messageBody":"","fileTypesAndContributionMap":{"functional-code":{"insertions":11,"deletions":2},"test-code":{"insertions":54,"deletions":0}}}]},{"date":"2025-03-20T00:00:00","commitResults":[{"hash":"2dab828299c69c5f891995c94917d3796e3aa6c1","isMergeCommit":true,"messageTitle":"Merge pull request #78 from isaacchua0309/testing-updates","messageBody":"feat: Implement comprehensive postal code handling and validation","tags":["v1.3"],"fileTypesAndContributionMap":{}}]},{"date":"2025-03-24T00:00:00","commitResults":[{"hash":"b5c99ecf42ea3635dd22422d79793ac594b25100","isMergeCommit":false,"messageTitle":"Update UserGuide","messageBody":"","fileTypesAndContributionMap":{"docs":{"insertions":157,"deletions":144}}},{"hash":"d9c278dbc8ece2b2516aaac8d56507e1ecae2668","isMergeCommit":false,"messageTitle":"Update UserGuide","messageBody":"","fileTypesAndContributionMap":{"docs":{"insertions":21,"deletions":22}}}]},{"date":"2025-03-27T00:00:00","commitResults":[{"hash":"014724f374771d602d48199692e1f19f2fbacb54","isMergeCommit":true,"messageTitle":"Merge pull request #92 from gohlucas/FixAddGroupCommand-MakeDeleteGroupCommand","messageBody":"Fix add group command make delete group command","fileTypesAndContributionMap":{}}]},{"date":"2025-03-29T00:00:00","commitResults":[{"hash":"86b1193bf1b8c0908ab367a376fa3043f6721380","isMergeCommit":false,"messageTitle":"Add Location Sequence Diagram","messageBody":"","fileTypesAndContributionMap":{"docs":{"insertions":31,"deletions":0}}}]},{"date":"2025-04-02T00:00:00","commitResults":[{"hash":"1d41fedf4a97c05cd4955b68b8665fa118b7cd8c","isMergeCommit":false,"messageTitle":"Refactor to Game","messageBody":"","fileTypesAndContributionMap":{"functional-code":{"insertions":924,"deletions":763},"other":{"insertions":22,"deletions":19},"test-code":{"insertions":61,"deletions":42}}},{"hash":"32867cd2d7a332b668aaa903ae7fa7f440cde468","isMergeCommit":false,"messageTitle":"Integrated AddMember and DeleteMember","messageBody":"","fileTypesAndContributionMap":{"functional-code":{"insertions":358,"deletions":28},"test-code":{"insertions":58,"deletions":29}}},{"hash":"5759781fa220b4bc4afa41f82fdef5e227763323","isMergeCommit":true,"messageTitle":"Merge branch \u0027master\u0027 into RefactorToGame","messageBody":"","fileTypesAndContributionMap":{}},{"hash":"70a7e242a0025e77d86790888d6242514498aa75","isMergeCommit":false,"messageTitle":"Fixed Bug","messageBody":"","fileTypesAndContributionMap":{"functional-code":{"insertions":0,"deletions":10}}},{"hash":"fa3731f808b0848de46f251ae16e1c0a34d9f86a","isMergeCommit":true,"messageTitle":"Merge pull request #101 from SomneelSaha2004/AddDG","messageBody":"Add Location Sequence Diagram","fileTypesAndContributionMap":{}},{"hash":"c9e786fb74e0b990a72dd025a4234d06edd5785c","isMergeCommit":false,"messageTitle":"Update src/main/java/seedu/address/logic/parser/AddCommandParser.java","messageBody":"Co-authored-by: Copilot \u003c175728472+Copilot@users.noreply.github.com\u003e","fileTypesAndContributionMap":{"functional-code":{"insertions":1,"deletions":1}}},{"hash":"7d90eb94afd8f5c8e8941c5b41808de0ae881548","isMergeCommit":false,"messageTitle":"Update src/main/java/seedu/address/logic/parser/ParserUtil.java","messageBody":"Co-authored-by: Copilot \u003c175728472+Copilot@users.noreply.github.com\u003e","fileTypesAndContributionMap":{"functional-code":{"insertions":1,"deletions":1}}},{"hash":"93e0b32be89e24936b3a9a6d4d4dd23ecb08f6fa","isMergeCommit":false,"messageTitle":"Fixed Bug","messageBody":"","fileTypesAndContributionMap":{"functional-code":{"insertions":0,"deletions":1}}},{"hash":"da84014109836771a87a073bc6efa2ff285bd2e4","isMergeCommit":true,"messageTitle":"Merge branch \u0027master\u0027 into helpEdits","messageBody":"","fileTypesAndContributionMap":{}},{"hash":"b8ecd05e35f5760ae9562eb8b158985ebc705ae6","isMergeCommit":true,"messageTitle":"Merge pull request #139 from isaacchua0309/helpEdits","messageBody":"HelpCommand Edits","fileTypesAndContributionMap":{}},{"hash":"7b78bd395cb1c0c97242bfdbf48aaa724e827c3e","isMergeCommit":true,"messageTitle":"Merge pull request #140 from isaacchua0309/UG-update","messageBody":"UPDATE userguide with suggestions and images","fileTypesAndContributionMap":{}},{"hash":"f584f7aa5d624bc50c3f7be69cba71135c295874","isMergeCommit":true,"messageTitle":"Merge pull request #155 from isaacchua0309/rm","messageBody":"Global bug fix","fileTypesAndContributionMap":{}}]},{"date":"2025-04-04T00:00:00","commitResults":[{"hash":"30b772a2e5d766caffbed53620d1523889eab717","isMergeCommit":false,"messageTitle":"Fix","messageBody":"","fileTypesAndContributionMap":{"other":{"insertions":0,"deletions":23}}},{"hash":"5e41e9cb66714d80aa6cf690195b9917d9792f08","isMergeCommit":true,"messageTitle":"Merge pull request #167 from SomneelSaha2004/master","messageBody":"Fix","fileTypesAndContributionMap":{}}]},{"date":"2025-04-05T00:00:00","commitResults":[{"hash":"91523692a54a275fe78d40a4e0648217c685b763","isMergeCommit":false,"messageTitle":"Fix [PE-D][Tester C] Some example commands in the UG do not work","messageBody":"","fileTypesAndContributionMap":{"functional-code":{"insertions":2,"deletions":2},"docs":{"insertions":38,"deletions":38}}},{"hash":"125e03c5fc1e810acfa749c4bcca9fd01606e71b","isMergeCommit":false,"messageTitle":"Fix UG links","messageBody":"","fileTypesAndContributionMap":{"docs":{"insertions":11,"deletions":11}}},{"hash":"9cce70c0a73815d4da267fb0a2be7aceb45750d8","isMergeCommit":false,"messageTitle":"Fix UG links","messageBody":"","fileTypesAndContributionMap":{"docs":{"insertions":14,"deletions":14}}},{"hash":"bc1ff73e8c4db3e5bcc306252cc247d354956de2","isMergeCommit":false,"messageTitle":"Fix UG links","messageBody":"","fileTypesAndContributionMap":{"docs":{"insertions":30,"deletions":44}}}]},{"date":"2025-04-06T00:00:00","commitResults":[{"hash":"268a4ed7e54d2ef94de1f858cf52d3d17aa4a328","isMergeCommit":true,"messageTitle":"Merge branch \u0027master\u0027 into master","messageBody":"","fileTypesAndContributionMap":{}},{"hash":"51cb05451bb0bf34bbb30ddea8b75d82eed6cabd","isMergeCommit":true,"messageTitle":"Merge pull request #249 from SomneelSaha2004/master","messageBody":"Fix issues related to UG and HelpWindow","fileTypesAndContributionMap":{}},{"hash":"00fd2da6033d0ba44896e0ac639e8f29ff3e1ca4","isMergeCommit":false,"messageTitle":"Add sports with space to createsport","messageBody":"","fileTypesAndContributionMap":{"functional-code":{"insertions":2,"deletions":2},"docs":{"insertions":0,"deletions":3}}},{"hash":"4de8925610b37d3acfe08d78b284beafb1d3cb83","isMergeCommit":false,"messageTitle":"checkstyle","messageBody":"","fileTypesAndContributionMap":{"functional-code":{"insertions":1,"deletions":1}}},{"hash":"0cf893082326c1e2fbddb7fcde52fd8de7a43b2d","isMergeCommit":true,"messageTitle":"Merge pull request #250 from SomneelSaha2004/BugFixes","messageBody":"Add sports with space to createsport closes #227","fileTypesAndContributionMap":{}},{"hash":"29d145734a816fa41bfc6f2acec181c3addd5e97","isMergeCommit":false,"messageTitle":"multi space sports allowed","messageBody":"","fileTypesAndContributionMap":{"functional-code":{"insertions":6,"deletions":2}}},{"hash":"6c53d55420033dabefa4b08be032a7e17c661c24","isMergeCommit":true,"messageTitle":"Merge branch \u0027AY2425S2-CS2103T-F12-1:master\u0027 into BugFixes","messageBody":"","fileTypesAndContributionMap":{}},{"hash":"9056550e21325b0c9ec23399efde3d92615809c3","isMergeCommit":true,"messageTitle":"Merge pull request #251 from SomneelSaha2004/BugFixes","messageBody":"Bug fixes","fileTypesAndContributionMap":{}},{"hash":"c9fb3d3671b85e8b5a06263d1fe2a5b83023a9e3","isMergeCommit":false,"messageTitle":"Fixed issues related to data corruption","messageBody":"","fileTypesAndContributionMap":{"functional-code":{"insertions":21,"deletions":4}}},{"hash":"2e452a9025eb16b342c5cddf46dce10360c7da8c","isMergeCommit":true,"messageTitle":"Merge remote-tracking branch \u0027origin/BugFixes\u0027 into BugFixes","messageBody":"","fileTypesAndContributionMap":{}},{"hash":"d4f3b6e95c5b0e945b71c5d398c94cec4492077d","isMergeCommit":true,"messageTitle":"Merge pull request #252 from SomneelSaha2004/BugFixes","messageBody":"Fixed bugs related to data corruption closes #236","fileTypesAndContributionMap":{}},{"hash":"11a46ff58438cb01b2aca9d87029842ef454e791","isMergeCommit":false,"messageTitle":"Bug fixes","messageBody":"","fileTypesAndContributionMap":{"functional-code":{"insertions":5,"deletions":2},"docs":{"insertions":2,"deletions":2}}},{"hash":"ea95a15425e7b9c2baf688c4d6be9939b1c1b418","isMergeCommit":false,"messageTitle":"Bug fixes","messageBody":"","fileTypesAndContributionMap":{"functional-code":{"insertions":4,"deletions":3}}},{"hash":"d102eadc10e77c5c1b4868d1b9f38cfe49d3f6ec","isMergeCommit":false,"messageTitle":"Bug fixes","messageBody":"","fileTypesAndContributionMap":{"test-code":{"insertions":1,"deletions":25}}},{"hash":"d5eed77b8c2a0f18d3188fc7b31137fb3cb449fc","isMergeCommit":false,"messageTitle":"Bug fixes","messageBody":"","fileTypesAndContributionMap":{"test-code":{"insertions":2,"deletions":3}}},{"hash":"470590c4eaab791d477864479629f5c1fb76f9ac","isMergeCommit":true,"messageTitle":"Merge pull request #253 from SomneelSaha2004/BugFixes","messageBody":"Bug fixes closes #206","fileTypesAndContributionMap":{}}]},{"date":"2025-04-07T00:00:00","commitResults":[{"hash":"c5a2279754d481e4e94d7bbdce0ffa548a09e349","isMergeCommit":false,"messageTitle":"Fixed issues related to data corruption","messageBody":"","fileTypesAndContributionMap":{"functional-code":{"insertions":8,"deletions":3},"test-code":{"insertions":2,"deletions":2}}},{"hash":"a7dd2cb05dee67d382b181c750da76c03c41dcb0","isMergeCommit":true,"messageTitle":"Merge pull request #267 from SomneelSaha2004/BugFixes","messageBody":"Remove duplicate names in contacts closes #224","fileTypesAndContributionMap":{}}]}]},"authorFileTypeContributionMap":{"gohlucas":{"docs":509,"functional-code":643,"test-code":722,"other":18},"isaacchua0309":{"docs":386,"functional-code":3092,"test-code":2630,"other":70},"darHH":{"docs":139,"functional-code":311,"test-code":160},"noahang":{"docs":371,"functional-code":429,"test-code":431,"other":1},"SomneelSaha2004":{"docs":83,"functional-code":1674,"test-code":208,"other":5}},"authorContributionVariance":{"gohlucas":42995.504,"isaacchua0309":462433.53,"darHH":7036.1196,"noahang":10330.695,"SomneelSaha2004":126820.83},"authorDisplayNameMap":{"gohlucas":"CS2103T-F12-1 GOH ..UCAS","isaacchua0309":"CS2103T-F12-1 ISAA..IANG","darHH":"CS2103T-F12-1 DARR..HONG","noahang":"CS2103T-F12-1 NOAH..HERN","SomneelSaha2004":"CS2103T-F12-1 SAHA..UMAR"}}
