{"authorDailyContributionsMap":{"reuben-thomas":[{"date":"2025-03-04T00:00:00","commitResults":[{"hash":"8e2d597a6e2155674390c1af011ca04c51764131","isMergeCommit":false,"messageTitle":"Update build status badges in README.md","messageBody":"","fileTypesAndContributionMap":{"docs":{"insertions":2,"deletions":1}}},{"hash":"2864a770d5de88770547655c8e383f8ba3fc0ee5","isMergeCommit":true,"messageTitle":"Merge remote-tracking branch \u0027upstream/master\u0027","messageBody":"","fileTypesAndContributionMap":{}},{"hash":"9572078434dc403a973c13ba142d5daa342271fd","isMergeCommit":false,"messageTitle":"Update DeskFlow information in README","messageBody":"","fileTypesAndContributionMap":{"docs":{"insertions":14,"deletions":6}}},{"hash":"67009a4d18cf860e2732c5606da51a12ac5d8c5a","isMergeCommit":false,"messageTitle":"Remove line from README","messageBody":"","fileTypesAndContributionMap":{"docs":{"insertions":2,"deletions":1}}}]},{"date":"2025-03-05T00:00:00","commitResults":[{"hash":"d8ef709be6479db35e85fd87995553306ed9412b","isMergeCommit":true,"messageTitle":"Merge remote-tracking branch \u0027upstream/master\u0027","messageBody":"","fileTypesAndContributionMap":{}},{"hash":"e216292af0fec2d6912b0d7b01983002548c4bb7","isMergeCommit":false,"messageTitle":"Update Reuben profile","messageBody":"","fileTypesAndContributionMap":{"docs":{"insertions":5,"deletions":6}}},{"hash":"cc5997124c1a6b5041c8a8aec532b811a1d0ebcd","isMergeCommit":false,"messageTitle":"Update README","messageBody":"","fileTypesAndContributionMap":{"docs":{"insertions":1,"deletions":1}}}]},{"date":"2025-03-09T00:00:00","commitResults":[{"hash":"f7c44262985b0fca5420986f8001b970326532f2","isMergeCommit":true,"messageTitle":"Merge remote-tracking branch \u0027upstream/master\u0027","messageBody":"","fileTypesAndContributionMap":{}},{"hash":"53349f6f368ab6b536e1ba3eed2f072f70a39c40","isMergeCommit":false,"messageTitle":"Remove AB-3 from config","messageBody":"","fileTypesAndContributionMap":{"other":{"insertions":1,"deletions":1}}},{"hash":"abe7e2cfd69480e536fafd006a480f9295eab47f","isMergeCommit":true,"messageTitle":"Merge pull request #31 from reuben-thomas/remove-ab3-reference","messageBody":"Remove outstanding AB-3 reference","fileTypesAndContributionMap":{}}]},{"date":"2025-03-11T00:00:00","commitResults":[{"hash":"48a50fdaf1d301f9aa7b0fffd6028b5ca0854e02","isMergeCommit":true,"messageTitle":"Merge remote-tracking branch \u0027upstream/master\u0027","messageBody":"","fileTypesAndContributionMap":{}},{"hash":"60edd103fcfea943e83693a29f7ebfc53ac3f315","isMergeCommit":false,"messageTitle":"Add findby command","messageBody":"","fileTypesAndContributionMap":{"functional-code":{"insertions":232,"deletions":4}}},{"hash":"db890ae2e556fd70870318518b88d2a18b87bbe2","isMergeCommit":false,"messageTitle":"Remove whitespace from JavaDoc","messageBody":"","fileTypesAndContributionMap":{"functional-code":{"insertions":1,"deletions":1}}}]},{"date":"2025-03-12T00:00:00","commitResults":[{"hash":"8c2fd0de4ba52e6b56e1b9a292049c6ea1a1212a","isMergeCommit":true,"messageTitle":"Merge remote-tracking branch \u0027upstream/master\u0027","messageBody":"","fileTypesAndContributionMap":{}}]},{"date":"2025-03-13T00:00:00","commitResults":[{"hash":"5b59b5901ca308647ffd1de8021de97723c352bb","isMergeCommit":true,"messageTitle":"Merge remote-tracking branch \u0027upstream/master\u0027","messageBody":"","fileTypesAndContributionMap":{}}]},{"date":"2025-03-17T00:00:00","commitResults":[{"hash":"32aa879ec87467515e232166b5c794d0faa2f92e","isMergeCommit":true,"messageTitle":"Merge remote-tracking branch \u0027upstream/master\u0027","messageBody":"","fileTypesAndContributionMap":{}}]},{"date":"2025-03-19T00:00:00","commitResults":[{"hash":"e3efe313d9b7973de5dfb6875a20289f1c06e3fa","isMergeCommit":false,"messageTitle":"Make person card collapsible","messageBody":"","fileTypesAndContributionMap":{"functional-code":{"insertions":42,"deletions":29}}},{"hash":"00e0c9b2b2d3814c7edf6eb7dda5ac5f7ffee93f","isMergeCommit":true,"messageTitle":"Merge remote-tracking branch \u0027upstream/master\u0027","messageBody":"","fileTypesAndContributionMap":{}}]},{"date":"2025-03-20T00:00:00","commitResults":[{"hash":"c785561f01332449958fe8b4990ce612ec862d93","isMergeCommit":true,"messageTitle":"Merge remote-tracking branch \u0027upstream/master\u0027","messageBody":"","fileTypesAndContributionMap":{}},{"hash":"6841bfa47b9a45f131cc5bf053dee5d7b87ab583","isMergeCommit":false,"messageTitle":"Add table header","messageBody":"","fileTypesAndContributionMap":{"functional-code":{"insertions":93,"deletions":32}}},{"hash":"75f5e37333bc6c7be9b8465cf8231eecd8e590a1","isMergeCommit":false,"messageTitle":"Add Unicode icons","messageBody":"","fileTypesAndContributionMap":{"functional-code":{"insertions":57,"deletions":14}}},{"hash":"c5403edc78524fa2d7d48bfb4a83f4b22bb9b3ae","isMergeCommit":false,"messageTitle":"Correct responsiveness delay","messageBody":"","fileTypesAndContributionMap":{"functional-code":{"insertions":23,"deletions":16}}},{"hash":"f960bb86c5af96fd4ca08e024769afe658fee6f6","isMergeCommit":false,"messageTitle":"Update sample data","messageBody":"","fileTypesAndContributionMap":{"functional-code":{"insertions":20,"deletions":25}}},{"hash":"d12ff35ffe6ed8f5c095292c33e92750cbd5f5f5","isMergeCommit":true,"messageTitle":"Merge remote-tracking branch \u0027upstream/master\u0027","messageBody":"","fileTypesAndContributionMap":{}},{"hash":"692a5e9d7804414d4a87a680aeb71d1dda1e9342","isMergeCommit":false,"messageTitle":"Add new fields","messageBody":"","fileTypesAndContributionMap":{"functional-code":{"insertions":28,"deletions":6},"test-code":{"insertions":57,"deletions":0}}},{"hash":"6b1662d58476b95fafe3b3fd252f849da0a2f766","isMergeCommit":false,"messageTitle":"Remove unused import from FindBy test","messageBody":"","fileTypesAndContributionMap":{"test-code":{"insertions":0,"deletions":9}}}]},{"date":"2025-03-22T00:00:00","commitResults":[{"hash":"926934ee6a6a8fa9fc8ecb1fb4881003d6d43d1e","isMergeCommit":false,"messageTitle":"Add RichTextFX library","messageBody":"","fileTypesAndContributionMap":{"other":{"insertions":2,"deletions":0}}}]},{"date":"2025-03-23T00:00:00","commitResults":[{"hash":"b69504d71c8a249ca28d2d227727806fa06c4877","isMergeCommit":false,"messageTitle":"Add simple syntax highlighting","messageBody":"","fileTypesAndContributionMap":{"functional-code":{"insertions":312,"deletions":76}}},{"hash":"9edb7340765706048219fa379903d9c647eb2269","isMergeCommit":false,"messageTitle":"Add restrict nextline for incorrect commands","messageBody":"","fileTypesAndContributionMap":{"functional-code":{"insertions":7,"deletions":13}}}]},{"date":"2025-03-24T00:00:00","commitResults":[{"hash":"afaee617864cc426f0ed96923b6879f8a896daef","isMergeCommit":false,"messageTitle":"Create syntax highlighter class","messageBody":"","fileTypesAndContributionMap":{"functional-code":{"insertions":309,"deletions":147}}},{"hash":"fdbbc3a6cf4265533c861b16497c70046cfe73ad","isMergeCommit":true,"messageTitle":"Merge pull request #72 from reuben-thomas/syntax-highlighting","messageBody":"Add syntax highlighting","fileTypesAndContributionMap":{}},{"hash":"9dcb29d79a83b9f1c8ee592c04195b501169afdd","isMergeCommit":true,"messageTitle":"Merge remote-tracking branch \u0027upstream/master\u0027","messageBody":"","fileTypesAndContributionMap":{}}]},{"date":"2025-03-25T00:00:00","commitResults":[{"hash":"7a6856b12d6281eccbba2d321cbea8e50317eab7","isMergeCommit":true,"messageTitle":"Merge remote-tracking branch \u0027upstream/master\u0027","messageBody":"","fileTypesAndContributionMap":{}}]},{"date":"2025-03-27T00:00:00","commitResults":[{"hash":"36bae266db88a74565a4522f04b03821a4d2404d","isMergeCommit":true,"messageTitle":"Merge remote-tracking branch \u0027upstream/master\u0027","messageBody":"","fileTypesAndContributionMap":{}},{"hash":"f6d62d149e0068055bb8b599638fb2da34d110e9","isMergeCommit":false,"messageTitle":"Add syntax highlighting for logout command","messageBody":"","fileTypesAndContributionMap":{"functional-code":{"insertions":1,"deletions":0}}},{"hash":"b11006f948ff79a14a2b77ee47b9302d8e115a28","isMergeCommit":false,"messageTitle":"Add status tag colour","messageBody":"","fileTypesAndContributionMap":{"functional-code":{"insertions":75,"deletions":14}}},{"hash":"574f332621996ca45514ce44f92b21b3ca0aec7f","isMergeCommit":false,"messageTitle":"Fix empty stylespan exception","messageBody":"","fileTypesAndContributionMap":{"functional-code":{"insertions":3,"deletions":1}}},{"hash":"e00db60cf444e7a40fadf5ab0e1ff8ca2d82bab1","isMergeCommit":false,"messageTitle":"Add check to enforce command word is in list","messageBody":"","fileTypesAndContributionMap":{"functional-code":{"insertions":17,"deletions":7},"test-code":{"insertions":20,"deletions":0}}},{"hash":"23beab594a7a2f1fcc39cf39e37efd2351e773c1","isMergeCommit":false,"messageTitle":"Add tests to ensure empty inputs handled","messageBody":"","fileTypesAndContributionMap":{"test-code":{"insertions":42,"deletions":0}}},{"hash":"b92465855f2ba1bd749d782ba867cbfd84f53dfa","isMergeCommit":true,"messageTitle":"Merge remote-tracking branch \u0027upstream/master\u0027 into fix-empty-stylespan","messageBody":"","fileTypesAndContributionMap":{}},{"hash":"95025a9309582ec29064ae4ec0f1cd339539ca6c","isMergeCommit":false,"messageTitle":"Add login dialog to UI UML","messageBody":"","fileTypesAndContributionMap":{"docs":{"insertions":4,"deletions":1}}},{"hash":"f433f7378cd999e38175c016622c2f91c8e95ff6","isMergeCommit":false,"messageTitle":"Add partial command test","messageBody":"","fileTypesAndContributionMap":{"functional-code":{"insertions":1,"deletions":1},"test-code":{"insertions":40,"deletions":8}}},{"hash":"a9cb8afce5f58dab2a70217d1fbffd0b521bc734","isMergeCommit":true,"messageTitle":"Merge branch \u0027master\u0027 into colour-status-tags","messageBody":"","fileTypesAndContributionMap":{}},{"hash":"6bce55834c72134460dd7096bc18a5c83b8f4ead","isMergeCommit":true,"messageTitle":"Merge pull request #85 from reuben-thomas/colour-status-tags","messageBody":"Add colour to status tags","fileTypesAndContributionMap":{}},{"hash":"38504eaa45abf77550eaa066840533a3a8f8e9f7","isMergeCommit":true,"messageTitle":"Merge remote-tracking branch \u0027upstream/master\u0027","messageBody":"","fileTypesAndContributionMap":{}},{"hash":"f5e6b267de92c6d224b508292724aea01d788d8e","isMergeCommit":true,"messageTitle":"Merge branch \u0027master\u0027 into branch-git-assertions","messageBody":"","fileTypesAndContributionMap":{}},{"hash":"a77dc219d9a44b5503f527d52689864965fc17bb","isMergeCommit":true,"messageTitle":"Merge pull request #90 from LF1928/branch-git-assertions","messageBody":"Enable assertions in gradle","fileTypesAndContributionMap":{}},{"hash":"24c264faacdee68a0f09d5a12c2a60d45791f145","isMergeCommit":true,"messageTitle":"Merge remote-tracking branch \u0027upstream/master\u0027","messageBody":"","fileTypesAndContributionMap":{}},{"hash":"be3cf001c363f1bdcebff34c780d8ecb6d52ece1","isMergeCommit":true,"messageTitle":"Merge remote-tracking branch \u0027upstream/master\u0027","messageBody":"","fileTypesAndContributionMap":{}}]},{"date":"2025-04-01T00:00:00","commitResults":[{"hash":"894132e0f1e717f1ad005139f05726d7d67882a1","isMergeCommit":false,"messageTitle":"Add authenticate on enter keypress","messageBody":"","fileTypesAndContributionMap":{"functional-code":{"insertions":13,"deletions":10}}},{"hash":"e56d5d89310d163b312aa20eca009620114e51ca","isMergeCommit":false,"messageTitle":"Remove unused imports","messageBody":"","fileTypesAndContributionMap":{"functional-code":{"insertions":0,"deletions":2}}},{"hash":"5c487b24e0487aa8c33d8585be10379c6d8d555e","isMergeCommit":false,"messageTitle":"Fix javadoc comment","messageBody":"","fileTypesAndContributionMap":{"functional-code":{"insertions":1,"deletions":1}}},{"hash":"64a34df9e8a108645c511dd2b20ca084af3a1947","isMergeCommit":false,"messageTitle":"Add better css selectors","messageBody":"","fileTypesAndContributionMap":{"functional-code":{"insertions":80,"deletions":124}}},{"hash":"0d6a92b86118d6da13c5794e95d5ff05a58b3613","isMergeCommit":false,"messageTitle":"Fix abbreviated index","messageBody":"","fileTypesAndContributionMap":{"functional-code":{"insertions":34,"deletions":27}}},{"hash":"2479bb4a7923be1faf5976eadbd315f496300c4f","isMergeCommit":true,"messageTitle":"Merge remote-tracking branch \u0027upstream/master\u0027","messageBody":"","fileTypesAndContributionMap":{}},{"hash":"75b28a096354f00f50af9eeaa51b3762ef58fd7b","isMergeCommit":true,"messageTitle":"Merge remote-tracking branch \u0027upstream/master\u0027","messageBody":"","fileTypesAndContributionMap":{}},{"hash":"86aeb2cccc9e799153686e9b853fe1da62636c12","isMergeCommit":false,"messageTitle":"Improve installation instructions","messageBody":"","fileTypesAndContributionMap":{"docs":{"insertions":44,"deletions":11}}},{"hash":"022595e305ecd25ed8e7aa6b96ad05417f89534a","isMergeCommit":true,"messageTitle":"Merge pull request #129 from reuben-thomas/ug-intro","messageBody":"UserGuide: Improve installation instructions","fileTypesAndContributionMap":{}}]},{"date":"2025-04-02T00:00:00","commitResults":[{"hash":"0bd1e2e104967ab01859a50397407b87b046df00","isMergeCommit":true,"messageTitle":"Merge remote-tracking branch \u0027upstream/master\u0027","messageBody":"","fileTypesAndContributionMap":{}},{"hash":"35c9ec605a134fd46c66aba2df770f2b8f732eb1","isMergeCommit":true,"messageTitle":"Merge remote-tracking branch \u0027upstream/master\u0027","messageBody":"","fileTypesAndContributionMap":{}},{"hash":"cef2dbbc12b5fd4da325ca631dfac29f43200521","isMergeCommit":true,"messageTitle":"Merge remote-tracking branch \u0027upstream/master\u0027","messageBody":"","fileTypesAndContributionMap":{}},{"hash":"9321d0059b0311049f4cc62ee556e9e7f6cd1c25","isMergeCommit":false,"messageTitle":"Add message for empty fields in registration","messageBody":"","fileTypesAndContributionMap":{"functional-code":{"insertions":23,"deletions":11}}},{"hash":"ae64c7c9cebc7e76196d5af632e1cd02da19c762","isMergeCommit":true,"messageTitle":"Merge pull request #152 from reuben-thomas/fix-register-submit","messageBody":"Registration: Improve error messages","fileTypesAndContributionMap":{}},{"hash":"54b97be2739b8f2f965271b03726988772107942","isMergeCommit":false,"messageTitle":"Update CSS","messageBody":"","fileTypesAndContributionMap":{"functional-code":{"insertions":20,"deletions":20}}},{"hash":"beaa768521311c4cdbe4ea11a8e71478c67ec7c8","isMergeCommit":false,"messageTitle":"Set consistent spacing","messageBody":"","fileTypesAndContributionMap":{"functional-code":{"insertions":10,"deletions":6}}},{"hash":"399ae5367ce0ec8ae5bb7dd7d4c68e55e1bd00b9","isMergeCommit":false,"messageTitle":"Update login style","messageBody":"","fileTypesAndContributionMap":{"functional-code":{"insertions":34,"deletions":41}}},{"hash":"039ba3a062197d18782e12d32a9e06709d517d46","isMergeCommit":true,"messageTitle":"Merge remote-tracking branch \u0027upstream/master\u0027","messageBody":"","fileTypesAndContributionMap":{}}]},{"date":"2025-04-03T00:00:00","commitResults":[{"hash":"71a393f1bd4dec37a70c8edf26f0526e22e713d7","isMergeCommit":true,"messageTitle":"Merge branch \u0027master\u0027 into improve-ui","messageBody":"","fileTypesAndContributionMap":{}},{"hash":"3f9d991d07ae5b6fb2621b7b455c929920393567","isMergeCommit":false,"messageTitle":"Update register dialog","messageBody":"","fileTypesAndContributionMap":{"functional-code":{"insertions":14,"deletions":21}}},{"hash":"48ac2b0ad7f19014526606b330d313350f7b749f","isMergeCommit":false,"messageTitle":"Fix responsive person card header","messageBody":"","fileTypesAndContributionMap":{"functional-code":{"insertions":40,"deletions":12}}},{"hash":"af318b7243bc626fb38a045f98c023c7f97cf212","isMergeCommit":false,"messageTitle":"Add copyable fields","messageBody":"","fileTypesAndContributionMap":{"functional-code":{"insertions":132,"deletions":63}}},{"hash":"22c45527d9fe006967c6bd232804fc46c1bd13a3","isMergeCommit":false,"messageTitle":"Fix result display width","messageBody":"","fileTypesAndContributionMap":{"functional-code":{"insertions":4,"deletions":6}}},{"hash":"ac1788efc204b8acd3fd1ddc825c1a00ac55bceb","isMergeCommit":true,"messageTitle":"Merge remote-tracking branch \u0027upstream/master\u0027","messageBody":"","fileTypesAndContributionMap":{}},{"hash":"c5aaf37c6383243feb5b8076c5bb14ee64e74fa6","isMergeCommit":false,"messageTitle":"Add minimum command box height","messageBody":"","fileTypesAndContributionMap":{"functional-code":{"insertions":3,"deletions":2}}},{"hash":"52557287b2e8a7e4124c207539e5cfb4bee87fba","isMergeCommit":false,"messageTitle":"Add delay to PersonCard resize","messageBody":"","fileTypesAndContributionMap":{"functional-code":{"insertions":7,"deletions":1}}},{"hash":"d7b6d51dd422fde2cfee337534647dd385847026","isMergeCommit":true,"messageTitle":"Merge remote-tracking branch \u0027upstream/master\u0027","messageBody":"","fileTypesAndContributionMap":{}},{"hash":"c86cebea6b89109dbfba7d5b17494e3a503d1f8f","isMergeCommit":true,"messageTitle":"Merge branch \u0027master\u0027 into fix-rbac-logic","messageBody":"","fileTypesAndContributionMap":{}},{"hash":"75092117b62ab8cdcf68074243e0ccc36d054b8a","isMergeCommit":false,"messageTitle":"Fix duplicated parse logic","messageBody":"","fileTypesAndContributionMap":{"functional-code":{"insertions":47,"deletions":91},"test-code":{"insertions":13,"deletions":2}}},{"hash":"33e2d911dfe5380c95a9a3e14984d60d2043ce44","isMergeCommit":false,"messageTitle":"Fix checkstyle","messageBody":"","fileTypesAndContributionMap":{"functional-code":{"insertions":1,"deletions":2}}},{"hash":"16c5821d800458edc9369b015c4cd0897d6a5964","isMergeCommit":true,"messageTitle":"Merge pull request #167 from reuben-thomas/commandbox-min-size","messageBody":"Ui: Add minimum command box height","fileTypesAndContributionMap":{}},{"hash":"79fe72a7d468213e4fb0ba79a36a4ee5718b5f90","isMergeCommit":true,"messageTitle":"Merge branch \u0027master\u0027 into ui-responsive-personcard","messageBody":"","fileTypesAndContributionMap":{}},{"hash":"a98f7ea02b900795b655ff30df433f20370664b3","isMergeCommit":true,"messageTitle":"Merge pull request #168 from reuben-thomas/ui-responsive-personcard","messageBody":"Ui: Fix PersonCard responsive sizing","fileTypesAndContributionMap":{}},{"hash":"1294059cada607c7920b53b01f6452654eff4860","isMergeCommit":false,"messageTitle":"Add import as admin action","messageBody":"","fileTypesAndContributionMap":{"functional-code":{"insertions":2,"deletions":1}}},{"hash":"2b175fb7383ee37d69519fe68533392561458116","isMergeCommit":true,"messageTitle":"Merge branch \u0027master\u0027 into Fix-Bugs-v1.5","messageBody":"","fileTypesAndContributionMap":{}},{"hash":"c0c83783c0d4ad7574b6a61426ff5af8f7bdee90","isMergeCommit":true,"messageTitle":"Merge branch \u0027master\u0027 into master","messageBody":"","fileTypesAndContributionMap":{}},{"hash":"611289c426a6e04800e59a3edfd903d76b0db5c3","isMergeCommit":true,"messageTitle":"Merge branch \u0027master\u0027 into fix-rbac-logic","messageBody":"","fileTypesAndContributionMap":{}},{"hash":"d8a377b049a060fc1fc96b7b30ac0295ed961cc7","isMergeCommit":true,"messageTitle":"Merge pull request #169 from reuben-thomas/fix-rbac-logic","messageBody":"Parser: Remove duplicated logic","fileTypesAndContributionMap":{}},{"hash":"627e171937251d105a819ac2e14ea8acb61fb3ad","isMergeCommit":true,"messageTitle":"Merge remote-tracking branch \u0027upstream/master\u0027","messageBody":"","fileTypesAndContributionMap":{}},{"hash":"b8dc3be6e552959143600f6199dadd4dac5d127b","isMergeCommit":true,"messageTitle":"Merge remote-tracking branch \u0027upstream/master\u0027","messageBody":"","fileTypesAndContributionMap":{}},{"hash":"0f5cf5050a5a3465520b2cb65fbeb432f4ac2236","isMergeCommit":false,"messageTitle":"Update help window style","messageBody":"","fileTypesAndContributionMap":{"functional-code":{"insertions":15,"deletions":47}}},{"hash":"d22ba657165eaf632841b541135939a0949c6f3f","isMergeCommit":false,"messageTitle":"Update acknowledgements, planned enhancements","messageBody":"","fileTypesAndContributionMap":{"docs":{"insertions":98,"deletions":4}}},{"hash":"cfafefec063feb6b8447635ae2499e59337e2b0a","isMergeCommit":true,"messageTitle":"Merge branch \u0027master\u0027 into dg-update","messageBody":"","fileTypesAndContributionMap":{}},{"hash":"dd61d4b142e18868e3e937f8d9c37883eea00f4c","isMergeCommit":true,"messageTitle":"Merge remote-tracking branch \u0027upstream/master\u0027","messageBody":"","fileTypesAndContributionMap":{}},{"hash":"24cb4b3b2a9d8ce03aea5dc7999657feab62f957","isMergeCommit":false,"messageTitle":"Fix index.md link","messageBody":"","fileTypesAndContributionMap":{"docs":{"insertions":1,"deletions":2}}},{"hash":"5a799388b6959292b390b4ff665e14f9e4129984","isMergeCommit":true,"messageTitle":"Merge pull request #180 from reuben-thomas/fix-landing-page","messageBody":"LandingPage: Fix broken link","tags":["v1.5"],"fileTypesAndContributionMap":{}}]},{"date":"2025-04-05T00:00:00","commitResults":[{"hash":"8d615a5ff9f0350c675bc42c3e5ff3180b556d9e","isMergeCommit":true,"messageTitle":"Merge remote-tracking branch \u0027upstream/master\u0027","messageBody":"","fileTypesAndContributionMap":{}}]},{"date":"2025-04-06T00:00:00","commitResults":[{"hash":"5f46dbc528cd5bcf0209eb6d1b2e7f105718bf6b","isMergeCommit":false,"messageTitle":"Add maximum width for PersonCard","messageBody":"","fileTypesAndContributionMap":{"functional-code":{"insertions":1,"deletions":1}}},{"hash":"1d8300dc10615397ff1698f3c8c58cf0323f3b60","isMergeCommit":false,"messageTitle":"Add restriction for logout commands","messageBody":"","fileTypesAndContributionMap":{"functional-code":{"insertions":57,"deletions":14},"test-code":{"insertions":1,"deletions":1}}},{"hash":"cdb7285085d1d570201093555dbf534957ac5c6c","isMergeCommit":false,"messageTitle":"Update test","messageBody":"","fileTypesAndContributionMap":{"functional-code":{"insertions":0,"deletions":1},"test-code":{"insertions":5,"deletions":0}}},{"hash":"1aba6471fc8acc3a13aeff0e2671f31d68771819","isMergeCommit":false,"messageTitle":"Update command exception priority","messageBody":"","fileTypesAndContributionMap":{"functional-code":{"insertions":7,"deletions":7}}},{"hash":"f2f22c4298a997c37082503cae53134f7b246cf7","isMergeCommit":false,"messageTitle":"Remove redundant branch","messageBody":"","fileTypesAndContributionMap":{"functional-code":{"insertions":0,"deletions":4}}},{"hash":"93ed8a8d4dbbbe14281d84715960be64bba6d3e0","isMergeCommit":false,"messageTitle":"Remove unused import","messageBody":"","fileTypesAndContributionMap":{"functional-code":{"insertions":0,"deletions":1}}},{"hash":"6745d29f4387866bad65efb9ab3ffbcbd132e860","isMergeCommit":true,"messageTitle":"Merge remote-tracking branch \u0027upstream/master\u0027","messageBody":"","fileTypesAndContributionMap":{}},{"hash":"909bd7c0ad443083a22bca35e107f182e2b0cee3","isMergeCommit":true,"messageTitle":"Merge branch \u0027master\u0027 into ui-sizing-fix","messageBody":"","fileTypesAndContributionMap":{}},{"hash":"571db45fea856f99777bb91f5d6b7630fbc2959e","isMergeCommit":true,"messageTitle":"Merge branch \u0027master\u0027 into ui-sizing-fix","messageBody":"","fileTypesAndContributionMap":{}},{"hash":"2a6dd2c1fa11787739581e93cfe0397ab394c5f6","isMergeCommit":true,"messageTitle":"Merge pull request #237 from reuben-thomas/ui-sizing-fix","messageBody":"Ui: Formatting long attribute values","fileTypesAndContributionMap":{}},{"hash":"6595f3787bee24ecdc62672ae19c48016accf18e","isMergeCommit":true,"messageTitle":"Merge remote-tracking branch \u0027upstream/master\u0027","messageBody":"","fileTypesAndContributionMap":{}}]},{"date":"2025-04-07T00:00:00","commitResults":[{"hash":"a6f0ec4177a21103310945bde066fd44d0409867","isMergeCommit":true,"messageTitle":"Merge remote-tracking branch \u0027upstream/master\u0027","messageBody":"","fileTypesAndContributionMap":{}},{"hash":"71aded66c582e6aaa8ecbdec1cd62b343c69fbb0","isMergeCommit":false,"messageTitle":"Update tooltip spelling","messageBody":"","fileTypesAndContributionMap":{"functional-code":{"insertions":1,"deletions":1}}},{"hash":"6bd53fec1eb5fc7c099b4e3a5f0a5f3404b50101","isMergeCommit":true,"messageTitle":"Merge pull request #244 from reuben-thomas/fix-tooltip","messageBody":"Ui: Fix tooltip typo","fileTypesAndContributionMap":{}}]}],"gajinkee":[{"date":"2025-03-03T00:00:00","commitResults":[{"hash":"ee2d69965ac87130171f261e376a87ef4aaed9a6","isMergeCommit":false,"messageTitle":"AboutUs: Added gajins profile","messageBody":"","fileTypesAndContributionMap":{"docs":{"insertions":5,"deletions":7}}},{"hash":"1b4491403860f97e46a56b850e7b82069b019b04","isMergeCommit":false,"messageTitle":"DeveloperGuide: updated appendix","messageBody":"","fileTypesAndContributionMap":{"docs":{"insertions":96,"deletions":22}}}]},{"date":"2025-03-05T00:00:00","commitResults":[{"hash":"ba9f6908953a7760541ee4f056e2953b9b6f2959","isMergeCommit":false,"messageTitle":"AboutUs: Clean out redundancy","messageBody":"","fileTypesAndContributionMap":{"docs":{"insertions":1,"deletions":40}}},{"hash":"d76d79f96b80fd573f2631deea7a99d6445acc61","isMergeCommit":true,"messageTitle":"Merge pull request #28 from gajinkee/update-aboutUs","messageBody":"AboutUs: Clean out redundancy","fileTypesAndContributionMap":{}}]},{"date":"2025-03-07T00:00:00","commitResults":[{"hash":"22c6986bef1ba82f50f3a1ec6798a40f248cb610","isMergeCommit":true,"messageTitle":"Merge branch \u0027AY2425S2-CS2103T-T10-2:master\u0027 into branch-Update-DeveloperGuide","messageBody":"","fileTypesAndContributionMap":{}},{"hash":"461cacca217c5fb687e7ef76c1c048430a42d7c5","isMergeCommit":false,"messageTitle":"DevGuide: Improve consistency","messageBody":"","fileTypesAndContributionMap":{"docs":{"insertions":2,"deletions":2}}}]},{"date":"2025-03-08T00:00:00","commitResults":[{"hash":"df5b0a284a218f5282ef7149dc883fa704cb4a24","isMergeCommit":true,"messageTitle":"Merge pull request #30 from jonaturn/Update-DG","messageBody":"Update NFR and glossary","fileTypesAndContributionMap":{}},{"hash":"539128b56608b7623497a73a8f48ad1f5a64e416","isMergeCommit":true,"messageTitle":"Merge branch \u0027master\u0027 into branch-Update-DeveloperGuide","messageBody":"","fileTypesAndContributionMap":{}}]},{"date":"2025-03-11T00:00:00","commitResults":[{"hash":"d6b96c98666d8d3edadb357837e1b33c833cf06c","isMergeCommit":false,"messageTitle":"Add: Updated with new params","messageBody":"","fileTypesAndContributionMap":{"functional-code":{"insertions":321,"deletions":49},"test-code":{"insertions":94,"deletions":20}}},{"hash":"502866820655b175c9e275459ea410f895c34650","isMergeCommit":false,"messageTitle":"TestCases: Fixed testcases","messageBody":"","fileTypesAndContributionMap":{"functional-code":{"insertions":27,"deletions":13},"test-code":{"insertions":296,"deletions":145}}}]},{"date":"2025-03-12T00:00:00","commitResults":[{"hash":"2c5f2637fc93536f024336115bf19974febd5059","isMergeCommit":true,"messageTitle":"Merge pull request #39 from reuben-thomas/find-by-fields","messageBody":"Add search by specific field","fileTypesAndContributionMap":{}},{"hash":"e7b93ae82819210eb96785f136a02da6265dce89","isMergeCommit":true,"messageTitle":"Merge branch \u0027AY2425S2-CS2103T-T10-2:master\u0027 into branch-add-orgID","messageBody":"","fileTypesAndContributionMap":{}},{"hash":"6bf2d9d62925cd760150067d0f9fdab4978a73d4","isMergeCommit":true,"messageTitle":"Merge pull request #40 from LF1928/branch-add-support-for-statusTags","messageBody":"add support for status tag","fileTypesAndContributionMap":{}}]},{"date":"2025-03-13T00:00:00","commitResults":[{"hash":"d7d9cfd06be85ad31b45f03ca89a4a46f5e1ccaa","isMergeCommit":true,"messageTitle":"Merge branch \u0027master\u0027 into Add-Login","messageBody":"","fileTypesAndContributionMap":{}},{"hash":"c50f67104622462ea78b20c333e69b034dcdedc2","isMergeCommit":true,"messageTitle":"Merge pull request #41 from jonaturn/Add-Login","messageBody":"Add login","fileTypesAndContributionMap":{}},{"hash":"f88ba929e39e3e14d03de1fd65636dc60d90f29f","isMergeCommit":true,"messageTitle":"Merge branch \u0027master\u0027 into update-gitignore","messageBody":"","fileTypesAndContributionMap":{}}]},{"date":"2025-03-17T00:00:00","commitResults":[{"hash":"a683aeb3bf8a58703e184550dfc41dd54c6b3d04","isMergeCommit":false,"messageTitle":"Validation: Fix for orgID and device","messageBody":"","fileTypesAndContributionMap":{"functional-code":{"insertions":9,"deletions":7}}}]},{"date":"2025-03-18T00:00:00","commitResults":[{"hash":"d7564c7c8271caa245feb8ea911c504a7ad7d3a2","isMergeCommit":false,"messageTitle":"Checkstlye: fixed checkstyle","messageBody":"","fileTypesAndContributionMap":{"functional-code":{"insertions":1,"deletions":1}}},{"hash":"b872aa91b32ea4bdda625f893f2e44faf36a1f9c","isMergeCommit":false,"messageTitle":"TestCases: Modified to fit new restrictions","messageBody":"","fileTypesAndContributionMap":{"functional-code":{"insertions":6,"deletions":5},"test-code":{"insertions":20,"deletions":15}}},{"hash":"7070ce848c17f57f7581ab78f8b24431b75e4349","isMergeCommit":true,"messageTitle":"Merge branch \u0027master\u0027 into branch-fix-validation","messageBody":"","fileTypesAndContributionMap":{}},{"hash":"19e9272edeed8740cd912fbe039d2126af1a1764","isMergeCommit":false,"messageTitle":"Deconflict: test cases","messageBody":"","fileTypesAndContributionMap":{"functional-code":{"insertions":1,"deletions":2},"test-code":{"insertions":10,"deletions":10}}}]},{"date":"2025-03-19T00:00:00","commitResults":[{"hash":"3ec2bd57b330f89f580f00cb19ba170d0476446a","isMergeCommit":false,"messageTitle":"Bug: Minor bug fixes","messageBody":"","fileTypesAndContributionMap":{"functional-code":{"insertions":4,"deletions":4},"test-code":{"insertions":1,"deletions":1}}},{"hash":"81cc03db707c676be62c1cc2667b3ba09b43196a","isMergeCommit":true,"messageTitle":"Merge pull request #51 from gajinkee/branch-fix-validation","messageBody":"Validation: Fix for orgID and device","fileTypesAndContributionMap":{}},{"hash":"f690389483004002f2ba65fe2af1eb42841d6fae","isMergeCommit":false,"messageTitle":"Auth: Blocking logic fixed","messageBody":"","fileTypesAndContributionMap":{"functional-code":{"insertions":7,"deletions":8}}},{"hash":"a48a35da2b92fa7969ea2dd9e6390d5d1ec3e6d7","isMergeCommit":true,"messageTitle":"Merge pull request #53 from LF1928/branch-fix-bug-on-add-command","messageBody":"Fix bug on AddCommand error display","fileTypesAndContributionMap":{}},{"hash":"e4458d4eb05a6343aca6c8e6377fe1bd8184c790","isMergeCommit":true,"messageTitle":"Merge branch \u0027master\u0027 into test-branch","messageBody":"","fileTypesAndContributionMap":{}},{"hash":"57372f6d23dd8551b9251f4f5ae57a6343de56ea","isMergeCommit":false,"messageTitle":"LogicManager: Removed unnecessary getter","messageBody":"","fileTypesAndContributionMap":{"functional-code":{"insertions":0,"deletions":4}}},{"hash":"0bd4bd9982db6b265af1f647bd1111ac11b51a2f","isMergeCommit":true,"messageTitle":"Merge branch \u0027test-branch\u0027 of https://github.com/gajinkee/tp into test-branch","messageBody":"","fileTypesAndContributionMap":{}},{"hash":"2ab843a1a1408ddf01c894a2c67cb6af3cfb3879","isMergeCommit":true,"messageTitle":"Merge pull request #54 from gajinkee/test-branch","messageBody":"Auth: Blocking logic fixed","fileTypesAndContributionMap":{}},{"hash":"9c434b64041cc7bfaefb03bc09c9b308d7d235f6","isMergeCommit":true,"messageTitle":"Merge branch \u0027master\u0027 into collapsible-contact-view","messageBody":"","fileTypesAndContributionMap":{}},{"hash":"0ec94c0eba3bf84490190aff204bef9d6f32f062","isMergeCommit":true,"messageTitle":"Merge pull request #55 from reuben-thomas/collapsible-contact-view","messageBody":"Collapsible contact view","fileTypesAndContributionMap":{}},{"hash":"2810979f35ddeb80368c7441f9d357012d4d2af7","isMergeCommit":false,"messageTitle":"Hashing: admin password is safer","messageBody":"","fileTypesAndContributionMap":{"functional-code":{"insertions":46,"deletions":8}}},{"hash":"f4eedea729f397f25742f6caa8ed0bd0c0d880b2","isMergeCommit":false,"messageTitle":"Checkstyle: fixed","messageBody":"","fileTypesAndContributionMap":{"functional-code":{"insertions":14,"deletions":2}}}]},{"date":"2025-03-20T00:00:00","commitResults":[{"hash":"ba30d6e260ca0d21670b74d0f860f0cd23313421","isMergeCommit":true,"messageTitle":"Merge pull request #57 from jonaturn/Add-Login","messageBody":"Add login tests","fileTypesAndContributionMap":{}},{"hash":"8b5aa39e0592bc9490032353be4a5854a024cd0a","isMergeCommit":true,"messageTitle":"Merge pull request #61 from jonaturn/master","messageBody":"Fixed all broken tests from v1.2","fileTypesAndContributionMap":{}}]},{"date":"2025-03-22T00:00:00","commitResults":[{"hash":"ec720bbea360bfa176e6ba1e047634e9744c5dfb","isMergeCommit":false,"messageTitle":"Import: Added import command","messageBody":"","fileTypesAndContributionMap":{"functional-code":{"insertions":134,"deletions":0}}},{"hash":"207a27fa2c6644b4863dcfb8f2a1a0762d032766","isMergeCommit":false,"messageTitle":"Checkstlye: fixed","messageBody":"","fileTypesAndContributionMap":{"functional-code":{"insertions":28,"deletions":18}}}]},{"date":"2025-03-24T00:00:00","commitResults":[{"hash":"42f583e2c0d2da3913fd55f70d09fbca08f307ba","isMergeCommit":true,"messageTitle":"Merge branch \u0027AY2425S2-CS2103T-T10-2:master\u0027 into import-contacts","messageBody":"","fileTypesAndContributionMap":{}},{"hash":"8212b1427af10011e7d1ea92455a3728cd7c973d","isMergeCommit":true,"messageTitle":"Merge branch \u0027master\u0027 into encrypt-branch","messageBody":"","fileTypesAndContributionMap":{}},{"hash":"90efa420b830c71fc74b56c8d93fc22e3be52aef","isMergeCommit":false,"messageTitle":"Fixed: fixed new testcases","messageBody":"","fileTypesAndContributionMap":{"functional-code":{"insertions":9,"deletions":5}}},{"hash":"e9bac9025349b50f968c92bb0a3ed22eced2b6c3","isMergeCommit":false,"messageTitle":"DevGuide: Update storage and common","messageBody":"","fileTypesAndContributionMap":{"docs":{"insertions":10,"deletions":4}}},{"hash":"969e148e9150c5c8703bd8998d11c9fa7e7a27ab","isMergeCommit":false,"messageTitle":"Syntax: Applies highlighting","messageBody":"","fileTypesAndContributionMap":{"functional-code":{"insertions":1,"deletions":0}}},{"hash":"121808c08ef57cda0b7f51ef73931cfaa2d067b2","isMergeCommit":true,"messageTitle":"Merge pull request #76 from gajinkee/import-contacts","messageBody":"Import command for contacts","fileTypesAndContributionMap":{}},{"hash":"3e659e049df5370768c68da0097f9c77b7445e0a","isMergeCommit":true,"messageTitle":"Merge branch \u0027master\u0027 into encrypt-branch","messageBody":"","fileTypesAndContributionMap":{}}]},{"date":"2025-03-25T00:00:00","commitResults":[{"hash":"029c211f4b338b83a0c95ffa11d1e1394c9ffe11","isMergeCommit":false,"messageTitle":"DevGuide: Update storage and common","messageBody":"","fileTypesAndContributionMap":{"docs":{"insertions":10,"deletions":4}}},{"hash":"06bbef5906d661aab415a6232c56efa12fa5aa83","isMergeCommit":false,"messageTitle":"DevGuide: Updated storage diagram and commons","messageBody":"","fileTypesAndContributionMap":{"docs":{"insertions":18,"deletions":8}}},{"hash":"97f9dffe8ef3e70c37561e5ba79c82c5d201e002","isMergeCommit":true,"messageTitle":"Conflict: resolved","messageBody":"","fileTypesAndContributionMap":{}}]},{"date":"2025-03-26T00:00:00","commitResults":[{"hash":"c0ec726df95882b9996d1f3903cf76c24d1972a8","isMergeCommit":false,"messageTitle":"Fonts: unicode fix","messageBody":"","fileTypesAndContributionMap":{"functional-code":{"insertions":12,"deletions":12}}},{"hash":"5fb2c1647091945a226945172c446fc8cb68a20e","isMergeCommit":false,"messageTitle":"Icons: fixed","messageBody":"","fileTypesAndContributionMap":{"functional-code":{"insertions":12,"deletions":12}}},{"hash":"6d801a75a8590f2f4e0b52f847354a303ca45bd0","isMergeCommit":true,"messageTitle":"Merge branch \u0027master\u0027 into testing-icons","messageBody":"","fileTypesAndContributionMap":{}},{"hash":"0fda94878790a847449ba3ebe2491af4baaf7390","isMergeCommit":true,"messageTitle":"Merge branch \u0027master\u0027 into Update-Storage-Devdocs","messageBody":"","fileTypesAndContributionMap":{}},{"hash":"0da608203b129c4e94697815a6c21bafbaceca05","isMergeCommit":true,"messageTitle":"Merge branch \u0027master\u0027 into testing-icons","messageBody":"","fileTypesAndContributionMap":{}},{"hash":"0d11d9964827979bfb41184138b113a885803251","isMergeCommit":true,"messageTitle":"Merge pull request #82 from gajinkee/testing-icons","messageBody":"Fonts: unicode fix","fileTypesAndContributionMap":{}}]},{"date":"2025-03-27T00:00:00","commitResults":[{"hash":"1b22d6dfeff8f881f4dd9468c42fed9d18eb2297","isMergeCommit":true,"messageTitle":"Merge pull request #56 from gajinkee/encrypt-branch","messageBody":"Hashing: admin password is safer","fileTypesAndContributionMap":{}},{"hash":"fbbf4f90a35869285d8b79498e65f8169fd84911","isMergeCommit":true,"messageTitle":"Merge branch \u0027master\u0027 into Update-Storage-Devdocs","messageBody":"","fileTypesAndContributionMap":{}},{"hash":"f0183c08fc7599e99d3467b2a3e087996921f46e","isMergeCommit":true,"messageTitle":"Merge pull request #77 from gajinkee/Update-Storage-Devdocs","messageBody":"DevGuide: Update storage and common","fileTypesAndContributionMap":{}},{"hash":"51827b12ce095f85254ae4731520fadc02495d04","isMergeCommit":false,"messageTitle":"HelpWindow: updated new text","messageBody":"","fileTypesAndContributionMap":{"functional-code":{"insertions":54,"deletions":27}}},{"hash":"2f6a4d36bdcfe40214c84c7662c8f659e4bb324b","isMergeCommit":true,"messageTitle":"Merge branch \u0027master\u0027 into branch-help-update","messageBody":"","fileTypesAndContributionMap":{}},{"hash":"eac210cf2926b2b7a4dde09376d7d4ab302951bf","isMergeCommit":true,"messageTitle":"Merge pull request #93 from gajinkee/branch-help-update","messageBody":"HelpWindow: updated new text","tags":["v1.4"],"fileTypesAndContributionMap":{}}]},{"date":"2025-03-29T00:00:00","commitResults":[{"hash":"cf3d13615c0adb6afac8161271ce8e82de3233d1","isMergeCommit":false,"messageTitle":"Command: unique prefix filter \u0026 status","messageBody":"","fileTypesAndContributionMap":{"test-code":{"insertions":91,"deletions":0}}},{"hash":"836e8f3a986da8500a8b0bcb2266378f017fdf32","isMergeCommit":false,"messageTitle":"Command: Missing prefix commit","messageBody":"","fileTypesAndContributionMap":{"functional-code":{"insertions":4,"deletions":2},"test-code":{"insertions":0,"deletions":91}}},{"hash":"4be8e3a66ae94d8bd68c3f92106b67f239eba1a8","isMergeCommit":false,"messageTitle":"Messages: Fixed errors","messageBody":"","fileTypesAndContributionMap":{"functional-code":{"insertions":3,"deletions":3}}}]},{"date":"2025-03-30T00:00:00","commitResults":[{"hash":"7e309f2ee99bb94a5040386381da38abc570b859","isMergeCommit":false,"messageTitle":"Command: CLI convention","messageBody":"","fileTypesAndContributionMap":{"functional-code":{"insertions":2,"deletions":2},"docs":{"insertions":1,"deletions":1}}}]},{"date":"2025-04-01T00:00:00","commitResults":[{"hash":"d51d9d8bbea8d0da7c926b779aa904b9b0fffd52","isMergeCommit":true,"messageTitle":"Merge pull request #126 from reuben-thomas/auth-alpha-bug","messageBody":"Authentication: Login on enter keypress","fileTypesAndContributionMap":{}},{"hash":"3d5555bfeefac4178aa0d4f9969f3935941b59e5","isMergeCommit":true,"messageTitle":"Merge branch \u0027master\u0027 into alpha-bug-fix","messageBody":"","fileTypesAndContributionMap":{}},{"hash":"a31517670fe3ea9afbe0830cfabd7e97eb889167","isMergeCommit":true,"messageTitle":"Merge pull request #102 from gajinkee/alpha-bug-fix","messageBody":"Command: unique prefix filter \u0026 status","fileTypesAndContributionMap":{}},{"hash":"c0245833ae60500e6fc55c7068230c3206a86a82","isMergeCommit":true,"messageTitle":"Merge branch \u0027master\u0027 into alpha-bugs-messages","messageBody":"","fileTypesAndContributionMap":{}},{"hash":"023150ba072eebf892263dc083cc58b9c3cab5a5","isMergeCommit":true,"messageTitle":"Merge pull request #103 from gajinkee/alpha-bugs-messages","messageBody":"Messages: Fixed errors","fileTypesAndContributionMap":{}},{"hash":"9b38e925d896fe0b7c719456f15b957fbf25dfeb","isMergeCommit":true,"messageTitle":"Merge branch \u0027master\u0027 into apha-bugs-convention","messageBody":"","fileTypesAndContributionMap":{}},{"hash":"fa5d6c2de05e5a0b7cd9f32644b8173b2a0fe82c","isMergeCommit":true,"messageTitle":"Merge pull request #110 from gajinkee/apha-bugs-convention","messageBody":"Command: CLI convention","fileTypesAndContributionMap":{}},{"hash":"4a2845cde21477f5a3d3892ec190e530dc3fab99","isMergeCommit":true,"messageTitle":"Merge pull request #123 from jonaturn/Update-UG","messageBody":"Add support for import feature in UG","fileTypesAndContributionMap":{}},{"hash":"a979390a917e8cb82f1be506ef7fd15126322d67","isMergeCommit":false,"messageTitle":"UserGuide: Updated","messageBody":"","fileTypesAndContributionMap":{"docs":{"insertions":56,"deletions":54}}},{"hash":"1a688684fe20b9167ca93f1e38d2b579aa7102b2","isMergeCommit":true,"messageTitle":"Merge branch \u0027master\u0027 into userguide-update","messageBody":"","fileTypesAndContributionMap":{}},{"hash":"f2e8e77ddd016599799ffb3ee977ea297da21a5f","isMergeCommit":true,"messageTitle":"Merge pull request #131 from gajinkee/userguide-update","messageBody":"UserGuide: Updated","fileTypesAndContributionMap":{}},{"hash":"a6ee39f678339e7faa112f3bb0e23dc092f5effd","isMergeCommit":true,"messageTitle":"Merge pull request #83 from jonaturn/register-page","messageBody":"Add register user page","fileTypesAndContributionMap":{}}]},{"date":"2025-04-02T00:00:00","commitResults":[{"hash":"ce96a36149b3ba7e3713f48b3a2e77f63362f07b","isMergeCommit":true,"messageTitle":"Merge branch \u0027master\u0027 into branch-update-index","messageBody":"","fileTypesAndContributionMap":{}},{"hash":"20cdfe24721970639f1836293110256de391d66c","isMergeCommit":true,"messageTitle":"Merge pull request #136 from LF1928/branch-update-index","messageBody":"Update index","fileTypesAndContributionMap":{}},{"hash":"fab46f354fe4a9c47f487cea583abcc8b8d31345","isMergeCommit":false,"messageTitle":"UserGuide: Updated and standardised","messageBody":"","fileTypesAndContributionMap":{"docs":{"insertions":81,"deletions":64}}},{"hash":"47301f83d284febc5e32a4d9666512349ce22df9","isMergeCommit":false,"messageTitle":"userGuide: fix import image","messageBody":"","fileTypesAndContributionMap":{"docs":{"insertions":1,"deletions":1}}},{"hash":"00c6248d55cfea4fe30edd03ab2c8e895ef28f9f","isMergeCommit":true,"messageTitle":"Merge pull request #122 from LF1928/branch-fix-bug-for-findby-empty-argument","messageBody":"Fix bug for findby empty argument","fileTypesAndContributionMap":{}},{"hash":"fc8bfcc929d3884a2e77d55094e88a915adcb260","isMergeCommit":false,"messageTitle":"Bug: Fixed collapsing ListCells","messageBody":"","fileTypesAndContributionMap":{"functional-code":{"insertions":23,"deletions":4}}},{"hash":"1d63af1e66ade3ea2f9c453f90f3069ce0df41a3","isMergeCommit":false,"messageTitle":"LogicManager: Code Quality improvement","messageBody":"","fileTypesAndContributionMap":{"functional-code":{"insertions":10,"deletions":7}}},{"hash":"cec34568fbc716ee2014ece66eb8af5ab3d10f02","isMergeCommit":false,"messageTitle":"Auth: Major bugs fixed","messageBody":"","fileTypesAndContributionMap":{"functional-code":{"insertions":39,"deletions":4}}},{"hash":"9e34eb73ee446cf0af2141dae245d42889cbc3b7","isMergeCommit":true,"messageTitle":"Merge branch \u0027master\u0027 into code-quality-login","messageBody":"","fileTypesAndContributionMap":{}}]},{"date":"2025-04-03T00:00:00","commitResults":[{"hash":"9c050ed26e2d7d3dfd9ab08dd74942dd185ac857","isMergeCommit":false,"messageTitle":"PersonList: Stays expanded with delete","messageBody":"","fileTypesAndContributionMap":{"functional-code":{"insertions":20,"deletions":9}}},{"hash":"2cdf4b7cf473d78aadcb9960f3c8a4c3bba82ab2","isMergeCommit":false,"messageTitle":"Checkstyle: fix","messageBody":"","fileTypesAndContributionMap":{"functional-code":{"insertions":0,"deletions":2}}},{"hash":"4564b7a8b7c0cd9663921a4af5e5c760e6363e3c","isMergeCommit":true,"messageTitle":"Merge branch \u0027master\u0027 into person-list-contracts","messageBody":"","fileTypesAndContributionMap":{}},{"hash":"a2ec68b95fc1081c070bcb05eadf5f0d5d918674","isMergeCommit":true,"messageTitle":"Merge pull request #155 from gajinkee/code-quality-login","messageBody":"Code quality for login","fileTypesAndContributionMap":{}},{"hash":"16ba274d99b35fbe5baaad46032af5de2bb5c00f","isMergeCommit":true,"messageTitle":"Merge branch \u0027master\u0027 into person-list-contracts","messageBody":"","fileTypesAndContributionMap":{}},{"hash":"7350476b5c936bdfd355f9c26a020a236497ffc2","isMergeCommit":false,"messageTitle":"Error: Updated import error","messageBody":"","fileTypesAndContributionMap":{"functional-code":{"insertions":1,"deletions":1}}},{"hash":"a467b02666944507ed507a108d7adb7dc8672cc3","isMergeCommit":true,"messageTitle":"Merge branch \u0027master\u0027 into update-error-message","messageBody":"","fileTypesAndContributionMap":{}},{"hash":"4b96b7034760e48ff43ba52bc8c91c78c71fb228","isMergeCommit":false,"messageTitle":"Error: tweak","messageBody":"","fileTypesAndContributionMap":{"functional-code":{"insertions":1,"deletions":1}}},{"hash":"2a1340bf2bda254abb63f38933d285f20aafc922","isMergeCommit":true,"messageTitle":"Merge branch \u0027update-error-message\u0027 of https://github.com/gajinkee/tp into update-error-message","messageBody":"","fileTypesAndContributionMap":{}},{"hash":"e6ebc9b96336089b89aa1ce42496ebe03f3e2cee","isMergeCommit":false,"messageTitle":"Checkstyle: fix","messageBody":"","fileTypesAndContributionMap":{"functional-code":{"insertions":2,"deletions":1}}},{"hash":"b425358a9a48e171c6282e0fecb52ac3ad168f95","isMergeCommit":true,"messageTitle":"Merge pull request #157 from jonaturn/Fix-Bugs-v1.5","messageBody":"Fix empty accounts.json behaviour","fileTypesAndContributionMap":{}},{"hash":"fdb3d76a2814acf44ed1e17996942035a53e6734","isMergeCommit":false,"messageTitle":"HelpCommand-logged-out","messageBody":"","fileTypesAndContributionMap":{"functional-code":{"insertions":1,"deletions":1}}},{"hash":"e66af3ff6f56f9160743255f6fb4501751c4c861","isMergeCommit":true,"messageTitle":"Merge branch \u0027master\u0027 into HelpCommand-logged-out","messageBody":"","fileTypesAndContributionMap":{}},{"hash":"3811d14c22e881a5679e34efc7e19eb06127db6e","isMergeCommit":true,"messageTitle":"Merge branch \u0027master\u0027 into HelpCommand-logged-out","messageBody":"","fileTypesAndContributionMap":{}},{"hash":"81073487d58613ca882aea9f84066decc0030ebe","isMergeCommit":false,"messageTitle":"CodeQuality: improvements","messageBody":"","fileTypesAndContributionMap":{"functional-code":{"insertions":6,"deletions":3}}},{"hash":"3681db5f08aaccaf40344c034862cec090abc057","isMergeCommit":false,"messageTitle":"CodeQuality: improvements again","messageBody":"","fileTypesAndContributionMap":{"functional-code":{"insertions":2,"deletions":1}}},{"hash":"83130c73d4b838c9c5d3cd411115f24dbeac3308","isMergeCommit":false,"messageTitle":"Documentation: changes","messageBody":"","fileTypesAndContributionMap":{"docs":{"insertions":4,"deletions":3}}},{"hash":"1de0cc03710f3e47e0afd6ebb2e7876153396c70","isMergeCommit":false,"messageTitle":"Update UserGuide.md","messageBody":"","fileTypesAndContributionMap":{"docs":{"insertions":1,"deletions":1}}},{"hash":"cbcfa71fd8998f4bb79fb512733e5cba7da3b75d","isMergeCommit":true,"messageTitle":"Merge pull request #177 from gajinkee/HelpCommand-logged-out","messageBody":"HelpCommand-logged-out","fileTypesAndContributionMap":{}},{"hash":"719c163d30b254c9481b1f3cbbef9b2dfe322b1a","isMergeCommit":true,"messageTitle":"Merge pull request #178 from reuben-thomas/dg-update","messageBody":"DeveloperGuide: Update acknowledgements, planned enhancements","fileTypesAndContributionMap":{}}]}],"jonaturn":[{"date":"2025-03-05T00:00:00","commitResults":[{"hash":"1be8d221644a6b8a07852b57b3933bf1b76154de","isMergeCommit":false,"messageTitle":"Update AboutUs","messageBody":"","fileTypesAndContributionMap":{"docs":{"insertions":4,"deletions":5}}},{"hash":"84cc0e9ec5a0ee50d6a58c3d4b648cc789c59813","isMergeCommit":true,"messageTitle":"Merge pull request #19 from LF1928/branch-updateAboutUs","messageBody":"AboutUs: Added lifei profile","fileTypesAndContributionMap":{}},{"hash":"50a7d71f1b9216b8bdce16dc1b4a7b21c0da7fe2","isMergeCommit":true,"messageTitle":"Merge branch \u0027master\u0027 into update-reuben-aboutus","messageBody":"","fileTypesAndContributionMap":{}},{"hash":"c1df0857ed209b5425f228475e137bfb6a2059f0","isMergeCommit":true,"messageTitle":"Merge pull request #27 from reuben-thomas/update-reuben-aboutus","messageBody":"Add Reuben profile to AboutUs page","fileTypesAndContributionMap":{}},{"hash":"8cad03c06f4967a61fe00a48c7ef6ac252fc310b","isMergeCommit":true,"messageTitle":"Merge branch \u0027master\u0027 into Add-AboutUs","messageBody":"","fileTypesAndContributionMap":{}},{"hash":"f8abd0a2aa621d3a9493cf7c1afd906fd85fc607","isMergeCommit":true,"messageTitle":"Merge pull request #25 from jonaturn/Add-AboutUs","messageBody":"Update AboutUs","fileTypesAndContributionMap":{}},{"hash":"5e8dfa61657e61c456b44cd0bee75ec9581289c1","isMergeCommit":true,"messageTitle":"Merge branch \u0027master\u0027 into branch-Add-Gajin","messageBody":"","fileTypesAndContributionMap":{}},{"hash":"909d03642afbe32515e2f9787c0a67d8634b589a","isMergeCommit":true,"messageTitle":"Merge pull request #17 from gajinkee/branch-Add-Gajin","messageBody":"AboutUs: Added gajins profile","fileTypesAndContributionMap":{}}]},{"date":"2025-03-07T00:00:00","commitResults":[{"hash":"7337a4d0f795d1d95b75b56f686c38ce2ce58f22","isMergeCommit":false,"messageTitle":"Update NFR and glossary","messageBody":"","fileTypesAndContributionMap":{"docs":{"insertions":32,"deletions":2}}}]},{"date":"2025-03-08T00:00:00","commitResults":[{"hash":"df81f0da3ae0e33081afc43dfb2b74e869bab747","isMergeCommit":true,"messageTitle":"Merge pull request #21 from gajinkee/branch-Update-DeveloperGuide","messageBody":"DeveloperGuide: updated appendix","fileTypesAndContributionMap":{}}]},{"date":"2025-03-11T00:00:00","commitResults":[{"hash":"60d7cd5fc7074548604bd06542ddaf00b3f8fd1a","isMergeCommit":false,"messageTitle":"Add login dialog and command","messageBody":"","fileTypesAndContributionMap":{"functional-code":{"insertions":205,"deletions":34}}}]},{"date":"2025-03-12T00:00:00","commitResults":[{"hash":"4ab52cdd8edce2e0326d6df5fafba9cef2990409","isMergeCommit":false,"messageTitle":"Add login feature","messageBody":"","fileTypesAndContributionMap":{"functional-code":{"insertions":129,"deletions":12},"test-code":{"insertions":2,"deletions":0}}},{"hash":"2de3285ef1d3a542dcb376aea28a284db1dd5e07","isMergeCommit":false,"messageTitle":"Add clear textboxes on LoginDialog","messageBody":"","fileTypesAndContributionMap":{"functional-code":{"insertions":2,"deletions":0}}},{"hash":"241ab3f3a06c813c0f91bbf4206cbef23cd656d0","isMergeCommit":true,"messageTitle":"Merge branch \u0027Add-Login\u0027 Pulled from upstream repo to master.","messageBody":"Doing a local merge to aid in merge conflict.\n","fileTypesAndContributionMap":{}}]},{"date":"2025-03-20T00:00:00","commitResults":[{"hash":"b11643cbd6ae917706b75ee107ee6e6f6feaea42","isMergeCommit":false,"messageTitle":"Add testing for LoginCommand and AuthenticateCommand","messageBody":"","fileTypesAndContributionMap":{"functional-code":{"insertions":11,"deletions":5},"test-code":{"insertions":73,"deletions":0}}},{"hash":"49036c65f81465c9f42ba9ed3df04a1dcbfae9f0","isMergeCommit":true,"messageTitle":"Merge branch \u0027Add-Login\u0027 of https://github.com/jonaturn/tp into Add-Login","messageBody":"","fileTypesAndContributionMap":{}},{"hash":"e4ee35c6965e59ca8dafed2b545398ed8e3364b8","isMergeCommit":false,"messageTitle":"Add tests for loginCommand and AuthenticateCommand","messageBody":"","fileTypesAndContributionMap":{"test-code":{"insertions":1,"deletions":1}}},{"hash":"12bb3d380d77667ffcb91e7867898a67b1e7fc10","isMergeCommit":true,"messageTitle":"Merge branch \u0027master\u0027 into Add-Login","messageBody":"","fileTypesAndContributionMap":{}},{"hash":"51bc7dc8b2f9c50854c8a1948ef51c2f5dffc62b","isMergeCommit":false,"messageTitle":"Fixing in progress","messageBody":"","fileTypesAndContributionMap":{"test-code":{"insertions":13,"deletions":5}}},{"hash":"754d64c0368a1aadb7c7c3c1b15f3a97910f0f5b","isMergeCommit":true,"messageTitle":"Resolved merge conflict","messageBody":"","fileTypesAndContributionMap":{}},{"hash":"62a72f21f834bc447ffb7bb0c87c83043b57b579","isMergeCommit":false,"messageTitle":"Fix LogicManagerTest.java broken tests","messageBody":"","fileTypesAndContributionMap":{"test-code":{"insertions":6,"deletions":1}}},{"hash":"d330ad3e7a9bbc8edc1c510da5b61e5956253e99","isMergeCommit":true,"messageTitle":"Merge branch \u0027master\u0027 of https://github.com/jonaturn/tp","messageBody":"","fileTypesAndContributionMap":{}},{"hash":"226ae7bd81b8c76460994b815d5ca0d73a2c81a2","isMergeCommit":true,"messageTitle":"Merge branch \u0027master\u0027 into findby-new-fields","messageBody":"","fileTypesAndContributionMap":{}},{"hash":"e8b26ef26243109e636938b6a0deece48afe4493","isMergeCommit":true,"messageTitle":"Merge pull request #62 from reuben-thomas/findby-new-fields","messageBody":"Update findby command with new fields","tags":["v1.3"],"fileTypesAndContributionMap":{}}]},{"date":"2025-03-25T00:00:00","commitResults":[{"hash":"70d8cdef88a0b1677e326bd80d31fa69e718df81","isMergeCommit":false,"messageTitle":"Add show data on successful login","messageBody":"","fileTypesAndContributionMap":{"functional-code":{"insertions":131,"deletions":17},"test-code":{"insertions":47,"deletions":7}}},{"hash":"1c95f7736c1e932dd32c70a66361e8ceec5d7a56","isMergeCommit":false,"messageTitle":"Add rbac","messageBody":"","fileTypesAndContributionMap":{"functional-code":{"insertions":0,"deletions":2},"test-code":{"insertions":0,"deletions":31}}},{"hash":"74f5753723a21e76604e697914fc546f348b5025","isMergeCommit":false,"messageTitle":"Add authenticate IT staff tests","messageBody":"","fileTypesAndContributionMap":{"test-code":{"insertions":31,"deletions":0}}}]},{"date":"2025-03-27T00:00:00","commitResults":[{"hash":"ec10c2943bb337e81f63d9bbf10e3395b121c78c","isMergeCommit":false,"messageTitle":"Add register user","messageBody":"","fileTypesAndContributionMap":{"functional-code":{"insertions":947,"deletions":16},"test-code":{"insertions":32,"deletions":0}}},{"hash":"9878748801dd4a97380d0b40a5b7c3a1104abcb7","isMergeCommit":false,"messageTitle":"Fix checkstyle partially","messageBody":"","fileTypesAndContributionMap":{"functional-code":{"insertions":119,"deletions":25},"docs":{"insertions":1,"deletions":0},"test-code":{"insertions":7,"deletions":2}}},{"hash":"58059f81778d0299df9f2c52d4e4cb5961b41f11","isMergeCommit":false,"messageTitle":"Add Logic UML","messageBody":"","fileTypesAndContributionMap":{"docs":{"insertions":11,"deletions":0}}},{"hash":"6bd4cefa98c88630b2137ddbff337797644ed0c1","isMergeCommit":true,"messageTitle":"Merge remote-tracking branch \u0027upstream/master\u0027 into rbac","messageBody":"","fileTypesAndContributionMap":{}},{"hash":"da7bcef96b790f0bd8d1402243ab29146989c5d3","isMergeCommit":true,"messageTitle":"Merge branch \u0027master\u0027 into rbac","messageBody":"","fileTypesAndContributionMap":{}},{"hash":"919381b47ccbd32f7133f5feda1683e275eec967","isMergeCommit":true,"messageTitle":"Merge pull request #78 from jonaturn/rbac","messageBody":"Role Based Access Control","fileTypesAndContributionMap":{}},{"hash":"08cdaab7d98e1ae8397186b57b2053fd18b13288","isMergeCommit":true,"messageTitle":"Merge branch \u0027master\u0027 into UML-Diagram","messageBody":"","fileTypesAndContributionMap":{}},{"hash":"3f501b73adaf63a359bc152f090c3c678414bb47","isMergeCommit":true,"messageTitle":"Merge pull request #92 from jonaturn/UML-Diagram","messageBody":"Add Logic UML Diagram ","fileTypesAndContributionMap":{}}]},{"date":"2025-03-31T00:00:00","commitResults":[{"hash":"dd07ff568ef4c973da8462dbbc33e79425c6517c","isMergeCommit":false,"messageTitle":"Add LogicStub to AuthenticateCommandTest.java to fix broken tests","messageBody":"","fileTypesAndContributionMap":{"functional-code":{"insertions":29,"deletions":7},"test-code":{"insertions":84,"deletions":6}}},{"hash":"6e43540a4a63010f36dd6a861af46307b56ea1f0","isMergeCommit":false,"messageTitle":"Fix javadoc for AuthenticateCommandTest.java","messageBody":"","fileTypesAndContributionMap":{"test-code":{"insertions":1,"deletions":1}}},{"hash":"4e084cdb8c663ff16f70b19b8d2d8788e0038e22","isMergeCommit":false,"messageTitle":"Add support for import feature in UG","messageBody":"","fileTypesAndContributionMap":{"docs":{"insertions":16,"deletions":0},"test-code":{"insertions":11,"deletions":11}}},{"hash":"40bb1cf2905d08d39cc991b8044df14001ca5a3f","isMergeCommit":true,"messageTitle":"Merge remote-tracking branch \u0027upstream/master\u0027 into register-page","messageBody":"","fileTypesAndContributionMap":{}},{"hash":"8a454889e3180b94e97631814d4dd456a1f84868","isMergeCommit":false,"messageTitle":"Resolve merge conflict from upstream","messageBody":"","fileTypesAndContributionMap":{"functional-code":{"insertions":20,"deletions":28},"test-code":{"insertions":1,"deletions":1}}}]},{"date":"2025-04-01T00:00:00","commitResults":[{"hash":"3a3c949c267b8eaae27d0226b543c89606cde2f2","isMergeCommit":true,"messageTitle":"Merge branch \u0027master\u0027 into Update-UG","messageBody":"","fileTypesAndContributionMap":{}},{"hash":"ce6b59d45ff2cf1fa84803e397203b7de57560fe","isMergeCommit":false,"messageTitle":"Update UserGuide","messageBody":"","fileTypesAndContributionMap":{"docs":{"insertions":58,"deletions":24}}},{"hash":"a9b11fce87258effef86457f65cc4c0898266c17","isMergeCommit":false,"messageTitle":"Fix bugs in pr","messageBody":"","fileTypesAndContributionMap":{"functional-code":{"insertions":7,"deletions":3}}},{"hash":"d616c24b4c4b013e29ee15c4e32dc0d528e485a8","isMergeCommit":true,"messageTitle":"Resolve merge conflict from upstream","messageBody":"","fileTypesAndContributionMap":{}},{"hash":"67f72f75c8c71626b59bedeac02973ec77029a41","isMergeCommit":true,"messageTitle":"Merge pull request #134 from jonaturn/master","messageBody":"Update UserGuide","fileTypesAndContributionMap":{}},{"hash":"a8568a0eca11dce8ba1aca3e9f90fcb686f488d8","isMergeCommit":true,"messageTitle":"Resolve merge conflict from upstream","messageBody":"","fileTypesAndContributionMap":{}}]},{"date":"2025-04-03T00:00:00","commitResults":[{"hash":"3fc0b599d9198849fed70101a90ef01257c6390a","isMergeCommit":false,"messageTitle":"Update Architechture diagram","messageBody":"","fileTypesAndContributionMap":{"docs":{"insertions":43,"deletions":9}}},{"hash":"d128b4d0f8bb37c579971431152b44d568137c78","isMergeCommit":false,"messageTitle":"Fix register with \u0027Admin\u0027 as username","messageBody":"","fileTypesAndContributionMap":{"functional-code":{"insertions":13,"deletions":10}}},{"hash":"9b9a88f0fc47cc1c7ffa99facdfb3eb3d6b0e5b6","isMergeCommit":false,"messageTitle":"Fix empty accounts.json file","messageBody":"","fileTypesAndContributionMap":{"functional-code":{"insertions":2,"deletions":3}}},{"hash":"9bb112af2ff84c25ac6b460ddfcfb2a330a8683c","isMergeCommit":true,"messageTitle":"Merge remote-tracking branch \u0027origin/Fix-Bugs-v1.5\u0027 into Fix-Bugs-v1.5","messageBody":"","fileTypesAndContributionMap":{}}]},{"date":"2025-04-06T00:00:00","commitResults":[{"hash":"dd2c3ab2a7ff2509d7b5ada6c0739598e4e9c54e","isMergeCommit":false,"messageTitle":"Change register to one account","messageBody":"","fileTypesAndContributionMap":{"functional-code":{"insertions":27,"deletions":27},"test-code":{"insertions":20,"deletions":9}}},{"hash":"b604bbb678ca8853c187e22225b0f48b310c18d8","isMergeCommit":false,"messageTitle":"Add handle corrupted accounts file","messageBody":"","fileTypesAndContributionMap":{"functional-code":{"insertions":3,"deletions":0}}},{"hash":"34a3208224970e4fe1e5cd97c2fb32cf154b0db6","isMergeCommit":true,"messageTitle":"Merge pull request #239 from reuben-thomas/auth-login-fix","messageBody":"Authentication: Restrict access to commands after logout","fileTypesAndContributionMap":{}},{"hash":"98e9fa95ae212f0f42feb2b9c49b31bb1dfd36e1","isMergeCommit":true,"messageTitle":"Resolve merge conflicts","messageBody":"","fileTypesAndContributionMap":{}},{"hash":"7f326645ef426387d5a322305cbe809d2f5fe0c5","isMergeCommit":false,"messageTitle":"Fix register to fit one account constraint","messageBody":"","fileTypesAndContributionMap":{"functional-code":{"insertions":5,"deletions":1}}},{"hash":"1dcdf8f47cd4db033be28e4d1468547c7fa679ae","isMergeCommit":false,"messageTitle":"Add tweaks to register flow","messageBody":"","fileTypesAndContributionMap":{"functional-code":{"insertions":13,"deletions":3}}},{"hash":"92242d7b0909910e59639fee933e9ad0f8021348","isMergeCommit":false,"messageTitle":"Add disable login if no account","messageBody":"","fileTypesAndContributionMap":{"functional-code":{"insertions":7,"deletions":10},"test-code":{"insertions":2,"deletions":0}}}]},{"date":"2025-04-07T00:00:00","commitResults":[{"hash":"958942d56f208c83c5799bb1992dcc1084209d2d","isMergeCommit":false,"messageTitle":"Remove magic string","messageBody":"","fileTypesAndContributionMap":{"functional-code":{"insertions":2,"deletions":1}}},{"hash":"a7cef3bf92aa8214ee42c2298ab3502b557466e0","isMergeCommit":true,"messageTitle":"Merge branch \u0027master\u0027 into Register","messageBody":"","fileTypesAndContributionMap":{}},{"hash":"0fd9be41ac05d17439bbcbd69b5b8dcca92e8969","isMergeCommit":true,"messageTitle":"Merge pull request #236 from jonaturn/Register","messageBody":"Change register to fit tp constraints","fileTypesAndContributionMap":{}}]}],"LF1928":[{"date":"2025-03-03T00:00:00","commitResults":[{"hash":"001fefbb00c900089b8e1e36fa0cda82600ea903","isMergeCommit":false,"messageTitle":"Add lifei profile","messageBody":"","fileTypesAndContributionMap":{"docs":{"insertions":4,"deletions":4}}}]},{"date":"2025-03-04T00:00:00","commitResults":[{"hash":"3ae8abfea4a77e71b4f35ad00f70607e8ff11a66","isMergeCommit":true,"messageTitle":"Merge pull request #22 from reuben-thomas/initial-readme-update","messageBody":"Update README and documentation page","fileTypesAndContributionMap":{}}]},{"date":"2025-03-09T00:00:00","commitResults":[{"hash":"55cee8a432602b874a0ae9451a11b293b7fd59a7","isMergeCommit":true,"messageTitle":"Merge branch \u0027master\u0027 into branch-ui-mockup2","messageBody":"","fileTypesAndContributionMap":{}}]},{"date":"2025-03-11T00:00:00","commitResults":[{"hash":"a4e75ba7666d00c792b3222af0f2e47b7cee740d","isMergeCommit":false,"messageTitle":"add support for status tag as a label at the end of person card It is not optional and has to be initiated when add can be edited through edit and set_status","messageBody":"","fileTypesAndContributionMap":{"functional-code":{"insertions":249,"deletions":29}}},{"hash":"825d07e39bf338902825cfd67fcc8a19385f083b","isMergeCommit":false,"messageTitle":"add support for status filter","messageBody":"","fileTypesAndContributionMap":{"functional-code":{"insertions":62,"deletions":0}}}]},{"date":"2025-03-12T00:00:00","commitResults":[{"hash":"28e61a251059c95673feb0e7fa7607cfb96196ff","isMergeCommit":false,"messageTitle":"Update to match checkstyle","messageBody":"","fileTypesAndContributionMap":{"functional-code":{"insertions":93,"deletions":37}}},{"hash":"f16e295c295d35ce81b929a59110d348292a88a8","isMergeCommit":false,"messageTitle":"comment out some tests to build","messageBody":"","fileTypesAndContributionMap":{"test-code":{"insertions":23,"deletions":21}}},{"hash":"9b30cdf4b9603161b6c4005a8fdbb52c1404e43d","isMergeCommit":true,"messageTitle":"Merge branch \u0027master\u0027 into branch-add-support-for-statusTags","messageBody":"","fileTypesAndContributionMap":{}},{"hash":"9736eaacbae69181c479624e51011e3bf77fde09","isMergeCommit":true,"messageTitle":"Merge pull request #38 from gajinkee/branch-add-orgID","messageBody":"Add: Updated with new params","fileTypesAndContributionMap":{}},{"hash":"bf21d714c89afbbafc6e45a548f4e8337be03b82","isMergeCommit":true,"messageTitle":"Merge branch \u0027master\u0027 into branch-add-support-for-statusTags","messageBody":"","fileTypesAndContributionMap":{}},{"hash":"d3685c590639cb312f3a85f19c76ad089f7075df","isMergeCommit":false,"messageTitle":"Remove conflicting code","messageBody":"","fileTypesAndContributionMap":{"functional-code":{"insertions":11,"deletions":9},"test-code":{"insertions":46,"deletions":59}}}]},{"date":"2025-03-18T00:00:00","commitResults":[{"hash":"b7a3d9d8808d5feb5032f5dfd1e303a37375954d","isMergeCommit":false,"messageTitle":"Fix most of the broken test cases","messageBody":"","fileTypesAndContributionMap":{"functional-code":{"insertions":11,"deletions":6},"test-code":{"insertions":173,"deletions":87}}},{"hash":"d392cd2f0963a93887f60661bcdf0ee5fddd1c59","isMergeCommit":true,"messageTitle":"Merge pull request #52 from LF1928/branch-fix-broken-testcases","messageBody":"Fix most of the broken test cases","fileTypesAndContributionMap":{}}]},{"date":"2025-03-19T00:00:00","commitResults":[{"hash":"676dace7002cc378b6bcf73376f48d235ec44b87","isMergeCommit":false,"messageTitle":"Fix bug on AddCommand not displaying correct error message if status not added","messageBody":"","fileTypesAndContributionMap":{"functional-code":{"insertions":2,"deletions":2}}},{"hash":"a27ab162a2ac42b09bfeac1efb0d3840856c53a8","isMergeCommit":false,"messageTitle":"Fix testcases that broke due to amendment in AddCommandParser","messageBody":"","fileTypesAndContributionMap":{"test-code":{"insertions":23,"deletions":18}}}]},{"date":"2025-03-20T00:00:00","commitResults":[{"hash":"529a32f8f191c6a642dd06a58c5edc4f4135e363","isMergeCommit":true,"messageTitle":"Merge branch \u0027master\u0027 into tabular-view","messageBody":"","fileTypesAndContributionMap":{}},{"hash":"6374f73e3d6bab4ce7ec76858c18aabaca5735cf","isMergeCommit":true,"messageTitle":"Merge pull request #58 from reuben-thomas/tabular-view","messageBody":"Organise fields by tabular view","fileTypesAndContributionMap":{}}]},{"date":"2025-03-22T00:00:00","commitResults":[{"hash":"2bd700d69255c5d5b310451dc404eab633aa850b","isMergeCommit":false,"messageTitle":"Add support for logout command","messageBody":"","fileTypesAndContributionMap":{"functional-code":{"insertions":38,"deletions":4}}}]},{"date":"2025-03-23T00:00:00","commitResults":[{"hash":"d4e6e8345f509efed7604a2599ac8c97abddb088","isMergeCommit":false,"messageTitle":"Refactor Status class into an enum for better type safety and validation","messageBody":"","fileTypesAndContributionMap":{"functional-code":{"insertions":38,"deletions":49},"test-code":{"insertions":3,"deletions":3}}}]},{"date":"2025-03-24T00:00:00","commitResults":[{"hash":"f906458979de11e854202228400964b980d1fc6b","isMergeCommit":false,"messageTitle":"Fix bug on Edit command due to update in Status enum","messageBody":"","fileTypesAndContributionMap":{"functional-code":{"insertions":11,"deletions":4},"test-code":{"insertions":22,"deletions":3}}},{"hash":"d9d0669b0f07f05f6893d99769e29806b566185b","isMergeCommit":false,"messageTitle":"Add support for better display of Status","messageBody":"","fileTypesAndContributionMap":{"functional-code":{"insertions":20,"deletions":0}}}]},{"date":"2025-03-25T00:00:00","commitResults":[{"hash":"1f85df0561c6b9fac0d902371ccbe8c7c174e89c","isMergeCommit":true,"messageTitle":"Merge branch \u0027master\u0027 into branch-change-status-to-an-enum","messageBody":"","fileTypesAndContributionMap":{}},{"hash":"7bf73093db553886a70f55a5baae8bf54fea3006","isMergeCommit":false,"messageTitle":"Improve code styling","messageBody":"","fileTypesAndContributionMap":{"functional-code":{"insertions":1,"deletions":2}}},{"hash":"8afde87edb69c53261df4b16db7ed6b5b82a64ca","isMergeCommit":true,"messageTitle":"Merge branch \u0027master\u0027 into branch-logout-command","messageBody":"","fileTypesAndContributionMap":{}},{"hash":"daebb549eeb191f08b456138adb7a67d514d8ef4","isMergeCommit":true,"messageTitle":"Merge pull request #73 from LF1928/branch-logout-command","messageBody":"Add support for logout command","fileTypesAndContributionMap":{}},{"hash":"eca85d19e4fbb89f363669ed62f1e158736d2eb2","isMergeCommit":false,"messageTitle":"Improve code styling","messageBody":"","fileTypesAndContributionMap":{"functional-code":{"insertions":1,"deletions":6}}},{"hash":"3d0d13c149e0e9149d5da0eb812066713dd1c313","isMergeCommit":true,"messageTitle":"Merge branch \u0027master\u0027 into branch-change-status-to-an-enum","messageBody":"","fileTypesAndContributionMap":{}}]},{"date":"2025-03-26T00:00:00","commitResults":[{"hash":"af8fd5705be7f712a6ad324a32b4e963f0c65085","isMergeCommit":true,"messageTitle":"Merge pull request #74 from LF1928/branch-change-status-to-an-enum","messageBody":"Refactor Status class into an enum for better type safety and validation","fileTypesAndContributionMap":{}},{"hash":"bc243ab67d68ca7c31048ced0bfa46141467dbd6","isMergeCommit":true,"messageTitle":"Merge branch \u0027master\u0027 into encrypt-branch","messageBody":"","fileTypesAndContributionMap":{}},{"hash":"0e9c456a941ad5f7bd476af414005735e6ae6e02","isMergeCommit":true,"messageTitle":"Merge branch \u0027master\u0027 into Update-Storage-Devdocs","messageBody":"","fileTypesAndContributionMap":{}}]},{"date":"2025-03-27T00:00:00","commitResults":[{"hash":"1ad8ead56809c6de3b9ff235ef46a86687b3e4bb","isMergeCommit":false,"messageTitle":"Update UML diagram for ModelClassDiagram.puml","messageBody":"","fileTypesAndContributionMap":{"docs":{"insertions":9,"deletions":1}}},{"hash":"2dadc51bd2b9f2438e8dcfa97963c93ded870ea7","isMergeCommit":true,"messageTitle":"Merge branch \u0027master\u0027 into branch-uml-diagram","messageBody":"","fileTypesAndContributionMap":{}},{"hash":"0a16ca1c3b52c35af7117a9ffedfc2f9d599e55e","isMergeCommit":false,"messageTitle":"Update UML diagram for BetterModelClassDiagram","messageBody":"","fileTypesAndContributionMap":{"docs":{"insertions":3,"deletions":0}}},{"hash":"f9ef527b8505b1e1cd5953c8a0de89a9134a1692","isMergeCommit":true,"messageTitle":"Merge remote-tracking branch \u0027origin/branch-uml-diagram\u0027 into branch-uml-diagram","messageBody":"","fileTypesAndContributionMap":{}},{"hash":"ab2de50bc5e2fcb70d18da71c4886c65e24be377","isMergeCommit":true,"messageTitle":"Merge branch \u0027master\u0027 into fix-empty-stylespan","messageBody":"","fileTypesAndContributionMap":{}},{"hash":"2e0324d099ccb3a9d43045fdb340ee1fec09e161","isMergeCommit":false,"messageTitle":"Enable assertions in gradle","messageBody":"","fileTypesAndContributionMap":{"other":{"insertions":5,"deletions":1}}},{"hash":"0427608eb0f858289f70ee98124c56f1b07fa22d","isMergeCommit":true,"messageTitle":"Merge branch \u0027master\u0027 into logout-syntax-highlight","messageBody":"","fileTypesAndContributionMap":{}},{"hash":"3065a326e54c7181b923fc5c76bb3bc26a36033d","isMergeCommit":true,"messageTitle":"Merge branch \u0027master\u0027 into devguide-ui-uml","messageBody":"","fileTypesAndContributionMap":{}},{"hash":"ad43bdcb41ebd5aae978dd69da7b4d456bf603ac","isMergeCommit":true,"messageTitle":"Merge pull request #84 from reuben-thomas/logout-syntax-highlight","messageBody":"Add syntax highlights for logout","fileTypesAndContributionMap":{}},{"hash":"1516770a0752b04502df053e829058d1ae2a7f7d","isMergeCommit":true,"messageTitle":"Merge branch \u0027master\u0027 into fix-empty-stylespan","messageBody":"","fileTypesAndContributionMap":{}},{"hash":"8ffca24d505e2fd3358ddc6baa5556a62d4b8c2c","isMergeCommit":true,"messageTitle":"Merge branch \u0027master\u0027 into devguide-ui-uml","messageBody":"","fileTypesAndContributionMap":{}},{"hash":"e7644ccbaff22ab0cea2c4ee0c003b3d40a3a8e5","isMergeCommit":true,"messageTitle":"Merge branch \u0027master\u0027 into branch-uml-diagram","messageBody":"","fileTypesAndContributionMap":{}},{"hash":"f2b55a4310528255d8c5b74af424bd944a92643d","isMergeCommit":true,"messageTitle":"Merge pull request #87 from reuben-thomas/fix-empty-stylespan","messageBody":"Fix exception thrown by syntax highlighter when input box is empty","fileTypesAndContributionMap":{}},{"hash":"1e3d80358052181e2d83c512a7e1300e36ead18e","isMergeCommit":true,"messageTitle":"Merge branch \u0027master\u0027 into devguide-ui-uml","messageBody":"","fileTypesAndContributionMap":{}},{"hash":"efb4f1adc25eb4df0ff5df8cc6da4cfd1752194d","isMergeCommit":true,"messageTitle":"Merge pull request #88 from reuben-thomas/devguide-ui-uml","messageBody":"Update UI UML diagram in developer guide","fileTypesAndContributionMap":{}},{"hash":"e437cdb1e370c719cd873a0b52a9a09dbd94018f","isMergeCommit":true,"messageTitle":"Merge branch \u0027master\u0027 into branch-uml-diagram","messageBody":"","fileTypesAndContributionMap":{}},{"hash":"1b96249b2bee4893bbf253251926484ae07b7269","isMergeCommit":true,"messageTitle":"Merge pull request #89 from LF1928/branch-uml-diagram","messageBody":"Update UML diagram for ModelClassDiagram","fileTypesAndContributionMap":{}},{"hash":"6e564275130e55d3c4316215c3ce1e2cb93e4645","isMergeCommit":true,"messageTitle":"Merge branch \u0027master\u0027 into branch-help-update","messageBody":"","fileTypesAndContributionMap":{}},{"hash":"5cff3fb195110520e2d4dddc7c824c3750aa1aee","isMergeCommit":true,"messageTitle":"Merge branch \u0027master\u0027 into branch-help-update","messageBody":"","fileTypesAndContributionMap":{}}]},{"date":"2025-03-29T00:00:00","commitResults":[{"hash":"8880b039870db77926ca3d08c0f8cb6831a80555","isMergeCommit":false,"messageTitle":"Update error message for ImportCommand","messageBody":"","fileTypesAndContributionMap":{"functional-code":{"insertions":5,"deletions":3}}}]},{"date":"2025-03-31T00:00:00","commitResults":[{"hash":"b6e2e832de5bb046c82b360d217ab14825c6e9b9","isMergeCommit":false,"messageTitle":"Add test cases for parser and create backup for UG","messageBody":"","fileTypesAndContributionMap":{"docs":{"insertions":278,"deletions":0},"test-code":{"insertions":33,"deletions":4}}},{"hash":"7625226ca3a330c3e78deceba7bf455dd1b4b4b5","isMergeCommit":false,"messageTitle":"Update code to adhere to checkstyle","messageBody":"","fileTypesAndContributionMap":{"functional-code":{"insertions":2,"deletions":1},"test-code":{"insertions":5,"deletions":0}}},{"hash":"e23378e6121b3bfcd5d041dd7315bcb84c76b5c3","isMergeCommit":false,"messageTitle":"Fix bug for FindByCommand","messageBody":"","fileTypesAndContributionMap":{"functional-code":{"insertions":7,"deletions":0},"test-code":{"insertions":10,"deletions":10}}},{"hash":"cc5a1f20a471c46628c97a89bd23e2a2895b04fb","isMergeCommit":true,"messageTitle":"Merge branch \u0027master\u0027 into branch-fix-bug-for-findby-empty-argument","messageBody":"","fileTypesAndContributionMap":{}},{"hash":"241f4c24c209ee5d510bd8d8aad8db07e7f13ad5","isMergeCommit":false,"messageTitle":"Update check style","messageBody":"","fileTypesAndContributionMap":{"docs":{"insertions":223,"deletions":132}}},{"hash":"3f3194fa3f6b4c8d12498dd70cbbc64992014f44","isMergeCommit":true,"messageTitle":"Merge remote-tracking branch \u0027origin/branch-fix-bug-for-findby-empty-argument\u0027 into branch-fix-bug-for-findby-empty-argument","messageBody":"","fileTypesAndContributionMap":{}},{"hash":"2949e02d923d67c511bc875100bc688f9f3bbcf3","isMergeCommit":false,"messageTitle":"Delete file to adhere to checkstyle","messageBody":"","fileTypesAndContributionMap":{"docs":{"insertions":0,"deletions":313}}},{"hash":"44f11a75e4cae376bf6a98556ec8b4bdcfb4bd16","isMergeCommit":false,"messageTitle":"Update UserGuide to better match product","messageBody":"","fileTypesAndContributionMap":{"functional-code":{"insertions":3,"deletions":3},"docs":{"insertions":189,"deletions":91}}}]},{"date":"2025-04-01T00:00:00","commitResults":[{"hash":"123962bc65fb6dbfe154868d4d2bf006af954476","isMergeCommit":false,"messageTitle":"Update files to remove trailing white spaces","messageBody":"","fileTypesAndContributionMap":{"docs":{"insertions":237,"deletions":143}}},{"hash":"20ac3eb78dc63fc2654a55a84b454fd046ed1fe9","isMergeCommit":true,"messageTitle":"Merge branch \u0027master\u0027 into branch-update-user-guide","messageBody":"","fileTypesAndContributionMap":{}},{"hash":"3e65259f7ee2c30add7578f2884542cc554979ea","isMergeCommit":true,"messageTitle":"Merge pull request #124 from LF1928/branch-update-user-guide","messageBody":"Update UserGuide to better match product","fileTypesAndContributionMap":{}},{"hash":"860bfc0d5a8fc0cd7776820386d4fb87371c5160","isMergeCommit":true,"messageTitle":"Merge branch \u0027master\u0027 into branch-fix-bug-for-findby-empty-argument","messageBody":"","fileTypesAndContributionMap":{}},{"hash":"c59f694f2d1690e53cd5d937e35816c5ac1f1192","isMergeCommit":true,"messageTitle":"Merge branch \u0027master\u0027 into branch-fix-bug-for-findby-empty-argument","messageBody":"","fileTypesAndContributionMap":{}},{"hash":"17e69ba045f5d3462452035c70d133bd5596f2da","isMergeCommit":false,"messageTitle":"Remove unused imports in EditCommandTest","messageBody":"","fileTypesAndContributionMap":{"test-code":{"insertions":0,"deletions":1}}},{"hash":"81342e3c7cc0c7964412a02a73b5af8f31423412","isMergeCommit":false,"messageTitle":"Update error message for empty findby argument for consistency","messageBody":"","fileTypesAndContributionMap":{"functional-code":{"insertions":1,"deletions":1}}},{"hash":"76f169de6126848da8f13c5c7f21895216250925","isMergeCommit":false,"messageTitle":"Update index","messageBody":"","fileTypesAndContributionMap":{"docs":{"insertions":7,"deletions":6}}},{"hash":"e9ef8ff4b6b3e927ea87590a63cdc036eab78c52","isMergeCommit":true,"messageTitle":"Merge branch \u0027master\u0027 into branch-update-index","messageBody":"","fileTypesAndContributionMap":{}},{"hash":"7b9d0489b9774a097d8419fe778ae37d993c1f70","isMergeCommit":false,"messageTitle":"Update files to adhere to format","messageBody":"","fileTypesAndContributionMap":{"docs":{"insertions":55,"deletions":38}}},{"hash":"27089ecda9b13b42990390e081894b5a7370b828","isMergeCommit":true,"messageTitle":"Merge branch \u0027master\u0027 into branch-update-index","messageBody":"","fileTypesAndContributionMap":{}}]},{"date":"2025-04-02T00:00:00","commitResults":[{"hash":"08a2dada5916d0a0eeb153adcf1f34322671e860","isMergeCommit":true,"messageTitle":"Merge pull request #138 from gajinkee/userguide-updated-two","messageBody":"UserGuide: Updated and standardised","fileTypesAndContributionMap":{}},{"hash":"1cb1291d0b0036e0b3cc79fded1e840828a7d24b","isMergeCommit":true,"messageTitle":"Merge branch \u0027master\u0027 into branch-fix-bug-for-findby-empty-argument","messageBody":"","fileTypesAndContributionMap":{}},{"hash":"b80a041c62959b3b5c9dddd94b1c43e71f4d1168","isMergeCommit":false,"messageTitle":"Add more Ui images and FAQs to UG and update links in DG","messageBody":"","fileTypesAndContributionMap":{"docs":{"insertions":61,"deletions":52}}},{"hash":"d3ba0efb77998e35f0320aefe411542e9fec0716","isMergeCommit":true,"messageTitle":"Merge branch \u0027master\u0027 into branch-UG-fixes","messageBody":"","fileTypesAndContributionMap":{}},{"hash":"01aa766b2e8c5f9655356faba87c66b6f17b00f1","isMergeCommit":true,"messageTitle":"Merge pull request #154 from LF1928/branch-UG-fixes","messageBody":"Add more Ui images and FAQs to UG and update links in DG","fileTypesAndContributionMap":{}}]},{"date":"2025-04-03T00:00:00","commitResults":[{"hash":"10cbdbec992d4a7208b4b563ef234236cef02b6c","isMergeCommit":true,"messageTitle":"Merge branch \u0027master\u0027 into branch-update-import-error-message","messageBody":"","fileTypesAndContributionMap":{}},{"hash":"a0fca4c104f89bff8929e67a5540ccdb37f46aa8","isMergeCommit":true,"messageTitle":"Merge pull request #119 from LF1928/branch-update-import-error-message","messageBody":"Update import error message","fileTypesAndContributionMap":{}},{"hash":"d2ca4e24cbcab16a3cc701157851d94d8bda945c","isMergeCommit":true,"messageTitle":"Merge branch \u0027master\u0027 into improve-ui","messageBody":"","fileTypesAndContributionMap":{}},{"hash":"d752a08280c6385d5ccc1b50b1da94941977f080","isMergeCommit":true,"messageTitle":"Merge pull request #127 from reuben-thomas/improve-ui","messageBody":"Improve UI","fileTypesAndContributionMap":{}},{"hash":"ed58175c7902fef2332b94649493cc38340a6b3c","isMergeCommit":true,"messageTitle":"Merge pull request #153 from gajinkee/person-list-contracts","messageBody":"Bug: Fixed collapsing ListCells","fileTypesAndContributionMap":{}},{"hash":"024876a4e827f7c03fcb6ff3f3ebae6bd06b9635","isMergeCommit":false,"messageTitle":"Update images in UG","messageBody":"","fileTypesAndContributionMap":{"docs":{"insertions":6,"deletions":4}}},{"hash":"f30eb4ba6fcbb739fdef8984fa91ad95dca252fa","isMergeCommit":false,"messageTitle":"Update error message for parsing register when logged in as ITstaff","messageBody":"","fileTypesAndContributionMap":{"functional-code":{"insertions":2,"deletions":0}}},{"hash":"5fb09f4825f7b2ad476006aa6df0326e0208bbad","isMergeCommit":true,"messageTitle":"Merge pull request #165 from LF1928/branch-fix-bug-register-IT-staff","messageBody":"Fix bug when using register when logged in as IT staff","fileTypesAndContributionMap":{}},{"hash":"ea1cad70635c6c0787be1b9c72ad0f08a66ebfd5","isMergeCommit":true,"messageTitle":"Merge branch \u0027master\u0027 into commandbox-min-size","messageBody":"","fileTypesAndContributionMap":{}},{"hash":"8fc4f567112beec657325cbcc3417b4b0d3ad433","isMergeCommit":true,"messageTitle":"Merge branch \u0027master\u0027 into ui-responsive-personcard","messageBody":"","fileTypesAndContributionMap":{}},{"hash":"132144befe9a1ab99812e4723be7898a3e972385","isMergeCommit":true,"messageTitle":"Merge branch \u0027master\u0027 into UpdateArchitectureDiagrams","messageBody":"","fileTypesAndContributionMap":{}},{"hash":"1f161463bcedf94917cea00be3e982a0d443289c","isMergeCommit":true,"messageTitle":"Merge pull request #170 from jonaturn/UpdateArchitectureDiagrams","messageBody":"Update architecture diagrams","fileTypesAndContributionMap":{}},{"hash":"b24ffa079b970080f17005dee9fe68205911df35","isMergeCommit":false,"messageTitle":"Update typo in UG","messageBody":"","fileTypesAndContributionMap":{"docs":{"insertions":1,"deletions":1}}},{"hash":"11d0670732213c8b9b15efb67cc3f2960b29f1d0","isMergeCommit":true,"messageTitle":"Merge branch \u0027master\u0027 into update-error-message","messageBody":"","fileTypesAndContributionMap":{}},{"hash":"99726c00812ce4249fc590cf2f86d6a4d1105a21","isMergeCommit":true,"messageTitle":"Merge branch \u0027master\u0027 into branch-fix-173","messageBody":"","fileTypesAndContributionMap":{}},{"hash":"ebb5270a749bf5ba62883d105b88ff406b062b57","isMergeCommit":true,"messageTitle":"Merge pull request #171 from gajinkee/update-error-message","messageBody":"Error: Updated import error","fileTypesAndContributionMap":{}},{"hash":"e48536b9fda9261c4a13c3bba8bf9c05efd1f84e","isMergeCommit":true,"messageTitle":"Merge branch \u0027master\u0027 into ui-help-style","messageBody":"","fileTypesAndContributionMap":{}},{"hash":"412b1bce0b20de0f483986716375ae2bf6afa156","isMergeCommit":true,"messageTitle":"Merge pull request #176 from reuben-thomas/ui-help-style","messageBody":"Ui: Standardise help window theme","fileTypesAndContributionMap":{}},{"hash":"41805ad88fa46138c289a19f7bed6622b5d1055f","isMergeCommit":true,"messageTitle":"Merge branch \u0027master\u0027 into branch-fix-173","messageBody":"","fileTypesAndContributionMap":{}},{"hash":"2017c6c75657b9c746e152d726bd20f1550580b6","isMergeCommit":true,"messageTitle":"Merge pull request #175 from LF1928/branch-fix-173","messageBody":"Update typo in UG","fileTypesAndContributionMap":{}}]},{"date":"2025-04-05T00:00:00","commitResults":[{"hash":"38b412d29c72afad3af50e9872bb8a988479f2dd","isMergeCommit":false,"messageTitle":"Update bugs in error messages and remove login in GUI","messageBody":"","fileTypesAndContributionMap":{"functional-code":{"insertions":4,"deletions":7}}},{"hash":"06fe1c8215708e92671b2bd95a676dcce3e2314b","isMergeCommit":false,"messageTitle":"Update UG with values accepted by field and more diagrams","messageBody":"","fileTypesAndContributionMap":{"docs":{"insertions":42,"deletions":29}}},{"hash":"44f1a498179cd43662c8a810afaedb9448abdb28","isMergeCommit":false,"messageTitle":"Update UG with s/ to st/ and update DG diagram","messageBody":"","fileTypesAndContributionMap":{"docs":{"insertions":22,"deletions":22}}},{"hash":"6cbad190aaa96be9a33ef77df4e5a3f3bb20835f","isMergeCommit":false,"messageTitle":"Update length of Phone in UG","messageBody":"","fileTypesAndContributionMap":{"docs":{"insertions":1,"deletions":1}}},{"hash":"305774026ae79151a41344c6fa62c1555c7cc736","isMergeCommit":false,"messageTitle":"Update error messages accordingly","messageBody":"","fileTypesAndContributionMap":{"functional-code":{"insertions":10,"deletions":9}}}]},{"date":"2025-04-06T00:00:00","commitResults":[{"hash":"25565a44e56d70db3930de572f303d433722cad2","isMergeCommit":false,"messageTitle":"Update error message for name","messageBody":"","fileTypesAndContributionMap":{"functional-code":{"insertions":1,"deletions":1}}},{"hash":"69e1fc47b126f7a9981d21d14b1fdb37d084601e","isMergeCommit":false,"messageTitle":"Update restrictions for name in UG","messageBody":"","fileTypesAndContributionMap":{"docs":{"insertions":1,"deletions":1}}},{"hash":"1b0010a566f20b536276b38b47c7d615f85b41af","isMergeCommit":false,"messageTitle":"Update diagrams except register and start ui","messageBody":"","fileTypesAndContributionMap":{"docs":{"insertions":11,"deletions":19}}},{"hash":"9bcfbf3002cb02735db618a67fdcdbc2f9c835b7","isMergeCommit":false,"messageTitle":"Update Status related commands","messageBody":"","fileTypesAndContributionMap":{"functional-code":{"insertions":6,"deletions":4}}},{"hash":"e89956769cdcd278a01a9f4ef700d8a89cb43312","isMergeCommit":false,"messageTitle":"Update Status related commands to st","messageBody":"","fileTypesAndContributionMap":{"functional-code":{"insertions":2,"deletions":2},"test-code":{"insertions":1,"deletions":1}}},{"hash":"4192a8fc93a5bf735bd39bd9bbbbb15f2f09be46","isMergeCommit":false,"messageTitle":"Update error","messageBody":"","fileTypesAndContributionMap":{"functional-code":{"insertions":1,"deletions":1}}},{"hash":"0d43f64aa97a9af10ee89ea16b5abb937a6a3f4c","isMergeCommit":false,"messageTitle":"Update 2 tests for FilterStatusCommand and SetStatusCommand","messageBody":"","fileTypesAndContributionMap":{"test-code":{"insertions":120,"deletions":0}}},{"hash":"79d5241ad91a8172be307d3333be8a1470b6c04e","isMergeCommit":false,"messageTitle":"Update formatting for files","messageBody":"","fileTypesAndContributionMap":{"docs":{"insertions":36,"deletions":26},"test-code":{"insertions":1,"deletions":1}}},{"hash":"448962585f676bd5ae4254c629c5036058382d80","isMergeCommit":true,"messageTitle":"Merge branch \u0027master\u0027 into branch-error-messages-and-login-GUI","messageBody":"","fileTypesAndContributionMap":{}},{"hash":"f73b03d06fd673cec67d62a5fca3aab1c7fbf654","isMergeCommit":false,"messageTitle":"Update to remove magic strings","messageBody":"","fileTypesAndContributionMap":{"functional-code":{"insertions":25,"deletions":12}}},{"hash":"c77b0ff97835bc3d693a7479e464fbf870ef5c5c","isMergeCommit":true,"messageTitle":"Merge remote-tracking branch \u0027origin/branch-error-messages-and-login-GUI\u0027 into branch-error-messages-and-login-GUI","messageBody":"","fileTypesAndContributionMap":{}},{"hash":"b6b112f55a6625a8fafd170b45b78363c9502202","isMergeCommit":false,"messageTitle":"Update status to limit line count","messageBody":"","fileTypesAndContributionMap":{"functional-code":{"insertions":2,"deletions":10}}},{"hash":"b81ece48af8f8c969095d370a64655a2047af5a7","isMergeCommit":false,"messageTitle":"Update status to limit line count","messageBody":"","fileTypesAndContributionMap":{"functional-code":{"insertions":2,"deletions":2}}},{"hash":"0775829df988c4b0513ced01548b876c1611f4db","isMergeCommit":false,"messageTitle":"Update orgID to limit line count","messageBody":"","fileTypesAndContributionMap":{"functional-code":{"insertions":5,"deletions":6}}},{"hash":"0d29804ca14629a9b9150e8a0dbc16c130ece170","isMergeCommit":true,"messageTitle":"Merge pull request #233 from LF1928/branch-error-messages-and-login-GUI","messageBody":"Update bugs in error messages and remove login in GUI and change status prefix to st/","fileTypesAndContributionMap":{}},{"hash":"0ca5161f2cde46c8aa4ab7b8fd03c6c4f2462185","isMergeCommit":true,"messageTitle":"Merge branch \u0027master\u0027 into branch-update-UG-DG","messageBody":"","fileTypesAndContributionMap":{}},{"hash":"fa742559e9705e6200ec07c214e314748d02642f","isMergeCommit":true,"messageTitle":"Merge pull request #234 from LF1928/branch-update-UG-DG","messageBody":"Update UG an DG","fileTypesAndContributionMap":{}}]}]},"authorFileTypeContributionMap":{"reuben-thomas":{"docs":158,"functional-code":1276,"test-code":160,"other":4},"gajinkee":{"docs":169,"functional-code":616,"test-code":300},"jonaturn":{"docs":122,"functional-code":1367,"test-code":249},"LF1928":{"docs":334,"functional-code":401,"test-code":300,"other":5}},"authorContributionVariance":{"reuben-thomas":21449.377,"gajinkee":21760.293,"jonaturn":31573.75,"LF1928":45341.64},"authorDisplayNameMap":{"reuben-thomas":"CS2103T-T10-2 REUB..OMAS","gajinkee":"CS2103T-T10-2 KEE .. JIN","jonaturn":"CS2103T-T10-2 JONA..UZHE","LF1928":"CS2103T-T10-2 ZHAN.. FEI"}}
