{"authorDailyContributionsMap":{"karthu0301":[{"date":"2025-03-06","commitResults":[{"hash":"6211780ab24b3bec54e625441021bed64e3a6e37","isMergeCommit":false,"messageTitle":"Update AboutUs with Karthika\u0027s info","messageBody":"","fileTypesAndContributionMap":{"docs":{"insertions":5,"deletions":5}}},{"hash":"54aa490ee6a04085f9e7983049d7fd0e6fe32588","isMergeCommit":true,"messageTitle":"Merge pull request #20 from zacklow28/branch-Add-About","messageBody":"Update the AboutUs page for Zack","fileTypesAndContributionMap":{}},{"hash":"71b37571d001d22ce6a9941f76506068dfc555de","isMergeCommit":true,"messageTitle":"Merge pull request #9 from zacklow28/branch-Add-Photo","messageBody":"Update teams page with Zack\u0027s info","fileTypesAndContributionMap":{}}]},{"date":"2025-03-08","commitResults":[{"hash":"e041a2e99924a817eba279e518501aa2b22da58e","isMergeCommit":false,"messageTitle":"Update DeveloperGuide.md to add user stories and use cases","messageBody":"","fileTypesAndContributionMap":{"docs":{"insertions":138,"deletions":24}}}]},{"date":"2025-03-09","commitResults":[{"hash":"e4fc866884447fa7dc63d6838e29cfd9f8d05718","isMergeCommit":true,"messageTitle":"Merge pull request #39 from amir-dha/branch-Update-Site","messageBody":"Branch update site","fileTypesAndContributionMap":{}}]},{"date":"2025-03-11","commitResults":[{"hash":"ce3093503d5eafbfe2c6066ba2d0f99af1a7837c","isMergeCommit":false,"messageTitle":"Update Developer Guide","messageBody":"","fileTypesAndContributionMap":{"docs":{"insertions":140,"deletions":24}}},{"hash":"d7a81449681108194a3dd6c3857b53b7e0396966","isMergeCommit":true,"messageTitle":"Update Developer Guide","messageBody":"","fileTypesAndContributionMap":{}},{"hash":"5cecf4a866a2c3254c620a996f456d87bc44d4fd","isMergeCommit":false,"messageTitle":"Implement Priority for patients","messageBody":"","fileTypesAndContributionMap":{"functional-code":{"insertions":228,"deletions":62},"test-code":{"insertions":93,"deletions":91}}}]},{"date":"2025-03-12","commitResults":[{"hash":"25c496f79d8ffbc9faf81f8ea6183572f2cf6dd8","isMergeCommit":false,"messageTitle":"Update Priority feature and fix checkstyle errors","messageBody":"","fileTypesAndContributionMap":{"functional-code":{"insertions":97,"deletions":33},"test-code":{"insertions":12,"deletions":3}}},{"hash":"b5a1dca20149505c0b43f25f2d2d320097e216ff","isMergeCommit":false,"messageTitle":"Update Priority feature display","messageBody":"","fileTypesAndContributionMap":{"functional-code":{"insertions":32,"deletions":4}}}]},{"date":"2025-03-13","commitResults":[{"hash":"f87b5b2c04f16fb327c1eb3fdd5657b5bc643cbc","isMergeCommit":false,"messageTitle":"Update tests for priority feature","messageBody":"","fileTypesAndContributionMap":{"test-code":{"insertions":157,"deletions":67}}},{"hash":"1f2a2777d03a3722ee576d846ae537d375d6db89","isMergeCommit":true,"messageTitle":"Merge pull request #44 from zacklow28/branch-Delete-Feature","messageBody":"Refactor Delete Function to include email as parameter","fileTypesAndContributionMap":{}},{"hash":"377643ac237c17161a6504336d4ee617d239a9d2","isMergeCommit":true,"messageTitle":"Merge branch \u0027master\u0027 into branch-add-patient-feature","messageBody":"","fileTypesAndContributionMap":{}},{"hash":"9fee12ab95abcf6d8c5d5386e015a348135500d7","isMergeCommit":true,"messageTitle":"Merge pull request #52 from JadeCheah/branch-add-patient-feature","messageBody":"Implement Add patient contact feature","fileTypesAndContributionMap":{}},{"hash":"505e10fc80d9a887ab13e0fc6f3a4ff034dfdd68","isMergeCommit":false,"messageTitle":"Fix bugs from v1 merge conflict","messageBody":"","fileTypesAndContributionMap":{"functional-code":{"insertions":13,"deletions":29}}},{"hash":"b17346ed2ec97fdcd961b8799ae579d10eb97578","isMergeCommit":false,"messageTitle":"Fix checkstyle errors in tests","messageBody":"","fileTypesAndContributionMap":{"functional-code":{"insertions":0,"deletions":11},"test-code":{"insertions":127,"deletions":47}}}]},{"date":"2025-03-14","commitResults":[{"hash":"0069e01eb649cc75612d7ada5ef7c6796595696f","isMergeCommit":false,"messageTitle":"Update CommandTestUtil","messageBody":"","fileTypesAndContributionMap":{"functional-code":{"insertions":5,"deletions":6},"test-code":{"insertions":297,"deletions":112}}},{"hash":"f98a9cf42d8796373c98751e7de104a65de70f2c","isMergeCommit":false,"messageTitle":"Update TypicalPersons and PersonBuilder data","messageBody":"","fileTypesAndContributionMap":{"functional-code":{"insertions":6,"deletions":5},"test-code":{"insertions":39,"deletions":25}}},{"hash":"8793f762d9d073ffd2b03e923f81e6d07beaf70e","isMergeCommit":false,"messageTitle":"Fix Tests for storage and command classes","messageBody":"","fileTypesAndContributionMap":{"functional-code":{"insertions":39,"deletions":9},"test-code":{"insertions":243,"deletions":84}}},{"hash":"3985db2eb1899a6a77535e25e691a187c6353c04","isMergeCommit":false,"messageTitle":"Fix all tests","messageBody":"","fileTypesAndContributionMap":{"functional-code":{"insertions":3,"deletions":3},"test-code":{"insertions":23,"deletions":8}}},{"hash":"84cf2833cb5f07a5fa2701a590cd9b7a9484a798","isMergeCommit":false,"messageTitle":"Fix syntax errors","messageBody":"","fileTypesAndContributionMap":{"functional-code":{"insertions":3,"deletions":3}}},{"hash":"2644697dba1d2f0109bd6c586717e90c9bdd3d0d","isMergeCommit":true,"messageTitle":"Merge pull request #64 from amir-dha/branch-sort-command","messageBody":"Branch sort command","fileTypesAndContributionMap":{}},{"hash":"5f673662a3e0067e7850feede74a78c5de21e43b","isMergeCommit":true,"messageTitle":"Merge pull request #67 from zacklow28/branch-Ui-update","messageBody":"Edit Ui color and design styles","fileTypesAndContributionMap":{}}]},{"date":"2025-03-15","commitResults":[{"hash":"25ee6b051a1f037b871d9a58a844e267d596bc7e","isMergeCommit":false,"messageTitle":"Add Diet and Priority display as tags","messageBody":"","fileTypesAndContributionMap":{"functional-code":{"insertions":45,"deletions":30}}},{"hash":"1c42659ba8e3f2be299f23d37cb043a14bb4c975","isMergeCommit":false,"messageTitle":"Add formatting to PersonCard, still need to fix bugs in fxml file","messageBody":"","fileTypesAndContributionMap":{"functional-code":{"insertions":40,"deletions":35}}},{"hash":"274b1d582d16c9b3dd24182d22d559c7c64d6e66","isMergeCommit":true,"messageTitle":"Merge pull request #70 from amir-dha/branch-sort-improvements","messageBody":"Branch sort improvements","fileTypesAndContributionMap":{}}]},{"date":"2025-03-18","commitResults":[{"hash":"0ea1360b0a3581e6fba3d21e9c282b92c5c97f94","isMergeCommit":false,"messageTitle":"Add automates GUI testing","messageBody":"","fileTypesAndContributionMap":{"functional-code":{"insertions":26,"deletions":3},"other":{"insertions":4,"deletions":0},"test-code":{"insertions":548,"deletions":0}}},{"hash":"8221f2bbff5b53c1d370cb747874c8cc7053b770","isMergeCommit":false,"messageTitle":"Update PersonCard display","messageBody":"","fileTypesAndContributionMap":{"functional-code":{"insertions":18,"deletions":8}}},{"hash":"7ddb80c8207339090a5b9d864147b6a3d3c19be3","isMergeCommit":true,"messageTitle":"Merge branch \u0027master\u0027 into branch-GUI-PersonCard","messageBody":"","fileTypesAndContributionMap":{}},{"hash":"1cd967c00ddd28104cf9e6e277e2bb7d589c873f","isMergeCommit":true,"messageTitle":"Merge pull request #76 from JadeCheah/branch-GUI-dark-mode","messageBody":"Implement GUI dark mode and add header","fileTypesAndContributionMap":{}},{"hash":"f814c7c6aa3b54bff2e301410fd96b5e12530855","isMergeCommit":true,"messageTitle":"Merge pull request #78 from JadeCheah/master","messageBody":"Resolve merge conflict of karthu0301\u0027s personCard styling into master branch","fileTypesAndContributionMap":{}}]},{"date":"2025-03-20","commitResults":[{"hash":"86a907465b27a846b6246c6e55408c2060acfb42","isMergeCommit":true,"messageTitle":"Merge pull request #81 from zacklow28/branch-Fix-Ui-Tests","messageBody":"Delete Ui Tests","tags":["v1.3"],"fileTypesAndContributionMap":{}}]},{"date":"2025-03-24","commitResults":[{"hash":"84d914cea93002203b03e5efe08e10d881ee796a","isMergeCommit":false,"messageTitle":"Attempt to fix UI tests","messageBody":"","fileTypesAndContributionMap":{"test-code":{"insertions":547,"deletions":0}}},{"hash":"6597d0885e30890aa5361849cffcf588a224e31c","isMergeCommit":false,"messageTitle":"Add to static block in GuiUnitTest","messageBody":"","fileTypesAndContributionMap":{"test-code":{"insertions":9,"deletions":0}}},{"hash":"387ccb00fb5f3dbcefd1765e76d80d3c6d144982","isMergeCommit":false,"messageTitle":"Update gradle.yml","messageBody":"","fileTypesAndContributionMap":{"other":{"insertions":18,"deletions":3},"test-code":{"insertions":0,"deletions":7}}},{"hash":"aa451cf5761a29b3c2b5cea54a232cfa68753fec","isMergeCommit":false,"messageTitle":"Test gradle.yml","messageBody":"","fileTypesAndContributionMap":{"test-code":{"insertions":0,"deletions":1}}}]},{"date":"2025-03-25","commitResults":[{"hash":"b0c4531f2dcac0ab849aa2ea711094b079e37687","isMergeCommit":false,"messageTitle":"Trigger CI with push workaround","messageBody":"","fileTypesAndContributionMap":{"other":{"insertions":7,"deletions":27}}},{"hash":"a0adb7805d6606a1a7aa53b8b423798de962d6d5","isMergeCommit":false,"messageTitle":"Update build.gradle","messageBody":"","fileTypesAndContributionMap":{"other":{"insertions":172,"deletions":19}}},{"hash":"c95d2cb17c01b5995e4d97118c15755b47401efc","isMergeCommit":false,"messageTitle":"Update build.gradle","messageBody":"","fileTypesAndContributionMap":{"other":{"insertions":10,"deletions":132}}},{"hash":"84ce2aae984a1a3f402c90c5e99ff7e67db53feb","isMergeCommit":false,"messageTitle":"Update build.gradle","messageBody":"","fileTypesAndContributionMap":{"other":{"insertions":30,"deletions":16}}},{"hash":"8a9024f8f390ef2babacc340870694bd65d3bfdf","isMergeCommit":false,"messageTitle":"Define guiTests and nonGuiTests in build.gradle","messageBody":"","fileTypesAndContributionMap":{"other":{"insertions":6,"deletions":0}}},{"hash":"4ff32c5394cf7a8e37c2fd5e7b52e7f42501b272","isMergeCommit":false,"messageTitle":"Remove headless property","messageBody":"","fileTypesAndContributionMap":{"other":{"insertions":3,"deletions":1}}},{"hash":"730a28d342099c6ffa1459d0ce761af2ed0672d7","isMergeCommit":false,"messageTitle":"Change criteria for pauseForHuman","messageBody":"","fileTypesAndContributionMap":{"other":{"insertions":1,"deletions":0},"test-code":{"insertions":1,"deletions":1}}},{"hash":"ca87692c34e44622bf4db7d98fa1e9d335fd159d","isMergeCommit":true,"messageTitle":"Merge pull request #92 from JadeCheah/branch-fix-ui-bug","messageBody":"Fix Ui minor bug ","fileTypesAndContributionMap":{}},{"hash":"331e96d1dd0c2ad4b1ac2663991068ac765e0820","isMergeCommit":false,"messageTitle":"Implement priority command logic, can now change priority separately as \"pr [index] [new priority]\"","messageBody":"","fileTypesAndContributionMap":{"functional-code":{"insertions":50,"deletions":16}}},{"hash":"8e989700d3b9af24492e5ae72c5da0cadb8943f0","isMergeCommit":false,"messageTitle":"Update FAQ, Known Issues and Command Summary in UG, add index to UI","messageBody":"","fileTypesAndContributionMap":{"functional-code":{"insertions":15,"deletions":3},"docs":{"insertions":68,"deletions":15}}},{"hash":"292404cc781410caa3eeefa9217312d4f207ce8f","isMergeCommit":false,"messageTitle":"Fix checkstyle","messageBody":"","fileTypesAndContributionMap":{"docs":{"insertions":13,"deletions":12}}},{"hash":"389fa60d1a03250ad30d14b91f556ab6b9eedcbb","isMergeCommit":false,"messageTitle":"Update UI tests to match","messageBody":"","fileTypesAndContributionMap":{"test-code":{"insertions":9,"deletions":8}}}]},{"date":"2025-03-26","commitResults":[{"hash":"80753126e861cdf49b1443f79f90652fb4316ef9","isMergeCommit":true,"messageTitle":"Merge pull request #99 from JadeCheah/branch-edit-UG","messageBody":"Edit User Guide to include new features","fileTypesAndContributionMap":{}}]},{"date":"2025-03-27","commitResults":[{"hash":"61097066ccc0580c5fceb22b2d1d4ffb61db621e","isMergeCommit":false,"messageTitle":"Update UI tests","messageBody":"","fileTypesAndContributionMap":{"test-code":{"insertions":2,"deletions":2}}},{"hash":"5f56a4b1c9b84df2f4bcc9048caa529028c8c5ce","isMergeCommit":false,"messageTitle":"Update UG","messageBody":"","fileTypesAndContributionMap":{"docs":{"insertions":30,"deletions":10}}},{"hash":"2e04b97064ac9f6fbe8c0801583ea8f89515269f","isMergeCommit":true,"messageTitle":"Merge branch \u0027master\u0027 into branch-edit-UG","messageBody":"","fileTypesAndContributionMap":{}},{"hash":"63d81badb5c4ebee886d8fa925cebfb613e1c8e7","isMergeCommit":true,"messageTitle":"Merge pull request #106 from amir-dha/sort-filter-testing","messageBody":"Implement more testing and better code structure","fileTypesAndContributionMap":{}}]},{"date":"2025-03-28","commitResults":[{"hash":"7ca78afbc220938a231649e70021560d4c4d1605","isMergeCommit":false,"messageTitle":"Update DG and Class and Sequence diagram for PriorityCommand","messageBody":"","fileTypesAndContributionMap":{"docs":{"insertions":92,"deletions":0}}}]},{"date":"2025-03-31","commitResults":[{"hash":"b0d330dde030d13f7d17dca2c5924c76ee0c2d1c","isMergeCommit":false,"messageTitle":"Fix invalid command message in PriorityCommandParser","messageBody":"","fileTypesAndContributionMap":{"functional-code":{"insertions":3,"deletions":2}}},{"hash":"ee22c211050c26492db10ab02dbe3d45b0a4d849","isMergeCommit":false,"messageTitle":"Fix checkstyle issue in PriorityCommandParser","messageBody":"","fileTypesAndContributionMap":{"functional-code":{"insertions":2,"deletions":2}}}]},{"date":"2025-04-01","commitResults":[{"hash":"18b4f16e310c3168f8c811c24f4589d559585f80","isMergeCommit":true,"messageTitle":"Merge branch \u0027master\u0027 into branch-update-DG","messageBody":"","fileTypesAndContributionMap":{}},{"hash":"de8af22587125b449f6c2f46473c2aeba10e3bba","isMergeCommit":false,"messageTitle":"Update DG","messageBody":"","fileTypesAndContributionMap":{"docs":{"insertions":0,"deletions":2}}},{"hash":"2cac07d80779fb4ade36855814245ae8da97c00e","isMergeCommit":false,"messageTitle":"Update Priority command format to \"priority [index] pr/[priority level]\", implement separate classes for PriorityCommand and PriorityCommandParser","messageBody":"","fileTypesAndContributionMap":{"functional-code":{"insertions":26,"deletions":7},"test-code":{"insertions":139,"deletions":0}}}]},{"date":"2025-04-02","commitResults":[{"hash":"9ab911655f150e8c6dfe7de565fcda78c860bb95","isMergeCommit":true,"messageTitle":"Merge pull request #170 from amir-dha/branch-UG-DG-improvements","messageBody":"Change DG formatting","fileTypesAndContributionMap":{}},{"hash":"27369cf6cfefae4909d2b277f3a14ada746e2474","isMergeCommit":false,"messageTitle":"Update feature implementation, diagrams and introduction of DG","messageBody":"","fileTypesAndContributionMap":{"docs":{"insertions":305,"deletions":50},"test-code":{"insertions":10,"deletions":0}}},{"hash":"3696df57e7d3dd940052dfdbc4b79b23eaa20e4f","isMergeCommit":false,"messageTitle":"Remove irrelevant sections","messageBody":"","fileTypesAndContributionMap":{"docs":{"insertions":0,"deletions":7}}},{"hash":"78b08a754d925e068f94dcc11c986d33f0c1d6f3","isMergeCommit":true,"messageTitle":"Merge branch \u0027master\u0027 into branch-update-dg-v1.5","messageBody":"","fileTypesAndContributionMap":{}},{"hash":"3c223bfc230662bebaa9c424a2b6db559cfcb482","isMergeCommit":false,"messageTitle":"Update priority command tests","messageBody":"","fileTypesAndContributionMap":{"functional-code":{"insertions":0,"deletions":4},"docs":{"insertions":2,"deletions":2},"test-code":{"insertions":0,"deletions":9}}},{"hash":"940f71c93607847b198b011509cfc9d5e8159672","isMergeCommit":true,"messageTitle":"Merge remote-tracking branch \u0027origin/branch-update-dg-v1.5\u0027 into branch-update-dg-v1.5","messageBody":"","fileTypesAndContributionMap":{}},{"hash":"86b1915c7abd3c7fbb8d86dec7420d7d7d3679bb","isMergeCommit":true,"messageTitle":"Merge pull request #177 from zacklow28/Edit-UG-Second","messageBody":"Edit ug second","fileTypesAndContributionMap":{}},{"hash":"cc0e38a514dbbd702b8a3f9a3f75852183e53782","isMergeCommit":false,"messageTitle":"Update UI settings","messageBody":"","fileTypesAndContributionMap":{"functional-code":{"insertions":8,"deletions":3}}},{"hash":"8a423e36d8d389ab7902596ce65ef2d45ac6d022","isMergeCommit":true,"messageTitle":"Merge pull request #188 from amir-dha/branch-update-allergy-input","messageBody":"Update input limits of allergy and test cases","fileTypesAndContributionMap":{}},{"hash":"ec0fb1aa576fbcbfb800ec3352c0d6d11e802e25","isMergeCommit":false,"messageTitle":"Update DG","messageBody":"","fileTypesAndContributionMap":{"docs":{"insertions":3,"deletions":14}}}]},{"date":"2025-04-03","commitResults":[{"hash":"1e5c392b75d371a913d9675d313b41887d21bc96","isMergeCommit":true,"messageTitle":"Merge pull request #192 from amir-dha/branch-sort-fix","messageBody":"Fix sort bug, update sort ability to sort meeting date","fileTypesAndContributionMap":{}},{"hash":"d92c16aa4f81e8e40936112a258a2215a03dd3c8","isMergeCommit":false,"messageTitle":"Update DG","messageBody":"","fileTypesAndContributionMap":{"docs":{"insertions":112,"deletions":37}}},{"hash":"28fc60c49a87eeb54c860006900eea4aed77424d","isMergeCommit":false,"messageTitle":"Update DG","messageBody":"","fileTypesAndContributionMap":{"docs":{"insertions":65,"deletions":2}}},{"hash":"ecb192d88757501857bdb2ff232d1379b7d1d0f8","isMergeCommit":false,"messageTitle":"Update DG","messageBody":"","fileTypesAndContributionMap":{"docs":{"insertions":331,"deletions":154}}},{"hash":"2966ff53bcea84e24edcc20b0d695eea85d1fc97","isMergeCommit":false,"messageTitle":"Update DG","messageBody":"","fileTypesAndContributionMap":{"docs":{"insertions":5,"deletions":5}}},{"hash":"35682c4e6f9b44c72dc548972b7730fa764b0acb","isMergeCommit":false,"messageTitle":"Update website","messageBody":"","fileTypesAndContributionMap":{"other":{"insertions":5,"deletions":12},"docs":{"insertions":0,"deletions":32}}},{"hash":"5a204b7592cab42d8dc84bd89236c367cee56c17","isMergeCommit":false,"messageTitle":"Update website look","messageBody":"","fileTypesAndContributionMap":{"other":{"insertions":62,"deletions":14}}},{"hash":"351a898a05e47b7d3bd47241bf7a170ee09ece63","isMergeCommit":false,"messageTitle":"Update website look","messageBody":"","fileTypesAndContributionMap":{"other":{"insertions":94,"deletions":74},"docs":{"insertions":20,"deletions":23}}},{"hash":"37699e5dba8c8815436503dbbbe15f595f31ad70","isMergeCommit":false,"messageTitle":"Fix checkstyle","messageBody":"","fileTypesAndContributionMap":{"other":{"insertions":1,"deletions":1},"docs":{"insertions":1,"deletions":1}}},{"hash":"bec5e38d06f5c8a6b018f6e3a54b75b05e2c6c99","isMergeCommit":true,"messageTitle":"Merge pull request #196 from amir-dha/branch-UG-update","messageBody":"Add content table for UG and reorganise structure","tags":["v1.5"],"fileTypesAndContributionMap":{}}]},{"date":"2025-04-04","commitResults":[{"hash":"d2fed1343eafd441f801a272055cd429f3e425bb","isMergeCommit":true,"messageTitle":"Merge pull request #212 from amir-dha/branch-minor-bugs","messageBody":"Fix name and email bugs","fileTypesAndContributionMap":{}},{"hash":"86adda0778682f10faa352b4300d74ca806fafdd","isMergeCommit":true,"messageTitle":"Merge pull request #213 from amir-dha/branch-parameter-handling","messageBody":"Fix repeat parameter issue in remark and edit","fileTypesAndContributionMap":{}},{"hash":"753b417fa160a760f6add00791dd58b94b17ca6c","isMergeCommit":true,"messageTitle":"Merge pull request #214 from amir-dha/branch-find-partial","messageBody":"Enable partial finding","fileTypesAndContributionMap":{}},{"hash":"9b24f2229046071580a71f2f7bed7c1f19b00513","isMergeCommit":true,"messageTitle":"Merge branch \u0027master\u0027 into branch-UG-update","messageBody":"","fileTypesAndContributionMap":{}},{"hash":"912245b54b342fabe5c18578609303dc4530fef9","isMergeCommit":true,"messageTitle":"Merge pull request #211 from amir-dha/branch-UG-update","messageBody":"Add content to UG and update images","fileTypesAndContributionMap":{}},{"hash":"8d728784f276367347ee14b6025e674f036c73fd","isMergeCommit":true,"messageTitle":"Merge pull request #217 from amir-dha/branch-update-dg-v1.5","messageBody":"Update images and DG","fileTypesAndContributionMap":{}}]},{"date":"2025-04-07","commitResults":[{"hash":"cfe8f216c2b071a58002851e8c4ff540111e2701","isMergeCommit":true,"messageTitle":"Merge pull request #284 from zacklow28/Resize-Window-Bug","messageBody":"Allow more flexible resizing","fileTypesAndContributionMap":{}},{"hash":"ea146553979daa052370775c29ac7493968319f2","isMergeCommit":true,"messageTitle":"Merge pull request #286 from zacklow28/Weight-Limit-Bug","messageBody":"Weight limit bug and some UG refactoring","fileTypesAndContributionMap":{}},{"hash":"1df66587ffa710bbc25e373605a8d2dfed2d36d8","isMergeCommit":true,"messageTitle":"Merge pull request #287 from zacklow28/Fix-Minor-DG-Errors","messageBody":"Fix outdated DG parts","fileTypesAndContributionMap":{}},{"hash":"54cdf5f583ec8093122c711035152b7e255e46d9","isMergeCommit":false,"messageTitle":"Update css for command error","messageBody":"","fileTypesAndContributionMap":{"functional-code":{"insertions":9,"deletions":0}}},{"hash":"38f38c287b4750f54206a8cc2670932c7e714482","isMergeCommit":false,"messageTitle":"Update css for command error","messageBody":"","fileTypesAndContributionMap":{"functional-code":{"insertions":0,"deletions":3}}}]}],"NoahKoh":[{"date":"2025-03-06","commitResults":[{"hash":"3e252073598ce2d5a8bac3594618d4fbffa05303","isMergeCommit":false,"messageTitle":"Update AboutUs","messageBody":"","fileTypesAndContributionMap":{"docs":{"insertions":5,"deletions":5}}},{"hash":"35c4283e85741de0e22452e060be5b866e65b4d8","isMergeCommit":false,"messageTitle":"Merge branch \u0027master\u0027 into branch-Update_AboutUs","messageBody":"","fileTypesAndContributionMap":{"docs":{"insertions":16,"deletions":16}}}]},{"date":"2025-03-08","commitResults":[{"hash":"03d98a45ba25bf3757daf0b9d0d232e4e29c47da","isMergeCommit":false,"messageTitle":"Update README","messageBody":"","fileTypesAndContributionMap":{"docs":{"insertions":9,"deletions":9}}}]},{"date":"2025-03-09","commitResults":[{"hash":"3a80c19571ab66058819d96381130fd8d16e3035","isMergeCommit":true,"messageTitle":"Merge branch \u0027master\u0027 into branch-Update-README","messageBody":"","fileTypesAndContributionMap":{}}]},{"date":"2025-03-13","commitResults":[{"hash":"e5f3cc16e6c7f3bae05ea6035f70596104a6eeb8","isMergeCommit":false,"messageTitle":"Update terms","messageBody":"","fileTypesAndContributionMap":{"functional-code":{"insertions":4,"deletions":5}}}]},{"date":"2025-03-14","commitResults":[{"hash":"ea2a2871c32b85e7da10d5b12e8c826d1b2cf862","isMergeCommit":true,"messageTitle":"Merge branch \u0027master\u0027 into branch-Add-CommandHistory","messageBody":"","fileTypesAndContributionMap":{}},{"hash":"b13dc23afa6545e30f13288084bd327db09ec685","isMergeCommit":false,"messageTitle":"Add CommandHistory","messageBody":"","fileTypesAndContributionMap":{"functional-code":{"insertions":134,"deletions":3},"test-code":{"insertions":137,"deletions":0}}}]},{"date":"2025-03-16","commitResults":[{"hash":"cc0d00c932e1642a0112ab88de96a2290ae38a98","isMergeCommit":true,"messageTitle":"Merge pull request #3 from zacklow28/tutorial-adding-command","messageBody":"Add Remark command","fileTypesAndContributionMap":{}}]},{"date":"2025-03-23","commitResults":[{"hash":"ad28e3a49d9e087a33e70820ea1e07048e7a6589","isMergeCommit":false,"messageTitle":"Refactor default data","messageBody":"","fileTypesAndContributionMap":{"functional-code":{"insertions":13,"deletions":13}}},{"hash":"3e46cfdf9e6e5e4b207c0ba56532d60837853044","isMergeCommit":false,"messageTitle":"Update default data","messageBody":"","fileTypesAndContributionMap":{"functional-code":{"insertions":5,"deletions":5}}},{"hash":"513d1db554c74f392e725beb9a7447d93e76a97e","isMergeCommit":true,"messageTitle":"Merge pull request #89 from zacklow28/branch-Fix-Remark-Bug","messageBody":"Branch fix remark bug","fileTypesAndContributionMap":{}}]},{"date":"2025-03-26","commitResults":[{"hash":"0dbb88b9b086db2168195f3f96e760059fc34d6c","isMergeCommit":false,"messageTitle":"Refactor tag to allergy","messageBody":"","fileTypesAndContributionMap":{"functional-code":{"insertions":218,"deletions":218},"test-code":{"insertions":212,"deletions":202}}},{"hash":"a5318046223e51e07340d66da18c9e58ea88027e","isMergeCommit":true,"messageTitle":"Merge branch \u0027master\u0027 into branch-refactor-tag-to-allergy","messageBody":"","fileTypesAndContributionMap":{}},{"hash":"936ea7d1ab1a18031e76bd6fec1368e6cd62436e","isMergeCommit":false,"messageTitle":"Fix minor issue with fxml","messageBody":"","fileTypesAndContributionMap":{"functional-code":{"insertions":1,"deletions":1}}},{"hash":"ce1a3efd531d8d03455135260d76dd41b2c5f610","isMergeCommit":false,"messageTitle":"Fix test cases issue","messageBody":"","fileTypesAndContributionMap":{"functional-code":{"insertions":5,"deletions":5},"test-code":{"insertions":2,"deletions":2}}},{"hash":"8c3258d3b90753840eeb47056a9fa3172dc50b64","isMergeCommit":true,"messageTitle":"Merge pull request #98 from zacklow28/Add-Undo-Feature","messageBody":"Add Undo and Redo Commands","fileTypesAndContributionMap":{}}]},{"date":"2025-03-27","commitResults":[{"hash":"3e04a722abf69ff49140d5f337eeff63d34cfb7f","isMergeCommit":false,"messageTitle":"Update allergy to be more realistic","messageBody":"","fileTypesAndContributionMap":{"test-code":{"insertions":64,"deletions":64}}},{"hash":"9414fd41051c9a7e360d5e321b240fe5652528f0","isMergeCommit":true,"messageTitle":"Merge branch \u0027master\u0027 into branch-refactor-tag-to-allergy","messageBody":"","fileTypesAndContributionMap":{}},{"hash":"e11272d8b9de6206a09b05d4e19aae4ccac307ad","isMergeCommit":false,"messageTitle":"Fix test after merge","messageBody":"","fileTypesAndContributionMap":{"test-code":{"insertions":5,"deletions":5}}},{"hash":"3cb55cea36b0e28f9f40c8bffb9d4f732afaa6cf","isMergeCommit":true,"messageTitle":"Merge pull request #109 from zacklow28/Fix-Allergy-Tag-Issue","messageBody":"Fix Allergy CSS","fileTypesAndContributionMap":{}},{"hash":"ec7c5675984dc1c60dbd23fb5dc5ebd9c347e453","isMergeCommit":true,"messageTitle":"Merge pull request #110 from zacklow28/Fix-Allergy-Tag-Issue","messageBody":"Resolve comments","tags":["v1.4"],"fileTypesAndContributionMap":{}}]},{"date":"2025-03-28","commitResults":[{"hash":"7e94268c5f1f1a87f8bb4fea742d9b9275e45390","isMergeCommit":true,"messageTitle":"Merge pull request #112 from zacklow28/Enable-Assertions","messageBody":"Edit build.gradle file","fileTypesAndContributionMap":{}},{"hash":"79b1a7d507c130d3884dffc8e0c0648bee94e5f0","isMergeCommit":false,"messageTitle":"Add CommandHistory sequence diagram","messageBody":"","fileTypesAndContributionMap":{"docs":{"insertions":54,"deletions":0}}}]},{"date":"2025-03-30","commitResults":[{"hash":"30fc017deab479c21624d828153548dbc593ee9b","isMergeCommit":false,"messageTitle":"Update DG for undo/redo","messageBody":"","fileTypesAndContributionMap":{"docs":{"insertions":13,"deletions":11}}},{"hash":"d517be69c044f18f595e6a8e9221bed4f9373656","isMergeCommit":false,"messageTitle":"Fix toString and format","messageBody":"","fileTypesAndContributionMap":{"functional-code":{"insertions":3,"deletions":0},"test-code":{"insertions":1,"deletions":0}}},{"hash":"82986c39d49fbae4198b1653f0eff498df01d11b","isMergeCommit":false,"messageTitle":"Improve DateValidation","messageBody":"","fileTypesAndContributionMap":{"functional-code":{"insertions":6,"deletions":8},"other":{"insertions":2,"deletions":0}}},{"hash":"3621280871270bf09db1d271116b0f97d0951b38","isMergeCommit":true,"messageTitle":"Merge pull request #137 from zacklow28/Bug-Fix-Number","messageBody":"Add comment on Bug","fileTypesAndContributionMap":{}},{"hash":"af944a48aa490465215585fcdd2c0b724903a2fc","isMergeCommit":false,"messageTitle":"Fix format issue","messageBody":"","fileTypesAndContributionMap":{"functional-code":{"insertions":10,"deletions":3}}},{"hash":"4c294355c4d6afdbec6e2ceab63aa867fbf6486e","isMergeCommit":true,"messageTitle":"Merge pull request #139 from zacklow28/Bug-Fix-Undo-Redo","messageBody":"Resolve outdated response messages","fileTypesAndContributionMap":{}},{"hash":"0dbf69d6d06f58412468e968b6e8410ba63609ee","isMergeCommit":true,"messageTitle":"Merge pull request #140 from zacklow28/Bug-Fix-Footer","messageBody":"Update footer style and change Font for name","fileTypesAndContributionMap":{}}]},{"date":"2025-03-31","commitResults":[{"hash":"7e693bbe8f317ea9edccbcb8ca5d5cdda68ce323","isMergeCommit":true,"messageTitle":"Merge pull request #142 from zacklow28/Update-Dark-Mode","messageBody":"Edit Dark Mode colors","fileTypesAndContributionMap":{}},{"hash":"0e701af6665c8c566733c067b352f61fde439003","isMergeCommit":false,"messageTitle":"Update Help image and UG","messageBody":"","fileTypesAndContributionMap":{"functional-code":{"insertions":1,"deletions":1},"docs":{"insertions":11,"deletions":5}}},{"hash":"6ec684f118e42d1df0147c5996b120ffe3ac427f","isMergeCommit":true,"messageTitle":"Merge branch \u0027master\u0027 into branch-Update-Help-and-UG","messageBody":"","fileTypesAndContributionMap":{}}]},{"date":"2025-04-01","commitResults":[{"hash":"0e626c8c85ceef619bfcb1fb88c156e167aec243","isMergeCommit":false,"messageTitle":"Update minor edit on UG","messageBody":"","fileTypesAndContributionMap":{"docs":{"insertions":1,"deletions":1}}}]},{"date":"2025-04-02","commitResults":[{"hash":"016a3d9ce408f3a98f0450ded28b25b5aa4a93ed","isMergeCommit":false,"messageTitle":"Update sequence diagram","messageBody":"","fileTypesAndContributionMap":{"docs":{"insertions":27,"deletions":21}}},{"hash":"1538db1a664f6f9ce5989bce3f86a31265c1c4b2","isMergeCommit":false,"messageTitle":"Update Sequence Diagram","messageBody":"","fileTypesAndContributionMap":{"docs":{"insertions":17,"deletions":11}}},{"hash":"291ed9c24321cfcb5ab0d11408124b31714fa3b7","isMergeCommit":false,"messageTitle":"Update participant","messageBody":"","fileTypesAndContributionMap":{"docs":{"insertions":14,"deletions":14}}},{"hash":"8cf5f809aac4f922ab66e1757355311ac4cfef2d","isMergeCommit":false,"messageTitle":"Add some remarks to SampleData","messageBody":"","fileTypesAndContributionMap":{"functional-code":{"insertions":6,"deletions":4}}},{"hash":"c0924aa8684ca547256468dabcae8a8a194a6c68","isMergeCommit":true,"messageTitle":"Merge pull request #181 from zacklow28/Edit-UG-Second","messageBody":"Edit key features and quick start","fileTypesAndContributionMap":{}}]},{"date":"2025-04-03","commitResults":[{"hash":"51ef0c8cb114bf5e93392baa4693035891152015","isMergeCommit":true,"messageTitle":"Merge pull request #190 from zacklow28/Edit-UG-Second","messageBody":"Add warning to Edit","fileTypesAndContributionMap":{}},{"hash":"0eb3171ff3c716f7c695b9d3bf9f3bd6b0bbf7a7","isMergeCommit":false,"messageTitle":"Update meeting date constraint message","messageBody":"","fileTypesAndContributionMap":{"functional-code":{"insertions":1,"deletions":1}}}]},{"date":"2025-04-04","commitResults":[{"hash":"74f7010cc3665c7abc9109922063c464068d8842","isMergeCommit":false,"messageTitle":"Update file path","messageBody":"","fileTypesAndContributionMap":{"functional-code":{"insertions":1,"deletions":1}}}]},{"date":"2025-04-07","commitResults":[{"hash":"714040f458e681dd2afdf077c45bd7d9db7b91b0","isMergeCommit":true,"messageTitle":"Merge pull request #293 from zacklow28/Weight-Limit-Bug","messageBody":"Fix long indexes issue","fileTypesAndContributionMap":{}},{"hash":"ffbbb9df50c2410786b75ed5d6ac587213de04f2","isMergeCommit":true,"messageTitle":"Merge pull request #291 from karthu0301/branch-ui-issues-v1.6","messageBody":"Update Css for command error","fileTypesAndContributionMap":{}}]}],"amir-dha":[{"date":"2025-03-07","commitResults":[{"hash":"99251e3c0aa7b0d3261f4ed2435ac457aa26d84f","isMergeCommit":false,"messageTitle":"Add AboutUs for Amirdha","messageBody":"","fileTypesAndContributionMap":{"docs":{"insertions":4,"deletions":5}}},{"hash":"828a6bfd9232ae8a5d5ff5e298fcd8eed5b39d48","isMergeCommit":false,"messageTitle":"Add AboutUs for Amirdha","messageBody":"","fileTypesAndContributionMap":{"docs":{"insertions":1,"deletions":1}}},{"hash":"7ba6a00b989ec290809240b54e09321983f8a340","isMergeCommit":true,"messageTitle":"Merge pull request #24 from JadeCheah/branch-add-jade-photo","messageBody":"Add Jade\u0027s Photo","fileTypesAndContributionMap":{}},{"hash":"091bcea63ec340660b2275176db52c1a8a15dcfc","isMergeCommit":true,"messageTitle":"Merge pull request #27 from JadeCheah/branch-update-aboutus","messageBody":"Add Jade\u0027s AboutUs","fileTypesAndContributionMap":{}},{"hash":"c1cfa422f7911b55a36110f1c4df7a92a49bfd84","isMergeCommit":true,"messageTitle":"Merge pull request #15 from NoahKoh/branch-Add-Photo","messageBody":"Add Yu Sheng\u0027s Photo","fileTypesAndContributionMap":{}},{"hash":"a26f99a464bb0075c65d38fbc9b0d96047e2c83f","isMergeCommit":true,"messageTitle":"Merge pull request #17 from NoahKoh/branch-Update_AboutUs","messageBody":"Update AboutUs for Yu Sheng","fileTypesAndContributionMap":{}},{"hash":"dbc9510ddb45c8576a31d672195db8ff9f9e36a9","isMergeCommit":true,"messageTitle":"Merge pull request #29 from JadeCheah/branch-update-aboutus","messageBody":"Edit Jade\u0027s AboutUs Info","fileTypesAndContributionMap":{}}]},{"date":"2025-03-08","commitResults":[{"hash":"11d5f7a33f5e55d2c21285043652e5f682992497","isMergeCommit":false,"messageTitle":"Update site","messageBody":"","fileTypesAndContributionMap":{"docs":{"insertions":2,"deletions":2}}},{"hash":"02fb58badaa92dd0f6605493cbd7ba48e5b2e2aa","isMergeCommit":false,"messageTitle":"Update layout","messageBody":"","fileTypesAndContributionMap":{"docs":{"insertions":2,"deletions":2}}},{"hash":"01a64931882e3b76884607f35213f017ca46e838","isMergeCommit":false,"messageTitle":"Refactor photo name","messageBody":"","fileTypesAndContributionMap":{"docs":{"insertions":1,"deletions":1}}},{"hash":"23524296b177b62af4c5bbf5d3cc327f350f6a70","isMergeCommit":false,"messageTitle":"Refactor the name of logo and Ui photo","messageBody":"","fileTypesAndContributionMap":{"docs":{"insertions":3,"deletions":3}}}]},{"date":"2025-03-12","commitResults":[{"hash":"23da248f3e73f37452b367e13a8a19e957f87ffa","isMergeCommit":false,"messageTitle":"Add feature of filtering","messageBody":"","fileTypesAndContributionMap":{"functional-code":{"insertions":112,"deletions":1}}},{"hash":"0b16114668e163d408f8f6a4782bbf52d0f96636","isMergeCommit":false,"messageTitle":"Add testing for filter","messageBody":"","fileTypesAndContributionMap":{"test-code":{"insertions":129,"deletions":0}}},{"hash":"945ae1effd5a3257d39c800c841011fa2e86ac15","isMergeCommit":false,"messageTitle":"Add feature of sort and testing for sort","messageBody":"","fileTypesAndContributionMap":{"functional-code":{"insertions":70,"deletions":9},"test-code":{"insertions":87,"deletions":0}}},{"hash":"65b700111cb05effd30ae4929c364c5b1a8f6b4d","isMergeCommit":false,"messageTitle":"Change some style requirements","messageBody":"","fileTypesAndContributionMap":{"docs":{"insertions":20,"deletions":20},"test-code":{"insertions":1,"deletions":1}}}]},{"date":"2025-03-13","commitResults":[{"hash":"1916f08ce7ad224a5b729400006fba8fbabc8166","isMergeCommit":true,"messageTitle":"Merge pull request #57 from karthu0301/priority-feature-updated","messageBody":"Implement priority feature for patients","fileTypesAndContributionMap":{}}]},{"date":"2025-03-14","commitResults":[{"hash":"56957651e249553c1a9add4db8cce017f8322cf5","isMergeCommit":false,"messageTitle":"Change line spacing","messageBody":"","fileTypesAndContributionMap":{"functional-code":{"insertions":7,"deletions":5}}},{"hash":"990820272c904a2ead0fa66defae414046e40fca","isMergeCommit":true,"messageTitle":"Solve merge conflicts in merging master into sort","messageBody":"","fileTypesAndContributionMap":{}},{"hash":"53d58e68d01e1d6c7feae3460670e5a35adbc84f","isMergeCommit":false,"messageTitle":"Implement sort","messageBody":"","fileTypesAndContributionMap":{"functional-code":{"insertions":28,"deletions":10},"test-code":{"insertions":27,"deletions":15}}}]},{"date":"2025-03-15","commitResults":[{"hash":"cc41907ebab5d362d7a15429ba72c04e8346a151","isMergeCommit":false,"messageTitle":"Improve sort feature and exception","messageBody":"","fileTypesAndContributionMap":{"functional-code":{"insertions":66,"deletions":28},"test-code":{"insertions":128,"deletions":47}}},{"hash":"f969480ada70a3d426a0ab44e58c7178f95e0afd","isMergeCommit":false,"messageTitle":"Remove debugging statements","messageBody":"","fileTypesAndContributionMap":{"functional-code":{"insertions":0,"deletions":6}}},{"hash":"1da3841440935820a02c391c2904a26ad145b898","isMergeCommit":true,"messageTitle":"Resolve merge conflict","messageBody":"","fileTypesAndContributionMap":{}}]},{"date":"2025-03-16","commitResults":[{"hash":"4331aebabdf07df2d498791470ccbd922b6955da","isMergeCommit":false,"messageTitle":"Implement filter feature and error handling","messageBody":"","fileTypesAndContributionMap":{"functional-code":{"insertions":25,"deletions":28},"test-code":{"insertions":25,"deletions":20}}},{"hash":"a820fdfdf43bfed97217f21d69e2d76408f3b5aa","isMergeCommit":false,"messageTitle":"Implement more testing.","messageBody":"","fileTypesAndContributionMap":{"test-code":{"insertions":22,"deletions":23}}},{"hash":"189a8d32e8c62e4651bcb4f5038a38462b5904bb","isMergeCommit":false,"messageTitle":"Implement more testing and validations for filter values.","messageBody":"","fileTypesAndContributionMap":{"functional-code":{"insertions":30,"deletions":2},"test-code":{"insertions":30,"deletions":4}}},{"hash":"1c1a635c5f2fca615dd01f18195bd6c182ae02a0","isMergeCommit":false,"messageTitle":"Implement more testing","messageBody":"","fileTypesAndContributionMap":{"functional-code":{"insertions":9,"deletions":4},"test-code":{"insertions":42,"deletions":23}}},{"hash":"3f4ae91d5a91f61c7ab620a055831fcf1863b39c","isMergeCommit":true,"messageTitle":"Merge pull request #72 from zacklow28/branch-Refactor-Tag-To-Allergy","messageBody":"Edit Tag to Allergy and Prevent Add if existing email","fileTypesAndContributionMap":{}}]},{"date":"2025-03-27","commitResults":[{"hash":"daaf15fcffc5a4b5cd5960beff6bb753cd601ef0","isMergeCommit":false,"messageTitle":"Implement more testing and better code structure in Sort Command Test and Filter Command Test","messageBody":"","fileTypesAndContributionMap":{"test-code":{"insertions":38,"deletions":74}}},{"hash":"98953cef953bc04050b2f141a23b5a4aed59fc74","isMergeCommit":false,"messageTitle":"Change documentation in developer guide.","messageBody":"","fileTypesAndContributionMap":{"docs":{"insertions":149,"deletions":122}}},{"hash":"f1d9e0b0d7c81b98870650c1dc999e83d8d5a516","isMergeCommit":false,"messageTitle":"Fix formatting issues","messageBody":"","fileTypesAndContributionMap":{"docs":{"insertions":13,"deletions":14}}},{"hash":"be43daf56098f71a7129a163311feb8377c60047","isMergeCommit":false,"messageTitle":"Fix formatting issues","messageBody":"","fileTypesAndContributionMap":{"docs":{"insertions":5,"deletions":4}}}]},{"date":"2025-03-29","commitResults":[{"hash":"d4b2e6c85d6d579bdff779717fb9d83b73982020","isMergeCommit":false,"messageTitle":"Add manual test cases to DG.","messageBody":"","fileTypesAndContributionMap":{"docs":{"insertions":115,"deletions":18}}},{"hash":"e69fadbf893395edd1ad9233d790ecb01e6f6418","isMergeCommit":false,"messageTitle":"Fix white spaces","messageBody":"","fileTypesAndContributionMap":{"docs":{"insertions":5,"deletions":5}}},{"hash":"69a3c11fc88407de25017bf535b2c5a3509a4214","isMergeCommit":true,"messageTitle":"Merge pull request #116 from zacklow28/Cleanup-UG","messageBody":"Cleanup ug","fileTypesAndContributionMap":{}}]},{"date":"2025-03-30","commitResults":[{"hash":"db0dcadb4bda12c955cb8ac7fa3bd3d4c98421bc","isMergeCommit":false,"messageTitle":"Update UML diagram for Sort and Filter commands","messageBody":"","fileTypesAndContributionMap":{"functional-code":{"insertions":0,"deletions":1},"docs":{"insertions":156,"deletions":4}}},{"hash":"dc29283ee47ca2dd0274031a5457efee5cf469c1","isMergeCommit":false,"messageTitle":"Fix checkstyle","messageBody":"","fileTypesAndContributionMap":{"docs":{"insertions":22,"deletions":22}}},{"hash":"ed0a4f79779e3706e52697799f1ee4b6c24f313f","isMergeCommit":false,"messageTitle":"Add confirmation for clear command","messageBody":"","fileTypesAndContributionMap":{"functional-code":{"insertions":94,"deletions":3},"test-code":{"insertions":2,"deletions":2}}}]},{"date":"2025-03-31","commitResults":[{"hash":"6c46feed5135117f8edd2c24f5cb8d1f1678756e","isMergeCommit":false,"messageTitle":"Fix whitespaces","messageBody":"","fileTypesAndContributionMap":{"docs":{"insertions":16,"deletions":16}}}]},{"date":"2025-04-01","commitResults":[{"hash":"107b0666470d708653b078fcfdce29c76848eb6e","isMergeCommit":false,"messageTitle":"Fix filter bugs","messageBody":"","fileTypesAndContributionMap":{"functional-code":{"insertions":16,"deletions":27}}}]},{"date":"2025-04-02","commitResults":[{"hash":"a4169242a00defee3c255a1722cebcdc2b56cb51","isMergeCommit":true,"messageTitle":"Merge pull request #158 from NoahKoh/branch-Update-Help-and-UG","messageBody":"Update Help link/image and UG","fileTypesAndContributionMap":{}},{"hash":"32f1555e00f15bf0dd9d8d6d3efbdb73ef0c1885","isMergeCommit":true,"messageTitle":"Merge pull request #168 from karthu0301/branch-priority-alpha-bugs","messageBody":"Priority Command Alpha Testing Bugs","fileTypesAndContributionMap":{}},{"hash":"de87c70ed7f94fc4ae946c62cd2a8baf59c4ca63","isMergeCommit":true,"messageTitle":"Merge pull request #169 from JadeCheah/branch-add-tests","messageBody":"Branch add tests","fileTypesAndContributionMap":{}},{"hash":"7aa67b1410b95a7f10c1195e5a3a5cbb5c3ef046","isMergeCommit":false,"messageTitle":"Change DG formatting","messageBody":"","fileTypesAndContributionMap":{"docs":{"insertions":36,"deletions":35}}},{"hash":"e816f690a7ab47c333e908d3caac5c5988ddf873","isMergeCommit":false,"messageTitle":"Change DG formatting","messageBody":"","fileTypesAndContributionMap":{"docs":{"insertions":3,"deletions":2}}},{"hash":"a1a71e2dede37216b173abed574a404765f1cb6a","isMergeCommit":false,"messageTitle":"Change terminologies in messages","messageBody":"","fileTypesAndContributionMap":{"functional-code":{"insertions":12,"deletions":12}}},{"hash":"4000cf84b826f8962e3787da9b1abcd3365973a0","isMergeCommit":true,"messageTitle":"Merge branch \u0027master\u0027 into branch-change-message","messageBody":"","fileTypesAndContributionMap":{}},{"hash":"a657dc8772e46d39957607a82bf02fd3db236664","isMergeCommit":true,"messageTitle":"Merge pull request #171 from JadeCheah/branch-fix-bug","messageBody":"Fix the Valid Height and Valid Phone number bugs","fileTypesAndContributionMap":{}},{"hash":"8817ea58bf1dadd08548ed40beae251e1e1ce780","isMergeCommit":true,"messageTitle":"Merge pull request #173 from JadeCheah/branch-edit-UG","messageBody":"Fix hyperlink issue in UG","fileTypesAndContributionMap":{}},{"hash":"35bfe135904311d60ef6a136cabc1fd2b4b33200","isMergeCommit":true,"messageTitle":"Merge pull request #183 from JadeCheah/branch-fix-bug","messageBody":"Fixed bugs regarding all caps input for edit and more specific error messages for add ","fileTypesAndContributionMap":{}},{"hash":"fe0c024ce34545e0ed0b03d9cebdf8ad41dd2776","isMergeCommit":false,"messageTitle":"Fix error handling for filter parser","messageBody":"","fileTypesAndContributionMap":{"functional-code":{"insertions":35,"deletions":12},"test-code":{"insertions":21,"deletions":6}}},{"hash":"860a8f2c3e2655bee5f45f6b534c3304b4a80eec","isMergeCommit":false,"messageTitle":"Fix error handling for filter parser","messageBody":"","fileTypesAndContributionMap":{"functional-code":{"insertions":0,"deletions":1}}},{"hash":"b7e02f66c61fd1317d2b7bdf04fe5125a1062461","isMergeCommit":false,"messageTitle":"Update input limits of allergy and test cases","messageBody":"","fileTypesAndContributionMap":{"functional-code":{"insertions":7,"deletions":4},"test-code":{"insertions":21,"deletions":1}}}]},{"date":"2025-04-03","commitResults":[{"hash":"e7bca747019b081cf191a72b771166f552e4135a","isMergeCommit":false,"messageTitle":"Fix sort bug, update sort ability to sort meeting date and fix testcases.","messageBody":"","fileTypesAndContributionMap":{"functional-code":{"insertions":41,"deletions":29},"test-code":{"insertions":28,"deletions":1}}},{"hash":"c2365d4558155c5de76cba87621ca5cae630ee26","isMergeCommit":false,"messageTitle":"Add content table for UG and reorganise structure","messageBody":"","fileTypesAndContributionMap":{"docs":{"insertions":115,"deletions":78}}}]},{"date":"2025-04-04","commitResults":[{"hash":"17db23ccd99d2bb1f562448bfc9075af3f77ea15","isMergeCommit":false,"messageTitle":"Add content to UG and update images","messageBody":"","fileTypesAndContributionMap":{"docs":{"insertions":225,"deletions":137}}},{"hash":"8b071dd7f8a4e5a1136039e064d94f201b3c1495","isMergeCommit":true,"messageTitle":"Update branch","messageBody":"","fileTypesAndContributionMap":{}},{"hash":"79ab8fd3a3b1070bb9f6aaf0b432a5f65ae55cd5","isMergeCommit":false,"messageTitle":"Fix name and email bugs","messageBody":"","fileTypesAndContributionMap":{"functional-code":{"insertions":37,"deletions":32},"test-code":{"insertions":15,"deletions":10}}},{"hash":"3ffcf56d3c7043fbb8a04a00819ffdbd4ca09a97","isMergeCommit":false,"messageTitle":"Fix checkstyle","messageBody":"","fileTypesAndContributionMap":{"docs":{"insertions":19,"deletions":19}}},{"hash":"b07e00363300779dfb2d29423cd26f80b28722cc","isMergeCommit":false,"messageTitle":"Fix repeat parameter issue in remark and edit","messageBody":"","fileTypesAndContributionMap":{"functional-code":{"insertions":11,"deletions":1},"test-code":{"insertions":44,"deletions":0}}},{"hash":"9645354f4c1a78ad16ccbadad32796fe8883ef14","isMergeCommit":false,"messageTitle":"Enable partial finding","messageBody":"","fileTypesAndContributionMap":{"functional-code":{"insertions":3,"deletions":3},"test-code":{"insertions":21,"deletions":1}}},{"hash":"05c60d483b06d7a7c96020b2a39789ed08996fde","isMergeCommit":false,"messageTitle":"Update images","messageBody":"","fileTypesAndContributionMap":{"docs":{"insertions":2,"deletions":2}}},{"hash":"745c429bbe4f97e5c049d6bb76812a1b807af725","isMergeCommit":false,"messageTitle":"Update images and DG","messageBody":"","fileTypesAndContributionMap":{"docs":{"insertions":2,"deletions":1}}},{"hash":"64fab56b92af501bb0942a49a7c9a4862ff2b921","isMergeCommit":false,"messageTitle":"Update UG hyperlinks","messageBody":"","fileTypesAndContributionMap":{"docs":{"insertions":80,"deletions":75}}},{"hash":"3971fd11ef37eceb972a4afb146a0d6cd6f8361f","isMergeCommit":false,"messageTitle":"Update UG sectioning","messageBody":"","fileTypesAndContributionMap":{"docs":{"insertions":1,"deletions":1}}}]}],"JadeCheah":[{"date":"2025-03-07","commitResults":[{"hash":"9ffdeebae837a2676526cef59d388538393e527c","isMergeCommit":false,"messageTitle":"Add Jade\u0027s AboutUs","messageBody":"","fileTypesAndContributionMap":{"docs":{"insertions":3,"deletions":3}}},{"hash":"380cc0805b57e7aa5e5304922ec84a76d7b44a93","isMergeCommit":true,"messageTitle":"Merge pull request #23 from amir-dha/branch-Add-Photo","messageBody":"Add Amirdha\u0027s photo","fileTypesAndContributionMap":{}},{"hash":"2127ec79b30c0e3c6826989ef7181e1e255aafef","isMergeCommit":false,"messageTitle":"Edit Jade\u0027s AboutUs Info","messageBody":"","fileTypesAndContributionMap":{"docs":{"insertions":2,"deletions":2}}},{"hash":"d6e2b4378d8deeb5e9229597f04d1b7a14b01142","isMergeCommit":true,"messageTitle":"Merge branch \u0027master\u0027 into branch-Add-AboutUs","messageBody":"","fileTypesAndContributionMap":{}},{"hash":"c8b204f4bcf4b84939e4d8e07b75bac468085f6d","isMergeCommit":true,"messageTitle":"Merge pull request #28 from amir-dha/branch-Add-AboutUs","messageBody":"Add AboutUs for Amirdha","fileTypesAndContributionMap":{}}]},{"date":"2025-03-08","commitResults":[{"hash":"597d6907d9c8123220538bdb10f47dd348813115","isMergeCommit":false,"messageTitle":"Update NFRs and Glossary","messageBody":"","fileTypesAndContributionMap":{"docs":{"insertions":20,"deletions":0}}},{"hash":"346832722588c6ab552d02a18ec1d601904320b7","isMergeCommit":false,"messageTitle":"Edit glossary to include Diet, nutritionist, priority","messageBody":"","fileTypesAndContributionMap":{"docs":{"insertions":7,"deletions":5}}},{"hash":"b679d5cc537d822daacacd3a3e39e30c8a8114f2","isMergeCommit":true,"messageTitle":"Merge pull request #38 from amir-dha/branch-Edit-Photo","messageBody":"Refactor photo name","fileTypesAndContributionMap":{}}]},{"date":"2025-03-09","commitResults":[{"hash":"dff112ba7f6d0369c049eff09c056f734c2ebaa4","isMergeCommit":false,"messageTitle":"Update DG Product Scope","messageBody":"","fileTypesAndContributionMap":{"docs":{"insertions":8,"deletions":7}}},{"hash":"4ea39b20c7b3d89e7e4cc69fa50704a12c415d58","isMergeCommit":false,"messageTitle":"Fix bug Appendix: Requirements, accidental character","messageBody":"","fileTypesAndContributionMap":{"docs":{"insertions":1,"deletions":1}}},{"hash":"cf4e5d57beffc172fa71428a2df9258a84551245","isMergeCommit":true,"messageTitle":"Merge pull request #34 from NoahKoh/branch-Update-README","messageBody":"Update README","fileTypesAndContributionMap":{}},{"hash":"8989914aa97277c8ed649e3efeeadcc4fa6d9e62","isMergeCommit":true,"messageTitle":"Merge pull request #40 from JadeCheah/branch-update-DG","messageBody":"Update DG: Product Scope ","fileTypesAndContributionMap":{}}]},{"date":"2025-03-12","commitResults":[{"hash":"a79f7e36fde99af8c329cdb49a59ceb6d5fec215","isMergeCommit":false,"messageTitle":"add PREFIX_GENDER","messageBody":"","fileTypesAndContributionMap":{"functional-code":{"insertions":7,"deletions":3}}},{"hash":"3d915718e5df352d5ed589f84c508064b67f878b","isMergeCommit":false,"messageTitle":"Add Gender class","messageBody":"","fileTypesAndContributionMap":{"functional-code":{"insertions":67,"deletions":0}}},{"hash":"9d9b1129041498f41a1c0e30a98107accfd071da","isMergeCommit":false,"messageTitle":"Add gender field to Person class, modify usages of the Person class","messageBody":"","fileTypesAndContributionMap":{"functional-code":{"insertions":78,"deletions":19},"test-code":{"insertions":25,"deletions":21}}},{"hash":"d012b857981a46af3724d29280d8e1187b6afef6","isMergeCommit":false,"messageTitle":"Add Ui support to show new gender field","messageBody":"","fileTypesAndContributionMap":{"functional-code":{"insertions":4,"deletions":1}}},{"hash":"025597c58543e37074e48f9c4ea306a359694b83","isMergeCommit":false,"messageTitle":"Add height and weight prefix","messageBody":"","fileTypesAndContributionMap":{"functional-code":{"insertions":304,"deletions":31},"test-code":{"insertions":17,"deletions":11}}},{"hash":"4392421f3112ce97d039451e30022272f8d603d9","isMergeCommit":false,"messageTitle":"Delete address prefix, and address field from Person","messageBody":"","fileTypesAndContributionMap":{"functional-code":{"insertions":25,"deletions":101},"test-code":{"insertions":7,"deletions":10}}},{"hash":"07f2483835d8743fc8536cf8eea1a034d9d36370","isMergeCommit":false,"messageTitle":"Add diet prefix, not yet optional","messageBody":"","fileTypesAndContributionMap":{"functional-code":{"insertions":157,"deletions":21},"test-code":{"insertions":8,"deletions":7}}}]},{"date":"2025-03-13","commitResults":[{"hash":"a403237e0b329e5d3c8abbb022211a2b84c73d97","isMergeCommit":false,"messageTitle":"Implement diet optional","messageBody":"","fileTypesAndContributionMap":{"functional-code":{"insertions":15,"deletions":9},"test-code":{"insertions":0,"deletions":23}}},{"hash":"c380e6d4babc0b95baa26c9e928bd6b6d38e4a56","isMergeCommit":false,"messageTitle":"Add priority prefix optional","messageBody":"","fileTypesAndContributionMap":{"functional-code":{"insertions":148,"deletions":18},"test-code":{"insertions":8,"deletions":7}}},{"hash":"544f49c083c376f81716b539d1851a9284a72239","isMergeCommit":false,"messageTitle":"Add UI support for priority","messageBody":"","fileTypesAndContributionMap":{"functional-code":{"insertions":6,"deletions":2}}},{"hash":"add5f221b2be11ec7d5c5da4ddcc96fa491016fe","isMergeCommit":false,"messageTitle":"Add meetingDate prefix, optional","messageBody":"","fileTypesAndContributionMap":{"functional-code":{"insertions":152,"deletions":21},"test-code":{"insertions":8,"deletions":7}}},{"hash":"62b31910cddfb4b5e30ff4a88aa6212e53917eb1","isMergeCommit":false,"messageTitle":"Restore addres preix, not optional, did some checkstyle modfication","messageBody":"","fileTypesAndContributionMap":{"functional-code":{"insertions":101,"deletions":31},"test-code":{"insertions":116,"deletions":33}}}]},{"date":"2025-03-16","commitResults":[{"hash":"f0608f3f53f09cff16d3abb973b5f0b68f799614","isMergeCommit":true,"messageTitle":"Merge pull request #74 from amir-dha/branch-filter-command","messageBody":"Branch filter command","fileTypesAndContributionMap":{}}]},{"date":"2025-03-17","commitResults":[{"hash":"0db4999954b470bfac89ba1ffbffbe751745f56d","isMergeCommit":false,"messageTitle":"Add header Vitabook and light mode","messageBody":"","fileTypesAndContributionMap":{"functional-code":{"insertions":49,"deletions":36}}},{"hash":"f02210f83954449e7354b074b0d2d6ca0cf05e67","isMergeCommit":false,"messageTitle":"Create DarkMode.css","messageBody":"","fileTypesAndContributionMap":{"functional-code":{"insertions":401,"deletions":0},"other":{"insertions":0,"deletions":0}}}]},{"date":"2025-03-18","commitResults":[{"hash":"cb736777798719a7adf86fa04eb648e7a1ad6835","isMergeCommit":false,"messageTitle":"Add Light Mode to Dark Mode toggle","messageBody":"","fileTypesAndContributionMap":{"functional-code":{"insertions":38,"deletions":9}}},{"hash":"9db3740fa7eccbb5f1d164cb96587967d0c39db1","isMergeCommit":false,"messageTitle":"Change to fit checkstyle","messageBody":"","fileTypesAndContributionMap":{"functional-code":{"insertions":0,"deletions":2}}},{"hash":"db00029737b9cf118907409e5bf9da75430e4d23","isMergeCommit":false,"messageTitle":"Tweak menu bar item text fill to white","messageBody":"","fileTypesAndContributionMap":{"functional-code":{"insertions":7,"deletions":8}}},{"hash":"452207a126e669000868bd0820bcfb4bbe574632","isMergeCommit":false,"messageTitle":"Tweak list cell selected color","messageBody":"","fileTypesAndContributionMap":{"functional-code":{"insertions":1,"deletions":1}}},{"hash":"30240b7eb85a4c34b8c817ea2371182413b7efec","isMergeCommit":true,"messageTitle":"Merge branch \u0027branch-GUI-PersonCard\u0027 of github.com:karthu0301/tp into karthu0301-branch-GUI-PersonCard","messageBody":"","fileTypesAndContributionMap":{}},{"hash":"9e1a32c1dcb68b7df531ef494b0a9066b2488ed8","isMergeCommit":true,"messageTitle":"Merge branch \u0027karthu0301-branch-GUI-PersonCard\u0027 into master","messageBody":"","fileTypesAndContributionMap":{}}]},{"date":"2025-03-19","commitResults":[{"hash":"9f6ea4eb16805c58a654cb4d18d700cea5094ee4","isMergeCommit":false,"messageTitle":"Integrate merge changes from PersonCard and GUI dark mode","messageBody":"","fileTypesAndContributionMap":{"functional-code":{"insertions":33,"deletions":34}}},{"hash":"2089fcca3e41f8f19a7e7241ea2bea133b6f5285","isMergeCommit":false,"messageTitle":"Integrate PersonCard and GUI dark mode complete","messageBody":"","fileTypesAndContributionMap":{"functional-code":{"insertions":65,"deletions":44}}},{"hash":"8dc957ed8ab385dd2ec0346277d3064900aa725f","isMergeCommit":false,"messageTitle":"Change meeting-label border color","messageBody":"","fileTypesAndContributionMap":{"functional-code":{"insertions":1,"deletions":1}}}]},{"date":"2025-03-24","commitResults":[{"hash":"a8aeb7521937e285633822b5c652ec771c92a440","isMergeCommit":false,"messageTitle":"Fix find result, weird white box bug","messageBody":"","fileTypesAndContributionMap":{"functional-code":{"insertions":9,"deletions":0}}}]},{"date":"2025-03-25","commitResults":[{"hash":"b7f695abd10d15729f49a0fd23d3eb52d04e584d","isMergeCommit":true,"messageTitle":"Merge pull request #93 from karthu0301/branch-fix-ui-tests to master","messageBody":"Attempt to fix UI tests","fileTypesAndContributionMap":{}},{"hash":"c854f6bc8294e9c8af79fc3e7ff1d1bac461908c","isMergeCommit":true,"messageTitle":"Merge pull request #94 from karthu0301/branch-priority-bugs to master","messageBody":"Implement priority command logic","fileTypesAndContributionMap":{}}]},{"date":"2025-03-26","commitResults":[{"hash":"974ab71eb067544f789c1ede97eb5f0d32f787a7","isMergeCommit":false,"messageTitle":"Edit User Guide to include new features","messageBody":"","fileTypesAndContributionMap":{"docs":{"insertions":98,"deletions":47}}},{"hash":"f7c2548aa3bec5164f5ffbaa2eec2648bad56f08","isMergeCommit":false,"messageTitle":"Update User Guide, change according to the list","messageBody":"","fileTypesAndContributionMap":{"docs":{"insertions":106,"deletions":42}}}]},{"date":"2025-03-27","commitResults":[{"hash":"2fcdec322bb3ad6aebc3141974668dc3cb656b1e","isMergeCommit":false,"messageTitle":"Add priority in the user guide","messageBody":"","fileTypesAndContributionMap":{"docs":{"insertions":20,"deletions":2}}},{"hash":"fe679b7cc58b68c66ad8ef40cecf35023a5ac039","isMergeCommit":false,"messageTitle":"Fix user guide bug","messageBody":"","fileTypesAndContributionMap":{"docs":{"insertions":4,"deletions":2}}},{"hash":"495ddddb82777c99b75853d801da05216b984d24","isMergeCommit":true,"messageTitle":"Merge pull request #108 from amir-dha/branch-Developer-Guide to master","messageBody":"Change documentation in developer guide","fileTypesAndContributionMap":{}}]},{"date":"2025-03-30","commitResults":[{"hash":"2f2bbcdc8899ad315267494416b348a1461cff75","isMergeCommit":false,"messageTitle":"update person class puml","messageBody":"","fileTypesAndContributionMap":{"docs":{"insertions":16,"deletions":2}}},{"hash":"ed6f9225b66be92fc22584f7a78af9f4b95f7b8e","isMergeCommit":false,"messageTitle":"Add VersionedAddressBook into the puml diagram","messageBody":"","fileTypesAndContributionMap":{"docs":{"insertions":9,"deletions":7}}},{"hash":"af80d7be6899adab7949485d0a67b77c69d26544","isMergeCommit":false,"messageTitle":"Change better model class diagram to have versionedAddressBook","messageBody":"","fileTypesAndContributionMap":{"docs":{"insertions":26,"deletions":7}}}]},{"date":"2025-03-31","commitResults":[{"hash":"3a332c27ffbad6e323216b097eb093be382a2678","isMergeCommit":true,"messageTitle":"Merge pull request #143 from amir-dha/branch-clear-confirmation","messageBody":"Add confirmation for clear command","fileTypesAndContributionMap":{}},{"hash":"23d9c19c76a25b97d3bb8192df1422be3719ae16","isMergeCommit":true,"messageTitle":"Merge branch \u0027master\u0027 into branch-UML-Diagram","messageBody":"","fileTypesAndContributionMap":{}},{"hash":"3015f479683d5ca40f62472aaded9ab8cd33deb3","isMergeCommit":true,"messageTitle":"Merge pull request #125 from amir-dha/branch-UML-Diagram to master","messageBody":"Update UML diagram for Sort and Filter commands","fileTypesAndContributionMap":{}}]},{"date":"2025-04-01","commitResults":[{"hash":"8a2d26714cd385f814675ced81de30f389a310df","isMergeCommit":true,"messageTitle":"Merge pull request #113 from karthu0301/branch-update-DG to master","messageBody":"Update DG and Class and Sequence diagram for PriorityCommand","fileTypesAndContributionMap":{}},{"hash":"6452e86b4b2e4e550fc5aef42c394c3b2f184dc3","isMergeCommit":false,"messageTitle":"Make puml diagrams for model bigger","messageBody":"","fileTypesAndContributionMap":{"docs":{"insertions":2,"deletions":2}}},{"hash":"bf73325130e598c58d9bee8a339e7b9d0fefd05d","isMergeCommit":true,"messageTitle":"Merge pull request #159 from JadeCheah/branch-update-puml to master","messageBody":"Make puml diagrams for model bigger","fileTypesAndContributionMap":{}},{"hash":"c712de2d23698eb0555d1db21568faa7f32c94ba","isMergeCommit":false,"messageTitle":"Fix priority command sequence diagram not showing bug","messageBody":"","fileTypesAndContributionMap":{"docs":{"insertions":2,"deletions":2}}},{"hash":"caadc7451c25ce9c79bbab21b715a897bf00f14c","isMergeCommit":true,"messageTitle":"Merge pull request #160 from JadeCheah/branch-update-puml to master","messageBody":"Fix priority command sequence diagram not showing bug","fileTypesAndContributionMap":{}},{"hash":"a800d8a0a31f7c77ff283256f2a436d88b6bdeb0","isMergeCommit":false,"messageTitle":"Add DietTest file","messageBody":"","fileTypesAndContributionMap":{"test-code":{"insertions":78,"deletions":0}}},{"hash":"4a9dde3a8db337fd1288e82f293325a177a0edbb","isMergeCommit":false,"messageTitle":"Add GenderTest file","messageBody":"","fileTypesAndContributionMap":{"test-code":{"insertions":68,"deletions":1}}}]},{"date":"2025-04-02","commitResults":[{"hash":"d6d584427bd352b6e9aa5041f2f6be7d27446876","isMergeCommit":false,"messageTitle":"add MeetingDateTest, PriorityTest and WeightTest","messageBody":"","fileTypesAndContributionMap":{"test-code":{"insertions":407,"deletions":60}}},{"hash":"509496018c548f8b31078228f43e3df0234a15b9","isMergeCommit":false,"messageTitle":"Change to comply to checkstyle","messageBody":"","fileTypesAndContributionMap":{"test-code":{"insertions":74,"deletions":55}}},{"hash":"45d78189f2180a4b69a9dab7e5df9d53ab6004f2","isMergeCommit":true,"messageTitle":"Merge pull request #167 from amir-dha/branch-fix-filter-bugs to master","messageBody":"Fix filter bugs","fileTypesAndContributionMap":{}},{"hash":"a38dac1296be0aca9ed95f21bc74b4e9c19173c6","isMergeCommit":false,"messageTitle":"Fix the Valid  Height and Valid Phone number bugs","messageBody":"","fileTypesAndContributionMap":{"functional-code":{"insertions":4,"deletions":4},"test-code":{"insertions":29,"deletions":23}}},{"hash":"86f752dfa2b19ff5867556855eb5e2e50336d0b8","isMergeCommit":false,"messageTitle":"fix checkstyle","messageBody":"","fileTypesAndContributionMap":{"docs":{"insertions":3,"deletions":3}}},{"hash":"349c899950c5131770d6c4eeaca4fcae6aeec805","isMergeCommit":false,"messageTitle":"Fix hyperlink priority command in UG","messageBody":"","fileTypesAndContributionMap":{"docs":{"insertions":1,"deletions":1}}},{"hash":"b1cfe2703e232823839461e1600432e381918c7f","isMergeCommit":true,"messageTitle":"Merge pull request #172 from amir-dha/branch-change-message to master","messageBody":"Change terminologies in messages","fileTypesAndContributionMap":{}},{"hash":"d717076873880e1e93bc7b2cd75f127688486b13","isMergeCommit":false,"messageTitle":"Remove code that makes fields optional, and fix edit command should allow all caps input for diet bug","messageBody":"","fileTypesAndContributionMap":{"functional-code":{"insertions":21,"deletions":32},"test-code":{"insertions":0,"deletions":7}}},{"hash":"8edb3c4b93b9876ba8797faa628537d8d7a8fdb9","isMergeCommit":false,"messageTitle":"Add more testcases to ParserUtilTest","messageBody":"","fileTypesAndContributionMap":{"test-code":{"insertions":125,"deletions":0}}},{"hash":"73e90b609db493dd7f312d556f960e24748a123c","isMergeCommit":false,"messageTitle":"Add specialised messages for missing fields in AddCommand","messageBody":"","fileTypesAndContributionMap":{"functional-code":{"insertions":38,"deletions":7},"test-code":{"insertions":47,"deletions":29}}},{"hash":"492486d84c8e000c026ef9cfdc7048b96e0e4eea","isMergeCommit":true,"messageTitle":"Merge pull request #184 from amir-dha/branch-error-handling","messageBody":"Branch error handling","fileTypesAndContributionMap":{}}]},{"date":"2025-04-03","commitResults":[{"hash":"50e48f184556107b49924844fcb71f16ed353eaf","isMergeCommit":true,"messageTitle":"Merge pull request #194 from karthu0301/branch-final-update-dg-v1.5 to master","messageBody":"Update DG with better formatting and added details for features","fileTypesAndContributionMap":{}}]}],"zacklow28":[{"date":"2025-02-21","commitResults":[{"hash":"46d81d145ff05f571871b8a700ab5c8b1483294a","isMergeCommit":false,"messageTitle":"Add remark to Ui","messageBody":"","fileTypesAndContributionMap":{"functional-code":{"insertions":111,"deletions":2},"test-code":{"insertions":121,"deletions":3}}},{"hash":"d161e7aff200ed208adaf9bde42bc3a472b79316","isMergeCommit":false,"messageTitle":"Put respective remark output when adding a remark","messageBody":"","fileTypesAndContributionMap":{"functional-code":{"insertions":75,"deletions":23},"test-code":{"insertions":113,"deletions":25}}},{"hash":"9ef8860bc73e1b212ae65c9a1297fac557a5511c","isMergeCommit":false,"messageTitle":"Add EOF","messageBody":"","fileTypesAndContributionMap":{"functional-code":{"insertions":3,"deletions":3},"test-code":{"insertions":2,"deletions":2}}},{"hash":"76112551a1a93bad459222f6a276c20a8ae4560c","isMergeCommit":false,"messageTitle":"Fix style issues","messageBody":"","fileTypesAndContributionMap":{"functional-code":{"insertions":7,"deletions":3},"test-code":{"insertions":16,"deletions":8}}}]},{"date":"2025-02-22","commitResults":[{"hash":"4ca9b02dbca92a7f811249c96cf0dfd2f188a06c","isMergeCommit":true,"messageTitle":"Merge remote-tracking branch \u0027origin/switch-docs-to-markbind\u0027","messageBody":"","fileTypesAndContributionMap":{}},{"hash":"e611ecae45b27b39ec46b75522d60e0687313c2c","isMergeCommit":false,"messageTitle":"Edit Product Name","messageBody":"","fileTypesAndContributionMap":{"docs":{"insertions":1,"deletions":1}}},{"hash":"f3ced34c3123587da479459d7cc673843e5a3b3b","isMergeCommit":false,"messageTitle":"Change Website Header","messageBody":"","fileTypesAndContributionMap":{"docs":{"insertions":1,"deletions":1}}},{"hash":"a0c4fa9304af64c33b71a56c6b03dcf28a62044d","isMergeCommit":false,"messageTitle":"Change main page of Website to VitaBook","messageBody":"","fileTypesAndContributionMap":{"docs":{"insertions":5,"deletions":5}}}]},{"date":"2025-03-06","commitResults":[{"hash":"8d5f162ea95db67243153970f8739162465fb654","isMergeCommit":false,"messageTitle":"Add AboutUs","messageBody":"","fileTypesAndContributionMap":{"docs":{"insertions":3,"deletions":3}}},{"hash":"d3c0c4eabad988d6720e6a240f906d2cc814cfa2","isMergeCommit":true,"messageTitle":"Merge pull request #13 from karthu0301/update-about-us","messageBody":"Update AboutUs with Karthika\u0027s info","fileTypesAndContributionMap":{}},{"hash":"a25bb1d1402d0565475526d9a03a18311a62291f","isMergeCommit":false,"messageTitle":"Update role","messageBody":"","fileTypesAndContributionMap":{"docs":{"insertions":2,"deletions":2}}}]},{"date":"2025-03-08","commitResults":[{"hash":"a438557544de5c88feec2a121f8ac1f93ff11b28","isMergeCommit":true,"messageTitle":"Update Developer Guide: NFRs and Glossary","messageBody":"","fileTypesAndContributionMap":{}}]},{"date":"2025-03-10","commitResults":[{"hash":"db31ccdc2279edce93b73bbde96687a991e3279d","isMergeCommit":false,"messageTitle":"Refactor Delete Function to include email as parameter","messageBody":"","fileTypesAndContributionMap":{"functional-code":{"insertions":85,"deletions":5},"test-code":{"insertions":7,"deletions":0}}}]},{"date":"2025-03-12","commitResults":[{"hash":"45f6f0da27f92d67c0e52b1a23f18925ef87b2fb","isMergeCommit":false,"messageTitle":"Edit Ui color and design styles","messageBody":"","fileTypesAndContributionMap":{"functional-code":{"insertions":44,"deletions":18}}},{"hash":"a8046b8405601e129ec2c5a4632f0730113dc004","isMergeCommit":false,"messageTitle":"Add JUnit tests","messageBody":"","fileTypesAndContributionMap":{"test-code":{"insertions":29,"deletions":0}}},{"hash":"1873f7405bd3b2f82b8a2b07932fbeadc0a903c7","isMergeCommit":false,"messageTitle":"Add parse test and fix Delete Command equals method","messageBody":"","fileTypesAndContributionMap":{"functional-code":{"insertions":7,"deletions":3},"test-code":{"insertions":6,"deletions":0}}}]},{"date":"2025-03-13","commitResults":[{"hash":"7f286f0df097bd5e8e88001af289e09be54338ba","isMergeCommit":true,"messageTitle":"Merge pull request #60 from NoahKoh/Update-ListCommand","messageBody":"Update terms","fileTypesAndContributionMap":{}}]},{"date":"2025-03-14","commitResults":[{"hash":"9c42f1e618dde606ff941f803f1ad30ea35d932f","isMergeCommit":true,"messageTitle":"Merge pull request #61 from karthu0301/branch-fix-v1-bugs","messageBody":"Fix bugs from v1 merge conflict","fileTypesAndContributionMap":{}},{"hash":"71cd084b1bfc0e214e7acd8552fe470ffbfe5fe7","isMergeCommit":true,"messageTitle":"Merge branch \u0027master\u0027 into tutorial-adding-command","messageBody":"","fileTypesAndContributionMap":{}},{"hash":"c7b8fa3ef824911e2bf4c0259379db61abdfebd9","isMergeCommit":false,"messageTitle":"Resolve merge conflicts and fix bugs","messageBody":"","fileTypesAndContributionMap":{"functional-code":{"insertions":6,"deletions":3},"test-code":{"insertions":9,"deletions":4}}}]},{"date":"2025-03-15","commitResults":[{"hash":"8180e6a33e0e721fbb752ca82c86d16134019bc8","isMergeCommit":false,"messageTitle":"Change messages and prefix","messageBody":"","fileTypesAndContributionMap":{"functional-code":{"insertions":12,"deletions":12},"docs":{"insertions":6,"deletions":6}}},{"hash":"53e11ca56c0a967ffe3754d1c2476b70ade548ba","isMergeCommit":false,"messageTitle":"Refactor add to prevent adding patients with duplicate emails","messageBody":"","fileTypesAndContributionMap":{"functional-code":{"insertions":2,"deletions":2},"test-code":{"insertions":13,"deletions":8}}}]},{"date":"2025-03-16","commitResults":[{"hash":"b974693eebbc8569c6b23826c7c0d3502e11ead3","isMergeCommit":true,"messageTitle":"Merge branch \u0027master\u0027 into tutorial-adding-command","messageBody":"","fileTypesAndContributionMap":{}},{"hash":"12ccaaa07128343173c9480e6a1b36576daffc3a","isMergeCommit":true,"messageTitle":"Refactor SortCommandTest to accept Remark","messageBody":"","fileTypesAndContributionMap":{}},{"hash":"23aeae003532909db7886e735262bf556d89932c","isMergeCommit":true,"messageTitle":"Merge branch \u0027tutorial-adding-command\u0027 of github.com:zacklow28/tp into tutorial-adding-command","messageBody":"","fileTypesAndContributionMap":{}}]},{"date":"2025-03-17","commitResults":[{"hash":"7c398d20e2e8ad1959d0dc8e863dec4c5d8d538d","isMergeCommit":true,"messageTitle":"Merge pull request #63 from NoahKoh/branch-Add-CommandHistory","messageBody":"Implement Command History","fileTypesAndContributionMap":{}}]},{"date":"2025-03-19","commitResults":[{"hash":"03b3344e1c4b5a83623215f6788884cc46d015f7","isMergeCommit":true,"messageTitle":"Merge pull request #80 from JadeCheah/branch-GUI-dark-mode","messageBody":"Integrate merge from PersonCard and Dark Mode GUI","fileTypesAndContributionMap":{}}]},{"date":"2025-03-20","commitResults":[{"hash":"a6f6fbd6d07b579bf5c982a74e476f2bc7c0b1e5","isMergeCommit":false,"messageTitle":"Delete Ui Tests","messageBody":"","fileTypesAndContributionMap":{"test-code":{"insertions":0,"deletions":548}}}]},{"date":"2025-03-22","commitResults":[{"hash":"2fea46f71f8d91103e605cb3600f854cb2ff2808","isMergeCommit":false,"messageTitle":"Fix Remark output","messageBody":"","fileTypesAndContributionMap":{"functional-code":{"insertions":1,"deletions":1},"test-code":{"insertions":5,"deletions":4}}},{"hash":"6fd7b1acb881bc6785ce8d81d2b5ccc49016fe53","isMergeCommit":false,"messageTitle":"Change Tags to Allergies","messageBody":"","fileTypesAndContributionMap":{"functional-code":{"insertions":1,"deletions":1}}}]},{"date":"2025-03-23","commitResults":[{"hash":"1296e8b4ae5c4eaca36cbbbca9879bed820829a0","isMergeCommit":true,"messageTitle":"Merge pull request #90 from NoahKoh/branch-refactor-default-data","messageBody":"Refactor default data","fileTypesAndContributionMap":{}}]},{"date":"2025-03-25","commitResults":[{"hash":"e8bfcfe82ec36ee84a026e6c5bdda06fd67deec5","isMergeCommit":false,"messageTitle":"Add Undo Feature using VersionedAddressBook","messageBody":"","fileTypesAndContributionMap":{"functional-code":{"insertions":152,"deletions":13}}},{"hash":"4a747ff34ae9264cb283e2f92b8658baf6d0661b","isMergeCommit":false,"messageTitle":"Add Redo Feature","messageBody":"","fileTypesAndContributionMap":{"functional-code":{"insertions":46,"deletions":2},"other":{"insertions":2,"deletions":5}}},{"hash":"5d82457d78a007bf952e621b1f07d4a9d4cb163c","isMergeCommit":false,"messageTitle":"Add Unit tests for Undo and Redo","messageBody":"","fileTypesAndContributionMap":{"functional-code":{"insertions":17,"deletions":5},"test-code":{"insertions":255,"deletions":0}}},{"hash":"1c89f9a048dbe4888486bb88a5a576c9ab32e295","isMergeCommit":false,"messageTitle":"Fix Checkstyle issues","messageBody":"","fileTypesAndContributionMap":{"test-code":{"insertions":10,"deletions":11}}},{"hash":"68d0cca7d19bc2b20893e078b4c83f268d591afb","isMergeCommit":false,"messageTitle":"Update simple PUML","messageBody":"","fileTypesAndContributionMap":{"docs":{"insertions":6,"deletions":0}}}]},{"date":"2025-03-27","commitResults":[{"hash":"bd99273d2be088c5c2659216dcf83bf51d5c2a24","isMergeCommit":true,"messageTitle":"Merge pull request #96 from karthu0301/branch-UI-UG-update","messageBody":"Update UI with index and part of UG","fileTypesAndContributionMap":{}},{"hash":"162684b7c6f1141b2a12253bd56bfef2b4f6a66f","isMergeCommit":true,"messageTitle":"Merge pull request #102 from JadeCheah/branch-edit-UG","messageBody":"Update User Guide, change according to the list","fileTypesAndContributionMap":{}},{"hash":"3c884f467e2934f879d50da780392a8f3c4f4396","isMergeCommit":true,"messageTitle":"Merge pull request #104 from JadeCheah/branch-edit-UG","messageBody":"Fix user guide bug","fileTypesAndContributionMap":{}},{"hash":"81e516f06abc5b12b1f4f8fdd3f480a49dea49ad","isMergeCommit":false,"messageTitle":"Add Undo and Redo to UG","messageBody":"","fileTypesAndContributionMap":{"docs":{"insertions":201,"deletions":106}}},{"hash":"766cfaa6008d135df22f11dbbca96e22589387ce","isMergeCommit":false,"messageTitle":"Resolve minor issue on contacts","messageBody":"","fileTypesAndContributionMap":{"docs":{"insertions":10,"deletions":10}}},{"hash":"b57e95c6d6fd7f0ef1d7b4046467c7ec66bc2da3","isMergeCommit":true,"messageTitle":"Merge pull request #101 from NoahKoh/branch-refactor-tag-to-allergy","messageBody":"Branch refactor tag to allergy","fileTypesAndContributionMap":{}},{"hash":"1211ceaea22f1a9ac7c4639b5acb7f16db891a67","isMergeCommit":false,"messageTitle":"Fix Allergy CSS","messageBody":"","fileTypesAndContributionMap":{"functional-code":{"insertions":2,"deletions":2}}},{"hash":"6147a453e685dc2fe434ee7fc34c64a7a7d77abe","isMergeCommit":false,"messageTitle":"Resolve comments","messageBody":"","fileTypesAndContributionMap":{"functional-code":{"insertions":2,"deletions":2}}}]},{"date":"2025-03-28","commitResults":[{"hash":"291be707bb3f6d12b10067799932964a804d3089","isMergeCommit":false,"messageTitle":"Edit build.gradle file","messageBody":"","fileTypesAndContributionMap":{"other":{"insertions":4,"deletions":2}}}]},{"date":"2025-03-29","commitResults":[{"hash":"561ac879569c7ae26a8dae69c4e701a2129ee2bb","isMergeCommit":true,"messageTitle":"Resolve merge conflict","messageBody":"","fileTypesAndContributionMap":{}},{"hash":"552ab495bc724927b5dd79ed456b5df71b4ac20a","isMergeCommit":false,"messageTitle":"Resolve minor spacing issue","messageBody":"","fileTypesAndContributionMap":{"docs":{"insertions":1,"deletions":0}}},{"hash":"1f7b700749ea0fe596ae1abfc13aa3cfcab02c73","isMergeCommit":false,"messageTitle":"Format code properly","messageBody":"","fileTypesAndContributionMap":{"docs":{"insertions":75,"deletions":49}}},{"hash":"8d0f9a590578cf7f6a960f8a8f87b6008bf2e887","isMergeCommit":false,"messageTitle":"Resolve small formatting issue","messageBody":"","fileTypesAndContributionMap":{"docs":{"insertions":7,"deletions":7}}},{"hash":"9063fb9a23742ad331ad2af8d63b7cc20c120c1e","isMergeCommit":false,"messageTitle":"Update PUML files","messageBody":"","fileTypesAndContributionMap":{"docs":{"insertions":18,"deletions":17}}},{"hash":"12ad0bbd24a58c93d96b6f6c946d27ddfdaaa37b","isMergeCommit":true,"messageTitle":"Merge pull request #117 from amir-dha/branch-Update-DG","messageBody":"Add manual test cases to DG","fileTypesAndContributionMap":{}}]},{"date":"2025-03-30","commitResults":[{"hash":"0d04c4e64c78695c2d3244bff93a7b11ee33c607","isMergeCommit":true,"messageTitle":"Merge pull request #134 from JadeCheah/branch-update-puml","messageBody":"Branch update puml","fileTypesAndContributionMap":{}},{"hash":"0bcd424d8d5f43732035e6767061e7cbf62f4e0a","isMergeCommit":true,"messageTitle":"Merge pull request #135 from NoahKoh/Fix-toString-and-format","messageBody":"Fix toString and format","fileTypesAndContributionMap":{}},{"hash":"6b7dd3b5ebfb071f094e73396f5bbe37b6f3416f","isMergeCommit":false,"messageTitle":"Add comment on Bug","messageBody":"","fileTypesAndContributionMap":{"functional-code":{"insertions":1,"deletions":1}}},{"hash":"a4aa4e1972872716c1ca87236dc2b03435fe9076","isMergeCommit":false,"messageTitle":"Change comment","messageBody":"","fileTypesAndContributionMap":{"functional-code":{"insertions":1,"deletions":1}}},{"hash":"9f51967d5a7e2caca08e78bfc19a5285b76233c2","isMergeCommit":true,"messageTitle":"Merge pull request #115 from NoahKoh/branch-Update-UML","messageBody":"Add CommandHistory sequence diagram and Update UG","fileTypesAndContributionMap":{}},{"hash":"5d16c1fdaaf098b881281cd3e7a6db89f21a371e","isMergeCommit":false,"messageTitle":"Resolve outdated response messages","messageBody":"","fileTypesAndContributionMap":{"functional-code":{"insertions":4,"deletions":4}}},{"hash":"e7bae35f207f68240764512f5101bd44ddc35277","isMergeCommit":true,"messageTitle":"Merge pull request #136 from NoahKoh/branch-Improve-DateValidation","messageBody":"Improve DateValidation","fileTypesAndContributionMap":{}},{"hash":"f275fa5acfbe62b5ce8d9e91813a9e981ab75fab","isMergeCommit":false,"messageTitle":"Update footer style and change Font for name","messageBody":"","fileTypesAndContributionMap":{"functional-code":{"insertions":24,"deletions":30}}},{"hash":"6258e302d638f08c0a2f3d3c8ef32319c21ecf8e","isMergeCommit":false,"messageTitle":"Edit Dark Mode colors","messageBody":"","fileTypesAndContributionMap":{"functional-code":{"insertions":2,"deletions":2}}}]},{"date":"2025-03-31","commitResults":[{"hash":"f907661a24c15a210429a5bcd0ded036336967f2","isMergeCommit":true,"messageTitle":"Merge pull request #144 from karthu0301/branch-fix-priority-bug","messageBody":"Fix invalid command message in PriorityCommandParser","fileTypesAndContributionMap":{}}]},{"date":"2025-04-02","commitResults":[{"hash":"017729bf21b381d607c215f3d84f0131d3a17812","isMergeCommit":false,"messageTitle":"Update priority link","messageBody":"","fileTypesAndContributionMap":{"docs":{"insertions":1,"deletions":1}}},{"hash":"e8b2cd41fba9c325fef5504ed0bd04093174490d","isMergeCommit":true,"messageTitle":"Merge github.com:AY2425S2-CS2103T-F11-2/tp into Edit-UG-Second","messageBody":"","fileTypesAndContributionMap":{}},{"hash":"8f6c44150675ef1c56200d2ab95f62238bfc362c","isMergeCommit":false,"messageTitle":"Resolve some outdated commands","messageBody":"","fileTypesAndContributionMap":{"docs":{"insertions":38,"deletions":35}}},{"hash":"bc8fb2863c1de65dac40427f31262f76fc49d053","isMergeCommit":false,"messageTitle":"Improve some wording and formatting","messageBody":"","fileTypesAndContributionMap":{"docs":{"insertions":44,"deletions":36}}},{"hash":"82a659e0cd9acb89b52b20a4e7aa4ceb4aecd07a","isMergeCommit":true,"messageTitle":"Merge branch \u0027master\u0027 into Edit-UG-Second","messageBody":"","fileTypesAndContributionMap":{}},{"hash":"4b81856149aec19f6ad8c97c5d3cab0e5795956d","isMergeCommit":true,"messageTitle":"Merge pull request #176 from NoahKoh/branch-Update-UG-Images","messageBody":"Update UG Images","fileTypesAndContributionMap":{}},{"hash":"b7fff78a014e1d2c1c3cb4343e3cc25e8d016ccc","isMergeCommit":false,"messageTitle":"Resolve minor grammar issue","messageBody":"","fileTypesAndContributionMap":{"docs":{"insertions":1,"deletions":1}}},{"hash":"b7c3ed3ed1e11b74026bc31df655f91cdaf949f4","isMergeCommit":true,"messageTitle":"Fix merge conflict","messageBody":"","fileTypesAndContributionMap":{}},{"hash":"a044219671f186ebf115b1ee540669cc225de558","isMergeCommit":true,"messageTitle":"Merge branch \u0027Edit-UG-Second\u0027 of github.com:zacklow28/tp into Edit-UG-Second","messageBody":"","fileTypesAndContributionMap":{}},{"hash":"b6bbf7f08bf87d6c29537b1e84087ae5a36f0793","isMergeCommit":true,"messageTitle":"Merge pull request #178 from karthu0301/branch-update-dg-v1.5","messageBody":"Update DG","fileTypesAndContributionMap":{}},{"hash":"73fc4c4213ed31c010b301ada89d859382b5930e","isMergeCommit":true,"messageTitle":"Merge pull request #180 from NoahKoh/branch-Update-SequenceDiagram","messageBody":"Update sequence diagram","fileTypesAndContributionMap":{}},{"hash":"fe08b6e12f758172d3d386787a9636562e0fcc20","isMergeCommit":false,"messageTitle":"Edit key features and quick start","messageBody":"","fileTypesAndContributionMap":{"docs":{"insertions":7,"deletions":7}}},{"hash":"746488a630b5cd5d0f70ba43def87dbae1fc3199","isMergeCommit":false,"messageTitle":"Add more whitespace","messageBody":"","fileTypesAndContributionMap":{"docs":{"insertions":22,"deletions":3}}},{"hash":"d1ca4349fd0a02a0de920e8c2a2e1048624ea8ed","isMergeCommit":false,"messageTitle":"Change positive integer sentences","messageBody":"","fileTypesAndContributionMap":{"docs":{"insertions":5,"deletions":5}}},{"hash":"b5dda2dbbcc4d57cc13849c70cf14af63e809242","isMergeCommit":false,"messageTitle":"Fix long text issue","messageBody":"","fileTypesAndContributionMap":{"functional-code":{"insertions":9,"deletions":1}}},{"hash":"7bfc462c667cc25eb5d83faaa05ad37f7f4ffa4a","isMergeCommit":false,"messageTitle":"Fix suggestions on UG","messageBody":"","fileTypesAndContributionMap":{"docs":{"insertions":7,"deletions":7}}},{"hash":"7a46f47cf3550bc0878e452dfcd06c61d1557d5c","isMergeCommit":false,"messageTitle":"Add warnings","messageBody":"","fileTypesAndContributionMap":{"docs":{"insertions":13,"deletions":2}}},{"hash":"437e11397c26598e558a47b421d4eee137835b5a","isMergeCommit":false,"messageTitle":"Small edits to ordering","messageBody":"","fileTypesAndContributionMap":{"docs":{"insertions":6,"deletions":7}}},{"hash":"2d4c00ff0f81dbf505b069b58582f0198e0f1a7b","isMergeCommit":false,"messageTitle":"Minor Grammar fix","messageBody":"","fileTypesAndContributionMap":{"docs":{"insertions":1,"deletions":1}}},{"hash":"e157118923a8b77915959278a335da10aa759c6f","isMergeCommit":false,"messageTitle":"Minor pronoun fix","messageBody":"","fileTypesAndContributionMap":{"docs":{"insertions":2,"deletions":2}}},{"hash":"cfd74da40012c26de055e10614e037f9dbaeb209","isMergeCommit":false,"messageTitle":"Minor grammar fix","messageBody":"","fileTypesAndContributionMap":{"docs":{"insertions":1,"deletions":1}}},{"hash":"66f18dc5d68c710a47330b4d85acd0cd8ad9bfe7","isMergeCommit":true,"messageTitle":"Merge pull request #182 from NoahKoh/branch-Update-Sequence-Diagram","messageBody":"Update sequence diagram","fileTypesAndContributionMap":{}},{"hash":"9017365beaf612d46577fa1a9e07253753ad8c4c","isMergeCommit":true,"messageTitle":"Merge pull request #186 from NoahKoh/branch-Update-SampleData","messageBody":"Add some remarks to SampleData","fileTypesAndContributionMap":{}},{"hash":"50da36b4973036b079cf50a9794bcc3ae40a56ab","isMergeCommit":true,"messageTitle":"Merge pull request #187 from karthu0301/branch-update-ui-v1.5","messageBody":"Update UI settings","fileTypesAndContributionMap":{}},{"hash":"4bf40e9ed34b9f4e1d2cbb2a5350e31f6f90106a","isMergeCommit":true,"messageTitle":"Merge pull request #189 from karthu0301/branch-final-dg-changes-v1.5","messageBody":"Update DG with standardisations","fileTypesAndContributionMap":{}},{"hash":"346f4fd7260035466d2119465b88ab529f3f4811","isMergeCommit":false,"messageTitle":"Add warning to Edit","messageBody":"","fileTypesAndContributionMap":{"docs":{"insertions":8,"deletions":4}}}]},{"date":"2025-04-03","commitResults":[{"hash":"ccfa7e53fc0e9f5b5a097b9503cff26e498df6db","isMergeCommit":true,"messageTitle":"Merge pull request #193 from NoahKoh/branch-update-constraint-message","messageBody":"Slight update on meeting date constraint message","fileTypesAndContributionMap":{}},{"hash":"35c51cbbe310f9ac13d9b9c7e4eddd54aa7ebdfa","isMergeCommit":true,"messageTitle":"Merge pull request #195 from karthu0301/branch-final-update-dg-v1.5","messageBody":"Update website","fileTypesAndContributionMap":{}}]},{"date":"2025-04-04","commitResults":[{"hash":"7cc848642f816f163fca96cfe8f0fe05742a0064","isMergeCommit":true,"messageTitle":"Merge pull request #215 from NoahKoh/branch-Update-filepath","messageBody":"Update file path","fileTypesAndContributionMap":{}}]},{"date":"2025-04-05","commitResults":[{"hash":"c72c8b141100157bfeda7b2a8cc3a320c5e94304","isMergeCommit":true,"messageTitle":"Merge pull request #218 from amir-dha/branch-UG-hyperlinks","messageBody":"Update UG hyperlinks","fileTypesAndContributionMap":{}},{"hash":"3182fb596caa73318ffd7317ed44f58115fe5ed0","isMergeCommit":false,"messageTitle":"Allow more flexible resizing","messageBody":"","fileTypesAndContributionMap":{"functional-code":{"insertions":1,"deletions":1}}},{"hash":"786388e93fdf2958da3d9f5e8a88d81100e1b09a","isMergeCommit":false,"messageTitle":"Add Weight Limit","messageBody":"","fileTypesAndContributionMap":{"functional-code":{"insertions":4,"deletions":2}}},{"hash":"ae7e2bea376e8eab28b7de5d7fb3ae795d2a7f2b","isMergeCommit":false,"messageTitle":"Fix to 2 decimal places and allow 1000.00","messageBody":"","fileTypesAndContributionMap":{"functional-code":{"insertions":5,"deletions":4},"test-code":{"insertions":37,"deletions":31}}},{"hash":"2255ed3f9e2376bb02b1e95a0914e398b5808f96","isMergeCommit":false,"messageTitle":"Update UG regarding changes to weight","messageBody":"","fileTypesAndContributionMap":{"docs":{"insertions":21,"deletions":21}}},{"hash":"5cd692786f435b4716cdf63cb9698d8a5e73605b","isMergeCommit":false,"messageTitle":"Resolve merge conflict","messageBody":"","fileTypesAndContributionMap":{"docs":{"insertions":17,"deletions":17}}},{"hash":"2044a64251909d06d77bdb58974aafba77a331f6","isMergeCommit":false,"messageTitle":"Add kg and reformat table","messageBody":"","fileTypesAndContributionMap":{"docs":{"insertions":18,"deletions":18}}},{"hash":"a8f270ee45d7952579cfc7cc3897b2fd518db676","isMergeCommit":true,"messageTitle":"Resolve merge conflicts","messageBody":"","fileTypesAndContributionMap":{}},{"hash":"ad12f5ff3d49e0cc8a15987cd69a3354c6bf1ac5","isMergeCommit":false,"messageTitle":"Resolve small documentation bug on Find","messageBody":"","fileTypesAndContributionMap":{"docs":{"insertions":1,"deletions":1}}},{"hash":"c39219225aefdf07e986b6c836504f39cb869f46","isMergeCommit":false,"messageTitle":"Ensure consistent formatting for Find in UG","messageBody":"","fileTypesAndContributionMap":{"docs":{"insertions":3,"deletions":3}}},{"hash":"198521b95aa90f353a42733b51288082e918c5c7","isMergeCommit":false,"messageTitle":"Update example in Add command to 2 dp","messageBody":"","fileTypesAndContributionMap":{"functional-code":{"insertions":1,"deletions":1}}},{"hash":"d3efb6e8537397fa5998a79129c2de4dca047317","isMergeCommit":false,"messageTitle":"Fix outdated DG parts","messageBody":"","fileTypesAndContributionMap":{"docs":{"insertions":9,"deletions":9}}},{"hash":"277d1cb5b07e75dab47b8895596ffff909e3f57d","isMergeCommit":false,"messageTitle":"Fix outdated priority command","messageBody":"","fileTypesAndContributionMap":{"docs":{"insertions":18,"deletions":18}}},{"hash":"293d04695963abaaad7b0c20faee037555a3effc","isMergeCommit":false,"messageTitle":"Fix small bug on Remark","messageBody":"","fileTypesAndContributionMap":{"docs":{"insertions":4,"deletions":4}}},{"hash":"cd446a6fa4da022e0f28c0c85e09dcf58473f012","isMergeCommit":false,"messageTitle":"Fix outdated messages","messageBody":"","fileTypesAndContributionMap":{"functional-code":{"insertions":4,"deletions":3}}},{"hash":"c2fb7a04eac8884f850282f3514d1edeaeebd354","isMergeCommit":false,"messageTitle":"Fix outdated EditCommand error message","messageBody":"","fileTypesAndContributionMap":{"functional-code":{"insertions":1,"deletions":1},"docs":{"insertions":24,"deletions":24}}},{"hash":"2039a896f860fc5319c0a05511d13f4ce266fc64","isMergeCommit":false,"messageTitle":"Update Undo Redo error messages in DG","messageBody":"","fileTypesAndContributionMap":{"docs":{"insertions":2,"deletions":2}}},{"hash":"e88841398b3d46c02527345920cd334e086023dd","isMergeCommit":false,"messageTitle":"Fix more outdated p/ and remove CAP feature","messageBody":"","fileTypesAndContributionMap":{"docs":{"insertions":23,"deletions":24}}},{"hash":"a70405396590dab9601cad2fb0efe8197eadad6f","isMergeCommit":false,"messageTitle":"Fix outdated phone number","messageBody":"","fileTypesAndContributionMap":{"docs":{"insertions":1,"deletions":1}}}]},{"date":"2025-04-06","commitResults":[{"hash":"d997d319be91d4dcb45716d5ce89f606eaca0941","isMergeCommit":false,"messageTitle":"Fix outdated weight","messageBody":"","fileTypesAndContributionMap":{"docs":{"insertions":1,"deletions":1}}},{"hash":"8961cd1f4ad3c2a213db25bfefd089864e57a6ad","isMergeCommit":false,"messageTitle":"Fix some consistency","messageBody":"","fileTypesAndContributionMap":{"docs":{"insertions":27,"deletions":27}}},{"hash":"833d03c45b41dda16ae235fa4bcc498d43e6ff1e","isMergeCommit":false,"messageTitle":"Fix box label and update Undo Redo notes","messageBody":"","fileTypesAndContributionMap":{"docs":{"insertions":16,"deletions":12}}},{"hash":"95445fc5aff0adb7e149577d6270bf85ace90ebb","isMergeCommit":false,"messageTitle":"Fix outdated clear command","messageBody":"","fileTypesAndContributionMap":{"functional-code":{"insertions":4,"deletions":3}}},{"hash":"3dd7d61be26ee8a21a874f1b5ef8df7fda470c28","isMergeCommit":false,"messageTitle":"Fix clear command test","messageBody":"","fileTypesAndContributionMap":{"test-code":{"insertions":2,"deletions":2}}}]},{"date":"2025-04-07","commitResults":[{"hash":"2b6d5a775bf4162e4212b06b6bcf3054da97c9fa","isMergeCommit":false,"messageTitle":"Fix long indexes issue","messageBody":"","fileTypesAndContributionMap":{"functional-code":{"insertions":27,"deletions":3}}},{"hash":"b8a4b08b6f27e4d30409fba8a1efb3ed55bc46a7","isMergeCommit":false,"messageTitle":"Fix style issue","messageBody":"","fileTypesAndContributionMap":{"functional-code":{"insertions":2,"deletions":2}}},{"hash":"6f9a1de175102e92e7479a861514ec7350b99188","isMergeCommit":false,"messageTitle":"Update sample util","messageBody":"","fileTypesAndContributionMap":{"functional-code":{"insertions":6,"deletions":6}}}]}]},"authorFileTypeContributionMap":{"karthu0301":{"docs":875,"functional-code":422,"test-code":1242,"other":179},"NoahKoh":{"docs":118,"functional-code":376,"test-code":350,"other":2},"amir-dha":{"docs":539,"functional-code":443,"test-code":471},"JadeCheah":{"docs":123,"functional-code":908,"test-code":765},"zacklow28":{"docs":267,"functional-code":569,"test-code":569,"other":3}},"authorContributionVariance":{"karthu0301":68298.99,"NoahKoh":17589.943,"amir-dha":23954.47,"JadeCheah":50937.125,"zacklow28":21979.014},"authorDisplayNameMap":{"karthu0301":"CS2103T-F11-2 WARR..HIKA","NoahKoh":"CS2103T-F11-2 KOH ..HENG","amir-dha":"CS2103T-F11-2 RAVI..RDHA","JadeCheah":"CS2103T-F11-2 CHEA.. PEI","zacklow28":"CS2103T-F11-2 LOW .. YUN"}}
