{"authorDailyContributionsMap":{"cyrolite":[{"date":"2025-02-21T00:00:00","commitResults":[{"hash":"e6d5c9eebb7b993f37fccf3d6a6122c57d08d373","isMergeCommit":true,"messageTitle":"Merge pull request #1 from AY2425S2-CS2103T-F10-3/switch-docs-to-markbind","messageBody":"Switch docs to markbind","fileTypesAndContributionMap":{}},{"hash":"1780139952be45bcac8fe47a324779c9014e768e","isMergeCommit":false,"messageTitle":"Update index.md","messageBody":"","fileTypesAndContributionMap":{"docs":{"insertions":1,"deletions":1}}}]},{"date":"2025-03-05T00:00:00","commitResults":[{"hash":"1b9bb1f64e851caa135e16d3a7f37c7f711f5d1f","isMergeCommit":false,"messageTitle":"Update AboutUs.md","messageBody":"","fileTypesAndContributionMap":{"docs":{"insertions":5,"deletions":6}}},{"hash":"e1d8136b22aea7a9362980278489b06d914716d3","isMergeCommit":true,"messageTitle":"Merge pull request #20 from Melvan-Chan/branch-mel-aboutus","messageBody":"Update about us for melvan","fileTypesAndContributionMap":{}},{"hash":"d46213d1e32610a663fb037c946421059aab06b4","isMergeCommit":true,"messageTitle":"Merge pull request #21 from cyrolite/branch-nic-aboutus","messageBody":"Update AboutUs.md","fileTypesAndContributionMap":{}},{"hash":"7faf3c1da97e59c0c5ae44956a5179ae87dc6b6b","isMergeCommit":true,"messageTitle":"Merge branch \u0027master\u0027 into branch-pangyy-aboutus","messageBody":"","fileTypesAndContributionMap":{}},{"hash":"11b0cfc96697a7f376eaad2f7b7290e98117e828","isMergeCommit":true,"messageTitle":"Merge pull request #22 from pang-yy/branch-pangyy-aboutus","messageBody":"Update AboutUs for Yang Yi","fileTypesAndContributionMap":{}},{"hash":"8a1f80344ac07804dbdda47e9f4677ae5f0d5479","isMergeCommit":true,"messageTitle":"Merge pull request #29 from Melvan-Chan/master","messageBody":"Update GitHub Actions build status badge","fileTypesAndContributionMap":{}},{"hash":"5066ce82ca5eeb537f0dc7e13a8769d7ea074d81","isMergeCommit":true,"messageTitle":"Merge pull request #30 from cyrolite/branch-nic-readme","messageBody":"Update Ui.png","fileTypesAndContributionMap":{}},{"hash":"c273594773a6a16b3b03b003d1a3e2601df2a833","isMergeCommit":true,"messageTitle":"Merge pull request #31 from pang-yy/branch-pangyy-readme","messageBody":"Update all remaining contents of README","fileTypesAndContributionMap":{}},{"hash":"c78244d2fa0020420aba9f38624cf4aacc423bbc","isMergeCommit":true,"messageTitle":"Merge branch \u0027master\u0027 into branch-jake-readme","messageBody":"","fileTypesAndContributionMap":{}},{"hash":"f897e6086255e7f71e0ca70103095a183c7174af","isMergeCommit":true,"messageTitle":"Merge pull request #32 from iamanoob44/branch-jake-readme","messageBody":"Update README page by Jake\nThere is no newline added to the amended README.","fileTypesAndContributionMap":{}},{"hash":"f74e1422c38aa669cd03369d427d3475335a8371","isMergeCommit":false,"messageTitle":"Add new line to README","messageBody":"","fileTypesAndContributionMap":{"docs":{"insertions":1,"deletions":1}}},{"hash":"04c13cfa82d352d3fe6f4728bfdc1e3904107e64","isMergeCommit":true,"messageTitle":"Merge pull request #33 from cyrolite/master","messageBody":"Add new line to README","fileTypesAndContributionMap":{}},{"hash":"78df4eda8904c9f31d08013fa49a6d8f8b37e959","isMergeCommit":false,"messageTitle":"Edit target user profile, value proposition, and user stories","messageBody":"","fileTypesAndContributionMap":{"docs":{"insertions":7,"deletions":7}}},{"hash":"5bb821d32e4459b51653038673835a3b7681d9f9","isMergeCommit":true,"messageTitle":"Merge pull request #38 from pang-yy/branch-pangyy-DG","messageBody":"Update non-functional requirements in DeveloperGuide.md","fileTypesAndContributionMap":{}},{"hash":"939e3aefd8b3aea43f08e0a7e1c8b2f7d046eb84","isMergeCommit":false,"messageTitle":"Edit DeveloperGuide.md to include use cases","messageBody":"","fileTypesAndContributionMap":{"docs":{"insertions":34,"deletions":1}}},{"hash":"678e3e689ebbe9de128e618bb14ec45c3c31297f","isMergeCommit":true,"messageTitle":"Merge pull request #40 from cyrolite/branch-nic-usecases","messageBody":"Edit DeveloperGuide.md to include use cases","fileTypesAndContributionMap":{}},{"hash":"df3c337dcdbff5328797fb4a128e3547d64431ba","isMergeCommit":false,"messageTitle":"Update README.md","messageBody":"","fileTypesAndContributionMap":{"docs":{"insertions":1,"deletions":1}}},{"hash":"2d3a71590518130702cf9e49e4cce2987ea1d70a","isMergeCommit":true,"messageTitle":"Merge pull request #41 from cyrolite/branch-nic-updatereadme-1","messageBody":"Update README.md","fileTypesAndContributionMap":{}}]},{"date":"2025-03-06T00:00:00","commitResults":[{"hash":"7a8bb893b5fb71d02a82d3132a620f2a44930c7a","isMergeCommit":true,"messageTitle":"Merge pull request #44 from iamanoob44/branch-jake-updatedevguide","messageBody":"Refine existing MSS and add new MSS for edit","fileTypesAndContributionMap":{}},{"hash":"c29a9cac6f8049fa23f251ca3b9ce47f23d2438e","isMergeCommit":false,"messageTitle":"Update DeveloperGuide.md","messageBody":"","fileTypesAndContributionMap":{"docs":{"insertions":4,"deletions":1}}}]},{"date":"2025-03-10T00:00:00","commitResults":[{"hash":"58a3c1585e8950a8da2cd2a82abe4dff04eac8e6","isMergeCommit":false,"messageTitle":"Update UI","messageBody":"","fileTypesAndContributionMap":{"functional-code":{"insertions":35,"deletions":21}}},{"hash":"34a4fc391fb68a99b30d3744c8f6e3003e708d32","isMergeCommit":false,"messageTitle":"Update UI","messageBody":"","fileTypesAndContributionMap":{"functional-code":{"insertions":1,"deletions":1}}},{"hash":"f04236d58d1f207393b791b32b27463c0735c8db","isMergeCommit":true,"messageTitle":"Merge pull request #47 from cyrolite/branch-nic-updateui-1","messageBody":"Update UI","fileTypesAndContributionMap":{}},{"hash":"bdf185f4e2d44be2ab0f8858d3f57ada1acd21d6","isMergeCommit":false,"messageTitle":"Debug UI","messageBody":"","fileTypesAndContributionMap":{"functional-code":{"insertions":7,"deletions":0}}},{"hash":"a6e38fd653b9e98cad1644696b4c4dd52a6389f3","isMergeCommit":true,"messageTitle":"Merge pull request #48 from cyrolite/branch-nic-updateui-2","messageBody":"Debug UI","fileTypesAndContributionMap":{}},{"hash":"2e07ce743dae0c1005a866587ed50c8265f71bc7","isMergeCommit":false,"messageTitle":"Debug UI","messageBody":"","fileTypesAndContributionMap":{"functional-code":{"insertions":7,"deletions":0}}},{"hash":"6bdd31f18d1ef422bccf3191d259381f4896a225","isMergeCommit":true,"messageTitle":"Merge pull request #49 from cyrolite/branch-nic-updateui-3","messageBody":"Debug UI","fileTypesAndContributionMap":{}}]},{"date":"2025-03-13T00:00:00","commitResults":[{"hash":"b95562ca0d4123dd348251090067c1fee2728696","isMergeCommit":false,"messageTitle":"Improve the UI for the Help Window","messageBody":"","fileTypesAndContributionMap":{"functional-code":{"insertions":58,"deletions":42}}},{"hash":"a6da4b6198f0b80e7d5421029c5b0060232cfc02","isMergeCommit":false,"messageTitle":"Reformat HelpWindow.java","messageBody":"","fileTypesAndContributionMap":{"functional-code":{"insertions":9,"deletions":9}}},{"hash":"dadbc94fe72826e58160ff11a1ccb18e80cf41d6","isMergeCommit":false,"messageTitle":"Reformat HelpWindow.java","messageBody":"","fileTypesAndContributionMap":{"functional-code":{"insertions":2,"deletions":2}}},{"hash":"8f7512a8446cf069d7c4c9c4515130dd094f9577","isMergeCommit":false,"messageTitle":"Reorder imports","messageBody":"","fileTypesAndContributionMap":{"functional-code":{"insertions":3,"deletions":2}}},{"hash":"00fdbc8f2f544a52f7a9034778c228cc2532061e","isMergeCommit":false,"messageTitle":"Reformat HelpWindow.java","messageBody":"","fileTypesAndContributionMap":{"functional-code":{"insertions":1,"deletions":1}}},{"hash":"3c3a8875788ef2e2ffe1a6a721d1f5fef4f5fab9","isMergeCommit":false,"messageTitle":"Reformat HelpWindow.java","messageBody":"","fileTypesAndContributionMap":{"functional-code":{"insertions":0,"deletions":1}}},{"hash":"39b19f412bb508dfd63aca01725bb3db944fba27","isMergeCommit":false,"messageTitle":"Remove redundant methods","messageBody":"","fileTypesAndContributionMap":{"functional-code":{"insertions":2,"deletions":9}}},{"hash":"b853d144d9a998712304add335490f0a94a2b0ac","isMergeCommit":true,"messageTitle":"Merge pull request #64 from Melvan-Chan/branch-mel-search-contact","messageBody":"Improved search function.\nWill update more test cases.","fileTypesAndContributionMap":{}},{"hash":"d9d4187d82d51e2a03814db2959b0018d1650938","isMergeCommit":false,"messageTitle":"Update UserGuide.md","messageBody":"","fileTypesAndContributionMap":{"docs":{"insertions":3,"deletions":3}}},{"hash":"e4fb1622e60e6c86b152cb058cd884128097e67c","isMergeCommit":true,"messageTitle":"Merge pull request #69 from pang-yy/branch-pangyy-corruptInform","messageBody":"Inform user when corrupted data detected","fileTypesAndContributionMap":{}}]},{"date":"2025-03-15T00:00:00","commitResults":[{"hash":"e81e208630f59de35a6f57d931b6765f2ade856b","isMergeCommit":true,"messageTitle":"Merge pull request #76 from iamanoob44/branch-jake-incrementadd2","messageBody":"Fix bug for add feature.","fileTypesAndContributionMap":{}},{"hash":"19ce25503acbceb8bc0536c0ea025e6b1b88da89","isMergeCommit":false,"messageTitle":"Change Phone.java requirements","messageBody":"","fileTypesAndContributionMap":{"functional-code":{"insertions":2,"deletions":2}}},{"hash":"827051a2606c2752f1bfcc201ec977d219f1fff4","isMergeCommit":false,"messageTitle":"Update test cases","messageBody":"","fileTypesAndContributionMap":{"test-code":{"insertions":12,"deletions":12}}}]},{"date":"2025-03-18T00:00:00","commitResults":[{"hash":"bf1d5deaefd2b44fb8fce130a5e141c68d2a6bde","isMergeCommit":true,"messageTitle":"Merge pull request #81 from pang-yy/branch-pangyy-MainAppTestCase","messageBody":"Rewrite test cases for MainApp.java","fileTypesAndContributionMap":{}}]},{"date":"2025-03-20T00:00:00","commitResults":[{"hash":"e64010e783433caa1a4b1e4953dd066c5d0c2d16","isMergeCommit":true,"messageTitle":"Merge pull request #83 from pang-yy/branch-pangyy-backupData","messageBody":"Backup old data when corrupted data detected","tags":["v1.3"],"fileTypesAndContributionMap":{}}]},{"date":"2025-03-23T00:00:00","commitResults":[{"hash":"0a0f77414c410bfcc67f917fc2ea97370cc44c68","isMergeCommit":false,"messageTitle":"Update UserGuide.md","messageBody":"","fileTypesAndContributionMap":{"docs":{"insertions":26,"deletions":15}}}]},{"date":"2025-03-25T00:00:00","commitResults":[{"hash":"d81f42d5e9c02caa5aecc2d981675faa895b18ed","isMergeCommit":true,"messageTitle":"Merge pull request #91 from cyrolite/branch-nic-updateuserguide-3","messageBody":"Update UserGuide.md","fileTypesAndContributionMap":{}},{"hash":"7d042b332d933942f1dece2615ff71605607622d","isMergeCommit":true,"messageTitle":"Merge branch \u0027master\u0027 into branch-pangyy-userGuide","messageBody":"","fileTypesAndContributionMap":{}},{"hash":"0bcc8857d3c92735ad78a662cba469e23c2feeef","isMergeCommit":true,"messageTitle":"Merge pull request #99 from pang-yy/branch-pangyy-userGuide","messageBody":"Update userGuide.md for data file related section","fileTypesAndContributionMap":{}},{"hash":"ea12cbc987ca0e85df5f839f724dac52ad60b159","isMergeCommit":true,"messageTitle":"Merge pull request #95 from iamanoob44/branch-jake-updateuserguide1","messageBody":"Update User Guide (Jake\u0027s end)","fileTypesAndContributionMap":{}},{"hash":"eac687ab489afb37dd596136e3747d03c161b018","isMergeCommit":true,"messageTitle":"Merge pull request #101 from Melvan-Chan/branch-mel-assertion","messageBody":"Add assertion to FindCommandPaser and Search function","fileTypesAndContributionMap":{}},{"hash":"d7a4f41698c778f80912a1fb0fd7b7b72aed2ecf","isMergeCommit":false,"messageTitle":"Enable assertions in build.gradle","messageBody":"","fileTypesAndContributionMap":{"other":{"insertions":4,"deletions":0}}},{"hash":"453a1ed50f8ef87c40877acdfd3628b87e096c20","isMergeCommit":false,"messageTitle":"Add assert statements to HelpWindow.java","messageBody":"","fileTypesAndContributionMap":{"functional-code":{"insertions":7,"deletions":0}}},{"hash":"0dc458a8a69153beb553e927842a39ab1da2392c","isMergeCommit":true,"messageTitle":"Merge pull request #107 from pang-yy/branch-pangyy-assertionSavingData","messageBody":"Add assert for backupFile function in FileUtil.java","fileTypesAndContributionMap":{}}]},{"date":"2025-03-26T00:00:00","commitResults":[{"hash":"59ad3a2f0cb8a0d2662e399095275baf5b3408b7","isMergeCommit":false,"messageTitle":"Update naming conventions for find feature","messageBody":"","fileTypesAndContributionMap":{"functional-code":{"insertions":5,"deletions":5},"other":{"insertions":21,"deletions":18},"test-code":{"insertions":18,"deletions":18}}},{"hash":"c499b3861c5404496ec1dc0eea30bded97bd299c","isMergeCommit":false,"messageTitle":"Update HelpWindow.java","messageBody":"","fileTypesAndContributionMap":{"functional-code":{"insertions":8,"deletions":0}}},{"hash":"80d320ae3f84f017e8ebddf2695cd72490fdd65b","isMergeCommit":true,"messageTitle":"Merge pull request #93 from iamanoob44/branch-jake-incrementAdd3","messageBody":"Add new labels and also improve Ui design","fileTypesAndContributionMap":{}},{"hash":"501066c2ee0b148df079ef22ed7acba48546e5e7","isMergeCommit":true,"messageTitle":"Merge pull request #106 from iamanoob44/branch-jake-assertions1","messageBody":"Add assert statements for AddCommand","fileTypesAndContributionMap":{}},{"hash":"4696e1e8f95cae8e6baa4cc991f51b2224aed884","isMergeCommit":true,"messageTitle":"Merge pull request #111 from iamanoob44/branch-jake-updatedevguide1","messageBody":"Branch jake updatedevguide1","fileTypesAndContributionMap":{}},{"hash":"fc38fc37bd43f9492eed7edbef2604fcfe97160f","isMergeCommit":false,"messageTitle":"Update build.gradle to fix bugs","messageBody":"","fileTypesAndContributionMap":{"other":{"insertions":1,"deletions":1}}},{"hash":"23276e71cb32e954b0cf0d4f5988a117af75d275","isMergeCommit":true,"messageTitle":"Merge pull request #113 from iamanoob44/branch-jake-updatedevguide2","messageBody":"Include \"setup\" in UML diagram","fileTypesAndContributionMap":{}},{"hash":"aa944916b280a92b53c40bf1207bb8830d5a598f","isMergeCommit":true,"messageTitle":"Merge pull request #117 from pang-yy/branch-pangyy-UMLForBackup","messageBody":"Create new UML diagram for backup on corrupted data feature","fileTypesAndContributionMap":{}},{"hash":"f26a9640405de295b020f31e4624ea34caa3a1a3","isMergeCommit":true,"messageTitle":"Merge pull request #114 from iamanoob44/branch-jake-fixbug1","messageBody":"Fix bug for edit command","fileTypesAndContributionMap":{}},{"hash":"ccd65acdc79c349ed9d7f63476ba5eec2a622110","isMergeCommit":false,"messageTitle":"Update ModelClassDiagram.puml","messageBody":"","fileTypesAndContributionMap":{"docs":{"insertions":6,"deletions":4}}}]},{"date":"2025-03-27T00:00:00","commitResults":[{"hash":"d46835e345b9d64894853a14787799a9a3d8621f","isMergeCommit":true,"messageTitle":"Merge pull request #120 from iamanoob44/branch-jake-incrementDel1","messageBody":"Branch jake increment del1","fileTypesAndContributionMap":{}},{"hash":"eb724e04a9e34eb06cee7dcd165e7168553f07e2","isMergeCommit":true,"messageTitle":"Merge pull request #121 from pang-yy/branch-pangyy-updateUG","messageBody":"Replace person with student","fileTypesAndContributionMap":{}},{"hash":"cf0eaa622987f3977f2fe13f436993140dcc3b6b","isMergeCommit":true,"messageTitle":"Merge pull request #125 from Melvan-Chan/branch-mel-sort","messageBody":"Add sort functionality","fileTypesAndContributionMap":{}},{"hash":"bbf8c0f08f00b12547cb801e76b89e948f1f4dfb","isMergeCommit":false,"messageTitle":"Add Hide and Unhide Commands","messageBody":"","fileTypesAndContributionMap":{"functional-code":{"insertions":92,"deletions":1}}},{"hash":"74a978deba1ef08f71cc26c597f3857ee28f5e15","isMergeCommit":false,"messageTitle":"Update UI for Hide / Unhide command","messageBody":"","fileTypesAndContributionMap":{"functional-code":{"insertions":8,"deletions":1}}},{"hash":"237d5fd8ebbcc5ac1768819028f3477b433d5cfc","isMergeCommit":false,"messageTitle":"Add test cases for Hide / Unhide","messageBody":"","fileTypesAndContributionMap":{"test-code":{"insertions":84,"deletions":0}}},{"hash":"7af29a4def34b3c443f4dcf6e1d61138b399aae5","isMergeCommit":true,"messageTitle":"Merge pull request #128 from iamanoob44/branch-jake-incrementAdd4","messageBody":"Branch jake increment add4","fileTypesAndContributionMap":{}},{"hash":"c2207a253fcfd69ff88037d60207de7c59bd955f","isMergeCommit":true,"messageTitle":"Merge pull request #129 from iamanoob44/branch-updatedevguide3","messageBody":"Update UML diagrams","fileTypesAndContributionMap":{}},{"hash":"1ecdb2e10511015d337dd9eca19d05901034560e","isMergeCommit":true,"messageTitle":"Merge branch \u0027master\u0027 into branch-nic-hide-unhide-3","messageBody":"","fileTypesAndContributionMap":{}},{"hash":"5999acf09491b1e97632e483028b83f59e242b92","isMergeCommit":false,"messageTitle":"Update PersonCard.java","messageBody":"","fileTypesAndContributionMap":{"functional-code":{"insertions":2,"deletions":2}}},{"hash":"b7d9fb0859bd7b7ea10af215ff5af25ce8878f2e","isMergeCommit":true,"messageTitle":"Merge pull request #132 from iamanoob44/branch-jake-updateuserguide3","messageBody":"Update UserGuide.md and improve formatting","fileTypesAndContributionMap":{}},{"hash":"1cfa1558a511ff8fb3ab8061af8a675b5e1d6689","isMergeCommit":false,"messageTitle":"Update UserGuide.md","messageBody":"","fileTypesAndContributionMap":{"docs":{"insertions":38,"deletions":12}}},{"hash":"20ee78d64524cbda646d73eac22a77ee2e640e4c","isMergeCommit":false,"messageTitle":"Update HelpWindow.java","messageBody":"","fileTypesAndContributionMap":{"functional-code":{"insertions":4,"deletions":1}}},{"hash":"634d24e8e026609f6b6073e57dedca3d32d44610","isMergeCommit":false,"messageTitle":"Update UserGuide.md","messageBody":"","fileTypesAndContributionMap":{"docs":{"insertions":9,"deletions":6}}},{"hash":"b14a39a17517bb5af20c302338488a15256e439a","isMergeCommit":false,"messageTitle":"Update UserGuide.md","messageBody":"","fileTypesAndContributionMap":{"docs":{"insertions":8,"deletions":8}}},{"hash":"25915187019217ae51e85bcce38ffb72b004d988","isMergeCommit":true,"messageTitle":"Merge pull request #136 from pang-yy/branch-pangyy-deleteByTagYear","messageBody":"Delete students using tags","fileTypesAndContributionMap":{}}]},{"date":"2025-03-28T00:00:00","commitResults":[{"hash":"7499366c18bfa299ce8d8dc04cca8531d991dafd","isMergeCommit":true,"messageTitle":"Merge pull request #138 from pang-yy/branch-pangyy-deleteByTagYear","messageBody":"Add test cases for DeleteCommand.java","fileTypesAndContributionMap":{}}]},{"date":"2025-03-30T00:00:00","commitResults":[{"hash":"45867b4ad012fac1a94f1c5125a2f709ab52e557","isMergeCommit":true,"messageTitle":"Merge pull request #144 from iamanoob44/branch-incrementAdd5","messageBody":"Refine tag feature by including priority","fileTypesAndContributionMap":{}}]},{"date":"2025-03-31T00:00:00","commitResults":[{"hash":"ea99a4636ef7e3394c492c09055cccbabf8215f4","isMergeCommit":false,"messageTitle":"Update HelpWindow UI","messageBody":"","fileTypesAndContributionMap":{"functional-code":{"insertions":227,"deletions":67},"other":{"insertions":1,"deletions":1}}},{"hash":"d664396367e214e3ce7873e10cd300dbe9e85d1d","isMergeCommit":false,"messageTitle":"Update HelpWindow UI","messageBody":"","fileTypesAndContributionMap":{"functional-code":{"insertions":37,"deletions":11}}},{"hash":"3cb6cf76de2d055bbe926e774e32bd0472e37668","isMergeCommit":false,"messageTitle":"Update HelpWindow UI","messageBody":"","fileTypesAndContributionMap":{"functional-code":{"insertions":8,"deletions":8}}},{"hash":"41b2700f201785c5ccc66c10b7ec649b3688c4af","isMergeCommit":false,"messageTitle":"Update UserGuide.md for consistency","messageBody":"","fileTypesAndContributionMap":{"docs":{"insertions":14,"deletions":2}}},{"hash":"bc09fd9de42aeffb3820162e44bfbd58c470eb63","isMergeCommit":false,"messageTitle":"Update HelpWindow UI","messageBody":"","fileTypesAndContributionMap":{"functional-code":{"insertions":2,"deletions":0}}},{"hash":"ece79cb557ce8242f83a136696307ab266e92437","isMergeCommit":false,"messageTitle":"Add test cases for CommandItem.java","messageBody":"","fileTypesAndContributionMap":{"functional-code":{"insertions":20,"deletions":0},"test-code":{"insertions":102,"deletions":0}}},{"hash":"eca91ab8f16ca7bdc2ee3cdb6e60c7bbd80fd22d","isMergeCommit":false,"messageTitle":"Add assertions in HelpWindow.java","messageBody":"","fileTypesAndContributionMap":{"functional-code":{"insertions":10,"deletions":0}}}]},{"date":"2025-04-01T00:00:00","commitResults":[{"hash":"1dfd756fc440eaf6a120556fb194e86dad6c9193","isMergeCommit":true,"messageTitle":"Merge pull request #155 from Melvan-Chan/mel-branch-UG","messageBody":"Update UG for sort function","fileTypesAndContributionMap":{}}]},{"date":"2025-04-02T00:00:00","commitResults":[{"hash":"f7b1090d55e6183251d1929735231dfe3b86f6e9","isMergeCommit":true,"messageTitle":"Merge pull request #166 from iamanoob44/branch-jake-fixBug2","messageBody":"Fix buggy warning for confirm delete","fileTypesAndContributionMap":{}},{"hash":"8dbb571ebd29e6eb48e372eeaadc62a3b4c71a06","isMergeCommit":false,"messageTitle":"Update UserGuide.md","messageBody":"","fileTypesAndContributionMap":{"docs":{"insertions":56,"deletions":24}}},{"hash":"647f63da07f8ce80f369faa1bda12da337562228","isMergeCommit":true,"messageTitle":"Merge pull request #167 from iamanoob44/branch-jake-fixBug3","messageBody":"Refine and enhance find command","fileTypesAndContributionMap":{}},{"hash":"a14ba2521e4d09c643f2d07714e63199815e0345","isMergeCommit":false,"messageTitle":"Update UserGuide.md","messageBody":"","fileTypesAndContributionMap":{"docs":{"insertions":1,"deletions":0}}}]},{"date":"2025-04-03T00:00:00","commitResults":[{"hash":"f9a0c747bea9830267de6a24e7d8aaa5f9758fcd","isMergeCommit":false,"messageTitle":"Update DeveloperGuide.md","messageBody":"","fileTypesAndContributionMap":{"docs":{"insertions":59,"deletions":0}}},{"hash":"75c52ef236c48ecbe94700695bc3ad3a2744eaec","isMergeCommit":true,"messageTitle":"Merge pull request #175 from iamanoob44/branch-jake-fixbug4","messageBody":"Update DeveloperGuide.md","fileTypesAndContributionMap":{}},{"hash":"38dac30f4cc6d5d3e0c96ee99fb4fcedcb6b215d","isMergeCommit":true,"messageTitle":"Merge pull request #176 from iamanoob44/branch-jake-fixBug5","messageBody":"Update UserGuide.md","fileTypesAndContributionMap":{}},{"hash":"b68d2997a10a2a4f1ef0c935a28103e5d969809a","isMergeCommit":false,"messageTitle":"Update HelpWindow UI","messageBody":"","fileTypesAndContributionMap":{"functional-code":{"insertions":41,"deletions":34}}},{"hash":"7edbbf2f00b89ab337ddd8df1a3f8d6f115dd49e","isMergeCommit":true,"messageTitle":"Merge pull request #183 from Melvan-Chan/mel-branch-UG","messageBody":"Update UG table of content and certain inconsistency in description","fileTypesAndContributionMap":{}},{"hash":"5b5dea2db3399d593ccbcecfcdff3fad190d32f8","isMergeCommit":true,"messageTitle":"Merge pull request #179 from pang-yy/branch-pangyy-replaceTerminalScreenshot","messageBody":"Suggest changes for the Miscellaneous information part of the UserGuide","fileTypesAndContributionMap":{}},{"hash":"698f0fbdb7126977b34928a60b05545047c97959","isMergeCommit":true,"messageTitle":"Merge pull request #184 from Melvan-Chan/mel-branch-UG","messageBody":"Update UG with better example","fileTypesAndContributionMap":{}},{"hash":"1e20cefbf8a97feb1e1c3ba2595d9af0ffd187b8","isMergeCommit":false,"messageTitle":"Update DeveloperGuide.md","messageBody":"","fileTypesAndContributionMap":{"docs":{"insertions":2,"deletions":0}}},{"hash":"f8f5c186753757a1109621463074d1fe89a95b24","isMergeCommit":true,"messageTitle":"Merge pull request #185 from cyrolite/branch-nic-updatedevguide-2","messageBody":"Update DeveloperGuide.md to add TOC","fileTypesAndContributionMap":{}},{"hash":"5dfb47f22ca16bd57f1111d2568205cf96ba9334","isMergeCommit":false,"messageTitle":"Revert \"Update DeveloperGuide.md\"","messageBody":"","fileTypesAndContributionMap":{"docs":{"insertions":0,"deletions":2}}},{"hash":"e06281f58d6868a2c473763dcda6b22868a4f7e6","isMergeCommit":true,"messageTitle":"Merge pull request #186 from AY2425S2-CS2103T-F10-3/revert-185-branch-nic-updatedevguide-2","messageBody":"Revert \"Update DeveloperGuide.md\"","fileTypesAndContributionMap":{}},{"hash":"69c3cf90f8c2457fe7acdb93472817b11db893f5","isMergeCommit":false,"messageTitle":"Update DeveloperGuide.md","messageBody":"","fileTypesAndContributionMap":{"docs":{"insertions":129,"deletions":61}}},{"hash":"0f8a7c0b8165693a3b9939516d0dd8142cb77225","isMergeCommit":true,"messageTitle":"Merge pull request #188 from iamanoob44/branch-updateuserguide4","messageBody":"Partially update userguide","fileTypesAndContributionMap":{}},{"hash":"16229d907f514995bd22319ab568e903240e92f0","isMergeCommit":true,"messageTitle":"Merge pull request #190 from pang-yy/branch-pangyy-replaceTemporarySectionInDG","messageBody":"Update incomplete part in DG","fileTypesAndContributionMap":{}},{"hash":"8d54f4aa579e8d8a243030b56bc91f788bc2a055","isMergeCommit":true,"messageTitle":"Merge branch \u0027AY2425S2-CS2103T-F10-3:master\u0027 into master","messageBody":"","fileTypesAndContributionMap":{}},{"hash":"02d77b001d8a795d2e900e14b141a2ef76240c1d","isMergeCommit":true,"messageTitle":"Merge pull request #191 from iamanoob44/branch-jake-updateUserGuide5","messageBody":"Branch jake update user guide5","fileTypesAndContributionMap":{}},{"hash":"cff029d8305f7c13829e3b23906cfe9d2f4c2265","isMergeCommit":true,"messageTitle":"Merge pull request #192 from iamanoob44/branch-jake-updateUserGuide6","messageBody":"Refine formatting for UserGuide.md","fileTypesAndContributionMap":{}},{"hash":"dcd43eed012fbebaccdc9daf8613b2eda98d2baf","isMergeCommit":false,"messageTitle":"Update DeveloperGuide.md","messageBody":"","fileTypesAndContributionMap":{"docs":{"insertions":48,"deletions":14}}},{"hash":"93e0fa30031d0adc922165288e3746cb412155b6","isMergeCommit":false,"messageTitle":"Update default.md","messageBody":"","fileTypesAndContributionMap":{"docs":{"insertions":0,"deletions":40}}},{"hash":"b3ddbf1c7fe8816007b93efee8537bba68e65332","isMergeCommit":true,"messageTitle":"Merge pull request #193 from Melvan-Chan/master","messageBody":"Update icon and image size","fileTypesAndContributionMap":{}},{"hash":"eaf68cda3876113ac3d4b2d3e3edf94866d5659c","isMergeCommit":false,"messageTitle":"Restore default.md","messageBody":"","fileTypesAndContributionMap":{"docs":{"insertions":40,"deletions":0}}},{"hash":"c1f969405be7b16f840f224b3a4c2d23f18824c9","isMergeCommit":false,"messageTitle":"Update DeveloperGuide.md","messageBody":"","fileTypesAndContributionMap":{"docs":{"insertions":0,"deletions":1}}},{"hash":"c2f538a05029314539b04d7cd89a13b073f8f367","isMergeCommit":true,"messageTitle":"Merge pull request #197 from iamanoob44/branch-jake-updateuserguide8","messageBody":"Refine formatting and elaboration for UserGuide.md","fileTypesAndContributionMap":{}},{"hash":"93d5c822537afa411f8d74e49a77f9d091e41b26","isMergeCommit":true,"messageTitle":"Merge pull request #198 from pang-yy/branch-pangyy-replaceTemporarySectionInDG","messageBody":"Update Instructions for Manual Testing section in DG","fileTypesAndContributionMap":{}}]},{"date":"2025-04-04T00:00:00","commitResults":[{"hash":"dabbb5a415feec797dcdc51fe5f5badd62cb5c8d","isMergeCommit":true,"messageTitle":"Merge pull request #199 from pang-yy/branch-pangyy-emergerncyDGSubheadingFix","messageBody":"Remove incomplete subheading","fileTypesAndContributionMap":{}}]},{"date":"2025-04-05T00:00:00","commitResults":[{"hash":"40227f3cccc59c08f2740371220b9f7054b6330d","isMergeCommit":false,"messageTitle":"Update HelpWindow.java","messageBody":"","fileTypesAndContributionMap":{"functional-code":{"insertions":1,"deletions":1}}},{"hash":"d8cecd16d153907b1e38b13a87c4e986c2b25341","isMergeCommit":false,"messageTitle":"Update Phone Number Length","messageBody":"","fileTypesAndContributionMap":{"functional-code":{"insertions":2,"deletions":2},"test-code":{"insertions":7,"deletions":3}}},{"hash":"018f60a7f13adfc889828c1dc6bf5889a3ee1cb7","isMergeCommit":false,"messageTitle":"Update Email.java","messageBody":"","fileTypesAndContributionMap":{"functional-code":{"insertions":3,"deletions":2}}},{"hash":"523d08561e6d5cf6af9df8b9b8dc1e4a12354c3d","isMergeCommit":false,"messageTitle":"Update EmailTest.java","messageBody":"","fileTypesAndContributionMap":{"test-code":{"insertions":2,"deletions":0}}},{"hash":"bcb425e6778f31acbbaaf885bd2ae53732f3d4f4","isMergeCommit":true,"messageTitle":"Merge pull request #249 from iamanoob44/branch-jake-v1.6fixUG1","messageBody":"Fix some buggy documentation based on tester A","fileTypesAndContributionMap":{}},{"hash":"af5a72efea732b8ef7aea423c0a00eeb6475f16e","isMergeCommit":false,"messageTitle":"Update default.md","messageBody":"","fileTypesAndContributionMap":{"docs":{"insertions":0,"deletions":28}}},{"hash":"24af963abda704241994ab779fe6db79d3d92001","isMergeCommit":true,"messageTitle":"Merge pull request #252 from cyrolite/branch-nic-updatewebsite-1","messageBody":"Update default.md","fileTypesAndContributionMap":{}},{"hash":"d9d9335e073ebcfeb91f3fc003225312ce376ea9","isMergeCommit":false,"messageTitle":"Update Name.java","messageBody":"","fileTypesAndContributionMap":{"functional-code":{"insertions":1,"deletions":1}}},{"hash":"e90163383929b2e97775248b103cf1e0aceff2cc","isMergeCommit":false,"messageTitle":"Update Person Card UI","messageBody":"","fileTypesAndContributionMap":{"functional-code":{"insertions":1,"deletions":1}}},{"hash":"686f1692a85937ac13a03ea391934513f649d011","isMergeCommit":false,"messageTitle":"Update NameTest.java","messageBody":"","fileTypesAndContributionMap":{"test-code":{"insertions":6,"deletions":0}}},{"hash":"9c04eac7ca300422af9266f02604a8f333fe65d1","isMergeCommit":true,"messageTitle":"Merge pull request #254 from iamanoob44/branch-jake-v1.6fixbug1","messageBody":"Branch jake v1.6fixbug1","fileTypesAndContributionMap":{}},{"hash":"c3f7bcf2a108ab3ec7924dbabdbf122ec0d58ca2","isMergeCommit":false,"messageTitle":"Update UserGuide.md","messageBody":"","fileTypesAndContributionMap":{"docs":{"insertions":21,"deletions":14}}},{"hash":"9dd11b7bdc86a123eab0aecc7309424dc2f1e7eb","isMergeCommit":false,"messageTitle":"Update DeveloperGuide.md","messageBody":"","fileTypesAndContributionMap":{"docs":{"insertions":41,"deletions":5}}},{"hash":"933cd408a70e61fda1bc6e9f5eae50be4af86ee4","isMergeCommit":false,"messageTitle":"Update DeveloperGuide.md","messageBody":"","fileTypesAndContributionMap":{"docs":{"insertions":3,"deletions":2}}},{"hash":"c60a2d708e9508f354b007882415fa83f5df2585","isMergeCommit":false,"messageTitle":"Update DeveloperGuide.md","messageBody":"","fileTypesAndContributionMap":{"docs":{"insertions":1,"deletions":1}}},{"hash":"eb357c08ad07524e4087ef43b41af29065c875e8","isMergeCommit":true,"messageTitle":"Merge pull request #256 from cyrolite/branch-nic-updatedeveloperguide-1","messageBody":"Update DeveloperGuide.md","fileTypesAndContributionMap":{}},{"hash":"05313dfb015b809c2d9a26a0f705c74300601bdf","isMergeCommit":true,"messageTitle":"Merge pull request #257 from iamanoob44/branch-jake-v1.6fixBug2","messageBody":"Fix buggy warnings","fileTypesAndContributionMap":{}},{"hash":"d2e0f94f893dc81a316d581208a3d194d988d7fb","isMergeCommit":false,"messageTitle":"Update Person and PersonTest.java","messageBody":"","fileTypesAndContributionMap":{"functional-code":{"insertions":2,"deletions":1},"test-code":{"insertions":6,"deletions":6}}},{"hash":"9acad6eca69cc88b1ee3d0e7941552d1835f475a","isMergeCommit":true,"messageTitle":"Merge pull request #259 from iamanoob44/branch-jake-v1.6fixbug3","messageBody":"Fix bugs for delete command","fileTypesAndContributionMap":{}}]}],"Melvan-Chan":[{"date":"2025-03-05T00:00:00","commitResults":[{"hash":"b23b8a41c6b80ec4bd27ad6ceb7ec43f42c5f811","isMergeCommit":false,"messageTitle":"Update about us for melvan","messageBody":"","fileTypesAndContributionMap":{"docs":{"insertions":3,"deletions":3}}},{"hash":"ec8dd3b9156e80dca17ef50e6b1b069f9ec47bd0","isMergeCommit":true,"messageTitle":"Merge branch \u0027master\u0027 into branch-jake-aboutus","messageBody":"","fileTypesAndContributionMap":{}},{"hash":"7b49f3559984b9e4cf0a582a34e460d755dcb42b","isMergeCommit":true,"messageTitle":"Merge pull request #24 from iamanoob44/branch-jake-aboutus","messageBody":"Update aboutus page for Jake","fileTypesAndContributionMap":{}},{"hash":"01127f61eb19b0d7e6b67e3ec5414c1317ea8b2d","isMergeCommit":false,"messageTitle":"Update GitHub Actions build status badge","messageBody":"","fileTypesAndContributionMap":{"docs":{"insertions":1,"deletions":1}}}]},{"date":"2025-03-13T00:00:00","commitResults":[{"hash":"9131939cca40017e3e9aef230d29f2de5326313c","isMergeCommit":false,"messageTitle":"Update search function","messageBody":"","fileTypesAndContributionMap":{"functional-code":{"insertions":5,"deletions":2}}},{"hash":"19c5205e09a7f04e06bb437c91b9a3d77c1183df","isMergeCommit":false,"messageTitle":"Update checkstyle of search function","messageBody":"","fileTypesAndContributionMap":{"functional-code":{"insertions":3,"deletions":3}}},{"hash":"fb426b073625f199b90cfd21bdd0a5f97a1b13fe","isMergeCommit":false,"messageTitle":"Update test case","messageBody":"","fileTypesAndContributionMap":{"test-code":{"insertions":1,"deletions":1}}},{"hash":"f42d5d4195a3af9c62ab52672fdafcbf60d1b2eb","isMergeCommit":true,"messageTitle":"Merge pull request #65 from cyrolite/branch-nic-updatehelpwindow-1","messageBody":"Improve the UI for the Help Window","fileTypesAndContributionMap":{}}]},{"date":"2025-03-19T00:00:00","commitResults":[{"hash":"fbe2ec0c1ef953fc38cdc1332dbd43ad90936bb9","isMergeCommit":false,"messageTitle":"Update search function to search by tags","messageBody":"","fileTypesAndContributionMap":{"functional-code":{"insertions":2,"deletions":0}}}]},{"date":"2025-03-25T00:00:00","commitResults":[{"hash":"2e7e0f52b7edfe9be0d683c06ed849f0307ab13c","isMergeCommit":false,"messageTitle":"Add assertion to FindCommandPaser and Search function","messageBody":"","fileTypesAndContributionMap":{"functional-code":{"insertions":5,"deletions":0}}}]},{"date":"2025-03-27T00:00:00","commitResults":[{"hash":"c41c0412dff40efe7227f4aaad91ede784c378e8","isMergeCommit":false,"messageTitle":"Add sort functionality","messageBody":"","fileTypesAndContributionMap":{"functional-code":{"insertions":135,"deletions":2},"test-code":{"insertions":6,"deletions":0}}},{"hash":"da7fd5afcce3b74903338fad024fbcacfca66b81","isMergeCommit":false,"messageTitle":"Update puml file","messageBody":"","fileTypesAndContributionMap":{"docs":{"insertions":14,"deletions":8}}},{"hash":"b0874d443ba7fc459fc4bb88899dcf4286a1a1fb","isMergeCommit":false,"messageTitle":"Fix checkstyle error","messageBody":"","fileTypesAndContributionMap":{"functional-code":{"insertions":2,"deletions":2}}}]},{"date":"2025-04-01T00:00:00","commitResults":[{"hash":"57a83a115d8f000aae2ff28a61ec2bd403ad77d7","isMergeCommit":false,"messageTitle":"Update UG for sort function","messageBody":"","fileTypesAndContributionMap":{"docs":{"insertions":39,"deletions":12}}},{"hash":"1ab0236a3357c1c1dd0576173617ecfb0105dd7a","isMergeCommit":false,"messageTitle":"Fix quick links","messageBody":"","fileTypesAndContributionMap":{"docs":{"insertions":1,"deletions":1}}},{"hash":"1b816d672c1abd417e9942c6127814067d59d5d2","isMergeCommit":false,"messageTitle":"Update developers guide for sort feature and fix find feature","messageBody":"","fileTypesAndContributionMap":{"docs":{"insertions":27,"deletions":1}}},{"hash":"4886ddc81c1bbcad32ccf5c260d2b0a89186013c","isMergeCommit":false,"messageTitle":"Update UG for command summary","messageBody":"","fileTypesAndContributionMap":{"docs":{"insertions":12,"deletions":11}}},{"hash":"16c0bfae92f21b985636c5148ef7a3eb22ad1877","isMergeCommit":false,"messageTitle":"Grammar error","messageBody":"","fileTypesAndContributionMap":{"functional-code":{"insertions":1,"deletions":1}}},{"hash":"8198512962968196dea551f8a25107e9f59f4803","isMergeCommit":true,"messageTitle":"Merge pull request #160 from Melvan-Chan/mel-branch-UG","messageBody":"Update developers guide for sort feature and fix find feature","fileTypesAndContributionMap":{}}]},{"date":"2025-04-03T00:00:00","commitResults":[{"hash":"b4235a3435a6d9a8ce5fe054ce6a8e12d469c5eb","isMergeCommit":false,"messageTitle":"Update UG table of content and certain inconsistency in description","messageBody":"","fileTypesAndContributionMap":{"docs":{"insertions":42,"deletions":54}}},{"hash":"2274f5259f6678877f8d365eeffa86dd86b5fc4b","isMergeCommit":false,"messageTitle":"Update UG with better example","messageBody":"","fileTypesAndContributionMap":{"docs":{"insertions":7,"deletions":3}}},{"hash":"97920357e77525c83ed96b4bd09a6dcefdd163f0","isMergeCommit":false,"messageTitle":"Update icon and image size","messageBody":"","fileTypesAndContributionMap":{"docs":{"insertions":6,"deletions":6}}}]}],"pang-yy":[{"date":"2025-02-21T00:00:00","commitResults":[{"hash":"baf7786b6eeada00b37e58c28f316c43409d1cbc","isMergeCommit":false,"messageTitle":"Update default.md","messageBody":"","fileTypesAndContributionMap":{"docs":{"insertions":1,"deletions":1}}},{"hash":"e161b973f6605bf2aacf07251a0339f214d83dfd","isMergeCommit":false,"messageTitle":"Update default.md","messageBody":"","fileTypesAndContributionMap":{"docs":{"insertions":1,"deletions":1}}},{"hash":"d6b883d2c4bdf6a51a633353e1277a0b495717eb","isMergeCommit":false,"messageTitle":"Update UserGuide.md","messageBody":"","fileTypesAndContributionMap":{"docs":{"insertions":2,"deletions":2}}}]},{"date":"2025-03-05T00:00:00","commitResults":[{"hash":"73e64818f9113f05cc929a23a4f758c78def2602","isMergeCommit":false,"messageTitle":"Update AboutUs for Yang Yi","messageBody":"","fileTypesAndContributionMap":{"docs":{"insertions":6,"deletions":6}}},{"hash":"72bfc73d2ade491f560251cfa374a490a12a978d","isMergeCommit":false,"messageTitle":"Upddate email in AboutUs","messageBody":"","fileTypesAndContributionMap":{"docs":{"insertions":1,"deletions":1}}},{"hash":"7a8183dd04523c7be69a1d586b6f8eed9d14e8f1","isMergeCommit":false,"messageTitle":"Update all remaining contents of README","messageBody":"","fileTypesAndContributionMap":{"docs":{"insertions":4,"deletions":4}}},{"hash":"989f2617c8750f510ffe6490af93719708439db6","isMergeCommit":false,"messageTitle":"Update non-functional requirements in DeveloperGuide.md","messageBody":"","fileTypesAndContributionMap":{"docs":{"insertions":6,"deletions":2}}},{"hash":"1e1d38d179f50575e06756fc57349c74e4823b59","isMergeCommit":true,"messageTitle":"Merge pull request #39 from cyrolite/branch-nic-userstories","messageBody":"Edit target user profile, value proposition, and user stories","fileTypesAndContributionMap":{}}]},{"date":"2025-03-06T00:00:00","commitResults":[{"hash":"e6b54d05683c50f21365af45517351113a8e70e3","isMergeCommit":false,"messageTitle":"Remove John Doe from AboutUs.md","messageBody":"","fileTypesAndContributionMap":{"docs":{"insertions":0,"deletions":11}}},{"hash":"0dfe7689db6eb08dbc37ecb53179cdd330a3fc03","isMergeCommit":true,"messageTitle":"Merge pull request #42 from pang-yy/branch-pangyy-updateAboutUs","messageBody":"Remove John Doe from AboutUs.md","fileTypesAndContributionMap":{}}]},{"date":"2025-03-13T00:00:00","commitResults":[{"hash":"3d3b56eef75cbd0a2d204d90bd177062f57d8745","isMergeCommit":true,"messageTitle":"Merge pull request #58 from iamanoob44/branch-jake-incrementAdd1","messageBody":"Improve Add functionality by increment again","fileTypesAndContributionMap":{}},{"hash":"be6b04fdd03ce8d5f9e0ba5d92f2d4ba3552532d","isMergeCommit":false,"messageTitle":"Inform user when corrupted data detected","messageBody":"","fileTypesAndContributionMap":{"functional-code":{"insertions":49,"deletions":2}}},{"hash":"e07a4a517c3dcc4d6a57fe5eca9004e1ab3c6641","isMergeCommit":false,"messageTitle":"Fix checkstyle","messageBody":"","fileTypesAndContributionMap":{"functional-code":{"insertions":7,"deletions":4}}},{"hash":"f91e9dbca13637c4235c328c2205ec3d6d05aceb","isMergeCommit":false,"messageTitle":"Add isInitialDataFileLoadingError method in model stub for AddCommandTest","messageBody":"","fileTypesAndContributionMap":{"test-code":{"insertions":5,"deletions":0}}},{"hash":"628c8c039343275660e048aaf5204b8d65bd6342","isMergeCommit":false,"messageTitle":"Add default test case for isInitialDataFileLoadingError method","messageBody":"","fileTypesAndContributionMap":{"test-code":{"insertions":5,"deletions":0}}},{"hash":"d13cbcd65059f064d16693d21e6c63dd4d88b8c8","isMergeCommit":false,"messageTitle":"Combine ModelManager constructors","messageBody":"","fileTypesAndContributionMap":{"functional-code":{"insertions":6,"deletions":12}}},{"hash":"5f42d05d0b0505bc00b06590dfce6f3fb01f7ae2","isMergeCommit":false,"messageTitle":"Fix checkstyle in ModelManager","messageBody":"","fileTypesAndContributionMap":{"functional-code":{"insertions":1,"deletions":5}}},{"hash":"e37906af9662369d9cac09498276df533aa81407","isMergeCommit":false,"messageTitle":"Add default test case for hasInitialError method in LogicManager","messageBody":"","fileTypesAndContributionMap":{"test-code":{"insertions":5,"deletions":0}}},{"hash":"6c3597f0e8182ebb26527b7e0426212d810a2c6f","isMergeCommit":false,"messageTitle":"Fix checkstyle in LogicManagerTest","messageBody":"","fileTypesAndContributionMap":{"test-code":{"insertions":1,"deletions":1}}},{"hash":"d2fd9fcd84c06fc6d981e829128986f7bc1cb734","isMergeCommit":false,"messageTitle":"Add test case for MainApp","messageBody":"","fileTypesAndContributionMap":{"functional-code":{"insertions":3,"deletions":3},"test-code":{"insertions":50,"deletions":0}}},{"hash":"dfbc56a7d56f7a84d14dd6e58d95d4212397fd45","isMergeCommit":true,"messageTitle":"Merge pull request #71 from cyrolite/branch-nic-updateuserguide-1","messageBody":"Update UserGuide.md","fileTypesAndContributionMap":{}}]},{"date":"2025-03-17T00:00:00","commitResults":[{"hash":"3692a150617e45a6bf685779322389d29197b595","isMergeCommit":false,"messageTitle":"Rewrite test cases for MainApp.java","messageBody":"","fileTypesAndContributionMap":{"test-code":{"insertions":94,"deletions":16}}},{"hash":"0f596718d89e71066cf99d2fdf2b4526ba1e97e8","isMergeCommit":false,"messageTitle":"Update comment in MainAppTest.java","messageBody":"","fileTypesAndContributionMap":{"test-code":{"insertions":1,"deletions":1}}},{"hash":"4e6d0401c55328c27183d558ac1c6f606351112c","isMergeCommit":false,"messageTitle":"Update comment in MainAppTest.java to match checkstyle","messageBody":"","fileTypesAndContributionMap":{"test-code":{"insertions":8,"deletions":4}}}]},{"date":"2025-03-20T00:00:00","commitResults":[{"hash":"91c38ccda408d6f74979160875723f416e6f1e52","isMergeCommit":false,"messageTitle":"Backup old data when corrupted data detected","messageBody":"","fileTypesAndContributionMap":{"functional-code":{"insertions":57,"deletions":0}}},{"hash":"516db505427f1ed9f87c94b83dd5d4d5452b743f","isMergeCommit":false,"messageTitle":"Add test cases for FileUtil.java","messageBody":"","fileTypesAndContributionMap":{"functional-code":{"insertions":3,"deletions":3},"test-code":{"insertions":44,"deletions":0}}},{"hash":"d450973d38dd02dec1af829336524f0b0376a4e9","isMergeCommit":false,"messageTitle":"Add test case for backupFile in FileUtil.java","messageBody":"","fileTypesAndContributionMap":{"test-code":{"insertions":24,"deletions":0}}}]},{"date":"2025-03-25T00:00:00","commitResults":[{"hash":"4fa58052af32c4469c4743861e322b05f80aa714","isMergeCommit":false,"messageTitle":"Update userGuide.md for data file related section","messageBody":"","fileTypesAndContributionMap":{"docs":{"insertions":14,"deletions":7}}},{"hash":"70366f700e77875d4b31fff9b61f1e2ecbd19d85","isMergeCommit":false,"messageTitle":"Update index.md to CollabSync","messageBody":"","fileTypesAndContributionMap":{"docs":{"insertions":6,"deletions":5}}},{"hash":"d75b50b2e0c00e6b68b7e84274f53943fdf82d45","isMergeCommit":false,"messageTitle":"Add assert for backupFile function in FileUtil.java","messageBody":"","fileTypesAndContributionMap":{"functional-code":{"insertions":5,"deletions":0}}}]},{"date":"2025-03-26T00:00:00","commitResults":[{"hash":"241ecd05754b8e69e20ba41eb18114019d0c0d72","isMergeCommit":true,"messageTitle":"Merge pull request #100 from pang-yy/branch-pangyy-indexMD","messageBody":"Update index.md to CollabSync","fileTypesAndContributionMap":{}},{"hash":"93895d8221a7eb3b3b2d6ccec33a470b6ff2eaf0","isMergeCommit":true,"messageTitle":"Merge pull request #112 from cyrolite/branch-nic-fixbugs-1","messageBody":"Update build.gradle to fix bugs","fileTypesAndContributionMap":{}},{"hash":"76bcb92bfeff3d04f4bc154f3e84158c0a317ce2","isMergeCommit":false,"messageTitle":"Create sequence diagram for backup on corrupt","messageBody":"","fileTypesAndContributionMap":{"docs":{"insertions":42,"deletions":0}}},{"hash":"87c5256bb74ee227fd220b6deec8656df90521b4","isMergeCommit":false,"messageTitle":"Add return arrow in sequence diagram","messageBody":"","fileTypesAndContributionMap":{"docs":{"insertions":2,"deletions":1}}},{"hash":"a69b7225011f78a2f7f480beb0cbb76659702a45","isMergeCommit":true,"messageTitle":"Merge branch \u0027master\u0027 into branch-pangyy-UMLForBackup","messageBody":"","fileTypesAndContributionMap":{}},{"hash":"21dac41ec0e425b3f093a1b30464404e290fab88","isMergeCommit":false,"messageTitle":"Create new UML diagram for backup on corrupted data feature","messageBody":"","fileTypesAndContributionMap":{"docs":{"insertions":13,"deletions":6}}},{"hash":"fce74a32acd13346ef8cf300f58ec66fbc00b1ed","isMergeCommit":false,"messageTitle":"Fix checktyle-0","messageBody":"","fileTypesAndContributionMap":{"docs":{"insertions":4,"deletions":5}}}]},{"date":"2025-03-27T00:00:00","commitResults":[{"hash":"e013ccbf18652c542989f6fab219cbf227b81298","isMergeCommit":false,"messageTitle":"Replace person with student","messageBody":"","fileTypesAndContributionMap":{"docs":{"insertions":21,"deletions":21}}},{"hash":"9ed6c87811a234ef33570be9272467ba599a87ac","isMergeCommit":false,"messageTitle":"Delete students using tags","messageBody":"","fileTypesAndContributionMap":{"functional-code":{"insertions":105,"deletions":12}}},{"hash":"873f840e3c4a3b731d581d023cdf07dad2a991f1","isMergeCommit":true,"messageTitle":"Merge branch \u0027master\u0027 into branch-pangyy-deleteByTagYear","messageBody":"","fileTypesAndContributionMap":{}},{"hash":"6c333b1f6b4a33549d4161e192108752dcca5947","isMergeCommit":false,"messageTitle":"Fix existing test cases relateed to delete command","messageBody":"","fileTypesAndContributionMap":{"functional-code":{"insertions":22,"deletions":23}}},{"hash":"6b805d434270b51708cb7385723d3fa3f8f13c31","isMergeCommit":false,"messageTitle":"Add test case for Person.java","messageBody":"","fileTypesAndContributionMap":{"test-code":{"insertions":29,"deletions":0}}},{"hash":"ff341658a7b3dc9fe82d8c5dc44725b406971ced","isMergeCommit":false,"messageTitle":"Fix delete with tag not working","messageBody":"","fileTypesAndContributionMap":{"functional-code":{"insertions":22,"deletions":7}}}]},{"date":"2025-03-28T00:00:00","commitResults":[{"hash":"f99446a53abce280f043bbcf4189df54b0e6286d","isMergeCommit":false,"messageTitle":"Add test cases for DeleteCommand.java","messageBody":"","fileTypesAndContributionMap":{"functional-code":{"insertions":2,"deletions":1},"test-code":{"insertions":46,"deletions":0}}}]},{"date":"2025-03-30T00:00:00","commitResults":[{"hash":"c7eaf388bfa95cdb0670ee2b9ae29dcd6398cc8a","isMergeCommit":false,"messageTitle":"Update UML diagram for backup on corrupt","messageBody":"","fileTypesAndContributionMap":{"docs":{"insertions":14,"deletions":5}}},{"hash":"d45a5961c2e644e59607813b011393ce09a3cfb4","isMergeCommit":true,"messageTitle":"Merge branch \u0027master\u0027 into branch-pangyy-fixUMLAndDG","messageBody":"","fileTypesAndContributionMap":{}},{"hash":"35ae09996aa74fee22e6e81db81903ce63032cb7","isMergeCommit":false,"messageTitle":"Update DeveloperGuide.md to include explanation","messageBody":"","fileTypesAndContributionMap":{"docs":{"insertions":16,"deletions":1}}},{"hash":"32af9bc180ae9a0cb604f7430ebd531ae5949faa","isMergeCommit":false,"messageTitle":"Fix checkstyle","messageBody":"","fileTypesAndContributionMap":{"docs":{"insertions":3,"deletions":3}}}]},{"date":"2025-04-03T00:00:00","commitResults":[{"hash":"645ee155353b1b88cc4c3b98d9ecf148f7c85ecb","isMergeCommit":false,"messageTitle":"Remove proposed section in DeveloperGuide.md","messageBody":"","fileTypesAndContributionMap":{"docs":{"insertions":0,"deletions":95}}},{"hash":"03d2ce4dcb06883bc0dbeb01e30da7f78727a170","isMergeCommit":false,"messageTitle":"Fix incorrect YAML front matter in UserGuide.md","messageBody":"","fileTypesAndContributionMap":{"docs":{"insertions":3,"deletions":3}}},{"hash":"d5b96145e34d615ca4b89ceb35ca0270d834444d","isMergeCommit":false,"messageTitle":"Suggest changes for the Miscellaneous information part of the UserGuide","messageBody":"","fileTypesAndContributionMap":{"docs":{"insertions":16,"deletions":10}}},{"hash":"5890246edfa0811ed46ef98aaf6df4dd9a1ed0b7","isMergeCommit":false,"messageTitle":"Add highlighting in code block","messageBody":"","fileTypesAndContributionMap":{"docs":{"insertions":2,"deletions":2}}},{"hash":"061f761782f6d01eccc9d0e3cc0c86b7b311a21b","isMergeCommit":false,"messageTitle":"Update acknowledgements section in DG","messageBody":"","fileTypesAndContributionMap":{"docs":{"insertions":3,"deletions":1}}},{"hash":"12fef21840b3580764a9f9783bca09a4b93940fa","isMergeCommit":false,"messageTitle":"Update user stories in DG","messageBody":"","fileTypesAndContributionMap":{"docs":{"insertions":18,"deletions":14}}},{"hash":"4cd14372f94a9b9bb93763a293378df6c683ab15","isMergeCommit":false,"messageTitle":"Update link in layout","messageBody":"","fileTypesAndContributionMap":{"docs":{"insertions":1,"deletions":1}}},{"hash":"82963e8e4d38852645a475ca5356d6bc96cb286a","isMergeCommit":true,"messageTitle":"Merge pull request #187 from cyrolite/master","messageBody":"Update DeveloperGuide.md","fileTypesAndContributionMap":{}},{"hash":"c2bc145f1b268dbbb8e3947ccc652bb889fec22a","isMergeCommit":false,"messageTitle":"Remove sudden line break in markdown file","messageBody":"","fileTypesAndContributionMap":{"docs":{"insertions":1,"deletions":2}}},{"hash":"fbd3b4e21552c7a3842eb6cf921ab99bf6fc0be9","isMergeCommit":true,"messageTitle":"Merge branch \u0027master\u0027 into branch-pangyy-replaceTemporarySectionInDG","messageBody":"","fileTypesAndContributionMap":{}},{"hash":"967285059a9f64da527a01dec7020c4b2ee5a740","isMergeCommit":false,"messageTitle":"Update Instructions for Manual Testing section in DG","messageBody":"","fileTypesAndContributionMap":{"docs":{"insertions":113,"deletions":18}}},{"hash":"6c08b1894c8eafdea130d3e59385544e42d6162d","isMergeCommit":false,"messageTitle":"Remove incomplete subheading","messageBody":"","fileTypesAndContributionMap":{"docs":{"insertions":0,"deletions":4}}}]},{"date":"2025-04-06T00:00:00","commitResults":[{"hash":"bf4a2117ee09e9e9d6c2191e21a4a627466f1516","isMergeCommit":false,"messageTitle":"Fix corrupted data file not deleted after backup","messageBody":"","fileTypesAndContributionMap":{"functional-code":{"insertions":17,"deletions":2},"test-code":{"insertions":39,"deletions":0}}},{"hash":"8b9a58bbd87625a0c72ee15bdd3e49da2c9e3785","isMergeCommit":false,"messageTitle":"Fix app crashes if priority is not valid in json file","messageBody":"","fileTypesAndContributionMap":{"functional-code":{"insertions":6,"deletions":3}}},{"hash":"664700831d5142c2c8d2136aa8d835c7ee7d2381","isMergeCommit":false,"messageTitle":"Fix test cases for priority","messageBody":"","fileTypesAndContributionMap":{"test-code":{"insertions":13,"deletions":11}}},{"hash":"2f31e6fd565bb1b9f68e0543c59972465677f84b","isMergeCommit":false,"messageTitle":"Update DeveloperGuide as functionality changes","messageBody":"","fileTypesAndContributionMap":{"docs":{"insertions":18,"deletions":13}}},{"hash":"7305bd61e95af4b27db82cda14e430b770e66dcb","isMergeCommit":true,"messageTitle":"Merge pull request #260 from pang-yy/branch-pangyy-clearInvalidJsonFileImmediatelyBecauseNonTechSavyWillForceTerminateTheAppInsteadOfClickingOKAsPromptedAsPointedOutByATester","messageBody":"Fix corrupted data file not deleted after backup","fileTypesAndContributionMap":{}}]},{"date":"2025-04-07T00:00:00","commitResults":[{"hash":"ba17ccee736a7bf0e0254d590c96ecbc1cd83e5e","isMergeCommit":true,"messageTitle":"Merge pull request #261 from pang-yy/branch-pangyy-fixPossibleCrach","messageBody":"Fix app crashes if priority is not valid in json file ","fileTypesAndContributionMap":{}}]}],"iamanoob44":[{"date":"2025-03-05T00:00:00","commitResults":[{"hash":"a3dcd5e917fe9f6d7651c6247021a88c265a919d","isMergeCommit":false,"messageTitle":"Update aboutus page for Jake","messageBody":"","fileTypesAndContributionMap":{"docs":{"insertions":4,"deletions":5}}},{"hash":"08063c10709d6b75836455402014b523e49650a1","isMergeCommit":false,"messageTitle":"Update README page by Jake","messageBody":"","fileTypesAndContributionMap":{"docs":{"insertions":1,"deletions":0}}}]},{"date":"2025-03-06T00:00:00","commitResults":[{"hash":"cc89937ed7fd01acc8388c4539e4f65416ba9ba0","isMergeCommit":false,"messageTitle":"Refine existing MSS and add new MSS for edit","messageBody":"","fileTypesAndContributionMap":{"docs":{"insertions":90,"deletions":19}}},{"hash":"6b8ac8f6440cb59f45e729a9ead0531149731415","isMergeCommit":true,"messageTitle":"Merge pull request #45 from cyrolite/branch-nic-updateglossary-1","messageBody":"LGTM","fileTypesAndContributionMap":{}}]},{"date":"2025-03-12T00:00:00","commitResults":[{"hash":"0d7a25555b81094015421b501de7fe3304d56a08","isMergeCommit":false,"messageTitle":"Improve add functionality by including Year label","messageBody":"","fileTypesAndContributionMap":{"functional-code":{"insertions":144,"deletions":20}}},{"hash":"4932247559059b77cf8c2baaa95f0e600cba3f71","isMergeCommit":false,"messageTitle":"Adjust test cases for Year field support","messageBody":"","fileTypesAndContributionMap":{"test-code":{"insertions":108,"deletions":36}}},{"hash":"6842a202ea8d03f441ca4941aaf98e57338cdd72","isMergeCommit":false,"messageTitle":"Enhance UI design for Year label","messageBody":"","fileTypesAndContributionMap":{"functional-code":{"insertions":1,"deletions":0}}},{"hash":"5f5cf22cd135aaef4ee11c404aeb3857c01d1ed1","isMergeCommit":false,"messageTitle":"Add another test case","messageBody":"","fileTypesAndContributionMap":{"test-code":{"insertions":27,"deletions":0}}},{"hash":"05b01c9391195a51fa4bf7ec5b2fc034682e971b","isMergeCommit":false,"messageTitle":"Add test cases for Year","messageBody":"","fileTypesAndContributionMap":{"test-code":{"insertions":62,"deletions":0}}}]},{"date":"2025-03-15T00:00:00","commitResults":[{"hash":"f405f9cfa3fbfb3a510c7279c4b661d32b0b4c9d","isMergeCommit":false,"messageTitle":"Fix bug for add feature","messageBody":"","fileTypesAndContributionMap":{"functional-code":{"insertions":1,"deletions":1}}},{"hash":"288dc8ee16cfc6826ec16e50c3f051d262493d74","isMergeCommit":false,"messageTitle":"Fix test case for PersonTest.java","messageBody":"","fileTypesAndContributionMap":{"test-code":{"insertions":2,"deletions":2}}},{"hash":"0d520dc05eb9f4cd5b3e7e0b23b1d939e6c169ba","isMergeCommit":true,"messageTitle":"Merge pull request #78 from cyrolite/branch-nic-addfunction-1","messageBody":"Add functionality has been improved! ","fileTypesAndContributionMap":{}}]},{"date":"2025-03-19T00:00:00","commitResults":[{"hash":"25e383e9f197a79dfd4bcfa5510b44f33acf5cd1","isMergeCommit":true,"messageTitle":"Merge pull request #82 from Melvan-Chan/branch-mel-search-tag","messageBody":"Update search function to search by tags","fileTypesAndContributionMap":{}}]},{"date":"2025-03-24T00:00:00","commitResults":[{"hash":"8ecaafefed6f34fd9d5fe966b9d0da8e5e71c6d5","isMergeCommit":false,"messageTitle":"Add new labels and also improve Ui design","messageBody":"","fileTypesAndContributionMap":{"functional-code":{"insertions":7,"deletions":6}}}]},{"date":"2025-03-25T00:00:00","commitResults":[{"hash":"d0aad8b2263b0be9adf855eec191c7a3b173aae8","isMergeCommit":false,"messageTitle":"Refine structure and format for UserGuide.md","messageBody":"","fileTypesAndContributionMap":{"docs":{"insertions":89,"deletions":58}}},{"hash":"3e00961b3f85ffae4d46a2dbbbe4d464e7b2745f","isMergeCommit":false,"messageTitle":"Update UserGuide.md","messageBody":"","fileTypesAndContributionMap":{"docs":{"insertions":0,"deletions":6}}},{"hash":"ece00bc1926988ee1addef9f28a267cb3a3cee77","isMergeCommit":false,"messageTitle":"Refine UserGuide.md for better clarity","messageBody":"","fileTypesAndContributionMap":{"docs":{"insertions":50,"deletions":17}}},{"hash":"b1e2d4be7a8cb76a8328a4abd5c643ca39a3226c","isMergeCommit":false,"messageTitle":"Fix bug in UserGuide","messageBody":"","fileTypesAndContributionMap":{"docs":{"insertions":1,"deletions":2}}},{"hash":"721739cd37be34674b478b1f7a215d6bdf13f209","isMergeCommit":true,"messageTitle":"Merge branch \u0027master\u0027 into branch-jake-updateuserguide1","messageBody":"# Conflicts:\n#\tdocs/UserGuide.md\n#\tdocs/images/findAlexDavidResult.png\n","fileTypesAndContributionMap":{}},{"hash":"34b5508a5c72dca8a9487a3d674cf97195095ca7","isMergeCommit":false,"messageTitle":"Refine UserGuide.md","messageBody":"","fileTypesAndContributionMap":{"docs":{"insertions":15,"deletions":15}}},{"hash":"bc9e870b25ada31fe07f83acc7337d4a85c6baa1","isMergeCommit":true,"messageTitle":"Merge pull request #102 from cyrolite/branch-nic-enableassertions","messageBody":"Enable assertions in build.gradle for our team repository.","fileTypesAndContributionMap":{}},{"hash":"5b33ddeba86790f8977f82b9821b17f3d020bc77","isMergeCommit":false,"messageTitle":"Fix errors in structure","messageBody":"","fileTypesAndContributionMap":{"docs":{"insertions":5,"deletions":6}}},{"hash":"9dc68c63b91e310da9cc6e4166a54b358b6e2aa7","isMergeCommit":true,"messageTitle":"Merge pull request #104 from iamanoob44/branch-jake-updateuserguide2","messageBody":"Fix errors in UserGuide.md","fileTypesAndContributionMap":{}},{"hash":"a32ceb9a88f013ec2f8b3eceb72253e2e1d3ec6a","isMergeCommit":false,"messageTitle":"Fix more errors in the links for UserGuide.md","messageBody":"","fileTypesAndContributionMap":{"docs":{"insertions":10,"deletions":10}}},{"hash":"a91435dc168a685c201f4896cf9d16985662093a","isMergeCommit":true,"messageTitle":"Merge pull request #105 from iamanoob44/branch-jake-updateuserguide2","messageBody":"Fix more errors in the links for UserGuide.md","fileTypesAndContributionMap":{}},{"hash":"c42238bad875ce4be19ea96f3a0960de3049c15a","isMergeCommit":false,"messageTitle":"Add assert statements for AddCommand","messageBody":"","fileTypesAndContributionMap":{"functional-code":{"insertions":2,"deletions":0}}},{"hash":"756f49f82741935989c787b79db04900a579eac6","isMergeCommit":false,"messageTitle":"Fix bug caused by assertions","messageBody":"","fileTypesAndContributionMap":{"functional-code":{"insertions":2,"deletions":2}}}]},{"date":"2025-03-26T00:00:00","commitResults":[{"hash":"197851b966b734060ed9abf1daff7968beff6703","isMergeCommit":true,"messageTitle":"Merge pull request #108 from cyrolite/branch-nic-helpwindowassertion-1","messageBody":"Add assert statements to HelpWindow.java","fileTypesAndContributionMap":{}},{"hash":"9467e1845573471587d5e97c729059d4c8da23aa","isMergeCommit":true,"messageTitle":"Merge pull request #109 from cyrolite/branch-nic-updatenamingconventions-1","messageBody":"Update naming conventions for find feature, LGTM!","fileTypesAndContributionMap":{}},{"hash":"23cc7c38637410a1ec4ece1d64454fc9412f49e4","isMergeCommit":false,"messageTitle":"Create new package called setup for DG","messageBody":"","fileTypesAndContributionMap":{"functional-code":{"insertions":3,"deletions":3},"other":{"insertions":4,"deletions":4},"test-code":{"insertions":3,"deletions":1}}},{"hash":"d28c0f10301bf3ef85315dde07bfca66b120706c","isMergeCommit":false,"messageTitle":"Update UML Diagrams","messageBody":"","fileTypesAndContributionMap":{"docs":{"insertions":11,"deletions":10}}},{"hash":"6b9be3643f0bd436cc7449655bcbd2c213918417","isMergeCommit":false,"messageTitle":"Edit file due to update for DG","messageBody":"","fileTypesAndContributionMap":{"docs":{"insertions":1,"deletions":1}}},{"hash":"0a260e3c70de0e0c070635b72deb73fec1b55685","isMergeCommit":false,"messageTitle":"Include \"setup\" in UML diagram","messageBody":"","fileTypesAndContributionMap":{"docs":{"insertions":6,"deletions":2}}},{"hash":"924b0581e9f35f4975843a29878b1aef038592b8","isMergeCommit":false,"messageTitle":"Fix bug for edit command","messageBody":"","fileTypesAndContributionMap":{"functional-code":{"insertions":7,"deletions":2}}},{"hash":"e6dc8dda7bdc7b1fa699d6743badb65bf46cd528","isMergeCommit":false,"messageTitle":"Fix test cases for bug in edit","messageBody":"","fileTypesAndContributionMap":{"test-code":{"insertions":31,"deletions":7}}},{"hash":"2018560e0a3f29dd16766bc977438cd195443e18","isMergeCommit":false,"messageTitle":"Fix bug for edit feature","messageBody":"","fileTypesAndContributionMap":{"functional-code":{"insertions":1,"deletions":0}}}]},{"date":"2025-03-27T00:00:00","commitResults":[{"hash":"213d2df0f0ba3cadcd1d3c583749bb997bc1266f","isMergeCommit":true,"messageTitle":"Merge pull request #118 from cyrolite/branch-nic-updatepuml-1","messageBody":"Update ModelClassDiagram.puml","fileTypesAndContributionMap":{}},{"hash":"f30bdfe46654fa8a416b3a5190de550c09e7a5ff","isMergeCommit":false,"messageTitle":"Improve delete functionality","messageBody":"","fileTypesAndContributionMap":{"functional-code":{"insertions":210,"deletions":2},"test-code":{"insertions":8,"deletions":8}}},{"hash":"ba03086837dea1453f3c161e278be71dba38445c","isMergeCommit":true,"messageTitle":"Merge branch \u0027master\u0027 into branch-jake-incrementDel1","messageBody":"","fileTypesAndContributionMap":{}},{"hash":"449ca53608bfc517a275bed52e0158ca2c31cd21","isMergeCommit":false,"messageTitle":"Refine messages displayed and fix typos","messageBody":"","fileTypesAndContributionMap":{"functional-code":{"insertions":8,"deletions":6}}},{"hash":"715593546724ef0182beb8ad07c52170696b5ca5","isMergeCommit":false,"messageTitle":"Add test case for more comprehensive testing","messageBody":"","fileTypesAndContributionMap":{"test-code":{"insertions":22,"deletions":0}}},{"hash":"8091c6d0c85b6c57f449924c92a867403846cff5","isMergeCommit":false,"messageTitle":"Remove unnecessary test case","messageBody":"","fileTypesAndContributionMap":{"test-code":{"insertions":0,"deletions":21}}},{"hash":"f008b22585925851257f148f4902a8ef44a3e73a","isMergeCommit":false,"messageTitle":"Remove unnecessary import previously added in","messageBody":"","fileTypesAndContributionMap":{"test-code":{"insertions":0,"deletions":1}}},{"hash":"739b39d977b3aef2438e8d1d08b987adaf690c3d","isMergeCommit":true,"messageTitle":"Merge pull request #124 from Melvan-Chan/branch-mel-puml","messageBody":"Update puml file. LGTM","fileTypesAndContributionMap":{}},{"hash":"9daad4b2b6084537e9b496950dc248e01e7d52b3","isMergeCommit":false,"messageTitle":"Replace Year with Major to better suit target audiences\u0027 needs","messageBody":"","fileTypesAndContributionMap":{"functional-code":{"insertions":136,"deletions":130},"test-code":{"insertions":0,"deletions":62}}},{"hash":"2d6fa7633e1ab65b9e69b9f5fd2700f1561ca43f","isMergeCommit":false,"messageTitle":"Modify test cases by replacing Year with Major","messageBody":"","fileTypesAndContributionMap":{"test-code":{"insertions":167,"deletions":99}}},{"hash":"0049534fd476ea5995aa3747e89087651e48b2d7","isMergeCommit":false,"messageTitle":"Update UML diagrams","messageBody":"","fileTypesAndContributionMap":{"docs":{"insertions":3,"deletions":3}}},{"hash":"e817c0477d2fe802ae22d0876c2c6881013bace3","isMergeCommit":false,"messageTitle":"Update UserGuide.md and improve formatting","messageBody":"","fileTypesAndContributionMap":{"docs":{"insertions":64,"deletions":54}}},{"hash":"acf1398d4ab2299617b4818c12d1602c0fb51f21","isMergeCommit":true,"messageTitle":"Merge pull request #131 from cyrolite/branch-nic-hide-unhide-3","messageBody":"Add Hide / Unhide Commands","fileTypesAndContributionMap":{}},{"hash":"7ab29d539fa4e50653103041ac9b1e6d0119da89","isMergeCommit":true,"messageTitle":"Merge pull request #133 from cyrolite/branch-nic-updateuserguide-4","messageBody":"Update UserGuide.md","fileTypesAndContributionMap":{}},{"hash":"10771e8de66e1f7ce4e6956e7af43b02d4883a93","isMergeCommit":true,"messageTitle":"Merge pull request #134 from cyrolite/branch-nic-updatehelpwindow-3","messageBody":"Update HelpWindow.java and UserGuide.md","fileTypesAndContributionMap":{}},{"hash":"74e32ea7acf7b59e9ae6f0d16c722539f1369fce","isMergeCommit":true,"messageTitle":"Merge pull request #137 from pang-yy/branch-pangyy-deleteByTagYear","messageBody":"Fix delete with tag not working","tags":["v1.4"],"fileTypesAndContributionMap":{}}]},{"date":"2025-03-30T00:00:00","commitResults":[{"hash":"be36285520405f4177ef890937fa5a322bf0cd95","isMergeCommit":false,"messageTitle":"Refine tags to have priority now","messageBody":"","fileTypesAndContributionMap":{"functional-code":{"insertions":145,"deletions":27}}},{"hash":"4fbf06b0a1e312e77a313feb3309bdc3b79ae14c","isMergeCommit":false,"messageTitle":"Modify test cases for including priority of tags","messageBody":"","fileTypesAndContributionMap":{"test-code":{"insertions":86,"deletions":16}}},{"hash":"7d376a13f8f77f3b5fca1be43e88da6d61cc5cae","isMergeCommit":true,"messageTitle":"Merge pull request #145 from pang-yy/branch-pangyy-fixUMLAndDG","messageBody":"Fix UML diagram for backup and update developerGuide","fileTypesAndContributionMap":{}}]},{"date":"2025-03-31T00:00:00","commitResults":[{"hash":"884e15030b90c7b4fbfb6693afa0d054be132b5c","isMergeCommit":true,"messageTitle":"Merge pull request #148 from cyrolite/branch-nic-helpwindowupdate-1","messageBody":"Help Window UI update","fileTypesAndContributionMap":{}}]},{"date":"2025-04-02T00:00:00","commitResults":[{"hash":"256ebe7492942694544ac2326cc1f4efc14f6fd6","isMergeCommit":false,"messageTitle":"Fix buggy warning for confirm delete","messageBody":"","fileTypesAndContributionMap":{"functional-code":{"insertions":1,"deletions":1}}},{"hash":"01d4a40208bcabf45f2f5b56d6329f9ae15835db","isMergeCommit":false,"messageTitle":"Refine and enhance find command","messageBody":"","fileTypesAndContributionMap":{"functional-code":{"insertions":3,"deletions":2}}},{"hash":"4761d30b8a1a5a2e2dbbb80ac334a64588a9c9af","isMergeCommit":true,"messageTitle":"Merge pull request #168 from cyrolite/branch-nic-updateuserguide-6","messageBody":"Update UserGuide.md","fileTypesAndContributionMap":{}}]},{"date":"2025-04-03T00:00:00","commitResults":[{"hash":"7dc4c97195b9c6936d1d9190ca9f7bcc53e0ef51","isMergeCommit":true,"messageTitle":"Merge pull request #169 from cyrolite/master","messageBody":"Update UserGuide.md","fileTypesAndContributionMap":{}},{"hash":"d156d9824dd1f10a1eaf0fd2f3807d0c61c14da6","isMergeCommit":true,"messageTitle":"Merge pull request #170 from cyrolite/branch-nic-updatedevguide-1","messageBody":"Update DeveloperGuide.md","fileTypesAndContributionMap":{}},{"hash":"9e4d82144daedc79ae41f442554c62aced75df2f","isMergeCommit":false,"messageTitle":"Update DeveloperGuide.md","messageBody":"","fileTypesAndContributionMap":{"docs":{"insertions":86,"deletions":17}}},{"hash":"35179f140c9db66a30beaabb69f9fc8c5e30f48e","isMergeCommit":true,"messageTitle":"Merge pull request #171 from pang-yy/branch-pangyy-removeProposed","messageBody":"Remove proposed section in DeveloperGuide.md","fileTypesAndContributionMap":{}},{"hash":"dce40bad20637152e8496364261d94893dadfb71","isMergeCommit":true,"messageTitle":"Merge pull request #174 from pang-yy/branch-pangyy-fixYAML","messageBody":"Fix incorrect YAML front matter in UserGuide.md","fileTypesAndContributionMap":{}},{"hash":"4d5d75d0a39bc3d39904044d737ec1b9a41eb3d0","isMergeCommit":false,"messageTitle":"Update UserGuide.md","messageBody":"","fileTypesAndContributionMap":{"docs":{"insertions":4,"deletions":0}}},{"hash":"b57ea7276aa1f9de37437acb09d69152bf2e6c0e","isMergeCommit":true,"messageTitle":"Merge pull request #182 from cyrolite/branch-nic-reformathelpwindow-1","messageBody":"Update HelpWindow UI","fileTypesAndContributionMap":{}},{"hash":"d74e057f1dc06dbf15d517b839993ee960b23466","isMergeCommit":false,"messageTitle":"Partially update userguide","messageBody":"","fileTypesAndContributionMap":{"docs":{"insertions":153,"deletions":122}}},{"hash":"936e750520d6149f077a4714e455b25c97c0de7f","isMergeCommit":false,"messageTitle":"Update UserGuide","messageBody":"","fileTypesAndContributionMap":{"docs":{"insertions":43,"deletions":18}}},{"hash":"2e5fb6d9bcf747be7fe3c55d317fa0f0d2a881fa","isMergeCommit":false,"messageTitle":"Revert \"Update UserGuide\"","messageBody":"This reverts commit 936e750520d6149f077a4714e455b25c97c0de7f.\n","fileTypesAndContributionMap":{"docs":{"insertions":18,"deletions":43}}},{"hash":"c8a83b62ceba31d0ce3fa682e73ee2c13aad64af","isMergeCommit":false,"messageTitle":"Partial update to UserGuide.md to test formatting","messageBody":"","fileTypesAndContributionMap":{"docs":{"insertions":43,"deletions":18}}},{"hash":"e7bd80378d42fd7a79a78fd75d89255100677f23","isMergeCommit":false,"messageTitle":"Refine formatting for UserGuide.md","messageBody":"","fileTypesAndContributionMap":{"docs":{"insertions":89,"deletions":52}}},{"hash":"a6f003414d1af8822eae7c540f99d0697c83add1","isMergeCommit":true,"messageTitle":"Merge pull request #194 from cyrolite/master","messageBody":"Update Dev Guide","fileTypesAndContributionMap":{}},{"hash":"080f0e22261288f69f1a737d56067175e1514fc2","isMergeCommit":true,"messageTitle":"Merge pull request #195 from cyrolite/branch-nic-restorewebsite-1","messageBody":"Restore default.md","fileTypesAndContributionMap":{}},{"hash":"e33d773e4aa3d17501dbdfcbbb9bdf79b298b08e","isMergeCommit":false,"messageTitle":"Refine formatting and elaboration for UserGuide.md","messageBody":"","fileTypesAndContributionMap":{"docs":{"insertions":67,"deletions":24}}},{"hash":"aead24766dfac9aa595e04e76d19f278e534a688","isMergeCommit":true,"messageTitle":"Merge pull request #196 from cyrolite/branch-nic-updatedevguide-3","messageBody":"Update DeveloperGuide.md","fileTypesAndContributionMap":{}},{"hash":"133df09b7698d325138de38b770f64558089429e","isMergeCommit":false,"messageTitle":"Finalise updates to UserGuide.md","messageBody":"","fileTypesAndContributionMap":{"docs":{"insertions":26,"deletions":16}}},{"hash":"d830823013b119e16b6c0ddd6826cafca5a9c12a","isMergeCommit":true,"messageTitle":"Merge pull request #200 from iamanoob44/branch-jake-updateuserguide9","messageBody":"Finalise updates to UserGuide.md","tags":["v1.5"],"fileTypesAndContributionMap":{}}]},{"date":"2025-04-05T00:00:00","commitResults":[{"hash":"e753ca913202d98ce8b89b6857d88d65f02f23b8","isMergeCommit":false,"messageTitle":"Fix some buggy documentation based on tester A","messageBody":"","fileTypesAndContributionMap":{"docs":{"insertions":61,"deletions":26}}},{"hash":"32d2de63d0a461777ecf2ddf3b55ece70135e662","isMergeCommit":true,"messageTitle":"Merge pull request #247 from cyrolite/branch-nic-updatehelpwindow-4","messageBody":"Update HelpWindow.java","fileTypesAndContributionMap":{}},{"hash":"50fbd56372179cc0917ae619d11816f59afb7ae0","isMergeCommit":true,"messageTitle":"Merge pull request #248 from cyrolite/branch-nic-updatephonenumberlength-1","messageBody":"Update Phone Number Length","fileTypesAndContributionMap":{}},{"hash":"bea7dadecda749a02543ebe550e301ca8cc8b28f","isMergeCommit":true,"messageTitle":"Merge pull request #250 from cyrolite/branch-nic-updateemaillength-1","messageBody":"Branch nic updateemaillength 1","fileTypesAndContributionMap":{}},{"hash":"bb678a996ca3e76361580b45d13d65bfe7b47806","isMergeCommit":false,"messageTitle":"Fix broken links in UG","messageBody":"","fileTypesAndContributionMap":{"docs":{"insertions":5,"deletions":5}}},{"hash":"1e218ee13979878dd00d31794cb4f8aea1240613","isMergeCommit":true,"messageTitle":"Merge pull request #251 from iamanoob44/branch-jake-v1.6UG2","messageBody":"Fix broken links in UG","fileTypesAndContributionMap":{}},{"hash":"a5cb72932dc810d284986e525074e5157f7989e3","isMergeCommit":true,"messageTitle":"Merge pull request #253 from cyrolite/branch-nic-updatewebsite-1","messageBody":"Update Name limits","fileTypesAndContributionMap":{}},{"hash":"2e0a5cca6ad3f8bc9a651dbd103f1aacad8dc363","isMergeCommit":false,"messageTitle":"Fix bug for Name.java","messageBody":"","fileTypesAndContributionMap":{"functional-code":{"insertions":3,"deletions":2}}},{"hash":"a6e9cb112f65b9fe0337988ff263988eec77aebf","isMergeCommit":false,"messageTitle":"Fix and modify test cases","messageBody":"","fileTypesAndContributionMap":{"test-code":{"insertions":2,"deletions":2}}},{"hash":"2dfb1baba6042f158892ca15efa8dbb56ca85bc5","isMergeCommit":true,"messageTitle":"Merge pull request #255 from cyrolite/branch-nic-updateuserguide-7","messageBody":"Update UserGuide.md","fileTypesAndContributionMap":{}},{"hash":"2362a3cc5d2efd80f9fb832f92568dc8991a414d","isMergeCommit":false,"messageTitle":"Fix buggy warnings","messageBody":"","fileTypesAndContributionMap":{"functional-code":{"insertions":29,"deletions":2}}},{"hash":"5a177fdade6c4f40eed411b857e34323c6dfc23e","isMergeCommit":true,"messageTitle":"Merge pull request #258 from cyrolite/branch-nic-updatepersonunique-1","messageBody":"Update Person and PersonTest.java","fileTypesAndContributionMap":{}},{"hash":"37c3f65014b0deba0149179f83c7957bdeb53a8c","isMergeCommit":false,"messageTitle":"Fix bugs for delete command","messageBody":"","fileTypesAndContributionMap":{"functional-code":{"insertions":6,"deletions":0}}}]}]},"authorFileTypeContributionMap":{"cyrolite":{"docs":334,"functional-code":474,"test-code":252,"other":6},"Melvan-Chan":{"docs":54,"functional-code":146,"test-code":6},"pang-yy":{"docs":238,"functional-code":260,"test-code":336},"iamanoob44":{"docs":467,"functional-code":545,"test-code":320}},"authorContributionVariance":{"cyrolite":11981.194,"Melvan-Chan":1090.2008,"pang-yy":4513.683,"iamanoob44":40225.88},"authorDisplayNameMap":{"cyrolite":"CS2103T-F10-3 NICH.. ANG","Melvan-Chan":"CS2103T-F10-3 CHAN..LVAN","pang-yy":"CS2103T-F10-3 PANG..G YI","iamanoob44":"CS2103T-F10-3 TENG..HONG"}}
