{"authorDailyContributionsMap":{"arnavbajpai":[{"date":"2025-03-06T00:00:00","commitResults":[{"hash":"703661acdd81cfb99f3ea36e56315838cc0a2ac5","isMergeCommit":false,"messageTitle":"Update about us page","messageBody":"","fileTypesAndContributionMap":{"docs":{"insertions":4,"deletions":4}}},{"hash":"b5786c52ac652716fd80f99a3dc87abba5cc1ba3","isMergeCommit":true,"messageTitle":"Merge pull request #11 from arnavbajpai/UpdateAboutUs","messageBody":"Update Arnav\u0027s about us page","fileTypesAndContributionMap":{}}]},{"date":"2025-03-09T00:00:00","commitResults":[{"hash":"d2757eb197b6396ceb2c6474b4fdff39db8fde39","isMergeCommit":false,"messageTitle":"Update README","messageBody":"","fileTypesAndContributionMap":{"docs":{"insertions":2,"deletions":3}}},{"hash":"cc2ce7bcd8ab4940f8b4cb53670165e54b4b9e35","isMergeCommit":true,"messageTitle":"Merge branch \u0027master\u0027 into DGadapted","messageBody":"","fileTypesAndContributionMap":{}},{"hash":"b4f331af79b3d5197b40245ffadadbf1ca8c5ad6","isMergeCommit":true,"messageTitle":"Merge pull request #33 from arnavbajpai/DGadapted","messageBody":"Update README","fileTypesAndContributionMap":{}}]},{"date":"2025-03-10T00:00:00","commitResults":[{"hash":"4f534487d45bfe1d0991c50fab662aeae8d6c35b","isMergeCommit":false,"messageTitle":"Update DeveloperGuide.md","messageBody":"","fileTypesAndContributionMap":{"docs":{"insertions":13,"deletions":2}}},{"hash":"d233dd76a6fa3ad06d26bd42d9e8496d56ecda34","isMergeCommit":true,"messageTitle":"Merge pull request #50 from arnavbajpai/DGglossary","messageBody":"Update DeveloperGuide.md","fileTypesAndContributionMap":{}}]},{"date":"2025-03-13T00:00:00","commitResults":[{"hash":"c9eac0f7ba560fcf45ce721ebbdd77bbee3069db","isMergeCommit":false,"messageTitle":"Add delete book feature","messageBody":"","fileTypesAndContributionMap":{"functional-code":{"insertions":691,"deletions":3},"test-code":{"insertions":17,"deletions":1}}}]},{"date":"2025-03-14T00:00:00","commitResults":[{"hash":"779b321ed91768a3e8370163b3a42dd9ce849a18","isMergeCommit":false,"messageTitle":"Fix JavaDoc and CheckStyle","messageBody":"","fileTypesAndContributionMap":{"functional-code":{"insertions":97,"deletions":60},"test-code":{"insertions":16,"deletions":10}}},{"hash":"a8daaa65c6d02a78bbe3d8dee261fb4a9342f294","isMergeCommit":false,"messageTitle":"Bug fixes and removing misc files","messageBody":"","fileTypesAndContributionMap":{"functional-code":{"insertions":3,"deletions":59}}},{"hash":"7ccdf8b590718dc3724c9fcfc8bf0dae6f880afb","isMergeCommit":false,"messageTitle":"Fix assertion bugs","messageBody":"","fileTypesAndContributionMap":{"functional-code":{"insertions":5,"deletions":5},"test-code":{"insertions":13,"deletions":8}}},{"hash":"5fb9087daecef26350356e993b862a2b47754ae1","isMergeCommit":false,"messageTitle":"Fix json read issues.","messageBody":"","fileTypesAndContributionMap":{"functional-code":{"insertions":1,"deletions":1},"test-code":{"insertions":14,"deletions":4}}}]},{"date":"2025-03-20T00:00:00","commitResults":[{"hash":"ec59acc21110e82a556dc7025a6126b8176265fd","isMergeCommit":false,"messageTitle":"Add test cases - Delete Book","messageBody":"","fileTypesAndContributionMap":{"test-code":{"insertions":4,"deletions":0}}},{"hash":"16912f93bebe30423312c5517411fe646940ead5","isMergeCommit":false,"messageTitle":"Fix checkstyle errors","messageBody":"","fileTypesAndContributionMap":{"functional-code":{"insertions":1,"deletions":1},"test-code":{"insertions":122,"deletions":2}}},{"hash":"a3ebdbe2904f86e7c67d6164b2a813c802a1e63b","isMergeCommit":true,"messageTitle":"Merge pull request #82 from arnavbajpai/v1.3-AddTestCases","messageBody":"Add test cases - Delete Book","fileTypesAndContributionMap":{}}]},{"date":"2025-03-21T00:00:00","commitResults":[{"hash":"b20218fe8d4b37030fa3e4be972635ffe028f03f","isMergeCommit":false,"messageTitle":"Implement abstract class Entity","messageBody":"","fileTypesAndContributionMap":{"functional-code":{"insertions":255,"deletions":348},"test-code":{"insertions":6,"deletions":4}}},{"hash":"6f68754687fa5ea368ab42c8f8aa305ffe840ea5","isMergeCommit":true,"messageTitle":"Merge branch \u0027master\u0027 into v1.3-ImplementUniqueListGeneric","messageBody":"","fileTypesAndContributionMap":{}}]},{"date":"2025-03-24T00:00:00","commitResults":[{"hash":"2fcd96b082bf519bce0b8ee40f16974cdc3d83d0","isMergeCommit":false,"messageTitle":"Wrap implementation of generic class","messageBody":"","fileTypesAndContributionMap":{"functional-code":{"insertions":77,"deletions":57},"test-code":{"insertions":150,"deletions":192}}},{"hash":"9c9728c6f3d3b0de383bda295e2daedd92237fcd","isMergeCommit":true,"messageTitle":"Merge branch \u0027master\u0027 into v1.3-ImplementUniqueListGeneric","messageBody":"","fileTypesAndContributionMap":{}},{"hash":"71be64135af49002f11fee3ed20fafae37745217","isMergeCommit":false,"messageTitle":"Fix checkstyle and Javadoc","messageBody":"","fileTypesAndContributionMap":{"functional-code":{"insertions":68,"deletions":36},"test-code":{"insertions":7,"deletions":5}}}]},{"date":"2025-03-25T00:00:00","commitResults":[{"hash":"37353bb9e87ab5f4b9c93444041d862e221a2396","isMergeCommit":false,"messageTitle":"Fix bugs and add test cases","messageBody":"","fileTypesAndContributionMap":{"functional-code":{"insertions":3,"deletions":9},"test-code":{"insertions":47,"deletions":0}}}]},{"date":"2025-03-26T00:00:00","commitResults":[{"hash":"342f97ffebc5b5cfab00042eb431aa943a3e3f8a","isMergeCommit":true,"messageTitle":"Merge pull request #88 from arnavbajpai/v1.3-ImplementUniqueListGeneric","messageBody":"","fileTypesAndContributionMap":{}}]},{"date":"2025-04-03T00:00:00","commitResults":[{"hash":"da251f2cee5fd0331bffa14a640bfa421b375968","isMergeCommit":false,"messageTitle":"Implement book fees logic","messageBody":"","fileTypesAndContributionMap":{"functional-code":{"insertions":6,"deletions":2}}},{"hash":"85b743cea06e1ad1204b1cccca1926dac6d18249","isMergeCommit":false,"messageTitle":"Fix checkstyle and add test cases","messageBody":"","fileTypesAndContributionMap":{"functional-code":{"insertions":2,"deletions":2},"test-code":{"insertions":8,"deletions":1}}},{"hash":"a39da873be65054ef8cc0d7163f0f5b8b3a682d8","isMergeCommit":false,"messageTitle":"Fix batch coverage","messageBody":"","fileTypesAndContributionMap":{"test-code":{"insertions":1,"deletions":0}}},{"hash":"196f80a8c84ee42829fd88aa75d6a3fbd16e894a","isMergeCommit":false,"messageTitle":"Simplify overdue logic","messageBody":"","fileTypesAndContributionMap":{"functional-code":{"insertions":1,"deletions":1}}},{"hash":"ddf335f75f35e23a054df786b2b97c8ba0ade2aa","isMergeCommit":true,"messageTitle":"Merge branch \u0027master\u0027 of https://github.com/arnavbajpai/tp","messageBody":"","fileTypesAndContributionMap":{}},{"hash":"5c5e65f16b2c5f0e83ec625bc73187a18c7fb235","isMergeCommit":false,"messageTitle":"Update model class diagram","messageBody":"","fileTypesAndContributionMap":{"docs":{"insertions":38,"deletions":27}}},{"hash":"fcb15ba5ded201290c3a7c56ea54ca171fb6535f","isMergeCommit":false,"messageTitle":"Fix branch issues","messageBody":"","fileTypesAndContributionMap":{"functional-code":{"insertions":4,"deletions":8},"test-code":{"insertions":4,"deletions":11}}},{"hash":"8c7031f23a26102e558055b200b1b35af388b1f9","isMergeCommit":false,"messageTitle":"Fix checkstyle","messageBody":"","fileTypesAndContributionMap":{"functional-code":{"insertions":1,"deletions":1},"test-code":{"insertions":1,"deletions":1}}},{"hash":"275545d5821d4b806a6b7aad421d13518ff026c2","isMergeCommit":false,"messageTitle":"Fix style errors","messageBody":"","fileTypesAndContributionMap":{"docs":{"insertions":19,"deletions":24}}},{"hash":"c59aff089464d1b97ff0847a59125d2d62017fac","isMergeCommit":true,"messageTitle":"Merge pull request #118 from arnavbajpai/UpdateUML","messageBody":"Update uml","fileTypesAndContributionMap":{}},{"hash":"80fa1c6c92449e516517d54a81b76bab9595a6b7","isMergeCommit":true,"messageTitle":"Merge branch \u0027master\u0027 into v1.5-ImplementFeesLogic","messageBody":"","fileTypesAndContributionMap":{}},{"hash":"c39ee4b15d319ef7e4a22a4050a1d4579c34ad34","isMergeCommit":false,"messageTitle":"Fix merge conflict","messageBody":"","fileTypesAndContributionMap":{"functional-code":{"insertions":1,"deletions":0}}},{"hash":"7410d9f961a598ab7a37f3160ef54a1325955882","isMergeCommit":false,"messageTitle":"Fix overdue logic","messageBody":"","fileTypesAndContributionMap":{"functional-code":{"insertions":1,"deletions":1}}},{"hash":"c0d4f416194c57c86fa1fb2e634b7a80423e8886","isMergeCommit":true,"messageTitle":"Merge branch \u0027master\u0027 of https://github.com/arnavbajpai/tp","messageBody":"","fileTypesAndContributionMap":{}},{"hash":"c38eeb92e50935d06e8f8a7178f91719e69948a2","isMergeCommit":true,"messageTitle":"Merge branch \u0027master\u0027 into v1.5-ImplementFeesLogic","messageBody":"","fileTypesAndContributionMap":{}},{"hash":"a6648ab516d25a8335592eb5a51a5eb1c0c9686c","isMergeCommit":false,"messageTitle":"Add test cases","messageBody":"","fileTypesAndContributionMap":{"test-code":{"insertions":9,"deletions":1}}},{"hash":"acddb3bd27be7d193e0490f0f57d4c3cac7370c9","isMergeCommit":true,"messageTitle":"Merge pull request #116 from arnavbajpai/v1.5-ImplementFeesLogic","messageBody":"V1.5 implement fees logic","fileTypesAndContributionMap":{}},{"hash":"a350bcb5e748366ef5e33d93856ba3f57472bb38","isMergeCommit":true,"messageTitle":"Merge pull request #115 from Kiranlimtl/v1.5-ListBorrowedBooksCommandChanges","messageBody":"Add due date when listing borrowed books","fileTypesAndContributionMap":{}}]},{"date":"2025-04-04T00:00:00","commitResults":[{"hash":"6d0554f3bcfeab8b1cee85a50853757cb4c33474","isMergeCommit":false,"messageTitle":"Update User Guide","messageBody":"","fileTypesAndContributionMap":{"docs":{"insertions":101,"deletions":12}}},{"hash":"b807d6496194cec87211fd58b733da991eea6217","isMergeCommit":false,"messageTitle":"Update DG: Add appendices","messageBody":"","fileTypesAndContributionMap":{"docs":{"insertions":50,"deletions":4}}},{"hash":"e9300a511a6d98892b52689f4dd33fb5c44f98d2","isMergeCommit":false,"messageTitle":"Fix date dependencies","messageBody":"","fileTypesAndContributionMap":{"test-code":{"insertions":6,"deletions":7}}},{"hash":"54424c712274358e65b2da9fe2ba1b4a7c267fe8","isMergeCommit":true,"messageTitle":"Merge branch \u0027master\u0027 into UpdateDocumentation","messageBody":"","fileTypesAndContributionMap":{}},{"hash":"79bd191e0fc889afff13cf3373a55099294b5f67","isMergeCommit":true,"messageTitle":"Merge pull request #128 from arnavbajpai/UpdateDocumentation","messageBody":"Update documentation","fileTypesAndContributionMap":{}},{"hash":"6c9be2c369d09e9c7768fce96c9eb87897e69e1f","isMergeCommit":false,"messageTitle":"Fix duplication error","messageBody":"","fileTypesAndContributionMap":{"functional-code":{"insertions":0,"deletions":1}}},{"hash":"0386a8b4cd7822ba892983b2f1d1ff0c0a6b0628","isMergeCommit":true,"messageTitle":"Merge pull request #132 from arnavbajpai/FixAlphaBugs-ExtendCommand","messageBody":"Fix duplication error","fileTypesAndContributionMap":{}}]}],"hutongyan":[{"date":"2025-02-23T00:00:00","commitResults":[{"hash":"8acbb0248078fb06b28b53fa450f1f93855d6f61","isMergeCommit":true,"messageTitle":"Merge pull request #1 from AY2425S2-CS2103T-W13-3/switch-docs-to-markbind","messageBody":"Switch docs to markbind","fileTypesAndContributionMap":{}},{"hash":"a7c9f0aaef5904f2dce2454ae267c374c558a719","isMergeCommit":false,"messageTitle":"Update default.md","messageBody":"","fileTypesAndContributionMap":{"docs":{"insertions":1,"deletions":1}}}]},{"date":"2025-03-07T00:00:00","commitResults":[{"hash":"d87050aff4a94249fef6b866e02972927e7f93a7","isMergeCommit":false,"messageTitle":"Update AboutUs page","messageBody":"","fileTypesAndContributionMap":{"docs":{"insertions":5,"deletions":5}}},{"hash":"0381060a5b710b823f51a54143542c3d687133b0","isMergeCommit":true,"messageTitle":"Merge pull request #13 from hutongyan/Update-AboutUs","messageBody":"Update AboutUs page Tongyan","fileTypesAndContributionMap":{}}]},{"date":"2025-03-08T00:00:00","commitResults":[{"hash":"2e424e415e9625ad1aabb93304af5b9f08cff63c","isMergeCommit":false,"messageTitle":"Update CI Badge","messageBody":"","fileTypesAndContributionMap":{"docs":{"insertions":1,"deletions":1}}},{"hash":"228febbb4cd2ae818404984a48e7aa546f848292","isMergeCommit":true,"messageTitle":"Merge pull request #17 from hutongyan/Update-CI-Badge","messageBody":"Update CI Badge","fileTypesAndContributionMap":{}},{"hash":"f539ba35224c7bf2cca0f1f614aa1ae595ec2337","isMergeCommit":true,"messageTitle":"Update Acknowledge the original source","messageBody":"","fileTypesAndContributionMap":{}},{"hash":"808694affca1d7e3ac6a28edd776513f72b2938b","isMergeCommit":true,"messageTitle":"Merge pull request #18 from hutongyan/Acknowledge-original-source","messageBody":"Update Acknowledge the original source","fileTypesAndContributionMap":{}}]},{"date":"2025-03-09T00:00:00","commitResults":[{"hash":"0d55a57336df7e53405488ab90f2f62a7e68c17d","isMergeCommit":false,"messageTitle":"Update README.md","messageBody":"","fileTypesAndContributionMap":{"docs":{"insertions":1,"deletions":1}}},{"hash":"04ab4f893fa4f02010462a64798c02f85817e0b3","isMergeCommit":true,"messageTitle":"Merge pull request #26 from hutongyan/Update-README-Remaining","messageBody":"Update README.md","fileTypesAndContributionMap":{}},{"hash":"1b8b0da9d3a397efecdb9a10006a19465ce14cac","isMergeCommit":false,"messageTitle":"Update Ui mockup and README.md","messageBody":"","fileTypesAndContributionMap":{"docs":{"insertions":3,"deletions":3}}},{"hash":"7fad4630fa16eae317868ed07aa98a5d91ea0906","isMergeCommit":true,"messageTitle":"Merge pull request #27 from hutongyan/Add-UI-mockup","messageBody":"Update Ui mockup and README.md","fileTypesAndContributionMap":{}},{"hash":"d88afde94786d6322f023104e9a8fd6645e18de5","isMergeCommit":false,"messageTitle":"Update Target User Profile in DG","messageBody":"","fileTypesAndContributionMap":{"docs":{"insertions":28,"deletions":8}}},{"hash":"a967d214747cffb257fac188214049dffab571d0","isMergeCommit":true,"messageTitle":"Merge pull request #34 from hutongyan/Update-DG","messageBody":"Update Target User Profile in DG","fileTypesAndContributionMap":{}}]},{"date":"2025-03-13T00:00:00","commitResults":[{"hash":"8bdb17f7cf8e7566665dbfe76a8b5ec60717c223","isMergeCommit":false,"messageTitle":"Update Value proposition","messageBody":"","fileTypesAndContributionMap":{"docs":{"insertions":4,"deletions":2}}},{"hash":"f24434d8fbd9841611d327eb2e01740485a33686","isMergeCommit":true,"messageTitle":"Merge branch \u0027master\u0027 into Update-DG","messageBody":"","fileTypesAndContributionMap":{}},{"hash":"14b370008e59a196a142490aefbf29ac6e6ba169","isMergeCommit":true,"messageTitle":"Merge pull request #59 from hutongyan/Update-DG","messageBody":"Update Value Proposition","fileTypesAndContributionMap":{}}]},{"date":"2025-03-18T00:00:00","commitResults":[{"hash":"62ad28014a54a8b0db2b62bebf18bb6a208cfaad","isMergeCommit":false,"messageTitle":"Update listbook","messageBody":"","fileTypesAndContributionMap":{"functional-code":{"insertions":30,"deletions":10}}},{"hash":"dbff64a50d91cde8f1163e2f071b4d00d4b784a7","isMergeCommit":true,"messageTitle":"Merge branch \u0027master\u0027 into Add-List-Book","messageBody":"# Conflicts:\n#\tsrc/main/java/seedu/address/logic/parser/AddressBookParser.java\n","fileTypesAndContributionMap":{}},{"hash":"8f7dad5580fd61eae321b797333dbfd9e5a09710","isMergeCommit":true,"messageTitle":"Merge pull request #68 from hutongyan/Add-List-Book","messageBody":"Add list_books command","fileTypesAndContributionMap":{}},{"hash":"3b6f7bb6bd96c40175017b52898cc76142db50cf","isMergeCommit":false,"messageTitle":"Fix checkstyle","messageBody":"","fileTypesAndContributionMap":{"docs":{"insertions":1,"deletions":5}}},{"hash":"0365c29dc3b4a2dd10bf4e554958de8ebd60cfc5","isMergeCommit":false,"messageTitle":"Fix checkstyle","messageBody":"","fileTypesAndContributionMap":{"functional-code":{"insertions":10,"deletions":12},"docs":{"insertions":6,"deletions":6}}},{"hash":"61fd43993f3f545b4fc0853784fc67b487afea99","isMergeCommit":false,"messageTitle":"Fix checkstyle","messageBody":"","fileTypesAndContributionMap":{"functional-code":{"insertions":0,"deletions":1}}},{"hash":"5325f2689694841a7a8523d1923d70d11800e19b","isMergeCommit":false,"messageTitle":"Fix checkstyle","messageBody":"","fileTypesAndContributionMap":{"functional-code":{"insertions":1,"deletions":1}}},{"hash":"9f78bfe4e95169f57df79f1cda1b64751743fdae","isMergeCommit":false,"messageTitle":"Fix checkstyle","messageBody":"","fileTypesAndContributionMap":{"functional-code":{"insertions":14,"deletions":6}}}]},{"date":"2025-03-19T00:00:00","commitResults":[{"hash":"3b96455217e98b751ad58efe4a693240575cd895","isMergeCommit":true,"messageTitle":"Merge pull request #73 from hutongyan/Fix-Checkstyle","messageBody":"Fix checkstyle","fileTypesAndContributionMap":{}},{"hash":"cff65b8665e7fe272dccaabf8bf554d0c4a3f7a0","isMergeCommit":false,"messageTitle":"Add ListBookCommandTest","messageBody":"","fileTypesAndContributionMap":{"test-code":{"insertions":72,"deletions":0}}}]},{"date":"2025-03-20T00:00:00","commitResults":[{"hash":"9cd451023ee59d71865c054c04334cf5aec998a7","isMergeCommit":true,"messageTitle":"Merge pull request #80 from hutongyan/Add-List-Book-Test","messageBody":"Add ListBookCommandTest and fix bugs","fileTypesAndContributionMap":{}}]},{"date":"2025-03-26T00:00:00","commitResults":[{"hash":"b466392bca1b2856e7865a6237832ef40fdf71e3","isMergeCommit":false,"messageTitle":"Update ListBookCommandTest","messageBody":"","fileTypesAndContributionMap":{"test-code":{"insertions":7,"deletions":4}}},{"hash":"4f5c1cb6d4e82b986f4cf75955f70d3d46124caa","isMergeCommit":false,"messageTitle":"Update ListBookCommandTest","messageBody":"","fileTypesAndContributionMap":{"test-code":{"insertions":2,"deletions":1}}},{"hash":"054507e2d3d087a72932a1008e16c3f1f7337ebb","isMergeCommit":false,"messageTitle":"Update ListBookCommandTest","messageBody":"","fileTypesAndContributionMap":{"test-code":{"insertions":9,"deletions":5}}},{"hash":"9d8fd7a52f8956303a18fca2956a52ee9b9d0516","isMergeCommit":false,"messageTitle":"Update ListBookCommandTest","messageBody":"","fileTypesAndContributionMap":{"test-code":{"insertions":2,"deletions":3}}},{"hash":"243e6a89cf091ee129a978cdaefcba0b97465259","isMergeCommit":false,"messageTitle":"Update ListBookCommandTest","messageBody":"","fileTypesAndContributionMap":{"test-code":{"insertions":2,"deletions":2}}}]},{"date":"2025-03-27T00:00:00","commitResults":[{"hash":"ffca39931af4dbd143801fe04f4f5fb92644e03c","isMergeCommit":false,"messageTitle":"Update ReturnCommand","messageBody":"","fileTypesAndContributionMap":{"functional-code":{"insertions":106,"deletions":0}}},{"hash":"13dd9d047c954dd2f7180c874239a3dd45695a83","isMergeCommit":false,"messageTitle":"Add Test","messageBody":"","fileTypesAndContributionMap":{"functional-code":{"insertions":3,"deletions":0},"test-code":{"insertions":134,"deletions":0}}},{"hash":"9697100b1d217f50a11a5ec41ceb688157d8a282","isMergeCommit":false,"messageTitle":"Fix checkstyles","messageBody":"","fileTypesAndContributionMap":{"functional-code":{"insertions":3,"deletions":1}}},{"hash":"8b7dafa4b25012969f7195dcaff431b1ce345d3b","isMergeCommit":false,"messageTitle":"Fix checkstyle","messageBody":"","fileTypesAndContributionMap":{"functional-code":{"insertions":1,"deletions":1},"test-code":{"insertions":2,"deletions":1}}},{"hash":"a0d9a0e2ec4e0059ead4e16ec1eeeac5604d7fd9","isMergeCommit":false,"messageTitle":"Fix test","messageBody":"","fileTypesAndContributionMap":{"test-code":{"insertions":22,"deletions":0}}},{"hash":"7a9314cddae3ac400c162828f4fd60f7a93da2e3","isMergeCommit":false,"messageTitle":"Fix test","messageBody":"","fileTypesAndContributionMap":{"test-code":{"insertions":13,"deletions":0}}},{"hash":"c879dd35e0fedc6432f24fb44fe6db16d9ae42f8","isMergeCommit":false,"messageTitle":"Fix test","messageBody":"","fileTypesAndContributionMap":{"test-code":{"insertions":0,"deletions":2}}},{"hash":"031c6aa873440da9e05f385c5913a9328d1703cf","isMergeCommit":true,"messageTitle":"Merge pull request #91 from hutongyan/Update-ListBook-Test","messageBody":"Update ListBookCommandTest","fileTypesAndContributionMap":{}},{"hash":"6b1cf7645204f3d14b345aa79f332b8ddb0903f9","isMergeCommit":true,"messageTitle":"Merge pull request #93 from hutongyan/Return-Book-Command","messageBody":"Add Return book command","fileTypesAndContributionMap":{}},{"hash":"930e479a1e3f83f7b85fae15b8770bfe2e81899d","isMergeCommit":false,"messageTitle":"Enable assertions","messageBody":"","fileTypesAndContributionMap":{"other":{"insertions":4,"deletions":0}}}]},{"date":"2025-03-28T00:00:00","commitResults":[{"hash":"b99c4cf814cb34c535d4507e6fb2dfadbc45e663","isMergeCommit":false,"messageTitle":"Update ModelClassDiagram","messageBody":"","fileTypesAndContributionMap":{"docs":{"insertions":10,"deletions":0}}}]},{"date":"2025-04-02T00:00:00","commitResults":[{"hash":"f888406e6cde2be287ed1fe597c679ab08fe17a3","isMergeCommit":false,"messageTitle":"Add DisplayOverdueCommand","messageBody":"","fileTypesAndContributionMap":{"functional-code":{"insertions":48,"deletions":0}}},{"hash":"8ec20eba060337b3bbef8ef0eb4a1fa7c66fe163","isMergeCommit":false,"messageTitle":"Add DisplayOverdueCommandTest","messageBody":"","fileTypesAndContributionMap":{"test-code":{"insertions":63,"deletions":0}}},{"hash":"881da6ff44535c4091b34462882cd21e2d91b831","isMergeCommit":false,"messageTitle":"Fix checkstyle","messageBody":"","fileTypesAndContributionMap":{"test-code":{"insertions":3,"deletions":3}}},{"hash":"8fb948e0423d9e34410887de4feb0c7a15acbf65","isMergeCommit":false,"messageTitle":"Fix checkstyle","messageBody":"","fileTypesAndContributionMap":{"test-code":{"insertions":2,"deletions":1}}},{"hash":"d6775574ba164ad457b0140ac9fa92e82010bb3d","isMergeCommit":false,"messageTitle":"Fix checkstyle","messageBody":"","fileTypesAndContributionMap":{"test-code":{"insertions":2,"deletions":2}}},{"hash":"bbfb7d0d2a5236773b1d15b0bb7efa067f0d7855","isMergeCommit":false,"messageTitle":"Add test for uncovered lines","messageBody":"","fileTypesAndContributionMap":{"test-code":{"insertions":16,"deletions":0}}},{"hash":"f4075dc00d60df1a9e18d860b1712ebec722bfce","isMergeCommit":false,"messageTitle":"Add test for uncovered lines","messageBody":"","fileTypesAndContributionMap":{"test-code":{"insertions":1,"deletions":1}}}]},{"date":"2025-04-03T00:00:00","commitResults":[{"hash":"30114986a076fc7c8d3acdb50a2ec247ee6b0342","isMergeCommit":false,"messageTitle":"fix changes","messageBody":"","fileTypesAndContributionMap":{"functional-code":{"insertions":1,"deletions":2}}},{"hash":"897efce0560bb6ae00dfcc3152d0f8d7b1b7fed3","isMergeCommit":false,"messageTitle":"fix test","messageBody":"","fileTypesAndContributionMap":{"test-code":{"insertions":12,"deletions":12}}},{"hash":"a841384e15f540f36da71c18040209937759d4e6","isMergeCommit":true,"messageTitle":"Merge pull request #111 from hutongyan/display-overdue-book","messageBody":"Add Display Overdue Command and Test","fileTypesAndContributionMap":{}}]},{"date":"2025-04-04T00:00:00","commitResults":[{"hash":"cdd4379d215e89cb2b6090c9e4914446b134d7b5","isMergeCommit":false,"messageTitle":"update UG","messageBody":"","fileTypesAndContributionMap":{"docs":{"insertions":150,"deletions":143}}},{"hash":"1338b1f4cc0d0b4ebf97c5d8849e0b455c9fa326","isMergeCommit":true,"messageTitle":"Merge pull request #124 from hutongyan/update-UG-DG","messageBody":"update UG","fileTypesAndContributionMap":{}}]}],"Kiranlimtl":[{"date":"2025-03-10T00:00:00","commitResults":[{"hash":"15fc69bb912fce35d7d2033a39d7a8a5d9b2097a","isMergeCommit":false,"messageTitle":"Add non functional requirements","messageBody":"","fileTypesAndContributionMap":{"docs":{"insertions":9,"deletions":4}}},{"hash":"f28f213588900c037a9f4af557e9d86fa317b667","isMergeCommit":true,"messageTitle":"Merge pull request #46 from Kiranlimtl/add-nfr","messageBody":"Add non functional requirements ","fileTypesAndContributionMap":{}}]},{"date":"2025-03-11T00:00:00","commitResults":[{"hash":"6232e8f31cd7cf112a2e4cb4f1772cd40dbf8b00","isMergeCommit":false,"messageTitle":"Update about us","messageBody":"","fileTypesAndContributionMap":{"docs":{"insertions":5,"deletions":5}}},{"hash":"559b88e93a80d9fb24a99ae0d8b10fca61a8e6b5","isMergeCommit":true,"messageTitle":"Merge pull request #55 from Kiranlimtl/update-aboutus","messageBody":"Update about us","fileTypesAndContributionMap":{}}]},{"date":"2025-03-14T00:00:00","commitResults":[{"hash":"02a59a019bbfeb094653441924d9a2b78b3ef28c","isMergeCommit":true,"messageTitle":"Merge pull request #62 from arnavbajpai/v1.2-DeleteBookFeature","messageBody":"Add delete book feature","fileTypesAndContributionMap":{}}]},{"date":"2025-03-15T00:00:00","commitResults":[{"hash":"ddc61b5531d42a1de105056e2f219ca97d755340","isMergeCommit":false,"messageTitle":"Add add book feature","messageBody":"","fileTypesAndContributionMap":{"functional-code":{"insertions":43,"deletions":0}}},{"hash":"a669bdb7a583acfa42e76b20ca789807a5990092","isMergeCommit":false,"messageTitle":"Add missing staged files","messageBody":"","fileTypesAndContributionMap":{"functional-code":{"insertions":98,"deletions":10}}}]},{"date":"2025-03-17T00:00:00","commitResults":[{"hash":"3d63e55fe8139d1ede4299b6c8fb5e0e32787148","isMergeCommit":true,"messageTitle":"Merge pull request #64 from Kiranlimtl/v1.2-AddBookFeature","messageBody":"Add add book feature","fileTypesAndContributionMap":{}}]},{"date":"2025-03-18T00:00:00","commitResults":[{"hash":"cd6bfe7abd4da44c947afb0ba26926a269f21621","isMergeCommit":false,"messageTitle":"Add JUnit testing for AddBookCommand","messageBody":"","fileTypesAndContributionMap":{"functional-code":{"insertions":14,"deletions":8},"test-code":{"insertions":307,"deletions":2}}},{"hash":"dd7076b81fe772ca0e1a66b233c488258aec0c7b","isMergeCommit":false,"messageTitle":"Fix checkstyle errors","messageBody":"","fileTypesAndContributionMap":{"functional-code":{"insertions":2,"deletions":12},"docs":{"insertions":20,"deletions":20},"test-code":{"insertions":1,"deletions":13}}},{"hash":"29cbe1ec7d36e8a4f3e9190732cf0fa43299020b","isMergeCommit":false,"messageTitle":"Fix more checkstyle errors","messageBody":"","fileTypesAndContributionMap":{"functional-code":{"insertions":7,"deletions":4},"docs":{"insertions":1,"deletions":1},"test-code":{"insertions":0,"deletions":2}}},{"hash":"e805ec10dee753e35d918100d0931179cbea5fee","isMergeCommit":false,"messageTitle":"Fix even more checkstyle errors again","messageBody":"","fileTypesAndContributionMap":{"test-code":{"insertions":2,"deletions":4}}},{"hash":"8a433e69f8f3dbcbe296df24991500001121b12d","isMergeCommit":false,"messageTitle":"Fix checkstyle error","messageBody":"","fileTypesAndContributionMap":{"functional-code":{"insertions":5,"deletions":1}}}]},{"date":"2025-03-19T00:00:00","commitResults":[{"hash":"d6f6b47f6ff94766b6aff90eb981a27dbe15b2c6","isMergeCommit":true,"messageTitle":"Fix merge conflicts","messageBody":"","fileTypesAndContributionMap":{}},{"hash":"71b8f98b0664222ba5f375702e78806dc7591a36","isMergeCommit":false,"messageTitle":"Fix merge conflicts","messageBody":"","fileTypesAndContributionMap":{"functional-code":{"insertions":0,"deletions":36}}},{"hash":"8c1e3c1ebd493b862c2e49f719d394f6c8066f18","isMergeCommit":false,"messageTitle":"Fix checkstyle errors","messageBody":"","fileTypesAndContributionMap":{"test-code":{"insertions":12,"deletions":11}}},{"hash":"5d25859b191a623df5dd9170b2e772893e45f108","isMergeCommit":false,"messageTitle":"Fix checkstyle errors","messageBody":"","fileTypesAndContributionMap":{"test-code":{"insertions":10,"deletions":12}}},{"hash":"fc4f0ebef804705e30230fd850f66741fad87260","isMergeCommit":false,"messageTitle":"Fix PersonTest to use email","messageBody":"","fileTypesAndContributionMap":{"test-code":{"insertions":11,"deletions":15}}},{"hash":"deabbfd4af32d271360e02c412b925c887229529","isMergeCommit":false,"messageTitle":"Fix checkstyle error","messageBody":"","fileTypesAndContributionMap":{"test-code":{"insertions":3,"deletions":3}}},{"hash":"0b96f9cf28d52f379e71c9d9383e9dfa3c6fa088","isMergeCommit":true,"messageTitle":"Merge pull request #74 from Kiranlimtl/v1.2-AddBookTest","messageBody":"Add JUnit testing for AddBookCommand","fileTypesAndContributionMap":{}}]},{"date":"2025-03-20T00:00:00","commitResults":[{"hash":"396ee6efb6d8cd1c965c238f701413a465e8f744","isMergeCommit":false,"messageTitle":"Add junit test for Book and BookName","messageBody":"","fileTypesAndContributionMap":{"other":{"insertions":0,"deletions":0},"test-code":{"insertions":125,"deletions":0}}},{"hash":"be9ccf2d46cbd68117df44fbd55fd80c8756d5b4","isMergeCommit":true,"messageTitle":"Merge pull request #84 from Kiranlimtl/v1.3-BookTest","messageBody":"Add junit test for Book and BookName","tags":["v1.3"],"fileTypesAndContributionMap":{}}]},{"date":"2025-03-21T00:00:00","commitResults":[{"hash":"25abffd346dfe6cd9e657aaac91468d7656421cb","isMergeCommit":false,"messageTitle":"Add junit test for BookStatus","messageBody":"","fileTypesAndContributionMap":{"functional-code":{"insertions":32,"deletions":0},"test-code":{"insertions":77,"deletions":0}}},{"hash":"77b6e7e2cb820b6fc39f325d1d5639fdbae9a2ce","isMergeCommit":true,"messageTitle":"Merge pull request #85 from Kiranlimtl/v1.4-AddBookStatusTest","messageBody":"Add junit test for BookStatus","fileTypesAndContributionMap":{}}]},{"date":"2025-03-27T00:00:00","commitResults":[{"hash":"5c9efaf0695f2075b37a07f01be1ded8ba3dbb5b","isMergeCommit":false,"messageTitle":"Add IssueCommand","messageBody":"","fileTypesAndContributionMap":{"functional-code":{"insertions":216,"deletions":6},"test-code":{"insertions":37,"deletions":2}}},{"hash":"b8165b55cffa507e3b0b54e2c2543fdd1cfee8b1","isMergeCommit":false,"messageTitle":"Fix errors","messageBody":"","fileTypesAndContributionMap":{"functional-code":{"insertions":0,"deletions":1}}},{"hash":"40c2d719c272182d63e704bcff5687c2b7c037c1","isMergeCommit":false,"messageTitle":"Revert Book equals method","messageBody":"","fileTypesAndContributionMap":{"functional-code":{"insertions":2,"deletions":3},"test-code":{"insertions":2,"deletions":2}}},{"hash":"553941b1bd4931b1e20f08f817d057b9e745eba6","isMergeCommit":false,"messageTitle":"Add 2 Junit test case for IssueCommand","messageBody":"","fileTypesAndContributionMap":{"functional-code":{"insertions":2,"deletions":2},"test-code":{"insertions":44,"deletions":0}}},{"hash":"6f8d9d7ba7d957d8999f7b32519377e8d60b2102","isMergeCommit":true,"messageTitle":"Fix conflicts locally","messageBody":"","fileTypesAndContributionMap":{}},{"hash":"0f1c5fdd992a02faed038d18ac66879d98c7f13a","isMergeCommit":false,"messageTitle":"Fix checkstyle","messageBody":"","fileTypesAndContributionMap":{"functional-code":{"insertions":0,"deletions":1}}},{"hash":"408ba26c17a7a4d86f0c964359b23c5f45d14781","isMergeCommit":true,"messageTitle":"Merge pull request #94 from Kiranlimtl/v1.4-IssueBookCommand","messageBody":"Add IssueCommand","fileTypesAndContributionMap":{}},{"hash":"3623449b7a6ede148515261c17330b92d49688e3","isMergeCommit":true,"messageTitle":"Merge pull request #96 from hutongyan/Return-Book-Command","messageBody":"Enable assertions in in build.gradle file","tags":["v1.4"],"fileTypesAndContributionMap":{}}]},{"date":"2025-03-28T00:00:00","commitResults":[{"hash":"c75e049f727bffcdbff4d472dc000e01be236f0d","isMergeCommit":false,"messageTitle":"Fix IssueCommand to follow OOP","messageBody":"","fileTypesAndContributionMap":{"functional-code":{"insertions":165,"deletions":59},"test-code":{"insertions":158,"deletions":38}}},{"hash":"2de3b14b30e3710be0b7b8fab08fa5d250c70c42","isMergeCommit":false,"messageTitle":"Add AddBookCommandParser Test","messageBody":"","fileTypesAndContributionMap":{"functional-code":{"insertions":4,"deletions":1},"test-code":{"insertions":88,"deletions":0}}},{"hash":"818941657bcb19e17e16b1ade6603dcb17816749","isMergeCommit":false,"messageTitle":"Add IssueCommandParserTest","messageBody":"","fileTypesAndContributionMap":{"test-code":{"insertions":63,"deletions":0}}},{"hash":"fcc5a46052f91e7ab9c164d085f5a7dbb9afc3da","isMergeCommit":false,"messageTitle":"Add book to UML diagram","messageBody":"","fileTypesAndContributionMap":{"docs":{"insertions":10,"deletions":0}}},{"hash":"1802fabcfd5bf08b25f97a3501821cef4d11f41f","isMergeCommit":false,"messageTitle":"Fix checkstyle","messageBody":"","fileTypesAndContributionMap":{"test-code":{"insertions":3,"deletions":2}}}]},{"date":"2025-03-29T00:00:00","commitResults":[{"hash":"6562cd075cae750051eee0b3e405d833529c84fb","isMergeCommit":true,"messageTitle":"Merge pull request #98 from Kiranlimtl/v1.4-UML","messageBody":"Add book to UML diagram","fileTypesAndContributionMap":{}},{"hash":"43a6b04c4101eeff2ab417bc361c5dbad8426c52","isMergeCommit":true,"messageTitle":"Merge pull request #99 from Kiranlimtl/v1.4-IssueCommandTest","messageBody":"V1.4 issue command test","fileTypesAndContributionMap":{}},{"hash":"a5ea8839fb2d7bd90ed348a581bdeb687dad4d0d","isMergeCommit":true,"messageTitle":"Merge pull request #103 from hutongyan/update-uml","messageBody":"Update ModelClassDiagram","fileTypesAndContributionMap":{}}]},{"date":"2025-04-01T00:00:00","commitResults":[{"hash":"7fb4d78301f878b279ec9173abd96d85490a639c","isMergeCommit":false,"messageTitle":"Add UniqueList\u003cBook\u003e to Person as a field","messageBody":"","fileTypesAndContributionMap":{"functional-code":{"insertions":40,"deletions":0},"other":{"insertions":1,"deletions":1}}},{"hash":"bad76692c883887c2d1f837d82bdba98c97a349a","isMergeCommit":false,"messageTitle":"Add test cases","messageBody":"","fileTypesAndContributionMap":{"functional-code":{"insertions":44,"deletions":24},"test-code":{"insertions":63,"deletions":3}}},{"hash":"fb84231a159e87777966a706cff9ad2f4090dbc5","isMergeCommit":false,"messageTitle":"Fix checkstyle","messageBody":"","fileTypesAndContributionMap":{"functional-code":{"insertions":0,"deletions":1}}},{"hash":"1064fe49fdc01405d77358f936199a1af9631000","isMergeCommit":false,"messageTitle":"Add more test","messageBody":"","fileTypesAndContributionMap":{"test-code":{"insertions":53,"deletions":0}}},{"hash":"cbf039c7908b6eaa6b518ce1241147d1f6489f65","isMergeCommit":false,"messageTitle":"Add more testing to cover checkStatus method","messageBody":"","fileTypesAndContributionMap":{"test-code":{"insertions":32,"deletions":2}}},{"hash":"9584fa505abf4ebffb04a0ddec440f1cadd9f03f","isMergeCommit":true,"messageTitle":"Merge pull request #105 from Kiranlimtl/v1.5-BookListInPerson","messageBody":"V1.5 book list in person","fileTypesAndContributionMap":{}},{"hash":"1e911784d091e49a68465372f277433585948606","isMergeCommit":false,"messageTitle":"Add ListBorrowedBooksCommand and test cases","messageBody":"","fileTypesAndContributionMap":{"functional-code":{"insertions":194,"deletions":2},"test-code":{"insertions":278,"deletions":2}}},{"hash":"15d54639642ce0e0e5fad38f76715bc84499a150","isMergeCommit":false,"messageTitle":"Fix checkstyle","messageBody":"","fileTypesAndContributionMap":{"test-code":{"insertions":1,"deletions":2}}},{"hash":"1aaba33878a1066dbe7441833404f4d7335f1419","isMergeCommit":false,"messageTitle":"Fix checkstyle","messageBody":"","fileTypesAndContributionMap":{"functional-code":{"insertions":2,"deletions":5}}},{"hash":"5c2e3d1258871a8f599483c69f9d7da9f0d3574b","isMergeCommit":false,"messageTitle":"Fix checkstyle","messageBody":"","fileTypesAndContributionMap":{"test-code":{"insertions":8,"deletions":4}}},{"hash":"d6b4bbe8d9ad72110a7e36e4498e34c1808a44a7","isMergeCommit":false,"messageTitle":"Add more test cases","messageBody":"","fileTypesAndContributionMap":{"test-code":{"insertions":47,"deletions":0}}}]},{"date":"2025-04-02T00:00:00","commitResults":[{"hash":"29de6132872a5af7e03b2cf815bf2ee053619d53","isMergeCommit":true,"messageTitle":"Merge pull request #108 from Kiranlimtl/v1.5-ListBorrowedBooksCommand","messageBody":"Add ListBorrowedBooksCommand and test cases","fileTypesAndContributionMap":{}}]},{"date":"2025-04-03T00:00:00","commitResults":[{"hash":"a38c776de55c57dcc363afde49d381102013ff51","isMergeCommit":false,"messageTitle":"Add due date when listing borrowed books","messageBody":"","fileTypesAndContributionMap":{"functional-code":{"insertions":3,"deletions":1},"test-code":{"insertions":6,"deletions":3}}}]}],"PriyadarshiCharvi":[{"date":"2025-03-08T00:00:00","commitResults":[{"hash":"959943cf4526eef4456ed15766864ea562997a2f","isMergeCommit":false,"messageTitle":"Update About Us page- PriyadarshiCharvi","messageBody":"","fileTypesAndContributionMap":{"docs":{"insertions":5,"deletions":4}}},{"hash":"717898b17abec33c3c170f1718354e149913d0d4","isMergeCommit":true,"messageTitle":"Merge pull request #20 from PriyadarshiCharvi/add-photo","messageBody":"Add Charvi\u0027s photo","fileTypesAndContributionMap":{}},{"hash":"c8efaf0e4469a66f5e4b1d1142b1ddc6914123b4","isMergeCommit":true,"messageTitle":"Merge pull request #22 from PriyadarshiCharvi/update-aboutus-priyadarshicharvi","messageBody":"Update About Us page","fileTypesAndContributionMap":{}},{"hash":"d883f91d7ab8c52e1ce8796bcef568f0bd696a9f","isMergeCommit":false,"messageTitle":"Edit About Us page","messageBody":"","fileTypesAndContributionMap":{"docs":{"insertions":1,"deletions":2}}},{"hash":"d8691ed45d9735f29e50a317605a2fefb454330a","isMergeCommit":false,"messageTitle":"Edit About Us page","messageBody":"","fileTypesAndContributionMap":{"docs":{"insertions":1,"deletions":1}}},{"hash":"77fe613729de22fd1f9a72d7a672bc0834bdd1e9","isMergeCommit":true,"messageTitle":"Merge pull request #24 from PriyadarshiCharvi/edit-aboutus-priyadarshicharvi","messageBody":"Update About Us page","fileTypesAndContributionMap":{}}]},{"date":"2025-03-09T00:00:00","commitResults":[{"hash":"8fa74f16d633584f49c73c22cd39a8d89a0b5979","isMergeCommit":false,"messageTitle":"Update README to align with our project","messageBody":"","fileTypesAndContributionMap":{"docs":{"insertions":1,"deletions":1}}},{"hash":"2f7f3879953ef0a9d6b33d8aacddcce5b890160e","isMergeCommit":true,"messageTitle":"Merge pull request #31 from PriyadarshiCharvi/update-readme","messageBody":"Update README to align with our project","fileTypesAndContributionMap":{}}]},{"date":"2025-03-10T00:00:00","commitResults":[{"hash":"387100a642a2ffcb5380e1cb71f840a6770e0e0d","isMergeCommit":false,"messageTitle":"Update Developer Guide user stories","messageBody":"","fileTypesAndContributionMap":{"docs":{"insertions":15,"deletions":8}}},{"hash":"f20716a5c4b80f01b140690db42b686941cb8364","isMergeCommit":true,"messageTitle":"Merge branch \u0027master\u0027 into update-dg-user-stories","messageBody":"","fileTypesAndContributionMap":{}},{"hash":"bd5e167ef0a217800ab7f86ff9e75485550e1450","isMergeCommit":true,"messageTitle":"Merge pull request #42 from PriyadarshiCharvi/update-dg-user-stories","messageBody":"Update Developer Guide user stories","fileTypesAndContributionMap":{}}]},{"date":"2025-03-13T00:00:00","commitResults":[{"hash":"35139194a5c9875bf297c6535a90916d12133e61","isMergeCommit":false,"messageTitle":"Modify existing list command to include optional filters like membership status, etc","messageBody":"","fileTypesAndContributionMap":{"functional-code":{"insertions":149,"deletions":5},"docs":{"insertions":2,"deletions":1}}},{"hash":"0754cafe692882bb41ba3e0f55c197c16b508641","isMergeCommit":false,"messageTitle":"Make email as unique attribute for users instead of name","messageBody":"","fileTypesAndContributionMap":{"functional-code":{"insertions":1,"deletions":1}}},{"hash":"32e66ab11be641817ca629b65a6a8bc40035c760","isMergeCommit":false,"messageTitle":"Make email as the unique attribute for users instead of name","messageBody":"","fileTypesAndContributionMap":{"functional-code":{"insertions":1,"deletions":1}}}]},{"date":"2025-03-14T00:00:00","commitResults":[{"hash":"be6eed5ba75211f2936634bc0babca1389ace009","isMergeCommit":false,"messageTitle":"Fix checkstyle errors by modifying import statement ordering","messageBody":"","fileTypesAndContributionMap":{"functional-code":{"insertions":2,"deletions":3}}},{"hash":"7070214d60e6735279eac0caf32a255afec8c1cf","isMergeCommit":true,"messageTitle":"Merge pull request #60 from PriyadarshiCharvi/modify-list-command","messageBody":"Modify list command to include optional filters","fileTypesAndContributionMap":{}}]},{"date":"2025-03-20T00:00:00","commitResults":[{"hash":"8c2a7e6282c5368fc0ac8e0dd26ba612a5763073","isMergeCommit":true,"messageTitle":"Merge commit \u00279cd451023ee59d71865c054c04334cf5aec998a7\u0027","messageBody":"","fileTypesAndContributionMap":{}},{"hash":"11b3348dea3a2fc9e30de1817c92d206c4633a58","isMergeCommit":false,"messageTitle":"Add test cases for ListCommand","messageBody":"","fileTypesAndContributionMap":{"test-code":{"insertions":126,"deletions":0}}},{"hash":"42c11339071dbde58c0870247b0b049834b10a89","isMergeCommit":true,"messageTitle":"Merge pull request #83 from PriyadarshiCharvi/list-users-test-cases","messageBody":"Test cases for List Users Command","fileTypesAndContributionMap":{}}]},{"date":"2025-03-24T00:00:00","commitResults":[{"hash":"ef3d10f39e5dfc2907358d8e3512e2174b7a74b2","isMergeCommit":false,"messageTitle":"Update User Guide to include MVP modifications","messageBody":"","fileTypesAndContributionMap":{"docs":{"insertions":30,"deletions":19}}},{"hash":"18e334d915d5fdb3eab4b1ada3e5ef82fe8da785","isMergeCommit":false,"messageTitle":"Add new book commands in the UG","messageBody":"","fileTypesAndContributionMap":{"docs":{"insertions":28,"deletions":1}}},{"hash":"fa234f858a64191bba2a9df1d9e4c30b866e3cf9","isMergeCommit":true,"messageTitle":"Merge pull request #87 from PriyadarshiCharvi/update-ug","messageBody":"Update User Guide to include MVP modifications","fileTypesAndContributionMap":{}}]},{"date":"2025-04-02T00:00:00","commitResults":[{"hash":"827b439066e0c2cd04f82d1a32baf6fbbef3e926","isMergeCommit":false,"messageTitle":"Improve GUI design with a light theme and labeled user fields","messageBody":"","fileTypesAndContributionMap":{"functional-code":{"insertions":204,"deletions":73}}},{"hash":"75ec7013943a2e600e3cacf52a9c06282175531f","isMergeCommit":false,"messageTitle":"Fix checkstyle issues","messageBody":"","fileTypesAndContributionMap":{"functional-code":{"insertions":2,"deletions":2}}},{"hash":"9fb1d115a558183f007e0e25415583105fe8fea6","isMergeCommit":false,"messageTitle":"Add tests for uncovered lines","messageBody":"","fileTypesAndContributionMap":{"functional-code":{"insertions":24,"deletions":0},"test-code":{"insertions":114,"deletions":0}}},{"hash":"3d663941736fd4d76337ad25e3a221f013b4e03e","isMergeCommit":false,"messageTitle":"Fix tests","messageBody":"","fileTypesAndContributionMap":{"test-code":{"insertions":4,"deletions":1}}},{"hash":"498041e5fc54c0a8b61fd00b89391ec68d2b7684","isMergeCommit":false,"messageTitle":"Add additional tests","messageBody":"","fileTypesAndContributionMap":{"test-code":{"insertions":17,"deletions":0}}}]},{"date":"2025-04-03T00:00:00","commitResults":[{"hash":"cf806b2014403e6c53e769f80c3e9d122a37ffad","isMergeCommit":false,"messageTitle":"Add more tests to increase coverage","messageBody":"","fileTypesAndContributionMap":{"functional-code":{"insertions":8,"deletions":0},"test-code":{"insertions":43,"deletions":27}}},{"hash":"18d0bd65854baaef1daff5b560e6b267cd3e617c","isMergeCommit":false,"messageTitle":"Fix codecov coverage check","messageBody":"","fileTypesAndContributionMap":{"test-code":{"insertions":14,"deletions":0}}},{"hash":"be08ec31649236dde42c2bdd891cbc4b9acaddbf","isMergeCommit":false,"messageTitle":"Implement more test coverage","messageBody":"","fileTypesAndContributionMap":{"functional-code":{"insertions":0,"deletions":3},"test-code":{"insertions":27,"deletions":0}}},{"hash":"23684afc714996300008ac04b5321d7129f63b57","isMergeCommit":true,"messageTitle":"Merge pull request #110 from PriyadarshiCharvi/update-gui","messageBody":"Improve GUI design with a light theme and labeled user fields","fileTypesAndContributionMap":{}},{"hash":"e0eb6aa8fc231558ea22d430cb53308485af9467","isMergeCommit":false,"messageTitle":"Enhance \u0027help\u0027 command to display list of all available commands in the application window","messageBody":"","fileTypesAndContributionMap":{"functional-code":{"insertions":40,"deletions":6},"test-code":{"insertions":5,"deletions":4}}},{"hash":"7e0600acb1286baa6c3bdd775d69628daf7553c4","isMergeCommit":false,"messageTitle":"Update extend command in \u0027help\u0027 message","messageBody":"","fileTypesAndContributionMap":{"functional-code":{"insertions":6,"deletions":3}}},{"hash":"730cdc6aa19ea53a5542729ca1cfea7e452a5f10","isMergeCommit":true,"messageTitle":"Merge pull request #120 from PriyadarshiCharvi/update-help-command","messageBody":"Enhance \u0027help\u0027 command to display list of all available commands","fileTypesAndContributionMap":{}}]}],"NaelAnoob":[{"date":"2025-03-10T00:00:00","commitResults":[{"hash":"dffdcc79d24fcbcd14c3f70b3279ac2dbe751323","isMergeCommit":true,"messageTitle":"Merge pull request #38 from NaelAnoob/master","messageBody":"Add Nael\u0027s Photo","fileTypesAndContributionMap":{}},{"hash":"a0da76a31509c63a40f054b649bd5210a7a12d03","isMergeCommit":false,"messageTitle":"Update About Us page - Nael","messageBody":"","fileTypesAndContributionMap":{"docs":{"insertions":6,"deletions":5}}},{"hash":"15975ec0108cb6cee775efb6a5b8b0d45f0fa7af","isMergeCommit":true,"messageTitle":"Merge pull request #40 from NaelAnoob/UpdateAboutUs-Nael","messageBody":"Update About Us Page - Nael","fileTypesAndContributionMap":{}},{"hash":"74d515023525d64aff9e8d05e414eabc01db0048","isMergeCommit":false,"messageTitle":"Fix About Us - Nael","messageBody":"","fileTypesAndContributionMap":{"docs":{"insertions":1,"deletions":1}}},{"hash":"e1eec4eabea6097d3e7390e5d2b2a6f81bb41c1a","isMergeCommit":true,"messageTitle":"Merge pull request #41 from NaelAnoob/UpdateAboutUs-Nael","messageBody":"Fix About Us - Nael","fileTypesAndContributionMap":{}},{"hash":"e38aecaaa7df80eaed36e8148421acb9fa5931ed","isMergeCommit":false,"messageTitle":"Fix About Us - Nael","messageBody":"","fileTypesAndContributionMap":{"docs":{"insertions":1,"deletions":1}}},{"hash":"34f5a9acd62cfcbf9c49f6d44bc4eba705742e8f","isMergeCommit":true,"messageTitle":"Merge pull request #43 from NaelAnoob/fix-naelanoob-info","messageBody":"Change Nael\u0027s Photo to png","fileTypesAndContributionMap":{}},{"hash":"f98f831e1ac4778ad29aa601d4934c8997e1019e","isMergeCommit":true,"messageTitle":"Merge pull request #44 from NaelAnoob/fix-AboutUs-Nael","messageBody":"Fix About Us - Nael","fileTypesAndContributionMap":{}},{"hash":"6a22d11f40d67743defb0d5d5ae0e11aba091652","isMergeCommit":false,"messageTitle":"Commit xml files","messageBody":"","fileTypesAndContributionMap":{"other":{"insertions":62,"deletions":0}}},{"hash":"6ce4b297274a770f6482e489d0d63eea9035ec7b","isMergeCommit":false,"messageTitle":"Add prefixes to CLISyntax","messageBody":"","fileTypesAndContributionMap":{"functional-code":{"insertions":4,"deletions":1},"other":{"insertions":9,"deletions":5}}}]},{"date":"2025-03-11T00:00:00","commitResults":[{"hash":"2174407a14ae1ec2110ee75eff6340cd16444d5f","isMergeCommit":false,"messageTitle":"Add classes corresponding to prefixes I created a new package for Fees and Book since they don\u0027t really fit in with the rest of the person package.","messageBody":"","fileTypesAndContributionMap":{"functional-code":{"insertions":51,"deletions":0}}},{"hash":"bae5e0f17792f92ca3c1ad1cfcfd64bb4628a1be","isMergeCommit":false,"messageTitle":"Modify Person class and Parser classes to use membership status","messageBody":"Note that I haven\u0027t changed the actual commands to use the classes, despite the errors thrown.\nI assume that\u0027ll be done later\n","fileTypesAndContributionMap":{"functional-code":{"insertions":72,"deletions":39}}},{"hash":"dcfc31afa424a71330224c35c2b99045af145102","isMergeCommit":false,"messageTitle":"Fill in classes for Book and Fees It is minimal as I don\u0027t see any other command that requires more functionality in these two classes as of now.","messageBody":"","fileTypesAndContributionMap":{"functional-code":{"insertions":19,"deletions":0}}},{"hash":"1e56d3a3405aeef7bdc27a3502d77f041e402636","isMergeCommit":false,"messageTitle":"Fix for checks","messageBody":"","fileTypesAndContributionMap":{"other":{"insertions":4,"deletions":4},"docs":{"insertions":4,"deletions":5}}},{"hash":"2c98e3e8a11cb2639b99849aee260a3b69944704","isMergeCommit":false,"messageTitle":"Fix for checks again","messageBody":"","fileTypesAndContributionMap":{"docs":{"insertions":10,"deletions":15}}},{"hash":"2874477ccfbb7697aaed31fda2baa24c2a5d1899","isMergeCommit":false,"messageTitle":"Edit EditCommand and AddCommand to use membership","messageBody":"","fileTypesAndContributionMap":{"functional-code":{"insertions":21,"deletions":16}}},{"hash":"5be09e7c4db0f46dc1f40066b3752445a62f4c2d","isMergeCommit":false,"messageTitle":"Modify every usage of Person to use Membership","messageBody":"","fileTypesAndContributionMap":{"functional-code":{"insertions":19,"deletions":10},"test-code":{"insertions":88,"deletions":35}}},{"hash":"fb72a70f290dcf316fd52b810b37c78b1bdaeb2f","isMergeCommit":false,"messageTitle":"Fix bug in EditCommandParser","messageBody":"","fileTypesAndContributionMap":{"functional-code":{"insertions":1,"deletions":1}}},{"hash":"b69cc11fb4b2d998901f559661f32c0422f63f4e","isMergeCommit":false,"messageTitle":"Fix checkstyle 1","messageBody":"","fileTypesAndContributionMap":{"functional-code":{"insertions":41,"deletions":5}}},{"hash":"3ec7ea67dbe99430b8fc9bb3a9c5d6bb134e3c59","isMergeCommit":false,"messageTitle":"Reorder imports","messageBody":"","fileTypesAndContributionMap":{"functional-code":{"insertions":1,"deletions":4}}},{"hash":"d1fde2567201a9f66577adcaa4bfb6e50891ca5a","isMergeCommit":true,"messageTitle":"Merge branch \u0027checkstyle-fixes\u0027 into add-prefixes-Nael","messageBody":"","fileTypesAndContributionMap":{}}]},{"date":"2025-03-12T00:00:00","commitResults":[{"hash":"1c960085cfffc7e6056b6373138873d22c2427ad","isMergeCommit":false,"messageTitle":"Fix checkstyle","messageBody":"","fileTypesAndContributionMap":{"functional-code":{"insertions":9,"deletions":4}}},{"hash":"033319cf8541a2346f19d3dc69b319801d1d98fa","isMergeCommit":false,"messageTitle":"Fix checkstyle","messageBody":"","fileTypesAndContributionMap":{"functional-code":{"insertions":8,"deletions":9}}},{"hash":"30ca76b9d6a3789d6f1814ea4d3ed5923c2ecc8c","isMergeCommit":false,"messageTitle":"Fix checkstyle","messageBody":"","fileTypesAndContributionMap":{"functional-code":{"insertions":13,"deletions":11}}},{"hash":"2b994b7576682cfa6e7a0705bae0e395d7ba801c","isMergeCommit":false,"messageTitle":"Fix checkstyle","messageBody":"","fileTypesAndContributionMap":{"functional-code":{"insertions":65,"deletions":11}}},{"hash":"822e5d6e15f9843c137dd843e56a6e4ab794eeff","isMergeCommit":false,"messageTitle":"Add newline to EOF","messageBody":"","fileTypesAndContributionMap":{"functional-code":{"insertions":3,"deletions":3}}},{"hash":"074027b3c99225a262579d106bf31bd924f98f80","isMergeCommit":false,"messageTitle":"Fix checkstyle - Tests","messageBody":"","fileTypesAndContributionMap":{"test-code":{"insertions":128,"deletions":20}}},{"hash":"942fd10f3bc121e835a9c22ae470962bd02bb302","isMergeCommit":false,"messageTitle":"Fix Person.toString()","messageBody":"","fileTypesAndContributionMap":{"functional-code":{"insertions":1,"deletions":0}}},{"hash":"da1dd1bae4e673837efa17afb3ef58eb7d85c486","isMergeCommit":false,"messageTitle":"Edit test values","messageBody":"","fileTypesAndContributionMap":{"test-code":{"insertions":1,"deletions":1}}},{"hash":"e5567b4cfdab42cdcc57c2ff39d5248723b24246","isMergeCommit":false,"messageTitle":"Fix checkstyle","messageBody":"","fileTypesAndContributionMap":{"test-code":{"insertions":2,"deletions":1}}},{"hash":"4fca64a3d266b23e19caeb7752559ee83d130474","isMergeCommit":false,"messageTitle":"modify exceptions in Membership","messageBody":"","fileTypesAndContributionMap":{"functional-code":{"insertions":21,"deletions":4},"test-code":{"insertions":4,"deletions":7}}},{"hash":"c57a2ce5cc1203fc3a45b34174298125bb134592","isMergeCommit":false,"messageTitle":"Fix checkstyle","messageBody":"","fileTypesAndContributionMap":{"functional-code":{"insertions":10,"deletions":0}}},{"hash":"c5c5cfb69f84f58632a06e94669fbf0f2da0b62d","isMergeCommit":false,"messageTitle":"fix checkstyle","messageBody":"","fileTypesAndContributionMap":{"test-code":{"insertions":6,"deletions":2}}},{"hash":"0a01b51a0f3bfc7e68db730e2b22cdb1bbbe928b","isMergeCommit":true,"messageTitle":"Merge pull request #52 from NaelAnoob/add-prefixes-Nael","messageBody":"Add and manage prefixes - Nael","fileTypesAndContributionMap":{}}]},{"date":"2025-03-18T00:00:00","commitResults":[{"hash":"6dd53724cb18fb6d7d4cea7079a2717d48a36f2c","isMergeCommit":false,"messageTitle":"Add three use cases to developer guide","messageBody":"","fileTypesAndContributionMap":{"docs":{"insertions":73,"deletions":2}}},{"hash":"7bb455081ed52dcd186f712b88b6ef67f0c1dd7d","isMergeCommit":false,"messageTitle":"Modify lend a book use case","messageBody":"","fileTypesAndContributionMap":{"docs":{"insertions":7,"deletions":1}}},{"hash":"509c291355f7879ad67a090c80cf668f079cc888","isMergeCommit":true,"messageTitle":"Merge pull request #67 from NaelAnoob/update-dg-use-cases","messageBody":"Add three use cases to developer guide","fileTypesAndContributionMap":{}}]},{"date":"2025-03-20T00:00:00","commitResults":[{"hash":"528513933247305dcd1e5765b71f79a2d619ae77","isMergeCommit":true,"messageTitle":"Merge branch \u0027AY2425S2-CS2103T-W13-3:master\u0027 into fix-prefix-testcases","messageBody":"","fileTypesAndContributionMap":{}},{"hash":"7b44c9f41e3dbdf9ef362718d99a42338ff3a326","isMergeCommit":false,"messageTitle":"Add and modify test cases with membership prefix","messageBody":"","fileTypesAndContributionMap":{"test-code":{"insertions":57,"deletions":5}}},{"hash":"271481dae254b4d7f7d849805a64c58fddcb230b","isMergeCommit":false,"messageTitle":"Fix checkstyle","messageBody":"","fileTypesAndContributionMap":{"test-code":{"insertions":12,"deletions":0}}},{"hash":"95da31a34cce0176e921fa1ce1d092a0316c6009","isMergeCommit":false,"messageTitle":"Fix checkstyle","messageBody":"","fileTypesAndContributionMap":{"test-code":{"insertions":1,"deletions":5}}},{"hash":"94bb57b30ef8632889db94804776b223e1875aa2","isMergeCommit":true,"messageTitle":"Merge pull request #81 from NaelAnoob/fix-prefix-testcases","messageBody":"Fix json files and add tests for membership prefix","fileTypesAndContributionMap":{}}]},{"date":"2025-04-03T00:00:00","commitResults":[{"hash":"9c013258c0c759824b8df978dea6ed6cc02cb90e","isMergeCommit":false,"messageTitle":"Implement extend command","messageBody":"","fileTypesAndContributionMap":{"functional-code":{"insertions":222,"deletions":0}}},{"hash":"957a6286e73775b6ee877f0bd2756c9881278e0f","isMergeCommit":false,"messageTitle":"Add EOF whitespace","messageBody":"","fileTypesAndContributionMap":{"functional-code":{"insertions":1,"deletions":1}}},{"hash":"5acd33e97a9eb3a8c9eb853382216f807dd430bf","isMergeCommit":false,"messageTitle":"Fix checkstyle","messageBody":"","fileTypesAndContributionMap":{"functional-code":{"insertions":13,"deletions":7}}},{"hash":"725e8d8c05a4ce05196dfe24cd6147d940d7d59c","isMergeCommit":false,"messageTitle":"Fix checkstyle","messageBody":"","fileTypesAndContributionMap":{"functional-code":{"insertions":3,"deletions":2}}},{"hash":"1d460ff9154b85d028e9e89f4061cbed5eeba14e","isMergeCommit":false,"messageTitle":"Fix test","messageBody":"","fileTypesAndContributionMap":{"test-code":{"insertions":10,"deletions":0}}},{"hash":"33e8151800d81edb1d48e1f64f7eb9606deb82e8","isMergeCommit":false,"messageTitle":"Add tests for extend command","messageBody":"","fileTypesAndContributionMap":{"functional-code":{"insertions":5,"deletions":2},"test-code":{"insertions":231,"deletions":0}}},{"hash":"ae5e80ffb9e09c7f1a4c357c59af6d3996a3e402","isMergeCommit":true,"messageTitle":"Merge branch \u0027master\u0027 into add-extend-command","messageBody":"","fileTypesAndContributionMap":{}},{"hash":"2d7f755e0e087b761d7fcf498470c63bd8fb8f14","isMergeCommit":true,"messageTitle":"Merge pull request #117 from NaelAnoob/add-extend-command","messageBody":"Add extend command","tags":["v1.5"],"fileTypesAndContributionMap":{}}]}]},"authorFileTypeContributionMap":{"arnavbajpai":{"docs":173,"functional-code":842,"test-code":403},"hutongyan":{"docs":49,"functional-code":180,"test-code":318,"other":4},"Kiranlimtl":{"docs":29,"functional-code":759,"test-code":1312,"other":1},"PriyadarshiCharvi":{"docs":72,"functional-code":417,"test-code":321},"NaelAnoob":{"docs":82,"functional-code":431,"test-code":484,"other":66}},"authorContributionVariance":{"arnavbajpai":28478.81,"hutongyan":4342.585,"Kiranlimtl":27537.666,"PriyadarshiCharvi":5877.945,"NaelAnoob":12723.637},"authorDisplayNameMap":{"arnavbajpai":"CS2103T-W13-3 BAJP..RNAV","hutongyan":"CS2103T-W13-3 HU T..GYAN","Kiranlimtl":"CS2103T-W13-3 LIM ..IRAN","PriyadarshiCharvi":"CS2103T-W13-3 PRIY..ARVI","NaelAnoob":"CS2103T-W13-3 ANOO..NAEL"}}
