{"authorDailyContributionsMap":{"chuahziyang":[{"date":"2025-03-20T00:00:00","commitResults":[{"hash":"f2bce72d3c1c55a6bf08e2ce9f691f77a2429cc6","isMergeCommit":false,"messageTitle":"add: ziyang/aboutus","messageBody":"","fileTypesAndContributionMap":{"docs":{"insertions":4,"deletions":6}}},{"hash":"05885af8f606aa2c93525776316bb1fe4791fc4a","isMergeCommit":false,"messageTitle":"feat: added tag command","messageBody":"","fileTypesAndContributionMap":{"functional-code":{"insertions":140,"deletions":0}}},{"hash":"9fae45c61f1c6decc188b2eaaab7b487ab47073c","isMergeCommit":false,"messageTitle":"fix: checkstyle","messageBody":"","fileTypesAndContributionMap":{"functional-code":{"insertions":4,"deletions":3}}},{"hash":"f2487b8f9ec1edaf98c9f32edd80001699ff7096","isMergeCommit":true,"messageTitle":"Merge pull request #26 from chuahziyang/ziyang/aboutus","messageBody":"add: ziyang/aboutus","fileTypesAndContributionMap":{}},{"hash":"9698ef7248364037a6292834a0feb1c35eaf561b","isMergeCommit":true,"messageTitle":"Merge pull request #25 from chuahziyang/ziyang/feat","messageBody":"feat: added tag command","fileTypesAndContributionMap":{}}]},{"date":"2025-03-27T00:00:00","commitResults":[{"hash":"3f7d58d3f31c3a61bd468c10b0dd3764a483f499","isMergeCommit":true,"messageTitle":"Merge pull request #2 from cerulyean/Update-site-settings-B","messageBody":"Changed some descriptions in the website to more accurately reflect ConnectEase","fileTypesAndContributionMap":{}},{"hash":"426035fe9bda022c177d56ac41066d3c224b5348","isMergeCommit":false,"messageTitle":"feat: added clicktag support","messageBody":"","fileTypesAndContributionMap":{"functional-code":{"insertions":37,"deletions":5}}},{"hash":"e3e5ab55a1b70007a81985aaca16d522a78f6bd2","isMergeCommit":true,"messageTitle":"Merge branch \u0027master\u0027 into ziyang/bettertagsearch","messageBody":"","fileTypesAndContributionMap":{}},{"hash":"b24a2e04cd9a6a82b22610f264b36e3c4a36caf9","isMergeCommit":false,"messageTitle":"fix: checkstyle","messageBody":"","fileTypesAndContributionMap":{"functional-code":{"insertions":16,"deletions":9}}},{"hash":"95ec56f1264cc469b29993063e7fecf4ebe7c3e5","isMergeCommit":true,"messageTitle":"Merge pull request #45 from cerulyean/matchcommand/01-update-Messages.java","messageBody":"Matchcommand/01 update messages.java","fileTypesAndContributionMap":{}}]},{"date":"2025-04-03T00:00:00","commitResults":[{"hash":"b4a6d290ad5a02caf946c4c0d040ad0ac092e110","isMergeCommit":true,"messageTitle":"Merge pull request #57 from cerulyean/implementing-attr-02","messageBody":"Implementing attr 02","fileTypesAndContributionMap":{}},{"hash":"00c76346057eb8b7d1cbe170570b644cb01085ac","isMergeCommit":false,"messageTitle":"feat: added storage for extra fields","messageBody":"","fileTypesAndContributionMap":{"functional-code":{"insertions":238,"deletions":2}}},{"hash":"62e30eb7e9d4ed63db996055cf1328e0f301298e","isMergeCommit":false,"messageTitle":"fix: removed extra debug print","messageBody":"","fileTypesAndContributionMap":{"functional-code":{"insertions":0,"deletions":1}}},{"hash":"935bc0e2a1d55973fba125c861c2e2a56305bf4c","isMergeCommit":false,"messageTitle":"fix: cleanup print messages","messageBody":"","fileTypesAndContributionMap":{"functional-code":{"insertions":0,"deletions":2}}},{"hash":"7a4a689e46910580be211fdadfe8e95918706b90","isMergeCommit":false,"messageTitle":"update: UserGuide","messageBody":"","fileTypesAndContributionMap":{"docs":{"insertions":9,"deletions":1}}},{"hash":"3d96cf055e56aee2a9f886e3b8e79ba4666a2c26","isMergeCommit":false,"messageTitle":"fix: spacing","messageBody":"","fileTypesAndContributionMap":{"docs":{"insertions":1,"deletions":0}}},{"hash":"b351bdb6f662a214ea7d7ad1218b8f80c8b3d5a5","isMergeCommit":false,"messageTitle":"add: DeveloperGuide","messageBody":"","fileTypesAndContributionMap":{"docs":{"insertions":7,"deletions":0}}}]},{"date":"2025-04-04T00:00:00","commitResults":[{"hash":"6aa82d68f5639a17f364c7ce60faa35fb2630dec","isMergeCommit":true,"messageTitle":"Merge pull request #93 from AY2425S2-CS2103T-T15-4/ziyang/storage","messageBody":"Ziyang/storage","fileTypesAndContributionMap":{}}]}],"jhwan0707":[{"date":"2025-03-20T00:00:00","commitResults":[{"hash":"7e02fafe81dbfe15e3a717272bb41a418add9bde","isMergeCommit":false,"messageTitle":"Add Junghwan\u0027s photo to AboutUs page","messageBody":"","fileTypesAndContributionMap":{"docs":{"insertions":3,"deletions":5}}},{"hash":"fac249c775cdf4710e7d94e7ecdacd5ba179975d","isMergeCommit":true,"messageTitle":"Merge pull request #9 from jhwan0707/add-junghwan-photo","messageBody":"Add Junghwan\u0027s photo to AboutUs page","fileTypesAndContributionMap":{}},{"hash":"7ecdf104dfa29d704192d6d6cf22d099b3346851","isMergeCommit":false,"messageTitle":"Add Junghwan\u0027s details to AboutUs page (#10)","messageBody":"","fileTypesAndContributionMap":{"docs":{"insertions":1,"deletions":1}}},{"hash":"934e051b5e540d666da08dc883c8c07b2cc20a43","isMergeCommit":true,"messageTitle":"Merge pull request #11 from jhwan0707/add-junghwan-aboutus","messageBody":"Add Junghwan\u0027s details to AboutUs page (#10)","fileTypesAndContributionMap":{}},{"hash":"4e7e8241d5ac9221fb11179927afae1941d450d1","isMergeCommit":false,"messageTitle":"Update build status badge in README (#14)","messageBody":"","fileTypesAndContributionMap":{"docs":{"insertions":1,"deletions":1}}},{"hash":"2c1cee1b02b8b1b9d856aa38434971e16f277160","isMergeCommit":true,"messageTitle":"Merge pull request #15 from jhwan0707/update-build-badge","messageBody":"Update build status badge in README (#14)","fileTypesAndContributionMap":{}},{"hash":"5ca9c845a0abda0816c56bb4c0411ad61c02ad40","isMergeCommit":false,"messageTitle":"Acknowledge AB3 source in README (#16)","messageBody":"","fileTypesAndContributionMap":{"docs":{"insertions":2,"deletions":0}}},{"hash":"cb012c2089bdf5a1d08c9b2c52ad9b848abe5c1f","isMergeCommit":false,"messageTitle":"Add newline to README.md to fix EOF error","messageBody":"","fileTypesAndContributionMap":{"docs":{"insertions":2,"deletions":1}}},{"hash":"1fe3f499339c8b82b117dab3019c3b3e41bc0272","isMergeCommit":true,"messageTitle":"Merge pull request #17 from jhwan0707/acknowledge-ab3","messageBody":"Acknowledge AB3 source in README (#16)","fileTypesAndContributionMap":{}},{"hash":"760dbf457f0c423af053718b71762e4d73b09d29","isMergeCommit":true,"messageTitle":"Merge pull request #6 from cerulyean/Update-the-DG","messageBody":"Updated user stories, glossary, NFRs, use cases in the DeveloperGuide.md","fileTypesAndContributionMap":{}},{"hash":"a2188a5c92f324171df5e38fc4a8c3e637991889","isMergeCommit":false,"messageTitle":"Add AB3 acknowledgement to README:","messageBody":"","fileTypesAndContributionMap":{"docs":{"insertions":0,"deletions":1}}},{"hash":"6e06c9ce921f4d7572c2e21e739de2e1e01378d2","isMergeCommit":true,"messageTitle":"Merge branch \u0027master\u0027 into acknowledge-ab3 Sync acknowledge-ab3 with master after PR merges","messageBody":"","fileTypesAndContributionMap":{}},{"hash":"530495e14f5a7da46562aca0e70a641033b71187","isMergeCommit":true,"messageTitle":"Merge pull request #20 from jhwan0707/acknowledge-ab3","messageBody":"Acknowledge ab3","fileTypesAndContributionMap":{}},{"hash":"ff9300fa6ee52ba753e19aad0ed3007488200098","isMergeCommit":false,"messageTitle":"Update README contents to match ConnectEase project (#21)","messageBody":"","fileTypesAndContributionMap":{"docs":{"insertions":26,"deletions":10}}},{"hash":"acce08e3d2db52c876cde197bf3ee4f934ed7706","isMergeCommit":true,"messageTitle":"Merge pull request #22 from jhwan0707/update-readme-connectease","messageBody":"Update README contents to match ConnectEase project (#21)","fileTypesAndContributionMap":{}},{"hash":"5d24317e3df21a4516089c2e5a4f82a278911bec","isMergeCommit":false,"messageTitle":"Add leadStatus field to Person class with null default (#55)","messageBody":"","fileTypesAndContributionMap":{"functional-code":{"insertions":5,"deletions":1}}},{"hash":"0177629fe8d2780aa8eff5d0f84529425288ac69","isMergeCommit":true,"messageTitle":"Merge pull request #28 from jhwan0707/add-leadstatus-field","messageBody":"Add leadStatus field to Person class with null default (#23) and Add getLeadStatus() method","fileTypesAndContributionMap":{}},{"hash":"dce7a66f24b117389bf25a822fbd264956112afc","isMergeCommit":false,"messageTitle":"Add leadStatus to Person class constructor and methods (#29)","messageBody":"","fileTypesAndContributionMap":{"functional-code":{"insertions":18,"deletions":6}}},{"hash":"0345e9030b5f9a701de0e1f7f1cb8da9e0d794aa","isMergeCommit":true,"messageTitle":"Merge pull request #31 from jhwan0707/update-person-leadstatus","messageBody":"Add leadStatus to Person class constructor and methods (#29)","fileTypesAndContributionMap":{}},{"hash":"98fdea65972720ad21fc446e9490c5283013db78","isMergeCommit":true,"messageTitle":"Merge pull request #36 from cerulyean/fix/20/3/25","messageBody":"Update README.md","fileTypesAndContributionMap":{}},{"hash":"86a828cc2425ee7a36d280bf12f770acb6d345c1","isMergeCommit":true,"messageTitle":"Merge pull request #35 from cerulyean/leadStatus-UI","messageBody":"UI: Display leadStatus for Person if not null(#32)","fileTypesAndContributionMap":{}},{"hash":"52326f00267a0487600a98de50ebded48bb8ffb6","isMergeCommit":false,"messageTitle":"Add debug print for leadStatus in AddCommand for v1.3 release (#37)","messageBody":"","fileTypesAndContributionMap":{"functional-code":{"insertions":1,"deletions":0}}},{"hash":"76a5ca46f24af01a8cb3c2199290ae458823cef7","isMergeCommit":false,"messageTitle":"Fix trailing whitespace in DeveloperGuide.md and DarkTheme.css (#51)","messageBody":"","fileTypesAndContributionMap":{"functional-code":{"insertions":0,"deletions":1},"docs":{"insertions":3,"deletions":3}}},{"hash":"d55b14f0834ba710b6237a6f293f918938fe34cf","isMergeCommit":true,"messageTitle":"Merge pull request #38 from jhwan0707/release-v13-prep","messageBody":"Fixes #37. Added debug print to AddCommand and fixed trailing whitespace in DeveloperGuide.md and DarkTheme.css for v1.3. Builds on #37.","tags":["v1.3"],"fileTypesAndContributionMap":{}}]},{"date":"2025-03-27T00:00:00","commitResults":[{"hash":"b831634552a689db91e7fca4c276234cfbf2d33a","isMergeCommit":false,"messageTitle":"Add MultiFieldFuzzyPredicate for fuzzy search across name, phone, email","messageBody":"","fileTypesAndContributionMap":{"functional-code":{"insertions":46,"deletions":0}}},{"hash":"78888f5014049eea7c8ab7eb7c7a10a8d1fc5e5c","isMergeCommit":false,"messageTitle":"Enhance find command with fuzzy multi-field search and alias \u0027f\u0027","messageBody":"","fileTypesAndContributionMap":{"functional-code":{"insertions":36,"deletions":19},"test-code":{"insertions":24,"deletions":14}}},{"hash":"a1e4a35834bc6a54476c4d982e46c17b79ffc17b","isMergeCommit":false,"messageTitle":"add district, price, landSize fields with setters to Person","messageBody":"Closes #41\n","fileTypesAndContributionMap":{"functional-code":{"insertions":17,"deletions":0}}},{"hash":"57019da78ab0192d35b502a5bef379beec2367b8","isMergeCommit":true,"messageTitle":"Merge pull request #46 from cerulyean/matchcommand/02-wrote-predicate-logic","messageBody":"Matchcommand/02 wrote predicate logic (#43)","fileTypesAndContributionMap":{}},{"hash":"c79f2a699c831ceaaf7f8ad42c0805cc5c6fc783","isMergeCommit":true,"messageTitle":"Merge pull request #48 from AY2425S2-CS2103T-T15-4/ziyang/bettertagsearch","messageBody":"Ziyang/bettertagsearch","fileTypesAndContributionMap":{}},{"hash":"6cfe9f23f1d0b3d76477d3f4a1561a40522d487f","isMergeCommit":true,"messageTitle":"Merge pull request #49 from cerulyean/matchcommand/03-created-matchcommand-skeleton","messageBody":"Matchcommand/03 created matchcommand skeleton (#43)","fileTypesAndContributionMap":{}},{"hash":"568c635bce4cbf1c823c1fbb05777f6e72b06554","isMergeCommit":true,"messageTitle":"Merge pull request #50 from cerulyean/matchcommand/04-added-equals","messageBody":"Matchcommand/04 added equals (#43)","fileTypesAndContributionMap":{}},{"hash":"7f17a59ec8d72d22ef5a7d4fca238923777b8c31","isMergeCommit":true,"messageTitle":"Merge pull request #51 from cerulyean/matchcommand/05-added-tostring","messageBody":"Matchcommand/05 added tostring (#43)","fileTypesAndContributionMap":{}}]},{"date":"2025-04-02T00:00:00","commitResults":[{"hash":"ff1760ff78c632c5dcebf7c9d4a544b5f03458e9","isMergeCommit":false,"messageTitle":"build: enable assertions for alpha testing","messageBody":"","fileTypesAndContributionMap":{"other":{"insertions":4,"deletions":0}}},{"hash":"f62ce2e9da803c96e4d9ce62df82d8b81446ffee","isMergeCommit":true,"messageTitle":"Merge pull request #59 from jhwan0707/feature/enable-assertions","messageBody":"build: enable assertions for alpha testing","fileTypesAndContributionMap":{}}]},{"date":"2025-04-03T00:00:00","commitResults":[{"hash":"fedc0e4ca615e061d9d29b11024d76a87fc306f5","isMergeCommit":false,"messageTitle":"feat(fuzzy): enhance MultiFieldFuzzyPredicate with assertions, logging, and exceptions and fixed checkstyle for AddPropertyCommand and EditCommand","messageBody":"","fileTypesAndContributionMap":{"functional-code":{"insertions":117,"deletions":21}}},{"hash":"4ca4c23e472b96b7600c3030915613b9ee92b254","isMergeCommit":true,"messageTitle":"Merge pull request #71 from cerulyean/fix/03-04-25","messageBody":"Modified code so checkstyle is obeyed","fileTypesAndContributionMap":{}},{"hash":"52ccb04bae29dcafe9f4778f381822ffc3dc5fe1","isMergeCommit":true,"messageTitle":"Merge pull request #70 from jhwan0707/feature/enhance-fuzzy-predicate","messageBody":"feat(fuzzy): enhance MultiFieldFuzzyPredicate with assertions, logging, and exceptions and fixed checkstyle for AddPropertyCommand and EditCommand","fileTypesAndContributionMap":{}},{"hash":"20001582189c76117d67b6d9e33fc1b9fecb042e","isMergeCommit":false,"messageTitle":"Fixed checkstyle issues with AddPropertyCommandParser","messageBody":"","fileTypesAndContributionMap":{"functional-code":{"insertions":5,"deletions":2}}},{"hash":"e481d4a3ec400ca618ec91edd5efbad9e6926463","isMergeCommit":true,"messageTitle":"Merge pull request #72 from cerulyean/matchcommand/fix-03-04-25","messageBody":"Fixed matchcommand so its more lenient, not all fields have to be filled for the match to be valid","fileTypesAndContributionMap":{}},{"hash":"efe20700fab3050976727e013041b01561d8e71b","isMergeCommit":true,"messageTitle":"Merge pull request #74 from jhwan0707/fix/checkstyle-issues","messageBody":"Fixed checkstyle issues with AddPropertyCommandParser","fileTypesAndContributionMap":{}},{"hash":"d08d4f9f22b1d1ca535e74cf22875a0655b9ff34","isMergeCommit":false,"messageTitle":"Fixed checkstyle issues","messageBody":"","fileTypesAndContributionMap":{"functional-code":{"insertions":1,"deletions":1}}},{"hash":"a7e396a85ea2af7176b20fe0731ada5eebc61049","isMergeCommit":true,"messageTitle":"Merge pull request #80 from jhwan0707/fix/multifieldfuzzypredicate-checkstyle","messageBody":"Fixed checkstyle issues","fileTypesAndContributionMap":{}},{"hash":"050997540a4175892ed4ac2370512325e04c3f8f","isMergeCommit":false,"messageTitle":"docs: update UserGuide and DeveloperGuide with fuzzy search","messageBody":"","fileTypesAndContributionMap":{"docs":{"insertions":32,"deletions":0}}},{"hash":"8c84c261b64523503f514e292db44b8f4146fbe3","isMergeCommit":true,"messageTitle":"Merge pull request #86 from jhwan0707/master","messageBody":"docs: update UserGuide and DeveloperGuide with fuzzy search","tags":["v1.5"],"fileTypesAndContributionMap":{}}]}],"cerulyean":[{"date":"2025-03-11T00:00:00","commitResults":[{"hash":"1f69173143b6c612aff687d3bbdf13caacef55a6","isMergeCommit":false,"messageTitle":"Edit AboutUs.md text Added cerulyean.png","messageBody":"","fileTypesAndContributionMap":{"docs":{"insertions":3,"deletions":5}}},{"hash":"26d19fa73611d6f3d3c6a520194d5ab2962b86ac","isMergeCommit":false,"messageTitle":"Changed some descriptions in the website to more accurately reflect ConnectEase","messageBody":"","fileTypesAndContributionMap":{"other":{"insertions":2,"deletions":2},"docs":{"insertions":6,"deletions":6}}},{"hash":"2f7ba6cb7f75c6f2cdd9772ac2c0e27f139eb0f3","isMergeCommit":false,"messageTitle":"Updated user stories, glossary, NFRs, use cases in the DeveloperGuide.md","messageBody":"","fileTypesAndContributionMap":{"docs":{"insertions":117,"deletions":14}}}]},{"date":"2025-03-12T00:00:00","commitResults":[{"hash":"7909a9f873a1f745fefd6f48c117b8537bc9f273","isMergeCommit":true,"messageTitle":"Merge pull request #3 from cerulyean/update-cerulyean-AboutUs","messageBody":"Edit AboutUs.md text for cerulyean","fileTypesAndContributionMap":{}}]},{"date":"2025-03-18T00:00:00","commitResults":[{"hash":"0e0f4a629617764b5b8d8f5db6e2b2a5891654ae","isMergeCommit":false,"messageTitle":"Updated user stories, glossary, NFRs, use cases in the DeveloperGuide.md","messageBody":"","fileTypesAndContributionMap":{"other":{"insertions":2,"deletions":2},"docs":{"insertions":6,"deletions":7}}}]},{"date":"2025-03-20T00:00:00","commitResults":[{"hash":"a87fd432a0d5110a518ec7e4cb22b72f5507d583","isMergeCommit":false,"messageTitle":"UI: Display leadStatus for Person if not null","messageBody":"- Added UI representation for Person\u0027s leadStatus.\n- Fixed Person#toString to pass PersonTest when using isBuyer check (temporary fix).\n\nPerson toString method does not pass PersonTest when isBuyer check is used.\n","fileTypesAndContributionMap":{"functional-code":{"insertions":26,"deletions":4}}},{"hash":"93991b0bd04c5d7963816e532f8ac47b8b012a28","isMergeCommit":false,"messageTitle":"Update README.md","messageBody":"Removed some whitespace the CI was complaining about","fileTypesAndContributionMap":{"docs":{"insertions":7,"deletions":7}}},{"hash":"63957fb74db1e8e549229be28b62df494dc20259","isMergeCommit":true,"messageTitle":"Merge pull request #1 from cerulyean/fix/20/3/25","messageBody":"Update README.md","fileTypesAndContributionMap":{}},{"hash":"e95e6cfbe9bf30058e954314ad5bf599a0e91489","isMergeCommit":false,"messageTitle":"Update DarkTheme.css","messageBody":"","fileTypesAndContributionMap":{"functional-code":{"insertions":2,"deletions":1}}},{"hash":"9589749228bf5a9db636f8cc6ea563f57c5dfab0","isMergeCommit":true,"messageTitle":"Merge remote-tracking branch \u0027origin/master\u0027","messageBody":"","fileTypesAndContributionMap":{}}]},{"date":"2025-03-27T00:00:00","commitResults":[{"hash":"141ebc6246984771e91d2cf20f760f1d90bf6fde","isMergeCommit":true,"messageTitle":"Merge pull request #42 from jhwan0707/feature/property-fields","messageBody":"add district, price, landSize fields with setters to Person (WIP)","fileTypesAndContributionMap":{}},{"hash":"79c4554851ceb6c5534623d80cdb5eee30d6814f","isMergeCommit":true,"messageTitle":"Merge pull request #40 from jhwan0707/feature/enhance-find-add","messageBody":"Enhance Find Command with Fuzzy Multi-Field Search and Alias \u0027f\u0027","fileTypesAndContributionMap":{}},{"hash":"87321b527b8a1ea49634eeddf69b97cf6f0853e4","isMergeCommit":true,"messageTitle":"Merge remote-tracking branch \u0027origin/master\u0027","messageBody":"","fileTypesAndContributionMap":{}},{"hash":"7946368edf716c0ea10665603d9c1f32e5b64c76","isMergeCommit":false,"messageTitle":"Change getPrice, getLandSize methods return type from int to Integer","messageBody":"","fileTypesAndContributionMap":{"functional-code":{"insertions":2,"deletions":2}}},{"hash":"9357abb48db9b4965adfe61db915a00adbf8bab8","isMergeCommit":false,"messageTitle":"Revert \"Change getPrice, getLandSize methods return type from int to Integer\"","messageBody":"This reverts commit 7946368edf716c0ea10665603d9c1f32e5b64c76.\n","fileTypesAndContributionMap":{"functional-code":{"insertions":2,"deletions":2}}},{"hash":"64044dbb3286b88296eefca6e17f56204f807edc","isMergeCommit":false,"messageTitle":"Change getPrice, getLandSize methods return type from int to Integer","messageBody":"","fileTypesAndContributionMap":{"functional-code":{"insertions":2,"deletions":2}}},{"hash":"0f70d311741884db67b0b18ead45688f6747f350","isMergeCommit":false,"messageTitle":"Updated Messages.java to include a case for MatchCommand","messageBody":"","fileTypesAndContributionMap":{"functional-code":{"insertions":1,"deletions":0}}},{"hash":"3a374c710f5ca615c8132af6aa29c3049513c681","isMergeCommit":false,"messageTitle":"Introduced core matching logic, but not the command itself. It is placed in Person for now, will be moved to seperate class","messageBody":"","fileTypesAndContributionMap":{"functional-code":{"insertions":25,"deletions":0}}},{"hash":"aac912d21585aea2828b776b1cb66a16fe451f9f","isMergeCommit":false,"messageTitle":"Add MatchCommand skeleton. Moved getMatchPredicate() to MatchCommand from Person.","messageBody":"","fileTypesAndContributionMap":{"functional-code":{"insertions":78,"deletions":25}}},{"hash":"ecf5c14e28a41cf5681698aca22af03be0cd4385","isMergeCommit":false,"messageTitle":"Add equals method to MatchCommand","messageBody":"","fileTypesAndContributionMap":{"functional-code":{"insertions":16,"deletions":0}}},{"hash":"b3b0ada6e57e8589b703736a2dc507b72ff5b1a1","isMergeCommit":false,"messageTitle":"Add toString method to MatchCommand","messageBody":"","fileTypesAndContributionMap":{"functional-code":{"insertions":11,"deletions":0}}},{"hash":"fe65ed7285616aa17bbfcef4d3f3b47a875211a5","isMergeCommit":false,"messageTitle":"Revert \"Add equals method to MatchCommand\"","messageBody":"This reverts commit ecf5c14e\n","fileTypesAndContributionMap":{"functional-code":{"insertions":0,"deletions":11}}},{"hash":"05a30594bc3a6188526c7356a74d60351651d348","isMergeCommit":false,"messageTitle":"Add toString method to MatchCommand","messageBody":"","fileTypesAndContributionMap":{"functional-code":{"insertions":12,"deletions":0}}}]},{"date":"2025-03-31T00:00:00","commitResults":[{"hash":"31e25487376cff7d27332d919c1f0f1d6469722d","isMergeCommit":false,"messageTitle":"Added some parsing","messageBody":"","fileTypesAndContributionMap":{"functional-code":{"insertions":30,"deletions":0}}},{"hash":"bd23db8ac998e393ac6fdb0c642cef75f42539b6","isMergeCommit":false,"messageTitle":"Added some parsing","messageBody":"","fileTypesAndContributionMap":{"functional-code":{"insertions":18,"deletions":11}}},{"hash":"8eaa9c8b2f89559e1a98d6927a62d4d752e15190","isMergeCommit":false,"messageTitle":"Fixing up some small warnings","messageBody":"","fileTypesAndContributionMap":{"functional-code":{"insertions":0,"deletions":1}}}]},{"date":"2025-04-01T00:00:00","commitResults":[{"hash":"15193e2c19b6d9a35f4a9962460e72d29ac12cd7","isMergeCommit":false,"messageTitle":"Added the necessary tools for creating and retrieving the new attributes, stored in Person. As of now, only Price and District work.","messageBody":"","fileTypesAndContributionMap":{"functional-code":{"insertions":80,"deletions":20}}}]},{"date":"2025-04-02T00:00:00","commitResults":[{"hash":"70dac3b3b3505b465aaed85b65235b1b156aec7d","isMergeCommit":false,"messageTitle":"Added support for LandSize, District, Price","messageBody":"","fileTypesAndContributionMap":{"functional-code":{"insertions":235,"deletions":8}}},{"hash":"9f8f4f3afab4e56fdb6af219991e2442d05152f4","isMergeCommit":false,"messageTitle":"Added District.java and Price.java, necessary for code to function but i forgot the first time. Implemented suggestions.","messageBody":"","fileTypesAndContributionMap":{"functional-code":{"insertions":176,"deletions":9}}},{"hash":"a66b48dc7de2b3dbc7481c6f98c9b9998bbd4802","isMergeCommit":true,"messageTitle":"Merge branch \u0027implementing-attr-01\u0027 into implementing-attr-02","messageBody":"# Conflicts:\n#\tsrc/main/java/seedu/address/logic/commands/MatchCommand.java\n#\tsrc/main/java/seedu/address/logic/parser/AddCommandParser.java\n#\tsrc/main/java/seedu/address/model/person/District.java\n#\tsrc/main/java/seedu/address/model/person/Price.java\n","fileTypesAndContributionMap":{}},{"hash":"86416f46a80c929d41323b6f2612407d7f928558","isMergeCommit":false,"messageTitle":"Added consistency in person attributes using getValue instead of directly extracting it","messageBody":"","fileTypesAndContributionMap":{"functional-code":{"insertions":10,"deletions":3}}},{"hash":"9812af576fe0bfd969dcb1edde086b74590b2102","isMergeCommit":false,"messageTitle":"Forgot to let person call getFormattedDistrict(), modified","messageBody":"","fileTypesAndContributionMap":{"functional-code":{"insertions":1,"deletions":1}}},{"hash":"cb5570f68133003e0a142096f8468f4da5b2ab87","isMergeCommit":true,"messageTitle":"Merge branch \u0027implementing-attr-01\u0027 into implementing-attr-02","messageBody":"","fileTypesAndContributionMap":{}},{"hash":"f39f7579d6174e6ef2af835efa6684d9a719101d","isMergeCommit":false,"messageTitle":"Made some small changes, to adhere to gradlew. Not all passes yet, will get back to it","messageBody":"","fileTypesAndContributionMap":{"functional-code":{"insertions":3,"deletions":4}}},{"hash":"ad1df548cdbaec7858959c5846a7db1164d0dd5d","isMergeCommit":false,"messageTitle":"Made some small changes, to adhere to gradlew.","messageBody":"","fileTypesAndContributionMap":{"functional-code":{"insertions":17,"deletions":15}}},{"hash":"1586ff15b43885c08e651581ab7e105d1e8848d7","isMergeCommit":true,"messageTitle":"Merge branch \u0027implementing-attr-01\u0027 into implementing-attr-02","messageBody":"","fileTypesAndContributionMap":{}}]},{"date":"2025-04-03T00:00:00","commitResults":[{"hash":"c3953e0a80a2938c78c5bac0d6e96df19ce8e0d4","isMergeCommit":false,"messageTitle":"Added edit functionality to all the attributes important. Match command works as expected now. Created ClientType enum instead of class, created parseClientType in order to do what the enum itself cannot.","messageBody":"","fileTypesAndContributionMap":{"functional-code":{"insertions":166,"deletions":32}}},{"hash":"578b63cf25be15314713ec3a740619f3a5bc4242","isMergeCommit":false,"messageTitle":"Small bugfixes i should have seen earlier","messageBody":"","fileTypesAndContributionMap":{"functional-code":{"insertions":4,"deletions":10}}},{"hash":"0bba01b65413ff294cfdb7016ca6c3a9464d7006","isMergeCommit":false,"messageTitle":"Modified code so checkstyle is obeyed","messageBody":"","fileTypesAndContributionMap":{"functional-code":{"insertions":134,"deletions":47}}},{"hash":"f1094474f2bcda759c2de7bfea03dc2cf94137b4","isMergeCommit":false,"messageTitle":"Fixed matchcommand so its more lenient, not all fields have to be filled to be viable for matching","messageBody":"","fileTypesAndContributionMap":{"functional-code":{"insertions":42,"deletions":17}}},{"hash":"35d41d6febf9cd1d26317fe250322d016bc49192","isMergeCommit":true,"messageTitle":"Merge pull request #63 from AY2425S2-CS2103T-T15-4/ziyang/storage","messageBody":"Ziyang/storage","fileTypesAndContributionMap":{}},{"hash":"dd57e975f2ddae585b736cbf52a2c67c0a5a9e6e","isMergeCommit":false,"messageTitle":"Fixed some JsonAdapted files so that they return null if empty instead of something like District(null). Also fixed some javadocs.","messageBody":"","fileTypesAndContributionMap":{"functional-code":{"insertions":31,"deletions":12}}},{"hash":"35de102dfe55143defc1c0c3e566cd76c9b57763","isMergeCommit":false,"messageTitle":"EOF javadoc thing","messageBody":"","fileTypesAndContributionMap":{"functional-code":{"insertions":1,"deletions":1}}},{"hash":"c9b8680c9006d6a40793cb17ac7933ed59518b3b","isMergeCommit":false,"messageTitle":"EOF javadoc thing","messageBody":"","fileTypesAndContributionMap":{"functional-code":{"insertions":15,"deletions":2}}},{"hash":"2151efdd12dbc627271a7564caa02de12c83cc2b","isMergeCommit":true,"messageTitle":"Merge branch \u0027master\u0027 into storage/fix-03-04-25","messageBody":"","fileTypesAndContributionMap":{}},{"hash":"a1c089db7dec21de60fe8a7c05f15ea6a9ded752","isMergeCommit":true,"messageTitle":"Merge pull request #77 from cerulyean/storage/fix-03-04-25","messageBody":"Fixed some JsonAdapted files so that they return null if empty instead of something like District(null). Also fixed some javadocs.","fileTypesAndContributionMap":{}},{"hash":"2168d192edcd06e8eb489728481cc02b0acc1a71","isMergeCommit":true,"messageTitle":"Merge pull request #85 from cerulyean/another-fix","messageBody":"Now all the attributes are properly displayed in the status bar","fileTypesAndContributionMap":{}}]}],"Gu0Fengming":[{"date":"2025-03-20T00:00:00","commitResults":[{"hash":"0567e892e74ac09463f60b562f5e279a85fdb67d","isMergeCommit":false,"messageTitle":"Update AboutUs","messageBody":"","fileTypesAndContributionMap":{"docs":{"insertions":8,"deletions":0}}},{"hash":"5f1ce8bfce58f1f1b222256cee6392a0adc41df2","isMergeCommit":false,"messageTitle":"Add isBuyer to Person class constructor and methods","messageBody":"","fileTypesAndContributionMap":{"functional-code":{"insertions":13,"deletions":4}}},{"hash":"790854538a37b11aee30551aac320ce3037574d2","isMergeCommit":true,"messageTitle":"Merge pull request #34 from Gu0Fengming/master","messageBody":"Add isBuyer to Person constructor and methods(#33)","fileTypesAndContributionMap":{}}]},{"date":"2025-03-27T00:00:00","commitResults":[{"hash":"4df9c173ea27b08f74110976b57ac5c7722a1c44","isMergeCommit":false,"messageTitle":"Add property class and initially update all the related classes","messageBody":"","fileTypesAndContributionMap":{"functional-code":{"insertions":432,"deletions":0}}},{"hash":"e35aaca96c1a204306818a2f6ca1ce2d4908bda7","isMergeCommit":false,"messageTitle":"Fix bugs in class relate to Property class","messageBody":"","fileTypesAndContributionMap":{"functional-code":{"insertions":80,"deletions":30}}},{"hash":"01d6cae87bb5bc31f0c4738019ac11fee92db55d","isMergeCommit":true,"messageTitle":"Merge pull request #53 from Gu0Fengming/master","messageBody":"Add Property class","tags":["v1.4"],"fileTypesAndContributionMap":{}}]},{"date":"2025-04-03T00:00:00","commitResults":[{"hash":"7a4fd68267dfc98365aeecbe3b90b33062bbf741","isMergeCommit":false,"messageTitle":"Fix all checkStyle issue with Property class","messageBody":"","fileTypesAndContributionMap":{"functional-code":{"insertions":119,"deletions":16}}},{"hash":"aab6787c139c7ece93f1b46cf59da6877a4aa065","isMergeCommit":true,"messageTitle":"Merge pull request #78 from Gu0Fengming/origin/fengming","messageBody":"Fix all checkStyle issue with Property class","fileTypesAndContributionMap":{}}]},{"date":"2025-04-04T00:00:00","commitResults":[{"hash":"480949c60e695f768ac55745944e8ea15f7a9073","isMergeCommit":false,"messageTitle":"Update UG and DG with Property class","messageBody":"","fileTypesAndContributionMap":{"docs":{"insertions":6,"deletions":0}}},{"hash":"3ee18e661f192e7ac3a8134c1a15e55e0366e648","isMergeCommit":true,"messageTitle":"Merge pull request #92 from Gu0Fengming/origin/fengming","messageBody":"Update UG and DG with Property class","fileTypesAndContributionMap":{}}]}]},"authorFileTypeContributionMap":{"chuahziyang":{"docs":20,"functional-code":407,"test-code":0},"jhwan0707":{"docs":63,"functional-code":184,"test-code":24,"other":4},"cerulyean":{"docs":123,"functional-code":818,"test-code":0,"other":2},"Gu0Fengming":{"docs":9,"functional-code":558,"test-code":0}},"authorContributionVariance":{"chuahziyang":2134.6196,"jhwan0707":1407.8365,"cerulyean":12002.151,"Gu0Fengming":6999.8306},"authorDisplayNameMap":{"chuahziyang":"CS2103T-T15-4 CHUA..YANG","jhwan0707":"CS2103T-T15-4 CHIN..HWAN","cerulyean":"CS2103T-T15-4 CHEO..FENG","Gu0Fengming":"CS2103T-T15-4 GUO ..MING"}}
