{"authorDailyContributionsMap":{"lilduckling":[{"date":"2025-02-26T00:00:00","commitResults":[{"hash":"d91dd744b3101542c63c55cf9ba30eaf0476d54c","isMergeCommit":false,"messageTitle":"Add Duc\u0027s info in AboutUs","messageBody":"","fileTypesAndContributionMap":{"docs":{"insertions":12,"deletions":13}}},{"hash":"57697d30673d2ac3fc4f9d20ca5ed04d06e72ec1","isMergeCommit":true,"messageTitle":"Add Duc info","messageBody":"","fileTypesAndContributionMap":{}},{"hash":"1e672c7f1d77b22b520460947fc0708a901c5140","isMergeCommit":false,"messageTitle":"Fix spelling","messageBody":"","fileTypesAndContributionMap":{"docs":{"insertions":1,"deletions":1}}},{"hash":"9ed1b882e6a1411df6f64650fbdcf5e3a1c9c714","isMergeCommit":false,"messageTitle":"Fix spelling","messageBody":"","fileTypesAndContributionMap":{"docs":{"insertions":2,"deletions":2}}}]},{"date":"2025-03-05T00:00:00","commitResults":[{"hash":"6787b8c39bc1648be6072d3f07de7b519f051c00","isMergeCommit":false,"messageTitle":"Fix AboutUs and README","messageBody":"","fileTypesAndContributionMap":{"other":{"insertions":580,"deletions":0},"docs":{"insertions":10,"deletions":26}}},{"hash":"f0ab67dbcc93025c009c9738f2ec9b892fdc203c","isMergeCommit":false,"messageTitle":"Fix AboutUs and README","messageBody":"","fileTypesAndContributionMap":{"docs":{"insertions":1,"deletions":1}}},{"hash":"ecbb176e0b3452f8cf966ea9fc1a12718352598b","isMergeCommit":true,"messageTitle":"Merge pull request #24 from jodielzy/update-config","messageBody":"Update _config.yml","fileTypesAndContributionMap":{}}]},{"date":"2025-03-13T00:00:00","commitResults":[{"hash":"600ac4cb4adf965a1686d75cada1d0e31b80cae0","isMergeCommit":false,"messageTitle":"Change message of add command to suit the context of target audience","messageBody":"","fileTypesAndContributionMap":{"functional-code":{"insertions":7,"deletions":7}}},{"hash":"0040fb82bf8b656aec66b1f159bec3ab77a2d950","isMergeCommit":false,"messageTitle":"Fix checkstyle check","messageBody":"","fileTypesAndContributionMap":{"functional-code":{"insertions":4,"deletions":4}}},{"hash":"5f689524b51dd22ace22119634ddf3ea213b2617","isMergeCommit":true,"messageTitle":"Merge pull request #34 from datletu/branch-findCommandMessage","messageBody":"changed the find command messages from person to","fileTypesAndContributionMap":{}},{"hash":"0436f33bfa25b7f902e37145541c4b6f6c2b8f69","isMergeCommit":true,"messageTitle":"Merge pull request #42 from jodielzy/branch-change-deleteMessage","messageBody":"Modify the message displayed by Delete Command","fileTypesAndContributionMap":{}}]},{"date":"2025-03-18T00:00:00","commitResults":[{"hash":"69ff80fa4b76dc2d0391a338d943388f44bbb36b","isMergeCommit":true,"messageTitle":"Merge pull request #43 from datletu/branch-studentId","messageBody":"Add the field studentID","fileTypesAndContributionMap":{}},{"hash":"1f2a5b93c12c94b71afb175ce73444e0de5ec350","isMergeCommit":false,"messageTitle":"Update list command - Make it so that the user can configure his own person card -  to show everything -  to show some, i.e. - Update list test and address book parser test","messageBody":"","fileTypesAndContributionMap":{"functional-code":{"insertions":218,"deletions":11},"test-code":{"insertions":49,"deletions":5}}},{"hash":"b05f0f8e213758b148d757b0575e8204809a9ef9","isMergeCommit":false,"messageTitle":"Update list command - Make it so that the user can configure his own person card - \u0027list\u0027 to show everything - \u0027list [name] [phone] [email] [address] [tags] [id]\u0027 to show some, i.e. \u0027list name address\u0027 - Update list test and address book parser test","messageBody":"","fileTypesAndContributionMap":{"functional-code":{"insertions":4,"deletions":0}}},{"hash":"4fe8ac2c8e5300d352666b01c26f02bd9332127f","isMergeCommit":false,"messageTitle":"Fix style check","messageBody":"","fileTypesAndContributionMap":{"functional-code":{"insertions":2,"deletions":3},"test-code":{"insertions":5,"deletions":6}}},{"hash":"c200611d489b3929b3ebdbccba16d586e23da17b","isMergeCommit":false,"messageTitle":"Fix style check","messageBody":"","fileTypesAndContributionMap":{"functional-code":{"insertions":4,"deletions":2}}},{"hash":"54eb12afed13a419e6621a5711a05e73f5113811","isMergeCommit":false,"messageTitle":"Fix style check","messageBody":"","fileTypesAndContributionMap":{"test-code":{"insertions":5,"deletions":4}}},{"hash":"cac8fa250c7e9cf10dc1d226a7d5c74b4b2d4bf1","isMergeCommit":false,"messageTitle":"Add person card test","messageBody":"","fileTypesAndContributionMap":{"functional-code":{"insertions":34,"deletions":34},"test-code":{"insertions":86,"deletions":0}}},{"hash":"e8b65ba9b71748b4700846d464c8fd33ab71b1f6","isMergeCommit":false,"messageTitle":"Fix checkstyle","messageBody":"","fileTypesAndContributionMap":{"functional-code":{"insertions":9,"deletions":8},"test-code":{"insertions":1,"deletions":1}}},{"hash":"f725e1c8b9d69cd5ca19790e83f24cad88b40506","isMergeCommit":false,"messageTitle":"Fix checkstyle","messageBody":"","fileTypesAndContributionMap":{"test-code":{"insertions":30,"deletions":10}}},{"hash":"2689382799091f55e010af58113bea36a067fc72","isMergeCommit":false,"messageTitle":"Fix checkstyle","messageBody":"","fileTypesAndContributionMap":{"test-code":{"insertions":10,"deletions":30}}},{"hash":"61f4fe6f9728c93d774181a8f62f117bfe8b13b4","isMergeCommit":false,"messageTitle":"Fix person card test","messageBody":"","fileTypesAndContributionMap":{"test-code":{"insertions":3,"deletions":2}}},{"hash":"c4e362913734f3501d04e0762b2e51e5005cc63e","isMergeCommit":false,"messageTitle":"Fix person card test","messageBody":"","fileTypesAndContributionMap":{"test-code":{"insertions":3,"deletions":1}}},{"hash":"d4ece4260bc6af00ff7de212201430792115ede7","isMergeCommit":true,"messageTitle":"Merge pull request #47 from jodielzy/branch-deleteCommand","messageBody":"Modify delete command to delete student by student ID","fileTypesAndContributionMap":{}},{"hash":"d5d4a18cdbd52aa602eb93df565cf72bec48392d","isMergeCommit":false,"messageTitle":"fix person card test","messageBody":"","fileTypesAndContributionMap":{"test-code":{"insertions":4,"deletions":2}}},{"hash":"e3b7b190a6ae435e6fe8fd201df8f700947474d9","isMergeCommit":false,"messageTitle":"Delete PersonCardTest","messageBody":"","fileTypesAndContributionMap":{"test-code":{"insertions":0,"deletions":91}}},{"hash":"74e53688e0d838115bb6080c5520114091cc293a","isMergeCommit":false,"messageTitle":"Add more tests","messageBody":"","fileTypesAndContributionMap":{"test-code":{"insertions":83,"deletions":0}}},{"hash":"a00c86898a612a053db0ddb0615c498a37e8afe2","isMergeCommit":false,"messageTitle":"Fix check style","messageBody":"","fileTypesAndContributionMap":{"test-code":{"insertions":0,"deletions":1}}},{"hash":"58ddc37768e0d2ca61bf7255afa9d549e2ce6428","isMergeCommit":false,"messageTitle":"Add more tests","messageBody":"","fileTypesAndContributionMap":{"test-code":{"insertions":49,"deletions":0}}}]},{"date":"2025-03-25T00:00:00","commitResults":[{"hash":"09f01bee71eb4f93b0e5f0a4655e37e39e094e90","isMergeCommit":false,"messageTitle":"Improve Find command to find by everything","messageBody":"","fileTypesAndContributionMap":{"functional-code":{"insertions":135,"deletions":17},"test-code":{"insertions":161,"deletions":25}}},{"hash":"a7baaec2fe3270827fb34ff274bb783d63608269","isMergeCommit":false,"messageTitle":"Fix checkstyle","messageBody":"","fileTypesAndContributionMap":{"functional-code":{"insertions":1,"deletions":1}}},{"hash":"7afef61027050de213448997b0f8f48891078e14","isMergeCommit":false,"messageTitle":"Fix checkstyle","messageBody":"","fileTypesAndContributionMap":{"functional-code":{"insertions":25,"deletions":1}}},{"hash":"ff8d843ccdbb449e197f83e3ad88211a4dc5fca5","isMergeCommit":false,"messageTitle":"Fix checkstyle","messageBody":"","fileTypesAndContributionMap":{"functional-code":{"insertions":1,"deletions":1}}},{"hash":"3734e9725e59d0c0143e4fddc6d7cdc82de478c1","isMergeCommit":false,"messageTitle":"Fix checkstyle","messageBody":"","fileTypesAndContributionMap":{"functional-code":{"insertions":2,"deletions":1}}},{"hash":"eafd7b550ecb4dc195e8d765268046796b8b9da6","isMergeCommit":false,"messageTitle":"Fix checkstyle","messageBody":"","fileTypesAndContributionMap":{"functional-code":{"insertions":1,"deletions":1}}},{"hash":"073925e0d0605f6d0cc074f21dc5484f0f72ec77","isMergeCommit":false,"messageTitle":"Fix checkstyle","messageBody":"","fileTypesAndContributionMap":{"test-code":{"insertions":15,"deletions":13}}},{"hash":"dbb68047bd55c8df6206a4324f9f6146d9758dc0","isMergeCommit":false,"messageTitle":"Improve Delete command to delete any specific field","messageBody":"","fileTypesAndContributionMap":{"functional-code":{"insertions":104,"deletions":45},"test-code":{"insertions":71,"deletions":44}}},{"hash":"76d0f029238b6cbf51c8ef4cb37b3ee77d53ac40","isMergeCommit":false,"messageTitle":"Fix check-style","messageBody":"","fileTypesAndContributionMap":{"functional-code":{"insertions":24,"deletions":1}}},{"hash":"1c5846fae2a2675cb2a9eebb7dbc6e63fcf8e737","isMergeCommit":false,"messageTitle":"Fix check-style","messageBody":"","fileTypesAndContributionMap":{"test-code":{"insertions":0,"deletions":2}}}]},{"date":"2025-03-26T00:00:00","commitResults":[{"hash":"2b47feb191aa98444c2feb2e166c2aff154f9d5a","isMergeCommit":false,"messageTitle":"new branch","messageBody":"","fileTypesAndContributionMap":{"functional-code":{"insertions":59,"deletions":14},"test-code":{"insertions":36,"deletions":25}}},{"hash":"d375f597edc96e2c4300c869547d41b1d6867490","isMergeCommit":true,"messageTitle":"Merge pull request #59 from vrisdng/branch-UI-Tutorial","messageBody":"Add UI for tutorials","fileTypesAndContributionMap":{}},{"hash":"39b469e405cc9468d41c95536913a041a2f91f00","isMergeCommit":true,"messageTitle":"Merge pull request #62 from vrisdng/branch-Optional-Address","messageBody":"Change address field to an optional field","fileTypesAndContributionMap":{}},{"hash":"57a6656c4afca3e2275e47c3d06402a975118d4b","isMergeCommit":true,"messageTitle":"Merge pull request #66 from AY2425S2-CS2103T-F14-1/revert-64-branch-enable-assertion","messageBody":"Revert \"Modify build.gradle to enable assertion\"","fileTypesAndContributionMap":{}}]},{"date":"2025-03-27T00:00:00","commitResults":[{"hash":"1c69d79b4c57786ea158f4c5366d4cecb6b4e0f6","isMergeCommit":true,"messageTitle":"Merge pull request #73 from datletu/branch-load","messageBody":"Add load command to open saved file","fileTypesAndContributionMap":{}},{"hash":"7d5df92c75a429417eeb7de9f63fd2ceb4eb62bd","isMergeCommit":true,"messageTitle":"Merge pull request #72 from jodielzy/branch-enable-assertion-again","messageBody":"Modify build.gradle to enable assertion","fileTypesAndContributionMap":{}},{"hash":"68d691761fce6115c78c0ef9c27cb85ba6fab62e","isMergeCommit":true,"messageTitle":"Merge pull request #74 from datletu/branch-files","messageBody":"Add files command to list all the saved files","fileTypesAndContributionMap":{}},{"hash":"31cb8d00f8e05042d327b6da70f6b54827efb95f","isMergeCommit":true,"messageTitle":"Merge pull request #75 from datletu/master","messageBody":"fix the bug where the files command list files that aren\u0027t json","tags":["v1.4"],"fileTypesAndContributionMap":{}}]},{"date":"2025-03-28T00:00:00","commitResults":[{"hash":"1f70bff970b2ea44727c0cd7a3eaeee64b52b9b1","isMergeCommit":true,"messageTitle":"Merge pull request #76 from jodielzy/branch-delete-sequenceDiagram","messageBody":"Modify DeleteSequenceDiagram.puml","fileTypesAndContributionMap":{}},{"hash":"d1f826376e80a9a9a0089ac82573e9fefed7c25d","isMergeCommit":false,"messageTitle":"Add List command sequence diagram","messageBody":"","fileTypesAndContributionMap":{"other":{"insertions":6,"deletions":5},"docs":{"insertions":75,"deletions":0}}},{"hash":"5f0525d511a1bdca0722e26b325821dbb4baecac","isMergeCommit":true,"messageTitle":"Merge pull request #77 from jodielzy/branch-find-sequenceDiagram","messageBody":"Add find sequence diagram","fileTypesAndContributionMap":{}},{"hash":"98070f5285b120fef0c7f789627636ca6fadeb89","isMergeCommit":true,"messageTitle":"Merge pull request #78 from jodielzy/branch-assert-filesCommand","messageBody":"Modify FilesCommand to add assertion ","fileTypesAndContributionMap":{}},{"hash":"9ae3d923c702bcf82f9eddf3356dbb0c65c5674f","isMergeCommit":true,"messageTitle":"Merge pull request #82 from datletu/master","messageBody":"update ModelClassDiagram and include SaveSequenceDiagram","fileTypesAndContributionMap":{}},{"hash":"c85b77250704526202d7875ff1e4cd649a04c4d5","isMergeCommit":true,"messageTitle":"Merge pull request #81 from vrisdng/branch-MaiUML","messageBody":"Tutorial Class Diagram","fileTypesAndContributionMap":{}}]},{"date":"2025-03-31T00:00:00","commitResults":[{"hash":"69e15cbeb68dc9b0312e0d8ddf56f8fc718be3d0","isMergeCommit":false,"messageTitle":"Debug List and Load Command interaction","messageBody":"","fileTypesAndContributionMap":{"functional-code":{"insertions":20,"deletions":1},"test-code":{"insertions":116,"deletions":7}}},{"hash":"3f6a2a73d1537c937209963375450ab5c7627964","isMergeCommit":false,"messageTitle":"Find and delete command to find and delete by anything","messageBody":"","fileTypesAndContributionMap":{"functional-code":{"insertions":288,"deletions":60},"test-code":{"insertions":237,"deletions":73}}},{"hash":"7be3637bb998c93646a6e357bc7a3cff831e0073","isMergeCommit":false,"messageTitle":"add assertion to list command","messageBody":"","fileTypesAndContributionMap":{"functional-code":{"insertions":15,"deletions":2}}}]},{"date":"2025-04-01T00:00:00","commitResults":[{"hash":"df1fb7ffa6c042882d737557d742e5ef2f97d150","isMergeCommit":false,"messageTitle":"Update Load command test","messageBody":"","fileTypesAndContributionMap":{"functional-code":{"insertions":1,"deletions":1},"test-code":{"insertions":47,"deletions":20}}},{"hash":"6e2979e717ed0df2dd6631c2b0829eb1cab8f674","isMergeCommit":false,"messageTitle":"Update Load command test","messageBody":"","fileTypesAndContributionMap":{"test-code":{"insertions":8,"deletions":0}}},{"hash":"e650d1fdc363ec7a4e7cfa19b99bd7d56ac37eb9","isMergeCommit":false,"messageTitle":"Update Load command test","messageBody":"","fileTypesAndContributionMap":{"test-code":{"insertions":1,"deletions":3}}},{"hash":"6e5a1a3b7cce31fbc4a55229e0081b3a6d515df9","isMergeCommit":false,"messageTitle":"Update Load command test","messageBody":"","fileTypesAndContributionMap":{"test-code":{"insertions":24,"deletions":24}}},{"hash":"18cd8963329405d652f43d5ca923ce52dceaf6e8","isMergeCommit":false,"messageTitle":"Update Load command test","messageBody":"","fileTypesAndContributionMap":{"test-code":{"insertions":1,"deletions":1}}},{"hash":"d77407abf7360344a203401c052bc310ac350c42","isMergeCommit":false,"messageTitle":"Update Load command test","messageBody":"","fileTypesAndContributionMap":{"test-code":{"insertions":0,"deletions":97}}},{"hash":"1b40532e9819db7f7efc0df37eecfc99a8c04561","isMergeCommit":true,"messageTitle":"Merge pull request #92 from jodielzy/branch-user-guide","messageBody":"Modify UserGuide.md","fileTypesAndContributionMap":{}},{"hash":"e69feaaf57aca0b28131df9af7ef23a7dd8746d3","isMergeCommit":false,"messageTitle":"Update UG for list, find, delete","messageBody":"","fileTypesAndContributionMap":{"docs":{"insertions":62,"deletions":25}}},{"hash":"bca02c1817ab6f66952a137110b2d79bddac1b62","isMergeCommit":false,"messageTitle":"Update UG for list, find, delete","messageBody":"","fileTypesAndContributionMap":{"docs":{"insertions":2,"deletions":2}}},{"hash":"226d70f96406ee58fb4a42569308a10a37cea624","isMergeCommit":false,"messageTitle":"Update Landing page","messageBody":"","fileTypesAndContributionMap":{"docs":{"insertions":6,"deletions":6}}},{"hash":"4d776ae18793ebde0b2bcfcdd35e4a8cf1bc7030","isMergeCommit":true,"messageTitle":"Merge pull request #96 from jodielzy/branch-debug-delete-find","messageBody":"Debug delete and find command","fileTypesAndContributionMap":{}},{"hash":"f6fd5eb5a9ed65fba8befb544fe9a886163dae4e","isMergeCommit":false,"messageTitle":"Fix find and delete command - Include partial find for everything.","messageBody":"","fileTypesAndContributionMap":{"functional-code":{"insertions":6,"deletions":6},"docs":{"insertions":3,"deletions":3},"test-code":{"insertions":47,"deletions":0}}}]},{"date":"2025-04-02T00:00:00","commitResults":[{"hash":"de7b0d7cb73722710a5df9a58712c19d998f4e4b","isMergeCommit":false,"messageTitle":"Fix Delete and Find - Change some fields to allow partial, some not allow partial - Fix bugs on finding full name - Update the UG","messageBody":"","fileTypesAndContributionMap":{"functional-code":{"insertions":74,"deletions":41},"docs":{"insertions":50,"deletions":33},"test-code":{"insertions":71,"deletions":87}}},{"hash":"36ecfebd91256c8c28b857ff245fab98fb589fd0","isMergeCommit":false,"messageTitle":"Fix message usage for delete","messageBody":"","fileTypesAndContributionMap":{"functional-code":{"insertions":0,"deletions":2}}},{"hash":"3bc597901f03c359b1e1e113164ecd8ae7d80d06","isMergeCommit":true,"messageTitle":"Merge pull request #98 from vrisdng/branch-AddEditCommandFix","messageBody":"Fix Add, Edit commands and UI ","fileTypesAndContributionMap":{}},{"hash":"c1ce5e42da3b3d4c1b42b00714f6a30532123cf2","isMergeCommit":true,"messageTitle":"Merge pull request #118 from jodielzy/branch-developer-guide","messageBody":"Update the necessary sections of Developer Guide","fileTypesAndContributionMap":{}}]},{"date":"2025-04-03T00:00:00","commitResults":[{"hash":"db776fffd8472544dc7d1880888d6a1c404664ce","isMergeCommit":true,"messageTitle":"Merge pull request #121 from vrisdng/branch-UGDG-Mai","messageBody":"Edit UserGuide and DeveloperGuide","fileTypesAndContributionMap":{}},{"hash":"43812efecb00b9377e9f0567807726ab03a8d9d2","isMergeCommit":true,"messageTitle":"Merge pull request #123 from jodielzy/branch-telegram-field","messageBody":"Add Telegram field","fileTypesAndContributionMap":{}},{"hash":"bce85c472c1d118c1af8528d7e1f639bf7ba6a2d","isMergeCommit":true,"messageTitle":"Merge pull request #122 from datletu/master","messageBody":"fix bug where load command does not work when","tags":["v1.5"],"fileTypesAndContributionMap":{}}]},{"date":"2025-04-04T00:00:00","commitResults":[{"hash":"ae6ae1ac4e49196d79b8921c3e45f80b3ca81345","isMergeCommit":true,"messageTitle":"Merge pull request #125 from jodielzy/branch-update-UG-DG","messageBody":"Update UG and Instructions for Manual Testing in DG","fileTypesAndContributionMap":{}},{"hash":"c31db27a71936f674000b1799da8f578346c9d7a","isMergeCommit":true,"messageTitle":"Merge pull request #126 from datletu/master","messageBody":"add description in UG for save, load and files","fileTypesAndContributionMap":{}},{"hash":"d432a3a48fd50cec43254537475451ec53fa66b4","isMergeCommit":true,"messageTitle":"Merge pull request #127 from datletu/master","messageBody":"remove duplicates in ug","fileTypesAndContributionMap":{}}]}],"vrisdng":[{"date":"2025-02-21T00:00:00","commitResults":[{"hash":"610207c34b5c9509cce22e5f55565a2df3292d49","isMergeCommit":false,"messageTitle":"First commit","messageBody":"","fileTypesAndContributionMap":{"docs":{"insertions":2,"deletions":0}}}]},{"date":"2025-02-26T00:00:00","commitResults":[{"hash":"922be548b6b3e39502e2d8d472cb58e5b7a97d1d","isMergeCommit":false,"messageTitle":"Update Mai\u0027s details in AboutUs.md","messageBody":"","fileTypesAndContributionMap":{"docs":{"insertions":40,"deletions":6}}},{"hash":"87b2389cd7a9a2e7f548afbd0ebaaeea6944b3ce","isMergeCommit":false,"messageTitle":"Update DeveloperGuide.md","messageBody":"","fileTypesAndContributionMap":{"docs":{"insertions":5,"deletions":4}}},{"hash":"cf320af688d097f063841a95675d7b292f1f1a9a","isMergeCommit":true,"messageTitle":"Merge pull request #5 from AY2425S2-CS2103T-F14-1/add-MaiPhoto","messageBody":"Add Mai\u0027s photo","fileTypesAndContributionMap":{}},{"hash":"beb37b0064ddb1875f82418d90552d35f305613b","isMergeCommit":true,"messageTitle":"Merge pull request #9 from lilduckling/master","messageBody":"Add Duc\u0027s photo","fileTypesAndContributionMap":{}},{"hash":"c91652a42b370106307d3edef2ca046e311c12fa","isMergeCommit":true,"messageTitle":"Merge pull request #15 from lilduckling/master","messageBody":"Fix spelling","fileTypesAndContributionMap":{}},{"hash":"ec4ad6b098fad1623f16bf7f6a293ba234599ddd","isMergeCommit":true,"messageTitle":"Merge pull request #13 from datletu/add-letuquocdat-info","messageBody":"add Dat\u0027s info","fileTypesAndContributionMap":{}},{"hash":"fc8a8ebc8dcbc546082f14e77d61332d48bfeb8c","isMergeCommit":false,"messageTitle":"Remove trailing space in mai.md","messageBody":"","fileTypesAndContributionMap":{"docs":{"insertions":5,"deletions":5}}},{"hash":"d559f95ed477c0f72b830a4f341fde4997cb4aba","isMergeCommit":true,"messageTitle":"Merge pull request #17 from lilduckling/master","messageBody":"Fix spelling","fileTypesAndContributionMap":{}},{"hash":"42761a026d9efee8056f1aeb1dbebab5845320fb","isMergeCommit":false,"messageTitle":"Add new line to EOF in mai.md","messageBody":"","fileTypesAndContributionMap":{"docs":{"insertions":1,"deletions":1}}}]},{"date":"2025-02-27T00:00:00","commitResults":[{"hash":"418a5f105ae05f30592a25990c417bf44e0bdfb3","isMergeCommit":false,"messageTitle":"Add Mai\u0027s image","messageBody":"","fileTypesAndContributionMap":{"other":{"insertions":580,"deletions":0}}},{"hash":"d35883c60d808f64035c5bfc4a394f8aa2f01220","isMergeCommit":true,"messageTitle":"Merge pull request #19 from vrisdng/add-Mai-image","messageBody":"Add Mai\u0027s image","fileTypesAndContributionMap":{}}]},{"date":"2025-03-13T00:00:00","commitResults":[{"hash":"32eaaa6546a25b451da24f5d4aa06aec295bad3c","isMergeCommit":false,"messageTitle":"Create Tutorial.java","messageBody":"Add in tutorial package for future usage.\n","fileTypesAndContributionMap":{"functional-code":{"insertions":62,"deletions":0}}},{"hash":"3d71b5be5453f5614064aebda32691ab156460b0","isMergeCommit":false,"messageTitle":"Add test for Tutorial","messageBody":"","fileTypesAndContributionMap":{"test-code":{"insertions":26,"deletions":0}}},{"hash":"7d59de1a82426188bdfd935b4b703de2f787be44","isMergeCommit":false,"messageTitle":"Update TutorialTest.java","messageBody":"For better code coverage\n","fileTypesAndContributionMap":{"test-code":{"insertions":60,"deletions":3}}}]},{"date":"2025-03-18T00:00:00","commitResults":[{"hash":"51e82e221f4c60762edebe07a4c99c1ee7a4a6f0","isMergeCommit":false,"messageTitle":"Add Tutorial field in Person and JsonAdaptedTutorial","messageBody":"","fileTypesAndContributionMap":{"functional-code":{"insertions":85,"deletions":8}}},{"hash":"ee0256b968378c84e9929b17db4d0b0430e0e761","isMergeCommit":false,"messageTitle":"Update showing of tutorials","messageBody":"","fileTypesAndContributionMap":{"functional-code":{"insertions":86,"deletions":18},"test-code":{"insertions":16,"deletions":1}}},{"hash":"bbcb8c4848f402030b4062a313d587c7bc3bb525","isMergeCommit":false,"messageTitle":"Fix 4 failing tests in LogicManagerTest","messageBody":"","fileTypesAndContributionMap":{"test-code":{"insertions":87,"deletions":35}}}]},{"date":"2025-03-19T00:00:00","commitResults":[{"hash":"3a1878664a8fafdb17a382fbd1d163e8278f750f","isMergeCommit":false,"messageTitle":"Fix AddressBook json files","messageBody":"","fileTypesAndContributionMap":{"functional-code":{"insertions":15,"deletions":2},"test-code":{"insertions":47,"deletions":21}}},{"hash":"0bba87d82bcd9e8f1a147ffb6d78489827f86215","isMergeCommit":false,"messageTitle":"Debug all tests","messageBody":"","fileTypesAndContributionMap":{"test-code":{"insertions":4,"deletions":3}}},{"hash":"6a7100326c758b65802f59370c1cde94ee811012","isMergeCommit":false,"messageTitle":"Remove trailing spaces","messageBody":"","fileTypesAndContributionMap":{"functional-code":{"insertions":11,"deletions":11},"test-code":{"insertions":4,"deletions":3}}},{"hash":"c0f9172119f232c3a0b1d9a99ac3eecb19898ab3","isMergeCommit":false,"messageTitle":"Remove trailing whitespace in Person.java","messageBody":"","fileTypesAndContributionMap":{"functional-code":{"insertions":1,"deletions":1}}},{"hash":"819990a601285bbdd9a0105cdc830d3326da5222","isMergeCommit":false,"messageTitle":"Fix checkstyles","messageBody":"","fileTypesAndContributionMap":{"functional-code":{"insertions":5,"deletions":4}}},{"hash":"9e0274058d0fc3948940022586f318b9b7d73bf0","isMergeCommit":false,"messageTitle":"Fix trailing whitespaces (3)","messageBody":"","fileTypesAndContributionMap":{"functional-code":{"insertions":2,"deletions":2}}},{"hash":"17745f7794a87304c3527e31a1a863f55294050f","isMergeCommit":false,"messageTitle":"Fix checkstyle for tests","messageBody":"","fileTypesAndContributionMap":{"test-code":{"insertions":0,"deletions":2}}},{"hash":"ac719aa5f65f24ebf7ecbebed6fda56384c5c717","isMergeCommit":false,"messageTitle":"Add UI for the tutorial field","messageBody":"","fileTypesAndContributionMap":{"functional-code":{"insertions":24,"deletions":0}}},{"hash":"d1fc08b2bfa15a658aedfdacda0da1e61cd557f9","isMergeCommit":false,"messageTitle":"Add tests for UI","messageBody":"","fileTypesAndContributionMap":{"test-code":{"insertions":122,"deletions":0}}},{"hash":"20e58beb3e28e7e768b93fc30553a9c4bf37c6f0","isMergeCommit":false,"messageTitle":"Add new line at EOF","messageBody":"","fileTypesAndContributionMap":{"test-code":{"insertions":1,"deletions":1}}}]},{"date":"2025-03-23T00:00:00","commitResults":[{"hash":"1784903d240d14f29f0250b84615e042624c680c","isMergeCommit":true,"messageTitle":"Merge pull request #54 from datletu/branch-studentId","messageBody":"Make the student ID unique","fileTypesAndContributionMap":{}}]},{"date":"2025-03-25T00:00:00","commitResults":[{"hash":"95abc6f6a0229d83cf4cb4589b04de43632ffa0c","isMergeCommit":true,"messageTitle":"Merge pull request #55 from datletu/branch-save","messageBody":"Add save command (not the load command, I\u0027ll add that on a separate PR)","fileTypesAndContributionMap":{}},{"hash":"63c7bbc4b68c0a57f7fa34535e56aa77ed5a4e92","isMergeCommit":false,"messageTitle":"Add UI for tutorials","messageBody":"Now tutorials will have similar look as tags, with different color\n","fileTypesAndContributionMap":{"functional-code":{"insertions":19,"deletions":6},"test-code":{"insertions":31,"deletions":0}}},{"hash":"961994e2ca569ce0b29ef8023e129e572e0df209","isMergeCommit":true,"messageTitle":"Merge pull request #57 from lilduckling/find-delete","messageBody":"Find and Delete command","fileTypesAndContributionMap":{}},{"hash":"8ba3670a08e071c1afac83f48416265337b3a084","isMergeCommit":false,"messageTitle":"Change address field to an optional field","messageBody":"","fileTypesAndContributionMap":{"functional-code":{"insertions":23,"deletions":13},"test-code":{"insertions":29,"deletions":31}}},{"hash":"6bb154c1c0d83470fd49cd7af5f5660dfaac4b6e","isMergeCommit":false,"messageTitle":"Fix trailing white space","messageBody":"","fileTypesAndContributionMap":{"test-code":{"insertions":0,"deletions":2}}},{"hash":"390ec3e618319cb120060519ca4bb88e0465e1ce","isMergeCommit":false,"messageTitle":"Fix checkstyle","messageBody":"","fileTypesAndContributionMap":{"test-code":{"insertions":0,"deletions":3}}},{"hash":"b0c4460c1f0f351cd7d81f0b056af140d015366d","isMergeCommit":false,"messageTitle":"Remove unnecessary conditional statement in AddCommandParser.java","messageBody":"","fileTypesAndContributionMap":{"functional-code":{"insertions":1,"deletions":6}}},{"hash":"e4368511b4f741f7ebf60453702e677b98859ed3","isMergeCommit":true,"messageTitle":"Merge pull request #64 from jodielzy/branch-enable-assertion","messageBody":"Modify build.gradle to enable assertion","fileTypesAndContributionMap":{}},{"hash":"aab762e6b83905a71bd2a688c05b0a6b4636be70","isMergeCommit":false,"messageTitle":"Revert \"Modify build.gradle to enable assertion\"","messageBody":"","fileTypesAndContributionMap":{"other":{"insertions":0,"deletions":5}}},{"hash":"a53134dde2c7bda7af3168d643ea855b64231f2d","isMergeCommit":false,"messageTitle":"Revert \"Find and Delete command\"","messageBody":"","fileTypesAndContributionMap":{"functional-code":{"insertions":60,"deletions":285},"test-code":{"insertions":74,"deletions":237}}},{"hash":"9a9b0522ed994439b2f0a84b32385d474253e1ce","isMergeCommit":true,"messageTitle":"Merge pull request #67 from AY2425S2-CS2103T-F14-1/revert-57-find-delete","messageBody":"Revert \"Find and Delete command\"","fileTypesAndContributionMap":{}},{"hash":"763feeb9df50c0306dc6c260f0e8fec6b5d0dc3d","isMergeCommit":false,"messageTitle":"Fix checkstyle","messageBody":"","fileTypesAndContributionMap":{"functional-code":{"insertions":8,"deletions":7},"other":{"insertions":14,"deletions":0},"test-code":{"insertions":1,"deletions":1}}}]},{"date":"2025-03-28T00:00:00","commitResults":[{"hash":"222beefbae70b7e07abcde06ed7eeb94db6a3937","isMergeCommit":false,"messageTitle":"Create Tutorial.puml","messageBody":"","fileTypesAndContributionMap":{"docs":{"insertions":76,"deletions":0}}}]},{"date":"2025-03-31T00:00:00","commitResults":[{"hash":"a6c8d50a4c69f82c5d5441e50556b50183acc324","isMergeCommit":true,"messageTitle":"Merge pull request #88 from lilduckling/Find-Delete-Command","messageBody":"Find and delete command to find and delete by anything","fileTypesAndContributionMap":{}}]},{"date":"2025-04-01T00:00:00","commitResults":[{"hash":"00ff66e850ea33db96c50178ee494c79fc772f58","isMergeCommit":false,"messageTitle":"Modify address field to be optional","messageBody":"","fileTypesAndContributionMap":{"functional-code":{"insertions":14,"deletions":17},"other":{"insertions":6,"deletions":5},"test-code":{"insertions":17,"deletions":20}}},{"hash":"78a35d625c69e35e80196c74e2a18b838b00ee74","isMergeCommit":false,"messageTitle":"Change the order of prefixes in add command","messageBody":"","fileTypesAndContributionMap":{"functional-code":{"insertions":3,"deletions":3}}},{"hash":"16e8f073f41693f6537d70e107ad45193acae312","isMergeCommit":false,"messageTitle":"Fix bug in displaying tutorials","messageBody":"Previously,\n- Blank tutorials were still shown with an empty label\n- Populated tutorials are joined by commas instead of sliced like tags\nNow, we fix this issues by making tutorials following the exact same format as tags\n","fileTypesAndContributionMap":{"functional-code":{"insertions":2,"deletions":4}}},{"hash":"56c46d8516b5ffe8e01a1099b61aaf480e39fa33","isMergeCommit":false,"messageTitle":"Modify UI of PersonCard","messageBody":"","fileTypesAndContributionMap":{"functional-code":{"insertions":4,"deletions":2},"other":{"insertions":4,"deletions":2}}},{"hash":"079ea3ba4291204f65eea6506c9cc3d90398c27e","isMergeCommit":true,"messageTitle":"Merge branch \u0027master\u0027 into branch-AddEditCommandFix","messageBody":"","fileTypesAndContributionMap":{}},{"hash":"d282004a163140a885105edb9aa91a9f474e6cfa","isMergeCommit":false,"messageTitle":"Fix checkstyle","messageBody":"","fileTypesAndContributionMap":{"functional-code":{"insertions":2,"deletions":3},"other":{"insertions":1,"deletions":1}}},{"hash":"e854d93b80e096da1d8b57f1972093497e9b67df","isMergeCommit":false,"messageTitle":"Fix checkstyle UI","messageBody":"","fileTypesAndContributionMap":{"functional-code":{"insertions":0,"deletions":1},"other":{"insertions":0,"deletions":1}}},{"hash":"4f1ad722cd0bc30f3e4aa27f1a4d7ea8fa9ae7a0","isMergeCommit":false,"messageTitle":"Add tests for new state of Address","messageBody":"Now address being optional, test cases need to be changed accordingly.\n","fileTypesAndContributionMap":{"test-code":{"insertions":7,"deletions":19}}}]},{"date":"2025-04-03T00:00:00","commitResults":[{"hash":"46b0b432231b0f97f727977b6b46517a6e3e8c70","isMergeCommit":false,"messageTitle":"Edit UserGuide and DeveloperGuide","messageBody":"For UserGuide:\n- Change guide for add and edit commands\nFor DeveloperGuide:\n- Add guide for manual testing\nRemove excessive white space after /tut in add command\u0027s example\n","fileTypesAndContributionMap":{"functional-code":{"insertions":1,"deletions":1},"docs":{"insertions":55,"deletions":19}}}]}],"datletu":[{"date":"2025-02-26T00:00:00","commitResults":[{"hash":"ccb3e10f4220276b56476b18c07beadce19f9bae","isMergeCommit":false,"messageTitle":"add personal info","messageBody":"","fileTypesAndContributionMap":{"docs":{"insertions":6,"deletions":44}}},{"hash":"b7a95d3def053714b064f901a0611bc5871d192d","isMergeCommit":true,"messageTitle":"Merge branch \u0027master\u0027 into add-letuquocdat-info","messageBody":"","fileTypesAndContributionMap":{}},{"hash":"fb1434f2a886c287459526b23cad456da43b5c66","isMergeCommit":true,"messageTitle":"Merge branch \u0027master\u0027 into update-aboutus-page","messageBody":"","fileTypesAndContributionMap":{}},{"hash":"768cedd9e842706fde7adc3fb0b7b1c4e6ba6436","isMergeCommit":true,"messageTitle":"Merge pull request #16 from jodielzy/update-aboutus-page","messageBody":"Update Jodie\u0027s Detail in AboutUs.md","fileTypesAndContributionMap":{}},{"hash":"99cab86f871a1fd09ba901dc00a9a9709da5f391","isMergeCommit":true,"messageTitle":"Merge branch \u0027master\u0027 into add-jodie-info","messageBody":"","fileTypesAndContributionMap":{}},{"hash":"ffab782b743b344cb9e88e64a2e595e0bb4879f5","isMergeCommit":true,"messageTitle":"Merge pull request #18 from jodielzy/add-jodie-info","messageBody":"Add jodie.md","fileTypesAndContributionMap":{}}]},{"date":"2025-02-28T00:00:00","commitResults":[{"hash":"b350e2c48269dee4341b8b3993dfef5c73423813","isMergeCommit":false,"messageTitle":"Add RemarkCommand","messageBody":"Allowing users to add remarks to a person\u0027s profile.\n","fileTypesAndContributionMap":{"functional-code":{"insertions":203,"deletions":13},"test-code":{"insertions":12,"deletions":2}}},{"hash":"488eb8424b0ef8d5f2a57a970e9d63fc073ea985","isMergeCommit":false,"messageTitle":"Fix Ubuntu build bug","messageBody":"","fileTypesAndContributionMap":{"functional-code":{"insertions":2,"deletions":2}}},{"hash":"5a1ecbfc2a1c68c2fe9be794e9284fbe62a2df27","isMergeCommit":false,"messageTitle":"fix some checkstyle issues","messageBody":"","fileTypesAndContributionMap":{"functional-code":{"insertions":13,"deletions":13}}},{"hash":"afd1b5162c37822b4fb8902cca89045e8cf947ea","isMergeCommit":false,"messageTitle":"fix some more checkstyle issues","messageBody":"","fileTypesAndContributionMap":{"functional-code":{"insertions":35,"deletions":22}}},{"hash":"6213a5770b241d323f9564fdbf6d2a42cc77a440","isMergeCommit":false,"messageTitle":"add eof","messageBody":"","fileTypesAndContributionMap":{"functional-code":{"insertions":4,"deletions":4}}},{"hash":"8dcd2a16ee66f13d05b7416188355c750843cfd7","isMergeCommit":false,"messageTitle":"checkstyle: Fix checkstyle errors","messageBody":"","fileTypesAndContributionMap":{"functional-code":{"insertions":13,"deletions":2}}},{"hash":"d6cfcdb3c74c4c9d6f076fb12bd8f4eedd5954d2","isMergeCommit":false,"messageTitle":"checkstyle again","messageBody":"","fileTypesAndContributionMap":{"functional-code":{"insertions":3,"deletions":4}}},{"hash":"19f052f712f1424c309a2823238620d1c42b0153","isMergeCommit":false,"messageTitle":"style still","messageBody":"","fileTypesAndContributionMap":{"test-code":{"insertions":2,"deletions":1}}},{"hash":"32c367d4c5bf01f67ea8aa6b569c5d88bd6de024","isMergeCommit":false,"messageTitle":"test case","messageBody":"","fileTypesAndContributionMap":{"test-code":{"insertions":10,"deletions":10}}},{"hash":"9fd617576bd8d2d34f46c639afecd72bed396af0","isMergeCommit":false,"messageTitle":".","messageBody":"","fileTypesAndContributionMap":{"test-code":{"insertions":2,"deletions":1}}}]},{"date":"2025-03-05T00:00:00","commitResults":[{"hash":"0412ebc6aef75d49f8ba38faaa71516a05d6dcc6","isMergeCommit":false,"messageTitle":"add developer guide","messageBody":"","fileTypesAndContributionMap":{"docs":{"insertions":64,"deletions":382}}},{"hash":"b5ce16cce45dc5efe83e69e84a7549c1821cb68d","isMergeCommit":true,"messageTitle":"Merge branch \u0027master\u0027 into developer-guide","messageBody":"","fileTypesAndContributionMap":{}},{"hash":"ab6d6b19b9571c19e9c63ad51fee0b82ab2edea0","isMergeCommit":true,"messageTitle":"Merge pull request #22 from AY2425S2-CS2103T-F14-1/revert-20-tutorial-adding-command","messageBody":"Revert \"Add RemarkCommand\"","fileTypesAndContributionMap":{}},{"hash":"2e9ca7f7390612ffb812a3b804221247510ee4e3","isMergeCommit":true,"messageTitle":"Merge pull request #23 from lilduckling/master","messageBody":"Fix AboutUs and README","fileTypesAndContributionMap":{}}]},{"date":"2025-03-13T00:00:00","commitResults":[{"hash":"ce649691e9900ec3b980d37a58464aa95ad44e9c","isMergeCommit":false,"messageTitle":"changed the find command messages from person to students to fit the context of the application","messageBody":"","fileTypesAndContributionMap":{"functional-code":{"insertions":4,"deletions":2}}},{"hash":"28fd2725f44679d0b391bddd18212f03362e56bf","isMergeCommit":true,"messageTitle":"Merge pull request #33 from vrisdng/branch-Tutorial","messageBody":"Create Tutorial.java","fileTypesAndContributionMap":{}},{"hash":"979284b0b15206e3c71ab482045178470b2b8604","isMergeCommit":false,"messageTitle":"white space","messageBody":"","fileTypesAndContributionMap":{"functional-code":{"insertions":1,"deletions":1}}},{"hash":"d3e64413feaab8e44826d9ae2426a94183ed522b","isMergeCommit":true,"messageTitle":"Merge pull request #35 from lilduckling/branch-change-add","messageBody":"Change message of add command","fileTypesAndContributionMap":{}}]},{"date":"2025-03-17T00:00:00","commitResults":[{"hash":"15af8dbd75e195a816746a8aedd442b6b32cafdc","isMergeCommit":false,"messageTitle":"create the class StudentId","messageBody":"","fileTypesAndContributionMap":{"functional-code":{"insertions":42,"deletions":0}}},{"hash":"7cd6c490de4979da33e3a37fdc9718624540d9b5","isMergeCommit":false,"messageTitle":"fix a few bug and add studentId to person class","messageBody":"","fileTypesAndContributionMap":{"functional-code":{"insertions":81,"deletions":25},"test-code":{"insertions":113,"deletions":77}}},{"hash":"78aeac99aa5ea1dab1e59e77e6b15e77607be77e","isMergeCommit":false,"messageTitle":"Fix bug in test cases","messageBody":"TODO: Fix studentID validity test\n","fileTypesAndContributionMap":{"functional-code":{"insertions":6,"deletions":2},"test-code":{"insertions":41,"deletions":21}}},{"hash":"3874c60262fba65e805c35e2578ff664e28c70f0","isMergeCommit":false,"messageTitle":"fix checkstyle","messageBody":"","fileTypesAndContributionMap":{"functional-code":{"insertions":34,"deletions":16},"test-code":{"insertions":127,"deletions":41}}}]},{"date":"2025-03-18T00:00:00","commitResults":[{"hash":"5c76fa0c032e431766ec1d85a659fadd005f1636","isMergeCommit":true,"messageTitle":"Merge pull request #44 from lilduckling/listCommand","messageBody":"List command","fileTypesAndContributionMap":{}}]},{"date":"2025-03-19T00:00:00","commitResults":[{"hash":"cd9878f4bd3d857d42f5baabd4e0db55d7662adf","isMergeCommit":true,"messageTitle":"Merge pull request #50 from vrisdng/branch-AddCommand","messageBody":"Modify add command to acommodate tutorials field","tags":["v1.3"],"fileTypesAndContributionMap":{}}]},{"date":"2025-03-23T00:00:00","commitResults":[{"hash":"0932b910de1daab3d2ff5c3cbba5c7caa0292697","isMergeCommit":false,"messageTitle":"made it so that the json file is created if it does not exist","messageBody":"","fileTypesAndContributionMap":{"functional-code":{"insertions":14,"deletions":1},"other":{"insertions":1,"deletions":1}}},{"hash":"97fbe17c3dfd9a0b1ec4ce371006eb841e098cf4","isMergeCommit":false,"messageTitle":"Make student ID unique in the address book","messageBody":"","fileTypesAndContributionMap":{"functional-code":{"insertions":1,"deletions":1},"test-code":{"insertions":9,"deletions":16}}}]},{"date":"2025-03-25T00:00:00","commitResults":[{"hash":"3c94d91b4db7018dc0666f853404329e45259495","isMergeCommit":false,"messageTitle":"add the save command so user can save a copy of the address book","messageBody":"","fileTypesAndContributionMap":{"functional-code":{"insertions":70,"deletions":0},"test-code":{"insertions":0,"deletions":0}}},{"hash":"aa804bfc90d947590192cc0ce3684f1b22729d81","isMergeCommit":false,"messageTitle":"add test cases for save and saveparser","messageBody":"","fileTypesAndContributionMap":{"functional-code":{"insertions":20,"deletions":6},"test-code":{"insertions":98,"deletions":0}}},{"hash":"a23f78b4c19edcd88734fb1a9584c93dd463e5ce","isMergeCommit":true,"messageTitle":"Merge branch \u0027test-pr\u0027 test pr merge","messageBody":"","fileTypesAndContributionMap":{}},{"hash":"fc6dc4df96e88c6f88b201d5b61519e21408accb","isMergeCommit":true,"messageTitle":"Merge pull request #65 from datletu/test-pr","messageBody":"Remove .class files from tracking and update .gitignore","fileTypesAndContributionMap":{}}]},{"date":"2025-03-26T00:00:00","commitResults":[{"hash":"752ea0e84130b36aca3d1c09c813bfcc9f715b5b","isMergeCommit":true,"messageTitle":"Merge pull request #69 from lilduckling/list2","messageBody":"Fix list command bug","fileTypesAndContributionMap":{}}]},{"date":"2025-03-27T00:00:00","commitResults":[{"hash":"d5a02fd8567d2fd111b5110751f28087070dd079","isMergeCommit":false,"messageTitle":"add the load command that can load saved addressbook","messageBody":"","fileTypesAndContributionMap":{"functional-code":{"insertions":94,"deletions":3}}},{"hash":"942cedb6ab95d6f9ffafb9be1aef909125ae1bda","isMergeCommit":false,"messageTitle":"create test cases for the parser","messageBody":"","fileTypesAndContributionMap":{"functional-code":{"insertions":9,"deletions":9},"test-code":{"insertions":46,"deletions":0}}},{"hash":"407f07704185b3b1ccda9c9efe3da0ca9c6f84d8","isMergeCommit":false,"messageTitle":"add a files command that lists all saved files","messageBody":"","fileTypesAndContributionMap":{"functional-code":{"insertions":73,"deletions":3}}},{"hash":"50e23bd4dad41eb34b3dd051d7acac8535b331d1","isMergeCommit":false,"messageTitle":"add test cases for files command","messageBody":"","fileTypesAndContributionMap":{"functional-code":{"insertions":1,"deletions":0},"test-code":{"insertions":67,"deletions":0}}},{"hash":"9957684f3b41860cd96e58b6530b7832ba93320a","isMergeCommit":false,"messageTitle":"fix the bug where the files command list files that aren\u0027t json","messageBody":"","fileTypesAndContributionMap":{"functional-code":{"insertions":1,"deletions":0}}}]},{"date":"2025-03-28T00:00:00","commitResults":[{"hash":"468a0f909801dec4c6c25d04d6aff03a35c682c5","isMergeCommit":false,"messageTitle":"update ModelClassDiagram and include SaveSequenceDiagram","messageBody":"","fileTypesAndContributionMap":{"docs":{"insertions":31,"deletions":0}}},{"hash":"63c2d84e815a502a5998dfff61fc562f108a57e1","isMergeCommit":false,"messageTitle":"fix EOF bug","messageBody":"","fileTypesAndContributionMap":{"docs":{"insertions":1,"deletions":1}}},{"hash":"c26cb2e904f23c87f665c66deaeba7e82c7008be","isMergeCommit":true,"messageTitle":"Merge pull request #79 from lilduckling/uml","messageBody":"Add List command sequence diagram","fileTypesAndContributionMap":{}}]},{"date":"2025-04-03T00:00:00","commitResults":[{"hash":"cbe5739c97dfcbf9f6a521c75af8f330b8485b85","isMergeCommit":false,"messageTitle":"fix bug where load command does not work when the input file ends with .json","messageBody":"","fileTypesAndContributionMap":{"functional-code":{"insertions":8,"deletions":1}}},{"hash":"ece6f7b925143327ab47d5b52da0457172a4b0ab","isMergeCommit":false,"messageTitle":"fix bug in save command to save even if user indicate .json at the end","messageBody":"","fileTypesAndContributionMap":{"functional-code":{"insertions":8,"deletions":1}}},{"hash":"52d513b616b649499438fea60dd3837103b00f36","isMergeCommit":false,"messageTitle":"add a test for SaveCommand","messageBody":"","fileTypesAndContributionMap":{"test-code":{"insertions":24,"deletions":0}}},{"hash":"f1f8e22be363f9efd81a1b1948538b368a625f09","isMergeCommit":false,"messageTitle":"add test for load command","messageBody":"","fileTypesAndContributionMap":{"test-code":{"insertions":11,"deletions":0}}}]},{"date":"2025-04-04T00:00:00","commitResults":[{"hash":"fb6f3450f07da9415eec782bb01f3cca0d7378bf","isMergeCommit":false,"messageTitle":"add manual testing for save, load and files in dg","messageBody":"","fileTypesAndContributionMap":{"other":{"insertions":1,"deletions":0},"docs":{"insertions":39,"deletions":0}}},{"hash":"fbec12ae2fd6c071d07e2fc4784e8e71923b5711","isMergeCommit":false,"messageTitle":"add description in UG for save, load and files","messageBody":"","fileTypesAndContributionMap":{"docs":{"insertions":40,"deletions":3}}},{"hash":"028908ffd680835378bc12bde13c0cc3076a6f64","isMergeCommit":true,"messageTitle":"Merge branch \u0027master\u0027 into master","messageBody":"","fileTypesAndContributionMap":{}},{"hash":"44d25a13d0b439c63a83cd72ad7f47dff8a47f0e","isMergeCommit":false,"messageTitle":"remove duplicates in ug","messageBody":"","fileTypesAndContributionMap":{"docs":{"insertions":0,"deletions":24}}}]}],"jodielzy":[{"date":"2025-02-26T00:00:00","commitResults":[{"hash":"e345771ffd45d2dd2c4b0eba602ce079c55fc541","isMergeCommit":true,"messageTitle":"Merge pull request #8 from AY2425S2-CS2103T-F14-1/add-MaiAboutUs","messageBody":"Update Mai\u0027s details in AboutUs.md","fileTypesAndContributionMap":{}},{"hash":"e0e243565de7c7aa9e1cd7fe24681728d7682e55","isMergeCommit":true,"messageTitle":"Merge pull request #12 from jodielzy/add-jodie-info","messageBody":"Add jodie info","fileTypesAndContributionMap":{}},{"hash":"e6140045444c3a15e088f9465a8b744090fe31cd","isMergeCommit":false,"messageTitle":"Update AboutUs.md","messageBody":"","fileTypesAndContributionMap":{"docs":{"insertions":4,"deletions":4}}},{"hash":"fe8b0846f1d6a9b14a6d2a710e271c807854b0db","isMergeCommit":false,"messageTitle":"Add jodie.md","messageBody":"","fileTypesAndContributionMap":{"docs":{"insertions":6,"deletions":6}}}]},{"date":"2025-03-05T00:00:00","commitResults":[{"hash":"28aac9b5dae6985c85c937f2d64fee4e24582631","isMergeCommit":true,"messageTitle":"Merge pull request #21 from datletu/developer-guide","messageBody":"add developer guide","fileTypesAndContributionMap":{}},{"hash":"967baf2419346e39332b9fbf4f0f915115fa548b","isMergeCommit":true,"messageTitle":"Merge pull request #20 from datletu/tutorial-adding-command","messageBody":"Add RemarkCommand","fileTypesAndContributionMap":{}},{"hash":"693936f2bc4758aa26377ca9d639c2cb8b18b4e0","isMergeCommit":false,"messageTitle":"Revert \"Add RemarkCommand\"","messageBody":"","fileTypesAndContributionMap":{"functional-code":{"insertions":16,"deletions":229},"test-code":{"insertions":11,"deletions":23}}},{"hash":"7f2e6d7c6e38a133e8218fac108ea4fc10a5ad33","isMergeCommit":false,"messageTitle":"Update _config.yml","messageBody":"","fileTypesAndContributionMap":{"other":{"insertions":2,"deletions":2}}}]},{"date":"2025-03-13T00:00:00","commitResults":[{"hash":"77c5e6324519fec2e38d4677bf9d8e98a8a8a853","isMergeCommit":false,"messageTitle":"Modify the message displayed by Delete Command","messageBody":"","fileTypesAndContributionMap":{"functional-code":{"insertions":2,"deletions":2}}}]},{"date":"2025-03-18T00:00:00","commitResults":[{"hash":"2a8b3b227d5169a04b7cbacda912977230062f0a","isMergeCommit":false,"messageTitle":"Modify delete command to delete student by student ID","messageBody":"Currently delete student by index\n","fileTypesAndContributionMap":{"functional-code":{"insertions":31,"deletions":13},"test-code":{"insertions":35,"deletions":27}}},{"hash":"737fef06738431ab4c51318025700a4e06c5ea34","isMergeCommit":false,"messageTitle":"Fix checkstyle errors","messageBody":"Remove unused imports\n","fileTypesAndContributionMap":{"functional-code":{"insertions":0,"deletions":2}}},{"hash":"54c05c5db487a3153e024ed29fb748dcd1c44b66","isMergeCommit":false,"messageTitle":"Fix checkstyle errors","messageBody":"","fileTypesAndContributionMap":{"test-code":{"insertions":3,"deletions":5}}},{"hash":"ee08974eedf6599ea777823c6c8028109ea24f78","isMergeCommit":false,"messageTitle":"Fix checkstyle errors","messageBody":"","fileTypesAndContributionMap":{"test-code":{"insertions":2,"deletions":2}}}]},{"date":"2025-03-25T00:00:00","commitResults":[{"hash":"970dc36a2dbb62cd398f44eec1f882fd91be5bdf","isMergeCommit":false,"messageTitle":"Modify build.gradle to enable assertion","messageBody":"","fileTypesAndContributionMap":{"other":{"insertions":5,"deletions":0}}}]},{"date":"2025-03-26T00:00:00","commitResults":[{"hash":"4f4b3071342c0f27bf60a5669d38dad343b8b674","isMergeCommit":false,"messageTitle":"Modify build.gradle to enable assertion","messageBody":"","fileTypesAndContributionMap":{"other":{"insertions":4,"deletions":0}}}]},{"date":"2025-03-27T00:00:00","commitResults":[{"hash":"7e767fbdab2d3e0b32c6e9ed006f43038c27b801","isMergeCommit":false,"messageTitle":"Modify DeleteSequenceDiagram.puml","messageBody":"","fileTypesAndContributionMap":{"docs":{"insertions":4,"deletions":4}}},{"hash":"f896bcb9bccc0affcacf4ea1d750a84771aa2e8e","isMergeCommit":false,"messageTitle":"Add FindSequenceDiagram.puml","messageBody":"","fileTypesAndContributionMap":{"docs":{"insertions":70,"deletions":0}}},{"hash":"340389173aff5af283ffe8c6cdd83af285bda9bd","isMergeCommit":false,"messageTitle":"Modify FilesCommand to add assertion","messageBody":"","fileTypesAndContributionMap":{"functional-code":{"insertions":2,"deletions":0}}}]},{"date":"2025-04-01T00:00:00","commitResults":[{"hash":"7754d633f5aee85a9528504483ddd41ce2187bd8","isMergeCommit":false,"messageTitle":"Modify UserGuide.md","messageBody":"Update Introduction, Quick Start, Features and FAQ\n","fileTypesAndContributionMap":{"docs":{"insertions":22,"deletions":9}}},{"hash":"e6f1f856cabae5a2c94a114795b8581f9de01029","isMergeCommit":false,"messageTitle":"Modify Delete and Find Command","messageBody":"Previously, it needs a spacing between prefix and parameter, for example\nn/ David. Now, it no longer needs spacing.\n","fileTypesAndContributionMap":{"functional-code":{"insertions":38,"deletions":38}}},{"hash":"5fd23cad54e6a92e5fab57ef38186f214fccc6b8","isMergeCommit":false,"messageTitle":"Debug checkstyle","messageBody":"","fileTypesAndContributionMap":{"functional-code":{"insertions":2,"deletions":2}}},{"hash":"b1ac7a53e8abcc754c2ac833b18f7b8023d4eb95","isMergeCommit":false,"messageTitle":"Fix checkstyle","messageBody":"","fileTypesAndContributionMap":{"functional-code":{"insertions":8,"deletions":2}}},{"hash":"32667a127dd98205938c13d5fb3ed4d4270e68e9","isMergeCommit":false,"messageTitle":"Fix checkstyle","messageBody":"","fileTypesAndContributionMap":{"functional-code":{"insertions":9,"deletions":7}}},{"hash":"2bc98c8a1bc665ca3dd5a25c3ac24ea5fcb615bb","isMergeCommit":false,"messageTitle":"Fix checkstyle","messageBody":"","fileTypesAndContributionMap":{"functional-code":{"insertions":1,"deletions":1}}},{"hash":"f611f82cf559ca89a34673cfa76f95bdcb92e944","isMergeCommit":false,"messageTitle":"Modify find and delete command","messageBody":"Previously itrequireds a space between the prefix and parameter,\ne.g find n/ David. Now, it does not require a space.\n","fileTypesAndContributionMap":{"functional-code":{"insertions":0,"deletions":2},"test-code":{"insertions":45,"deletions":14}}},{"hash":"606bb78e601d4abcc90da786867a45135ed82e56","isMergeCommit":true,"messageTitle":"Merge pull request #94 from lilduckling/userguide","messageBody":"Update UG for list, find, delete","fileTypesAndContributionMap":{}},{"hash":"cf99008863b55430230a5a5ca8e67b639edb0943","isMergeCommit":true,"messageTitle":"Merge pull request #90 from lilduckling/add-assertion","messageBody":"add assertion to list command","fileTypesAndContributionMap":{}},{"hash":"8313d00e58db37208e7b102d20917e1a2b1b494e","isMergeCommit":true,"messageTitle":"Merge pull request #84 from lilduckling/branch-debug","messageBody":"Debug List and Load Command interaction","fileTypesAndContributionMap":{}}]},{"date":"2025-04-02T00:00:00","commitResults":[{"hash":"15fd8890f3d18312d0daaf70bb1f26ec5141d5cf","isMergeCommit":false,"messageTitle":"Update the necessary sections of Developer Guide","messageBody":"Details and diagrams are not updated yet\n","fileTypesAndContributionMap":{"docs":{"insertions":325,"deletions":12}}},{"hash":"5ebf466c26b3676b8edcf775d09fc9f83da3b912","isMergeCommit":false,"messageTitle":"Update Developer Guide up to Logic Component, add Planned Enhancement","messageBody":"","fileTypesAndContributionMap":{"docs":{"insertions":28,"deletions":13}}},{"hash":"5b0038a8929fe6348b97deedf6a5a3663c1b3f65","isMergeCommit":true,"messageTitle":"Merge pull request #97 from lilduckling/branch-debug-find","messageBody":"Debug find and delete command","fileTypesAndContributionMap":{}}]},{"date":"2025-04-03T00:00:00","commitResults":[{"hash":"707360d3eba0bfb90d5fd13098d5ad6c5e3a6ded","isMergeCommit":false,"messageTitle":"Add Telegram field","messageBody":"","fileTypesAndContributionMap":{"functional-code":{"insertions":209,"deletions":30},"test-code":{"insertions":245,"deletions":67}}},{"hash":"c581a682b0e581e053a966bdbd952ac97b1037d3","isMergeCommit":false,"messageTitle":"Add patch coverage","messageBody":"","fileTypesAndContributionMap":{"functional-code":{"insertions":4,"deletions":3},"test-code":{"insertions":32,"deletions":0}}}]},{"date":"2025-04-04T00:00:00","commitResults":[{"hash":"884664d3f65464735ec1f93108e44cbe1248a865","isMergeCommit":true,"messageTitle":"Merge pull request #124 from datletu/master","messageBody":"add manual testing for save, load and files in dg","fileTypesAndContributionMap":{}},{"hash":"275b82cb0ea1d739f48a290e395073165ec1378a","isMergeCommit":false,"messageTitle":"Update UGand Instructions for Manual Testing in DG","messageBody":"","fileTypesAndContributionMap":{"functional-code":{"insertions":3,"deletions":3},"docs":{"insertions":284,"deletions":113}}}]}]},"authorFileTypeContributionMap":{"lilduckling":{"docs":178,"functional-code":586,"test-code":476},"vrisdng":{"docs":130,"functional-code":274,"test-code":364,"other":596},"datletu":{"docs":111,"functional-code":399,"test-code":433,"other":2},"jodielzy":{"docs":399,"functional-code":245,"test-code":324,"other":4}},"authorContributionVariance":{"lilduckling":49619.344,"vrisdng":27171.047,"datletu":17775.621,"jodielzy":16126.666},"authorDisplayNameMap":{"lilduckling":"CS2103T-F14-1 NGUY.. DUC","vrisdng":"CS2103T-F14-1 DUON.. MAI","datletu":"CS2103T-F14-1 LE T.. DAT","jodielzy":"CS2103T-F14-1 JODI..YING"}}
