{"authorDailyContributionsMap":{"Windofbitter":[{"date":"2025-03-03T00:00:00","commitResults":[{"hash":"824f60593c0d3a108b17029dbc65d1501e8544d4","isMergeCommit":false,"messageTitle":"Update about us for baizhou","messageBody":"","fileTypesAndContributionMap":{"docs":{"insertions":4,"deletions":6}}},{"hash":"efcd07fe4ec81f8415ab9ca489babf52a1c9ae6f","isMergeCommit":false,"messageTitle":"Add user cases for developer guide","messageBody":"","fileTypesAndContributionMap":{"docs":{"insertions":51,"deletions":15}}}]},{"date":"2025-03-11T00:00:00","commitResults":[{"hash":"a2f5ce788334318434f7f0084479e3cd2d65f7c3","isMergeCommit":false,"messageTitle":"Update add command to feature courses and friendship fields","messageBody":"","fileTypesAndContributionMap":{"functional-code":{"insertions":157,"deletions":9}}},{"hash":"2f5f87e8744552230c224b93dfda65dba2a8b596","isMergeCommit":false,"messageTitle":"Fix Logic Manager Test","messageBody":"","fileTypesAndContributionMap":{"functional-code":{"insertions":33,"deletions":8},"test-code":{"insertions":69,"deletions":66}}},{"hash":"493d19d9a27b9c1226d32bc94333c962bebcfb4f","isMergeCommit":false,"messageTitle":"Fix test error in AddressBookParserTest","messageBody":"","fileTypesAndContributionMap":{"test-code":{"insertions":11,"deletions":1}}},{"hash":"acd74049b32a4ea72d2cce8962631d69206407d2","isMergeCommit":false,"messageTitle":"Fix checkstyle errors","messageBody":"","fileTypesAndContributionMap":{"functional-code":{"insertions":8,"deletions":8},"test-code":{"insertions":15,"deletions":11}}}]},{"date":"2025-03-17T00:00:00","commitResults":[{"hash":"182795fe92c91440a2df34d0e65396a0d16cb0c1","isMergeCommit":false,"messageTitle":"Make c/ optional, and add parser check for f/","messageBody":"","fileTypesAndContributionMap":{"functional-code":{"insertions":5,"deletions":2},"test-code":{"insertions":8,"deletions":9}}},{"hash":"6b46094c09a8090acdd510ab9bab7fc6a450acb0","isMergeCommit":false,"messageTitle":"Fix checkstyle errors","messageBody":"","fileTypesAndContributionMap":{"test-code":{"insertions":2,"deletions":1}}},{"hash":"bbbb644dc05342822f4c2777538eb36c15d05db4","isMergeCommit":true,"messageTitle":"Merge branch \u0027update-add-command-to-v2\u0027 Update add command","messageBody":"","fileTypesAndContributionMap":{}}]},{"date":"2025-03-24T00:00:00","commitResults":[{"hash":"ea8004a7d57630693d3cc1a8f0e1f7190670adb4","isMergeCommit":false,"messageTitle":"Add support to support previous course prefix","messageBody":"","fileTypesAndContributionMap":{"functional-code":{"insertions":38,"deletions":3}}},{"hash":"10c91c8a8deba6a8ac0cca726fd8cea675d5c2db","isMergeCommit":false,"messageTitle":"Update the modal class diagram to reflect the latest person fields","messageBody":"","fileTypesAndContributionMap":{"docs":{"insertions":6,"deletions":0}}},{"hash":"5db6b1a0bc8edae841825878c76c9265982d4e81","isMergeCommit":false,"messageTitle":"Fix all checkstyle errors","messageBody":"","fileTypesAndContributionMap":{"functional-code":{"insertions":1,"deletions":1}}}]},{"date":"2025-03-31T00:00:00","commitResults":[{"hash":"321e1c12b44188c0ba913afab9f137e809423201","isMergeCommit":false,"messageTitle":"Update user guide introduction","messageBody":"","fileTypesAndContributionMap":{"docs":{"insertions":4,"deletions":5}}}]},{"date":"2025-04-01T00:00:00","commitResults":[{"hash":"5319f2037e15f7a980112f86579db352dc20ebdb","isMergeCommit":false,"messageTitle":"Add more detailed description for unknown command","messageBody":"","fileTypesAndContributionMap":{"functional-code":{"insertions":1,"deletions":1}}}]},{"date":"2025-04-02T00:00:00","commitResults":[{"hash":"5b3da5174b4df03353482389317c3895bcd2aa45","isMergeCommit":false,"messageTitle":"Update user guide intro","messageBody":"","fileTypesAndContributionMap":{"docs":{"insertions":2,"deletions":2}}}]},{"date":"2025-04-06T00:00:00","commitResults":[{"hash":"f40d36e00923e8c155be840f915601ba50e744e7","isMergeCommit":false,"messageTitle":"Fix some erros found in ug during pe-d","messageBody":"","fileTypesAndContributionMap":{"docs":{"insertions":32,"deletions":30}}},{"hash":"484158deb1e87dc48b66e950cfb530b37f0eb0f2","isMergeCommit":false,"messageTitle":"Add table of content to ug","messageBody":"","fileTypesAndContributionMap":{"docs":{"insertions":25,"deletions":0}}},{"hash":"292bfcf94e5a383d9a512c178da0dd545ca6c6d9","isMergeCommit":false,"messageTitle":"Add sorting algorithm for find command","messageBody":"","fileTypesAndContributionMap":{"docs":{"insertions":8,"deletions":0}}},{"hash":"bb4c4a2958e948466330aba383bd56fa6338d5aa","isMergeCommit":false,"messageTitle":"Fix erros in add command summary","messageBody":"","fileTypesAndContributionMap":{"docs":{"insertions":1,"deletions":1}}},{"hash":"6fae40a57752d622ea496de9b04bc29d915b6bf3","isMergeCommit":false,"messageTitle":"Add prefix for find command examples","messageBody":"","fileTypesAndContributionMap":{"docs":{"insertions":1,"deletions":1}}},{"hash":"6ae50c77cbc81fd21adf190ed675c7b8526d9ddc","isMergeCommit":false,"messageTitle":"Add duplicate values to invalid behviour in part 10","messageBody":"","fileTypesAndContributionMap":{"docs":{"insertions":1,"deletions":1}}},{"hash":"602496222fc2fba8a9b877c7909abd0a9c86aac3","isMergeCommit":false,"messageTitle":"Move the invalid operations up one line","messageBody":"","fileTypesAndContributionMap":{"docs":{"insertions":2,"deletions":2}}},{"hash":"3b29187fb1f62314d337a9b9034bcc88484b8a52","isMergeCommit":false,"messageTitle":"Add more details in automatic course archival","messageBody":"","fileTypesAndContributionMap":{"docs":{"insertions":6,"deletions":1}}},{"hash":"d54cfb298709d01673e4b5228efc395c7fdd68d2","isMergeCommit":false,"messageTitle":"Fix ug to add punctuations and remove \u0027s\u0027 from acquanitance","messageBody":"","fileTypesAndContributionMap":{"docs":{"insertions":24,"deletions":26}}},{"hash":"f3db31ac71fd9b6a91601c60375dac9e7985375a","isMergeCommit":false,"messageTitle":"Add missing full-stop","messageBody":"","fileTypesAndContributionMap":{"docs":{"insertions":9,"deletions":9}}}]},{"date":"2025-04-07T00:00:00","commitResults":[{"hash":"be4ab0c705a597e43b6378ddf7612892931e9e64","isMergeCommit":false,"messageTitle":"Add duplicate checks for current courses with previous courses","messageBody":"","fileTypesAndContributionMap":{"functional-code":{"insertions":31,"deletions":2}}},{"hash":"7b205f5f00bbf11a775c5f41b19ef988fc56c299","isMergeCommit":false,"messageTitle":"Update some checking logic","messageBody":"","fileTypesAndContributionMap":{"functional-code":{"insertions":15,"deletions":2}}},{"hash":"19ec9e77a18c7d89dfc7d08867cfd29a37fb1841","isMergeCommit":true,"messageTitle":"Merge branch \u0027master\u0027 into update-check-duplicate-course","messageBody":"","fileTypesAndContributionMap":{}},{"hash":"0cd2eda02a4fb321157ee8f30fe83c63ce9dc52a","isMergeCommit":false,"messageTitle":"Correct error messages","messageBody":"","fileTypesAndContributionMap":{"functional-code":{"insertions":6,"deletions":6}}},{"hash":"6be9a0a8c47b65486529723000fdc8a7a486331d","isMergeCommit":true,"messageTitle":"Merge branch \u0027update-check-duplicate-course\u0027 of https://github.com/Windofbitter/tp into update-check-duplicate-course \"Update duplicate check\"","messageBody":"","fileTypesAndContributionMap":{}},{"hash":"909536c7af6fca5eff86a7d930f2209305444e65","isMergeCommit":false,"messageTitle":"Fix checkstyle errors","messageBody":"","fileTypesAndContributionMap":{"functional-code":{"insertions":1,"deletions":1}}},{"hash":"d35cbd5d4d026035c498033b72350d930f5ed617","isMergeCommit":true,"messageTitle":"Merge pull request #269 from Xavierlhm/branch-modify-dg","messageBody":"Modify developer guide","fileTypesAndContributionMap":{}}]}],"zuoshihua":[{"date":"2025-03-03T00:00:00","commitResults":[{"hash":"8127ce9c60b6ddaac31575463345607cf6c1015f","isMergeCommit":true,"messageTitle":"Merge pull request #22 from TiewJiaLiang/Add-Photo","messageBody":"Add Photo","fileTypesAndContributionMap":{}},{"hash":"6987bb6708d46166707b20c6379fe9f59df4c724","isMergeCommit":false,"messageTitle":"Update AboutUs.md","messageBody":"","fileTypesAndContributionMap":{"docs":{"insertions":4,"deletions":4}}},{"hash":"9180625c3735f7537f4a8016b376b7c60211e607","isMergeCommit":false,"messageTitle":"Update image","messageBody":"","fileTypesAndContributionMap":{"docs":{"insertions":9,"deletions":9}}},{"hash":"4c14c4d4b6df90f6c79a6441448076c8bd0f8755","isMergeCommit":true,"messageTitle":"Merge branch \u0027master\u0027 into update-about-us","messageBody":"","fileTypesAndContributionMap":{}},{"hash":"248f80c4b708d4ca714fdf2c914d50bb6cc22e5c","isMergeCommit":true,"messageTitle":"Merge pull request #32 from Xavierlhm/update-aboutus","messageBody":"Update AboutUs page","fileTypesAndContributionMap":{}},{"hash":"87c962729bf6bf9767c60422ae5d1f8497c8a2be","isMergeCommit":true,"messageTitle":"Merge pull request #27 from Windofbitter/update-about-us","messageBody":"Update about us for baizhou","fileTypesAndContributionMap":{}},{"hash":"58d4075c9068d4c33c8d88d62791d7261fdaeb00","isMergeCommit":true,"messageTitle":"Merge pull request #37 from Xavierlhm/add-non-functional-requirements","messageBody":"","fileTypesAndContributionMap":{}},{"hash":"09afbb69c5b0ed8fb0671a37f6bffb513881c057","isMergeCommit":true,"messageTitle":"Merge pull request #42 from TiewJiaLiang/Update-ReadMe","messageBody":"","fileTypesAndContributionMap":{}}]},{"date":"2025-03-11T00:00:00","commitResults":[{"hash":"bfba738b9c42ae727df0caf8579e6194842fd0f1","isMergeCommit":false,"messageTitle":"Make Friendship comparable and improve namings","messageBody":"","fileTypesAndContributionMap":{"other":{"insertions":0,"deletions":0}}},{"hash":"5b0c5e775de29fad35b8a53da301004c3a280deb","isMergeCommit":false,"messageTitle":"Appease checkstyle","messageBody":"","fileTypesAndContributionMap":{"functional-code":{"insertions":93,"deletions":24}}},{"hash":"ac9c530aa9bca267497a656d901d0b1b63a97191","isMergeCommit":true,"messageTitle":"Merge pull request #49 from xa0412/Branch_Update_Person_Class","messageBody":"Update Person class, add Course and Friend class","fileTypesAndContributionMap":{}},{"hash":"1615ed25990d7b32d7fd43724a90f11b4a350888","isMergeCommit":false,"messageTitle":"Fix typo in AddCommand usage","messageBody":"","fileTypesAndContributionMap":{"functional-code":{"insertions":1,"deletions":1}}},{"hash":"61719562f71bd869ffdd6d89a0de8ed2fb696e80","isMergeCommit":true,"messageTitle":"Merge pull request #51 from Windofbitter/update-add-command-v1","messageBody":"Update add command v1","fileTypesAndContributionMap":{}}]},{"date":"2025-03-12T00:00:00","commitResults":[{"hash":"d2a82385a55bf0beb2840500c269ca6a61d45018","isMergeCommit":true,"messageTitle":"Merge pull request #53 from Xavierlhm/branch-add-CLI-syntax","messageBody":"Add new CLI syntax for course","fileTypesAndContributionMap":{}},{"hash":"cc37082c05f3a4bb450aa1fde1123f99fbfa9b32","isMergeCommit":false,"messageTitle":"Improve Edit and Add commands","messageBody":"","fileTypesAndContributionMap":{"functional-code":{"insertions":132,"deletions":33}}},{"hash":"5d533832601314538776b9c4909f67af13a98b6e","isMergeCommit":false,"messageTitle":"Update tests and data to match","messageBody":"","fileTypesAndContributionMap":{"test-code":{"insertions":76,"deletions":38}}}]},{"date":"2025-03-17T00:00:00","commitResults":[{"hash":"4c5db88078ab9b262d5ca08e02be6c89267d7e31","isMergeCommit":true,"messageTitle":"Merge pull request #60 from Xavierlhm/branch-modify-find-command","messageBody":"Modify find command","fileTypesAndContributionMap":{}}]},{"date":"2025-03-18T00:00:00","commitResults":[{"hash":"ec80b9d995796d04b42e11e2265ae18b3b7cd61e","isMergeCommit":false,"messageTitle":"Move Course to course.Course","messageBody":"","fileTypesAndContributionMap":{"functional-code":{"insertions":128,"deletions":101},"other":{"insertions":2,"deletions":1},"test-code":{"insertions":7,"deletions":5}}},{"hash":"47df31e5107c89d39273fb1083ff4bb0b51ebec2","isMergeCommit":false,"messageTitle":"Update checkstyle array initialization to 8 spaces","messageBody":"","fileTypesAndContributionMap":{"other":{"insertions":13,"deletions":0}}},{"hash":"fea90ebba2ce4276a78e0c2f09597061d5922ba1","isMergeCommit":false,"messageTitle":"Restore checkstyle to default","messageBody":"","fileTypesAndContributionMap":{"other":{"insertions":0,"deletions":7}}},{"hash":"0b1c19c3d36dd32093be6dc6f5a1310556b8d5fb","isMergeCommit":false,"messageTitle":"Update ParserUtil to use Friendship validation","messageBody":"","fileTypesAndContributionMap":{"functional-code":{"insertions":3,"deletions":4}}},{"hash":"fcf2e6b415441dd9234cfff093d65fad553ca9db","isMergeCommit":false,"messageTitle":"Add validation for Course","messageBody":"","fileTypesAndContributionMap":{"functional-code":{"insertions":12,"deletions":0}}},{"hash":"cb089bbc9df76ab73153d1f89bab1cbc9f78b200","isMergeCommit":false,"messageTitle":"Cleanup","messageBody":"","fileTypesAndContributionMap":{"functional-code":{"insertions":29,"deletions":27}}},{"hash":"af001ceb69ab03237928b3af3fd7fd2f7331baaa","isMergeCommit":false,"messageTitle":"Update tests to treat courses as optional","messageBody":"","fileTypesAndContributionMap":{"test-code":{"insertions":72,"deletions":24}}},{"hash":"8b25ecf1625d2b8049b4860e50800c7bf5c0a7b5","isMergeCommit":false,"messageTitle":"Add invalid friendship value for tests","messageBody":"","fileTypesAndContributionMap":{"test-code":{"insertions":21,"deletions":13}}},{"hash":"6d2766003e3274dd9f1543f77d9eca679c9fbc9c","isMergeCommit":true,"messageTitle":"Merge pull request #63 from Windofbitter/update-add-command-v3","messageBody":"Update add command","fileTypesAndContributionMap":{}},{"hash":"720f054fc6e9bd01cfb1b1629bda19284623450f","isMergeCommit":true,"messageTitle":"Merge branch \u0027master\u0027 into update-courses","messageBody":"","fileTypesAndContributionMap":{}},{"hash":"1db14f2818223bcb90a6169a7c07aff8f5bd03db","isMergeCommit":false,"messageTitle":"Use Course validation message","messageBody":"","fileTypesAndContributionMap":{"functional-code":{"insertions":4,"deletions":15}}},{"hash":"fffbc681d27d28500e505d14ca293b464cf58217","isMergeCommit":false,"messageTitle":"Cleanup Person class","messageBody":"","fileTypesAndContributionMap":{"functional-code":{"insertions":0,"deletions":13}}},{"hash":"5b325068c3c97b4a2427df25e4eff11255c8e3f0","isMergeCommit":true,"messageTitle":"Merge pull request #67 from xa0412/update-ui-name-card-tag","messageBody":"Update Ui for name card tag","fileTypesAndContributionMap":{}}]},{"date":"2025-03-20T00:00:00","commitResults":[{"hash":"1d8ab6f26a0735357e212182c92e15b12442e6cf","isMergeCommit":true,"messageTitle":"Merge pull request #70 from TiewJiaLiang/Update-UG","messageBody":"Update ug","tags":["v1.3"],"fileTypesAndContributionMap":{}}]},{"date":"2025-03-24T00:00:00","commitResults":[{"hash":"b44b5d2c27b85b4a9e78d413e5e7deedd1618e88","isMergeCommit":true,"messageTitle":"Merge pull request #72 from TiewJiaLiang/Create-LastLogin","messageBody":"Create last login \u0026 update archive function","fileTypesAndContributionMap":{}}]},{"date":"2025-03-25T00:00:00","commitResults":[{"hash":"a2a8aa71b12b8b29dbbd1a682d6697c9009aa475","isMergeCommit":false,"messageTitle":"Add SortedList for sorting support","messageBody":"","fileTypesAndContributionMap":{"functional-code":{"insertions":30,"deletions":7}}},{"hash":"73f8ec7defb6f4919041829583400073c0fa0606","isMergeCommit":false,"messageTitle":"Update method references","messageBody":"","fileTypesAndContributionMap":{"functional-code":{"insertions":34,"deletions":23},"test-code":{"insertions":42,"deletions":38}}},{"hash":"d48bb57af97bf6971d2c93070a7550ace4a30d26","isMergeCommit":false,"messageTitle":"Make predicate\u0027s keywords accessible","messageBody":"","fileTypesAndContributionMap":{"functional-code":{"insertions":12,"deletions":4}}},{"hash":"295c2b5c3a8b1150215c5622a73cc4db45572b97","isMergeCommit":false,"messageTitle":"Reorder Friendship levels","messageBody":"","fileTypesAndContributionMap":{"functional-code":{"insertions":4,"deletions":3}}},{"hash":"70c9600cf7d1057b70e310ca18105fe0c1a076d0","isMergeCommit":false,"messageTitle":"Update method reference","messageBody":"","fileTypesAndContributionMap":{"functional-code":{"insertions":2,"deletions":2}}},{"hash":"4cf38e294b0514d7682d23725f097f038be55d33","isMergeCommit":false,"messageTitle":"Prioritise persons whose courses better match provided keywords","messageBody":"","fileTypesAndContributionMap":{"functional-code":{"insertions":39,"deletions":0}}},{"hash":"53daf68e7c3a65bcb26d35e5cdd72710146246b7","isMergeCommit":false,"messageTitle":"Update syntax of find command","messageBody":"","fileTypesAndContributionMap":{"docs":{"insertions":74,"deletions":68}}},{"hash":"be3352ce06b2bd7b36063f1cac1a43e48ef28104","isMergeCommit":false,"messageTitle":"Reformat readme","messageBody":"","fileTypesAndContributionMap":{"docs":{"insertions":19,"deletions":14}}}]},{"date":"2025-03-26T00:00:00","commitResults":[{"hash":"a01755ac8c09cd26ca67066445f07c38b0134e8a","isMergeCommit":true,"messageTitle":"Merge pull request #78 from Windofbitter/update-add-to-support-o-prefix","messageBody":"Add support for previous course prefix in the add command","fileTypesAndContributionMap":{}},{"hash":"a4bdf5d5a8ae8fcdaaea124410d66d224b8b8429","isMergeCommit":true,"messageTitle":"Merge pull request #80 from Windofbitter/update-dg-model-diagram","messageBody":"Update the modal class diagram to reflect the latest person fields","fileTypesAndContributionMap":{}},{"hash":"38236286081d4d3e00576482b81bd9303ba8c257","isMergeCommit":true,"messageTitle":"Merge pull request #79 from xa0412/Branch-update-build-gradle","messageBody":"Update jar file naming","fileTypesAndContributionMap":{}},{"hash":"109275023bc29d4c5c33f5b2bdd027c1761b5afc","isMergeCommit":true,"messageTitle":"Merge pull request #82 from TiewJiaLiang/Fix-Duplicate","messageBody":"Fix duplicate issue","fileTypesAndContributionMap":{}},{"hash":"5a7d819cff23a20bd63bacad7c5c1bafca90e663","isMergeCommit":true,"messageTitle":"Merge pull request #92 from TiewJiaLiang/Update-UML","messageBody":"Update uml","fileTypesAndContributionMap":{}},{"hash":"f6cdb8f862a58b862a1d56d2dbffafc902026d4f","isMergeCommit":true,"messageTitle":"Merge pull request #101 from Xavierlhm/branch-modify-uml","messageBody":"Modify logic class diagram","fileTypesAndContributionMap":{}},{"hash":"883bdff796f148f789a5641b22b19b296873a95b","isMergeCommit":true,"messageTitle":"Merge pull request #87 from xa0412/Branch-update-model-component","messageBody":"Update model class diagram","fileTypesAndContributionMap":{}},{"hash":"5f7c64764eae3b95ea7cc91548c42d648eb9c10a","isMergeCommit":true,"messageTitle":"Merge branch \u0027master\u0027 into update-user-guide","messageBody":"","fileTypesAndContributionMap":{}},{"hash":"6cc142b55676157ddacf33c327b01ce4c140f23e","isMergeCommit":true,"messageTitle":"Merge pull request #100 from Xavierlhm/branch-modify-user-guide","messageBody":"Modify user guide document","fileTypesAndContributionMap":{}},{"hash":"f13f3d7b19b41b80dd45376dc81e4868aaa2cadf","isMergeCommit":true,"messageTitle":"Merge branch \u0027master\u0027 into update-user-guide","messageBody":"","fileTypesAndContributionMap":{}},{"hash":"13bd4aa3d158ce71c3cc4c35a12111d9713facd0","isMergeCommit":true,"messageTitle":"Merge branch \u0027master\u0027 into update-user-guide","messageBody":"","fileTypesAndContributionMap":{}},{"hash":"72d706309f5f147ce2a1cad16017cd2241fa8589","isMergeCommit":false,"messageTitle":"Update user guide conflicts","messageBody":"","fileTypesAndContributionMap":{"docs":{"insertions":11,"deletions":11}}},{"hash":"a3507ab4bff64aa383b22094b2fb3efee04a2e16","isMergeCommit":true,"messageTitle":"Merge pull request #85 from xa0412/Branch-update-user-stories","messageBody":"Update developer guide","fileTypesAndContributionMap":{}},{"hash":"ad6eacf8af36821c5e2fb06b3f41c476b88b9551","isMergeCommit":true,"messageTitle":"Merge pull request #84 from TiewJiaLiang/Add-Assertion","messageBody":"Add assertion","fileTypesAndContributionMap":{}},{"hash":"0b5cf1bd447a91c2dcb35ddf6c220201d1d778b6","isMergeCommit":true,"messageTitle":"Merge branch \u0027master\u0027 into update-find-command","messageBody":"","fileTypesAndContributionMap":{}},{"hash":"e1846823f8b0cf8651abc7419ad5d8ade3c6f492","isMergeCommit":false,"messageTitle":"Disable sorting unless requested","messageBody":"","fileTypesAndContributionMap":{"functional-code":{"insertions":1,"deletions":0}}},{"hash":"01c2ebbea6237652182ec7e56b3d18c2f19ac536","isMergeCommit":false,"messageTitle":"Update docs","messageBody":"","fileTypesAndContributionMap":{"docs":{"insertions":106,"deletions":96}}},{"hash":"8062641040ecb81c31297c26f1a4e3c0d0d52e79","isMergeCommit":false,"messageTitle":"Add logging","messageBody":"","fileTypesAndContributionMap":{"functional-code":{"insertions":3,"deletions":0}}},{"hash":"4749255dcf7e22ea438827b5dcbc32d011993683","isMergeCommit":false,"messageTitle":"Add PersonCoursesComparator class in diagram","messageBody":"","fileTypesAndContributionMap":{"docs":{"insertions":4,"deletions":0}}}]},{"date":"2025-04-01T00:00:00","commitResults":[{"hash":"823ef9dfc1b67f406b2ed79df2836738607fc7b0","isMergeCommit":true,"messageTitle":"Merge pull request #134 from xa0412/Branch-update-user-guide","messageBody":"Update image on user guide","fileTypesAndContributionMap":{}},{"hash":"cc83abc31e5146477d4eefbe9b8585f423bc860b","isMergeCommit":true,"messageTitle":"Fix merge conflict master to Update-UserGuide","messageBody":"","fileTypesAndContributionMap":{}},{"hash":"3bcc110f98b1eaf1ab1d17c5a1ed52aec4554403","isMergeCommit":true,"messageTitle":"Merge pull request #137 from TiewJiaLiang/Update-UserGuide","messageBody":"Update user guide","fileTypesAndContributionMap":{}},{"hash":"dbe1ae8ecfa17782fc4ddd2d6f08d432399638e0","isMergeCommit":true,"messageTitle":"Merge pull request #148 from Windofbitter/update-unknown-command-message","messageBody":"Add more detailed description for unknown command","fileTypesAndContributionMap":{}},{"hash":"b3b6af2eae9b4f2c7c968577a90a171399ab4c1b","isMergeCommit":true,"messageTitle":"Merge pull request #138 from TiewJiaLiang/Fix-Find","messageBody":"Fix Find function","fileTypesAndContributionMap":{}},{"hash":"212a2e0d8921dffd3bdcdf8a0dbb7ab01a71defd","isMergeCommit":true,"messageTitle":"Merge pull request #131 from Windofbitter/update-user-guide-intro","messageBody":"Update user guide introduction","fileTypesAndContributionMap":{}},{"hash":"0992fb2e8f63216d2dc60f1957c7f24aaaffb4c8","isMergeCommit":true,"messageTitle":"Merge pull request #140 from TiewJiaLiang/Update-Logic","messageBody":"Update Logic","fileTypesAndContributionMap":{}},{"hash":"7a74fab8af1d37727944ff3fc3ebb5e418b53371","isMergeCommit":true,"messageTitle":"Merge pull request #139 from TiewJiaLiang/Update-Model","messageBody":"Update Model","fileTypesAndContributionMap":{}}]},{"date":"2025-04-02T00:00:00","commitResults":[{"hash":"080eee3a63897e82e6145bff0129c35a1aa83ee4","isMergeCommit":true,"messageTitle":"Merge pull request #151 from xa0412/Branch-update-user-guide-v2","messageBody":"Update image for expected output","fileTypesAndContributionMap":{}},{"hash":"8a36da721862b45a9f0a12873ba4285440644a9e","isMergeCommit":true,"messageTitle":"Merge pull request #162 from Windofbitter/improve-ug-intro-v2","messageBody":"Update user guide intro","fileTypesAndContributionMap":{}},{"hash":"f5a9e28d45247e98b6c420ec8eeb7707777784ef","isMergeCommit":false,"messageTitle":"Disallow duplicate friendship prefixes for edit command","messageBody":"","fileTypesAndContributionMap":{"functional-code":{"insertions":10,"deletions":14}}},{"hash":"0834750826347d4592ece7c503f0c4b5f04145f9","isMergeCommit":false,"messageTitle":"Compare set similarity instead","messageBody":"","fileTypesAndContributionMap":{"functional-code":{"insertions":26,"deletions":39}}},{"hash":"3e83abef3d4476a201fb3d3cc591e4a3cf1b7c67","isMergeCommit":false,"messageTitle":"Consider previous courses in addition to courses","messageBody":"","fileTypesAndContributionMap":{"functional-code":{"insertions":6,"deletions":1}}},{"hash":"76b2ce11597d5adc5f338e7ec9807874d2af3fa7","isMergeCommit":false,"messageTitle":"Compare courses then previous courses","messageBody":"","fileTypesAndContributionMap":{"functional-code":{"insertions":11,"deletions":3}}},{"hash":"f552f6af5b5e9b68af4e89431870d893923e4e2d","isMergeCommit":true,"messageTitle":"Merge pull request #157 from Xavierlhm/branch-modify-add-message","messageBody":"Modify return message for add command","fileTypesAndContributionMap":{}},{"hash":"ef15af036476ad4ce6bfca4af92ceffee43eddbd","isMergeCommit":false,"messageTitle":"Remove old constructor","messageBody":"","fileTypesAndContributionMap":{"functional-code":{"insertions":9,"deletions":40}}},{"hash":"01e91f935334aeff7620c72b7d4b3891df59b1f9","isMergeCommit":false,"messageTitle":"Update command to use the new constructor","messageBody":"","fileTypesAndContributionMap":{"functional-code":{"insertions":28,"deletions":1}}},{"hash":"7501b01441eb48a45e045abc55e62d0c48e530e7","isMergeCommit":false,"messageTitle":"Update SampleDataUtil to use the new constructor","messageBody":"","fileTypesAndContributionMap":{"functional-code":{"insertions":23,"deletions":22}}},{"hash":"eb765646229a1c4fb66d1e669dda5b38ef82a3df","isMergeCommit":false,"messageTitle":"Update PersonBuilder to use the new constructor","messageBody":"","fileTypesAndContributionMap":{"test-code":{"insertions":16,"deletions":5}}},{"hash":"d85de864981cbb8187d59f5a83fc8fcff99961ed","isMergeCommit":true,"messageTitle":"Merge pull request #152 from TiewJiaLiang/Update-Regex","messageBody":"Update Regex and its explaination","fileTypesAndContributionMap":{}},{"hash":"de441db92aa05129f12fa02510a0de0728cb8baa","isMergeCommit":false,"messageTitle":"Add docs","messageBody":"","fileTypesAndContributionMap":{"functional-code":{"insertions":3,"deletions":0}}},{"hash":"f1612c7c99d028b7f0b1b77c3e9aac35f38fea72","isMergeCommit":true,"messageTitle":"Merge pull request #159 from Xavierlhm/branch-modify-developer-guide","messageBody":"Modify developer guide","fileTypesAndContributionMap":{}},{"hash":"72b9f2093ccca36ed3ce5ee2a66d539c6b32d6c4","isMergeCommit":true,"messageTitle":"Merge pull request #161 from Xavierlhm/branch-modify-index","messageBody":"Modify index page","fileTypesAndContributionMap":{}},{"hash":"bd5b2f97c0af9d876e737073a729d56cf1323f2a","isMergeCommit":true,"messageTitle":"Merge branch \u0027master\u0027 into Update-Guide","messageBody":"","fileTypesAndContributionMap":{}},{"hash":"d3ce6790eb3d978acad33d6b86730cfc988cbb2b","isMergeCommit":true,"messageTitle":"Merge pull request #153 from TiewJiaLiang/Update-Guide","messageBody":"Update Guide","fileTypesAndContributionMap":{}},{"hash":"92be371c27a40ebe3e568301674ce9766e74af6a","isMergeCommit":true,"messageTitle":"Merge pull request #164 from zuoshihua/fix-friend-prefix","messageBody":"Disallow duplicate friendship prefixes for edit command","fileTypesAndContributionMap":{}},{"hash":"defd131928d2af38d8c55a5743b71f3d695d44dd","isMergeCommit":true,"messageTitle":"Merge pull request #165 from zuoshihua/edit-prev-courses","messageBody":"Edit prev courses","fileTypesAndContributionMap":{}},{"hash":"8c48363e7e3a342310221d40417dbe94e3d064fb","isMergeCommit":true,"messageTitle":"Merge pull request #167 from zuoshihua/find-prev-courses","messageBody":"Find prev courses","tags":["v1.5"],"fileTypesAndContributionMap":{}}]},{"date":"2025-04-07T00:00:00","commitResults":[{"hash":"f4db7c7ec1fc1db269078fb0fa06171c068f5a56","isMergeCommit":true,"messageTitle":"Merge pull request #258 from Windofbitter/add-toc-ug","messageBody":"Add toc ug","fileTypesAndContributionMap":{}},{"hash":"0c23305e3a3e0967a8be646f2b989b63a6a6e882","isMergeCommit":true,"messageTitle":"Merge pull request #257 from Windofbitter/fix-pe-d-ug","messageBody":"Fix some erros found in ug during pe-d","fileTypesAndContributionMap":{}},{"hash":"f82d333150dd973e6f658d370537edadd25a5acf","isMergeCommit":true,"messageTitle":"Merge pull request #259 from TiewJiaLiang/Update-DG","messageBody":"Update DG","fileTypesAndContributionMap":{}},{"hash":"7fed28d8864f654cf8b3d7100af672285c701e48","isMergeCommit":true,"messageTitle":"Merge pull request #260 from TiewJiaLiang/Edit-Message","messageBody":"Edit message","fileTypesAndContributionMap":{}}]}],"TiewJiaLiang":[{"date":"2025-03-03T00:00:00","commitResults":[{"hash":"9c023aa3f704026f4e08fe10e21b22774a2f15c7","isMergeCommit":false,"messageTitle":"Update Aboutus.md","messageBody":"","fileTypesAndContributionMap":{"docs":{"insertions":4,"deletions":4}}},{"hash":"5f12e9df073d425b46066ff32102508538fdc3f2","isMergeCommit":false,"messageTitle":"Update Aboutus.md","messageBody":"","fileTypesAndContributionMap":{"docs":{"insertions":1,"deletions":1}}},{"hash":"e55d3a31a214eff809843a814af61c0b1bda0ea8","isMergeCommit":false,"messageTitle":"Update ReadMe.md","messageBody":"","fileTypesAndContributionMap":{"docs":{"insertions":20,"deletions":11}}},{"hash":"aef4335a1f3693758050272b8403df05a400e58a","isMergeCommit":false,"messageTitle":"Update ReadMe","messageBody":"","fileTypesAndContributionMap":{"docs":{"insertions":2,"deletions":2}}},{"hash":"799a4db744261026b9fe55e56fab6f0d987f1f2f","isMergeCommit":false,"messageTitle":"Update README.md","messageBody":"","fileTypesAndContributionMap":{"docs":{"insertions":2,"deletions":2}}}]},{"date":"2025-03-12T00:00:00","commitResults":[{"hash":"0007a5a9efb598937aed912058934f8dd08b13bc","isMergeCommit":false,"messageTitle":"Add previous courses field","messageBody":"","fileTypesAndContributionMap":{"functional-code":{"insertions":61,"deletions":2}}},{"hash":"889bac7f6f175266ebfeb6dc9182e18fd6509d90","isMergeCommit":false,"messageTitle":"Fix EditCommandTest","messageBody":"","fileTypesAndContributionMap":{"functional-code":{"insertions":12,"deletions":3}}}]},{"date":"2025-03-17T00:00:00","commitResults":[{"hash":"3f39237f66b333a7b688b1bbbdbaf2797db35105","isMergeCommit":false,"messageTitle":"Update the functionality of the archive function","messageBody":"","fileTypesAndContributionMap":{"functional-code":{"insertions":148,"deletions":3},"test-code":{"insertions":17,"deletions":9}}},{"hash":"5d334a2acb875f95367a48a1a8cf0046cd94f346","isMergeCommit":true,"messageTitle":"Merge branch \u0027master\u0027 into Update-PrevCourse","messageBody":"# Conflicts:\n#\tsrc/main/java/seedu/address/model/person/Person.java\n#\tsrc/main/java/seedu/address/storage/JsonAdaptedPerson.java\n#\tsrc/test/java/seedu/address/storage/JsonAdaptedPersonTest.java\n","fileTypesAndContributionMap":{}},{"hash":"81143285008b3ed1c57cfa86ffedda575ed44f00","isMergeCommit":false,"messageTitle":"Fix CheckStyle","messageBody":"","fileTypesAndContributionMap":{"functional-code":{"insertions":6,"deletions":3}}},{"hash":"e44e13762d3e3f71a61fdee8486f4d2c72586685","isMergeCommit":false,"messageTitle":"Remove duplicate","messageBody":"","fileTypesAndContributionMap":{"functional-code":{"insertions":1,"deletions":9}}}]},{"date":"2025-03-18T00:00:00","commitResults":[{"hash":"36573a2a77b71a4316643cc79246ecf31615fa10","isMergeCommit":false,"messageTitle":"Update User Guide","messageBody":"","fileTypesAndContributionMap":{"docs":{"insertions":76,"deletions":53}}},{"hash":"a373acdf6e457ea9fed11fd969870dc49fc8626d","isMergeCommit":false,"messageTitle":"Update User guide v2","messageBody":"","fileTypesAndContributionMap":{"docs":{"insertions":2,"deletions":0}}},{"hash":"794866cb88f9d3b85bd0362aebb09b72cfc431b7","isMergeCommit":false,"messageTitle":"Update User guide v3","messageBody":"","fileTypesAndContributionMap":{"docs":{"insertions":7,"deletions":7}}},{"hash":"650f8325cd65ec630b624081f4b0468f6c094160","isMergeCommit":false,"messageTitle":"Update User Guide V3","messageBody":"","fileTypesAndContributionMap":{"docs":{"insertions":61,"deletions":67}}},{"hash":"3bb868b408b6c81964effe1b1ea848a1eb4c3ae8","isMergeCommit":false,"messageTitle":"Fix link","messageBody":"","fileTypesAndContributionMap":{"docs":{"insertions":1,"deletions":1}}}]},{"date":"2025-03-23T00:00:00","commitResults":[{"hash":"f0e82f81366d74b2e7b64d7837277d7cc978a1f7","isMergeCommit":false,"messageTitle":"Create Last Login Function","messageBody":"","fileTypesAndContributionMap":{"functional-code":{"insertions":388,"deletions":27},"test-code":{"insertions":126,"deletions":3}}},{"hash":"43bcc2cd6bb8d464610fa89afa218bad28f709ab","isMergeCommit":false,"messageTitle":"Fix CheckStyle","messageBody":"","fileTypesAndContributionMap":{"functional-code":{"insertions":1,"deletions":0}}},{"hash":"290af851b2506039a0d3cb5361d341a2eb5908f8","isMergeCommit":false,"messageTitle":"Fix CheckStyle","messageBody":"","fileTypesAndContributionMap":{"functional-code":{"insertions":1,"deletions":2}}}]},{"date":"2025-03-24T00:00:00","commitResults":[{"hash":"0c1b137725ab00a077915a07db76fdc3b02771ea","isMergeCommit":false,"messageTitle":"Add SLAP","messageBody":"","fileTypesAndContributionMap":{"functional-code":{"insertions":18,"deletions":0}}},{"hash":"6a2ddcbcfe486165c97b5e8958adbd144ef91265","isMergeCommit":false,"messageTitle":"Fix duplicate issue","messageBody":"","fileTypesAndContributionMap":{"functional-code":{"insertions":21,"deletions":16}}},{"hash":"8af634ed32dc46e9ce17223a7f445e920bc780b2","isMergeCommit":false,"messageTitle":"Add Assertion","messageBody":"","fileTypesAndContributionMap":{"other":{"insertions":4,"deletions":0}}}]},{"date":"2025-03-25T00:00:00","commitResults":[{"hash":"ff7880dd836c9c95f15e5ab9deeacc9ffaf03b5c","isMergeCommit":false,"messageTitle":"Update UML","messageBody":"","fileTypesAndContributionMap":{"docs":{"insertions":11,"deletions":0}}},{"hash":"78319a0fb09a082abc9e5560a5d2a685bcba2e72","isMergeCommit":false,"messageTitle":"Update uml","messageBody":"","fileTypesAndContributionMap":{"docs":{"insertions":0,"deletions":2}}}]},{"date":"2025-03-26T00:00:00","commitResults":[{"hash":"e7572ce42af4020d8cc78ef4df406f5bd6dd45e6","isMergeCommit":false,"messageTitle":"Update Arraylist to LinkedHashSet","messageBody":"","fileTypesAndContributionMap":{"functional-code":{"insertions":8,"deletions":8}}}]},{"date":"2025-04-01T00:00:00","commitResults":[{"hash":"833068ed473293349b4355296f3684a2d39332b4","isMergeCommit":false,"messageTitle":"Updated UG based on CA3 feedback and added new UI images","messageBody":"","fileTypesAndContributionMap":{"docs":{"insertions":70,"deletions":18}}},{"hash":"d3d7ba1924d390ee0149e7250e561a979b83c50f","isMergeCommit":false,"messageTitle":"Revert \"Updated UG based on CA3 feedback and added new UI images\"","messageBody":"This reverts commit 833068ed473293349b4355296f3684a2d39332b4.\n","fileTypesAndContributionMap":{"docs":{"insertions":18,"deletions":70}}},{"hash":"b02f89101160218055461dc9b00bdff448641b45","isMergeCommit":false,"messageTitle":"Update UG and images","messageBody":"","fileTypesAndContributionMap":{"docs":{"insertions":70,"deletions":18}}},{"hash":"754d589b5e1964cb67509e67fd97dda1d099a3e5","isMergeCommit":false,"messageTitle":"Fix Find function","messageBody":"","fileTypesAndContributionMap":{"functional-code":{"insertions":17,"deletions":3}}},{"hash":"eecdcb9e51091905d14673e1ff4e8616dcdd29b5","isMergeCommit":false,"messageTitle":"Update Model","messageBody":"","fileTypesAndContributionMap":{"functional-code":{"insertions":38,"deletions":13},"test-code":{"insertions":3,"deletions":3}}},{"hash":"c59f607a86b195c2da05a56093a1e30a97ba3886","isMergeCommit":false,"messageTitle":"Update Logic","messageBody":"","fileTypesAndContributionMap":{"functional-code":{"insertions":7,"deletions":5}}},{"hash":"a2ee68abcc8e55e92ba3697bb5ff69cf0b5abe7e","isMergeCommit":false,"messageTitle":"Fix build error","messageBody":"","fileTypesAndContributionMap":{"functional-code":{"insertions":9,"deletions":0}}},{"hash":"22ea881b763e122f9c0536ede6112cf5afe8fc6b","isMergeCommit":false,"messageTitle":"Update Regex and its explaination","messageBody":"","fileTypesAndContributionMap":{"functional-code":{"insertions":12,"deletions":8}}},{"hash":"aa240e5e910be4bf55310309c91c75ff1ad75576","isMergeCommit":false,"messageTitle":"Update Guide","messageBody":"","fileTypesAndContributionMap":{"docs":{"insertions":6,"deletions":1}}}]},{"date":"2025-04-06T00:00:00","commitResults":[{"hash":"85d8e1d2d2fbf59e3757160b0f6659d39a499077","isMergeCommit":false,"messageTitle":"Update DG","messageBody":"","fileTypesAndContributionMap":{"docs":{"insertions":106,"deletions":73}}},{"hash":"9f43f0e52bf7594e5bef75e9df41d352a9570b26","isMergeCommit":false,"messageTitle":"Edit message","messageBody":"","fileTypesAndContributionMap":{"functional-code":{"insertions":7,"deletions":7}}},{"hash":"5633f7fc0695a55723e94eb07a92f42c7e02f31a","isMergeCommit":false,"messageTitle":"Fix Checkstyle","messageBody":"","fileTypesAndContributionMap":{"functional-code":{"insertions":2,"deletions":1}}},{"hash":"aa6fba252fabe17df9430c1a9376b3378c8818a8","isMergeCommit":false,"messageTitle":"Fix checkstyle","messageBody":"","fileTypesAndContributionMap":{"functional-code":{"insertions":2,"deletions":2}}}]},{"date":"2025-04-07T00:00:00","commitResults":[{"hash":"0ab16c2fe81528c00632e2717792430362e13653","isMergeCommit":false,"messageTitle":"Update email","messageBody":"","fileTypesAndContributionMap":{"functional-code":{"insertions":1,"deletions":1}}},{"hash":"fb0d93dfb576f6309ab9766e04b8d8642f47084c","isMergeCommit":true,"messageTitle":"Merge pull request #264 from Windofbitter/update-check-duplicate-course","messageBody":"Update check duplicate course","fileTypesAndContributionMap":{}}]}],"xa0412":[{"date":"2025-03-03T00:00:00","commitResults":[{"hash":"847fd151b5256822e2d9c54e0ad49ae6e8b805dc","isMergeCommit":false,"messageTitle":"Update AboutUs.md","messageBody":"","fileTypesAndContributionMap":{"docs":{"insertions":4,"deletions":4}}},{"hash":"b781ed622f2b38b264f8060150c41d854e796d67","isMergeCommit":false,"messageTitle":"DeveloperGuide.md: Update target user profile DeveloperGuide.md: Update value proposition DeveloperGuide.md: Update user stories","messageBody":"","fileTypesAndContributionMap":{"docs":{"insertions":31,"deletions":14}}}]},{"date":"2025-03-11T00:00:00","commitResults":[{"hash":"60733f4ac3dc73bf45f79b4e7d4f8f23aa0defb9","isMergeCommit":false,"messageTitle":"Update Person class Add Course class Add Friend class","messageBody":"","fileTypesAndContributionMap":{"functional-code":{"insertions":56,"deletions":3}}},{"hash":"3114ed743c6af2a9d1bef569025990ce103ce90d","isMergeCommit":false,"messageTitle":"Update Person Class: Add hashSet for Course","messageBody":"","fileTypesAndContributionMap":{"functional-code":{"insertions":8,"deletions":7}}},{"hash":"e300d680fa0a61f75ef6caf22a749715d1c33c62","isMergeCommit":false,"messageTitle":"Update Friend class","messageBody":"","fileTypesAndContributionMap":{"functional-code":{"insertions":1,"deletions":1}}}]},{"date":"2025-03-18T00:00:00","commitResults":[{"hash":"f455f46803872db8f0ac8cf7a2ea17ad9e3d0610","isMergeCommit":false,"messageTitle":"Update Ui for name card tag","messageBody":"","fileTypesAndContributionMap":{"functional-code":{"insertions":24,"deletions":45}}}]},{"date":"2025-03-20T00:00:00","commitResults":[{"hash":"7cc4466480a9e35df0255046b0afdcfb9e5e5040","isMergeCommit":false,"messageTitle":"Update application name","messageBody":"","fileTypesAndContributionMap":{"functional-code":{"insertions":1,"deletions":1}}}]},{"date":"2025-03-24T00:00:00","commitResults":[{"hash":"4c5343bc3a9d87b3b2ad13af8b1d01ff5160e528","isMergeCommit":false,"messageTitle":"Update jar file naming","messageBody":"","fileTypesAndContributionMap":{"other":{"insertions":1,"deletions":1}}},{"hash":"6b5c5fe264e4534446bbd275dda55fd8c986cd16","isMergeCommit":false,"messageTitle":"Update developer guide","messageBody":"","fileTypesAndContributionMap":{"docs":{"insertions":37,"deletions":29}}},{"hash":"2152310b7b47d3c5e609f9d1b868946c211282b3","isMergeCommit":false,"messageTitle":"Update class diagram","messageBody":"","fileTypesAndContributionMap":{"docs":{"insertions":4,"deletions":1}}}]},{"date":"2025-03-31T00:00:00","commitResults":[{"hash":"97edc6fc2692f4cf172f9d18e7e2c3eac0b19bdc","isMergeCommit":false,"messageTitle":"Update help command user guide url Improve user guide design layout","messageBody":"","fileTypesAndContributionMap":{"functional-code":{"insertions":1,"deletions":1},"docs":{"insertions":1,"deletions":0}}},{"hash":"a41f16e3d6dda5af231fc501963bfd5e660e6b51","isMergeCommit":false,"messageTitle":"Improve user guide on expect result of varies feature","messageBody":"","fileTypesAndContributionMap":{"docs":{"insertions":11,"deletions":3}}}]},{"date":"2025-04-01T00:00:00","commitResults":[{"hash":"2d6bc67a431b319315921ae6a4009b9ad1ddd1d7","isMergeCommit":false,"messageTitle":"Update image for expected output","messageBody":"","fileTypesAndContributionMap":{"docs":{"insertions":2,"deletions":1}}}]},{"date":"2025-04-07T00:00:00","commitResults":[{"hash":"d276192d2160585080e5e2b65966973d73ae982f","isMergeCommit":true,"messageTitle":"Merge pull request #267 from TiewJiaLiang/Update-Email","messageBody":"Update email","fileTypesAndContributionMap":{}}]}],"Xavierlhm":[{"date":"2025-03-03T00:00:00","commitResults":[{"hash":"fc1f1c34e9d2750b33e234d8b17ab4856832f317","isMergeCommit":false,"messageTitle":"Update AboutUs page","messageBody":"","fileTypesAndContributionMap":{"docs":{"insertions":4,"deletions":5}}},{"hash":"5f80089afac49baa9f3b35b7e85763bae2c0d814","isMergeCommit":true,"messageTitle":"Merge pull request #31 from TiewJiaLiang/Update-Aboutus","messageBody":"Update aboutus","fileTypesAndContributionMap":{}},{"hash":"d088cecc0083eb3583339c639a12c0cd7e40af95","isMergeCommit":true,"messageTitle":"Merge pull request #30 from xa0412/Branch_About_Us","messageBody":"Update AboutUs.md","fileTypesAndContributionMap":{}},{"hash":"acab2e7ede9412765de2c33afbf217b00090b00a","isMergeCommit":true,"messageTitle":"Merge branch \u0027master\u0027 into update-about","messageBody":"","fileTypesAndContributionMap":{}},{"hash":"08ff515551f4c0eff2c704bf4672ed31e1be28ad","isMergeCommit":true,"messageTitle":"Merge pull request #33 from zuoshihua/update-about","messageBody":"Update about","fileTypesAndContributionMap":{}},{"hash":"077452da2e08db09ead797b97b16354d5b80f4c9","isMergeCommit":false,"messageTitle":"Update non-functional requirements","messageBody":"","fileTypesAndContributionMap":{"docs":{"insertions":12,"deletions":0}}},{"hash":"849ab2cbc624ba78e5107ff530c8440c12f6f2b8","isMergeCommit":true,"messageTitle":"Merge pull request #36 from xa0412/Branch_UpdateDG","messageBody":"DeveloperGuide.md: Update target user profile, value proposition, user stories","fileTypesAndContributionMap":{}}]},{"date":"2025-03-06T00:00:00","commitResults":[{"hash":"47752efecd7c210a523643166308c6ba79a045b8","isMergeCommit":true,"messageTitle":"Merge pull request #39 from Windofbitter/update-developer-guide","messageBody":"Add user cases for developer guide","fileTypesAndContributionMap":{}}]},{"date":"2025-03-11T00:00:00","commitResults":[{"hash":"7d30d4379b3424f64e2a49c421a28ceacc69dbb0","isMergeCommit":false,"messageTitle":"Add new CLI syntax for course","messageBody":"","fileTypesAndContributionMap":{"functional-code":{"insertions":1,"deletions":0}}}]},{"date":"2025-03-12T00:00:00","commitResults":[{"hash":"fc77b4cf4220ccec6c6d4b13a0dc67bbdd82e95b","isMergeCommit":true,"messageTitle":"Merge branch \u0027master\u0027 into branch-add-CLI-syntax","messageBody":"","fileTypesAndContributionMap":{}},{"hash":"7392dc2daeaf70d20411789c115b1bf581420c6b","isMergeCommit":true,"messageTitle":"Merge pull request #54 from TiewJiaLiang/Add-PrevCourse","messageBody":"Add prev course","fileTypesAndContributionMap":{}}]},{"date":"2025-03-13T00:00:00","commitResults":[{"hash":"f649b9fbe489b85e02f053196a944585dc2fe95d","isMergeCommit":true,"messageTitle":"Merge pull request #55 from zuoshihua/update-edit-command","messageBody":"Update edit command","fileTypesAndContributionMap":{}}]},{"date":"2025-03-17T00:00:00","commitResults":[{"hash":"0d38a7717efc8441362da502c1ba2793426feaa3","isMergeCommit":true,"messageTitle":"Merge pull request #58 from TiewJiaLiang/Update-PrevCourse","messageBody":"Update the functionality of the archive function","fileTypesAndContributionMap":{}},{"hash":"e1db913f79082a472298337fc101b780815313e2","isMergeCommit":false,"messageTitle":"Modify find command","messageBody":"","fileTypesAndContributionMap":{"functional-code":{"insertions":69,"deletions":12}}},{"hash":"fcc08db522ca249df7a8811c35d690ae4208bf72","isMergeCommit":false,"messageTitle":"Modify checkstyle","messageBody":"","fileTypesAndContributionMap":{"functional-code":{"insertions":10,"deletions":3}}},{"hash":"f0731d2cc539a27c01b865689ac43dfba2980ff2","isMergeCommit":false,"messageTitle":"Modify tests","messageBody":"","fileTypesAndContributionMap":{"test-code":{"insertions":159,"deletions":12}}},{"hash":"304162b0ddd73def50116f412dd78da6b62807b4","isMergeCommit":false,"messageTitle":"Modify test","messageBody":"","fileTypesAndContributionMap":{"test-code":{"insertions":18,"deletions":4}}},{"hash":"1ce37a136296f371859d59992c86be2b44b3f56f","isMergeCommit":false,"messageTitle":"Modify checkstyles","messageBody":"","fileTypesAndContributionMap":{"test-code":{"insertions":20,"deletions":11}}},{"hash":"0596476b68addf72b9288a625280719ec0c1520c","isMergeCommit":false,"messageTitle":"Modify tests","messageBody":"","fileTypesAndContributionMap":{"functional-code":{"insertions":13,"deletions":1},"test-code":{"insertions":11,"deletions":29}}},{"hash":"81fd4e852cdb020932dc5de68deba42acae9bcd8","isMergeCommit":false,"messageTitle":"Modify checkstyle","messageBody":"","fileTypesAndContributionMap":{"functional-code":{"insertions":2,"deletions":1}}},{"hash":"add9f44146ab222f6dfb5e4bcc2bd325bbb32583","isMergeCommit":false,"messageTitle":"Modify checkstyle","messageBody":"","fileTypesAndContributionMap":{"functional-code":{"insertions":0,"deletions":1}}}]},{"date":"2025-03-18T00:00:00","commitResults":[{"hash":"2712f6ca8e122c09f062f1df4f9097030d2388e4","isMergeCommit":true,"messageTitle":"Merge pull request #64 from zuoshihua/update-courses","messageBody":"Update courses","fileTypesAndContributionMap":{}}]},{"date":"2025-03-20T00:00:00","commitResults":[{"hash":"3ec878c924af5c1fb7dbf1ed8156166915609175","isMergeCommit":true,"messageTitle":"Merge pull request #69 from xa0412/Branch_update_application_name","messageBody":"Touch up on MVP design","fileTypesAndContributionMap":{}}]},{"date":"2025-03-25T00:00:00","commitResults":[{"hash":"ce778f960dccdd7ee3cc4855ae887a4576372cf8","isMergeCommit":false,"messageTitle":"Modify user guide document","messageBody":"","fileTypesAndContributionMap":{"docs":{"insertions":28,"deletions":40}}},{"hash":"8f70e791d485ee77cb779c2744edaff96ff59765","isMergeCommit":false,"messageTitle":"Modify logic class diagram","messageBody":"","fileTypesAndContributionMap":{"docs":{"insertions":5,"deletions":1}}}]},{"date":"2025-03-26T00:00:00","commitResults":[{"hash":"e404465a3ff0dad9adeb022e95e67a17f95ed66f","isMergeCommit":true,"messageTitle":"Merge pull request #98 from zuoshihua/update-readme","messageBody":"Update readme","fileTypesAndContributionMap":{}},{"hash":"0ae97c74f00d41608a81b0b7b1402db43e3f7a0a","isMergeCommit":true,"messageTitle":"Merge pull request #103 from TiewJiaLiang/Update-Set","messageBody":"Update Arraylist to LinkedHashSet","fileTypesAndContributionMap":{}},{"hash":"c496d1e69f8eb058172d41f4b04666bb55d43c65","isMergeCommit":true,"messageTitle":"Merge pull request #96 from zuoshihua/update-user-guide","messageBody":"Update user guide","fileTypesAndContributionMap":{}},{"hash":"5a3b352100f4e78859b8ff2503312a555a714c37","isMergeCommit":true,"messageTitle":"Merge pull request #94 from zuoshihua/update-find-command","messageBody":"Update find command","fileTypesAndContributionMap":{}},{"hash":"1985fdc74a2f807f744dba9f524c2fe062d3dec7","isMergeCommit":true,"messageTitle":"Merge pull request #105 from zuoshihua/refine-find-command","messageBody":"Refine find command","tags":["v1.4"],"fileTypesAndContributionMap":{}}]},{"date":"2025-03-27T00:00:00","commitResults":[{"hash":"07dd5a0dd8992ece3f0e9abe25fe69ddbc039d15","isMergeCommit":true,"messageTitle":"Merge pull request #106 from zuoshihua/refine-docs-uml","messageBody":"Refine docs uml","fileTypesAndContributionMap":{}},{"hash":"12b7d7d67fd362e7e06233684e56fb16f2f72be3","isMergeCommit":false,"messageTitle":"Add log","messageBody":"","fileTypesAndContributionMap":{"functional-code":{"insertions":4,"deletions":0}}},{"hash":"915198bac4cc3f452fd5da0e7c572968759b43df","isMergeCommit":true,"messageTitle":"Merge pull request #109 from Xavierlhm/branch-add-logging","messageBody":"Add log","fileTypesAndContributionMap":{}}]},{"date":"2025-04-02T00:00:00","commitResults":[{"hash":"9a5406c55a2317fb2b6d7c6a7bf3f17bced8dfb2","isMergeCommit":false,"messageTitle":"Modify return message for add command","messageBody":"","fileTypesAndContributionMap":{"functional-code":{"insertions":3,"deletions":3}}},{"hash":"30b59af117169a2f1a52f141250924f85d831e60","isMergeCommit":false,"messageTitle":"Modify developer guide","messageBody":"","fileTypesAndContributionMap":{"docs":{"insertions":14,"deletions":15}}},{"hash":"5f22d9ac356a374d98e78c547ce314ea9e929820","isMergeCommit":false,"messageTitle":"Modify index page","messageBody":"","fileTypesAndContributionMap":{"docs":{"insertions":3,"deletions":3}}}]},{"date":"2025-04-07T00:00:00","commitResults":[{"hash":"78d852292f3451208f3e82eae3066c8278c8bd8a","isMergeCommit":false,"messageTitle":"Modify developer guide","messageBody":"","fileTypesAndContributionMap":{"docs":{"insertions":27,"deletions":0}}}]}]},"authorFileTypeContributionMap":{"Windofbitter":{"docs":139,"functional-code":186,"test-code":48},"zuoshihua":{"docs":139,"functional-code":415,"test-code":194,"other":6},"TiewJiaLiang":{"docs":196,"functional-code":646,"test-code":144,"other":2},"xa0412":{"docs":45,"functional-code":55,"test-code":0,"other":1},"Xavierlhm":{"docs":48,"functional-code":86,"test-code":169}},"authorContributionVariance":{"Windofbitter":4090.468,"zuoshihua":12240.316,"TiewJiaLiang":11862.091,"xa0412":371.97232,"Xavierlhm":3114.9272},"authorDisplayNameMap":{"Windofbitter":"CS2103T-T13-3 BAIZ.. CAI","zuoshihua":"CS2103T-T13-3 TAN ..SHUA","TiewJiaLiang":"CS2103T-T13-3 TIEW..IANG","xa0412":"CS2103T-T13-3 XIAO..O AO","Xavierlhm":"CS2103T-T13-3 XAVI..MING"}}
