{"authorDailyContributionsMap":{"varuuuun":[{"date":"2025-03-03T00:00:00","commitResults":[{"hash":"52ecc8e4aacccb6895672603eadb071ee878b4e4","isMergeCommit":false,"messageTitle":"Edit about us page","messageBody":"","fileTypesAndContributionMap":{"docs":{"insertions":4,"deletions":4}}},{"hash":"32ca2fd80553f8db411a154be9b9de585ae71db5","isMergeCommit":true,"messageTitle":"Merge branch \u0027branch-edit-about-us\u0027","messageBody":"","fileTypesAndContributionMap":{}}]},{"date":"2025-03-09T00:00:00","commitResults":[{"hash":"1ddf8a0b6eba61cfe67f774e7a3247b210ca3b51","isMergeCommit":false,"messageTitle":"edit readme","messageBody":"","fileTypesAndContributionMap":{"docs":{"insertions":1,"deletions":0}}},{"hash":"4a8790f16c1c3717480970f9c4fa93dbf74421a5","isMergeCommit":false,"messageTitle":"add trailing whitespace","messageBody":"","fileTypesAndContributionMap":{"docs":{"insertions":1,"deletions":1}}}]},{"date":"2025-03-12T00:00:00","commitResults":[{"hash":"509f7894205a8df416d4641784ccf94c0e6981c7","isMergeCommit":true,"messageTitle":"Merge branch \u0027branch-edit-readme\u0027","messageBody":"","fileTypesAndContributionMap":{}},{"hash":"eaba4bada30c45a15b16f2bf5ce0562b629ced41","isMergeCommit":false,"messageTitle":"Add handler for mark command","messageBody":"","fileTypesAndContributionMap":{"functional-code":{"insertions":70,"deletions":0}}}]},{"date":"2025-03-13T00:00:00","commitResults":[{"hash":"abd707f11ec5988800ba56b2c060973094c061d0","isMergeCommit":false,"messageTitle":"Fix checkstyle and javadoc errors","messageBody":"","fileTypesAndContributionMap":{"functional-code":{"insertions":14,"deletions":3}}},{"hash":"b9ccc2e4ff7823f7dbcbbb8a483d669937386908","isMergeCommit":false,"messageTitle":"Add unmark command handler","messageBody":"","fileTypesAndContributionMap":{"functional-code":{"insertions":77,"deletions":0}}},{"hash":"e885fd48cf338dd8d1d2c81f8ad334a791db18e4","isMergeCommit":false,"messageTitle":"Add javadoc for constructor","messageBody":"","fileTypesAndContributionMap":{"functional-code":{"insertions":4,"deletions":0}}},{"hash":"31b24a2c25dd41ad9868a54d08f703e771e3bf39","isMergeCommit":false,"messageTitle":"Add tests for mark command handler","messageBody":"","fileTypesAndContributionMap":{"functional-code":{"insertions":5,"deletions":0},"test-code":{"insertions":92,"deletions":0}}},{"hash":"256579ca8a1809a0f811bc7c4ddaa4c2f0a3266b","isMergeCommit":false,"messageTitle":"Fix code style issue","messageBody":"Missing \" \" before \"{\"\n","fileTypesAndContributionMap":{"functional-code":{"insertions":1,"deletions":1}}},{"hash":"9f6969c5a11c2f53da578ffdf58287afcd4e7ea9","isMergeCommit":false,"messageTitle":"Add junit test for unmark command handler","messageBody":"","fileTypesAndContributionMap":{"functional-code":{"insertions":5,"deletions":0},"test-code":{"insertions":93,"deletions":0}}},{"hash":"c2766c643bcb9fd5e63232e19759df3eb6d01c3b","isMergeCommit":true,"messageTitle":"Merge branch \u0027master\u0027 into branch-add-unmark-command-handler","messageBody":"# Conflicts:\n#\tsrc/main/java/seedu/address/logic/parser/AddressBookParser.java\n#\tsrc/test/java/seedu/address/logic/parser/AddressBookParserTest.java\n","fileTypesAndContributionMap":{}},{"hash":"277c95dd5fa7a97c0b022e041a44205116245f52","isMergeCommit":true,"messageTitle":"Merge branch \u0027master\u0027 into branch-add-unmark-command-handler","messageBody":"# Conflicts:\n#\tsrc/main/java/seedu/address/logic/parser/AddressBookParser.java\n#\tsrc/test/java/seedu/address/logic/parser/AddressBookParserTest.java\n","fileTypesAndContributionMap":{}}]},{"date":"2025-03-16T00:00:00","commitResults":[{"hash":"530ed0e8c029bd2472af252a20a877afc74d2d30","isMergeCommit":true,"messageTitle":"Merge pull request #75 from shuang26/update-studentcard","messageBody":"Update StudentCard to use new method in Student","fileTypesAndContributionMap":{}}]},{"date":"2025-03-17T00:00:00","commitResults":[{"hash":"557afcef556e3885910ea35cc93c0b50ccd70dad","isMergeCommit":true,"messageTitle":"Merge branch \u0027master\u0027 into branch-add-mark-command","messageBody":"","fileTypesAndContributionMap":{}}]},{"date":"2025-03-19T00:00:00","commitResults":[{"hash":"13d6bafb140b55d4e9d88082453580e400e4b1d4","isMergeCommit":false,"messageTitle":"Add mark functionality","messageBody":"","fileTypesAndContributionMap":{"functional-code":{"insertions":25,"deletions":1}}},{"hash":"29a2f08a0a03ac2bb4eaab2918e9dd9b9849c341","isMergeCommit":false,"messageTitle":"Delete unused import statement","messageBody":"","fileTypesAndContributionMap":{"functional-code":{"insertions":2,"deletions":3}}},{"hash":"6d0ff80c131953af05a7175bd0916bb1ec8f9661","isMergeCommit":true,"messageTitle":"Merge pull request #87 from SahanaAvantika/add-student-command","messageBody":"Update AddStudentCommandParser and ParserStudentUtil","fileTypesAndContributionMap":{}},{"hash":"9dbd8cff62ae461d843c90be07a1dec3d5966dc0","isMergeCommit":false,"messageTitle":"Update test case","messageBody":"","fileTypesAndContributionMap":{"test-code":{"insertions":5,"deletions":6}}},{"hash":"e44db8a789af7afde928827e7b3f484b4acb7435","isMergeCommit":false,"messageTitle":"Change storage from Person to Student class","messageBody":"","fileTypesAndContributionMap":{"functional-code":{"insertions":25,"deletions":23},"test-code":{"insertions":2,"deletions":0}}},{"hash":"892d64591fe53b80bdcb5db4aa26e7111ce253a8","isMergeCommit":false,"messageTitle":"Fix checkstyle issues in imports","messageBody":"","fileTypesAndContributionMap":{"functional-code":{"insertions":1,"deletions":2}}},{"hash":"61c1b6a963f9a112936265f0143b95a97a274467","isMergeCommit":false,"messageTitle":"Comment all errors with test cases","messageBody":"","fileTypesAndContributionMap":{"test-code":{"insertions":35,"deletions":32}}}]},{"date":"2025-03-20T00:00:00","commitResults":[{"hash":"9a3acd425efaac6049f51b4347761f1514db7485","isMergeCommit":false,"messageTitle":"Add storage of attendance field","messageBody":"","fileTypesAndContributionMap":{"functional-code":{"insertions":41,"deletions":18},"test-code":{"insertions":11,"deletions":11}}},{"hash":"e6fe958c01aece0cd7021cc4eceb651213741c25","isMergeCommit":false,"messageTitle":"Change message to show not in mvp","messageBody":"","fileTypesAndContributionMap":{"functional-code":{"insertions":2,"deletions":1}}},{"hash":"263952f4ef5a1744e3b0238b8a8081c3a825b347","isMergeCommit":false,"messageTitle":"Add unmark command","messageBody":"","fileTypesAndContributionMap":{"functional-code":{"insertions":25,"deletions":1}}},{"hash":"bd3dc788c93689e8cb6278d5d95f0b5866a6fe51","isMergeCommit":false,"messageTitle":"Fix checkstyle issues","messageBody":"","fileTypesAndContributionMap":{"functional-code":{"insertions":3,"deletions":1},"test-code":{"insertions":2,"deletions":2}}},{"hash":"d407ac3cda5871a5b5c1fc0f07eac5cf8fcff42b","isMergeCommit":false,"messageTitle":"Delete references to Person","messageBody":"","fileTypesAndContributionMap":{"functional-code":{"insertions":31,"deletions":1362}}},{"hash":"eb120ab9db1a0825a05d64d41d7605ed59fce722","isMergeCommit":false,"messageTitle":"Delete references to old commands","messageBody":"","fileTypesAndContributionMap":{"functional-code":{"insertions":3,"deletions":3}}},{"hash":"97ebbb36fc8f22a3e12ebbf0c4dfeb5a42cc5879","isMergeCommit":true,"messageTitle":"Merge pull request #101 from SahanaAvantika/update-sample-data","messageBody":"Update Sample Student Data","tags":["v1.3"],"fileTypesAndContributionMap":{}}]},{"date":"2025-03-25T00:00:00","commitResults":[{"hash":"3d7b85ba92a6db78abe6395f313592fcd309bfad","isMergeCommit":false,"messageTitle":"Edit attendance to use dates","messageBody":"Dates where student was present is stored. Attendance is refreshed\nevery day.\n","fileTypesAndContributionMap":{"functional-code":{"insertions":91,"deletions":30},"test-code":{"insertions":16,"deletions":16}}}]},{"date":"2025-03-26T00:00:00","commitResults":[{"hash":"556727e0933881833dbec3f2e9db11a73c593772","isMergeCommit":false,"messageTitle":"Fix errors with handling invalid input","messageBody":"","fileTypesAndContributionMap":{"functional-code":{"insertions":20,"deletions":8},"test-code":{"insertions":17,"deletions":12}}}]},{"date":"2025-03-27T00:00:00","commitResults":[{"hash":"9d9443ffd6231ea9c565bb3a8be9adbdb1eadebf","isMergeCommit":false,"messageTitle":"Add assertion","messageBody":"","fileTypesAndContributionMap":{"functional-code":{"insertions":1,"deletions":0}}},{"hash":"cba9e884d366115892f5202a35ab81eb63ce9503","isMergeCommit":false,"messageTitle":"Change Person to Student in Javadoc","messageBody":"","fileTypesAndContributionMap":{"functional-code":{"insertions":1,"deletions":1}}}]},{"date":"2025-03-28T00:00:00","commitResults":[{"hash":"7b74964a124ddaee9c5186bee318c8a112a8c497","isMergeCommit":true,"messageTitle":"Merge branch \u0027master\u0027 into branch-delete-person","messageBody":"# Conflicts:\n#\tsrc/main/java/seedu/address/logic/parser/AddressBookParser.java\n#\tsrc/main/java/seedu/address/model/AddressBook.java\n#\tsrc/main/java/seedu/address/model/Model.java\n#\tsrc/main/java/seedu/address/model/ModelManager.java\n#\tsrc/main/java/seedu/address/model/person/Person.java\n","fileTypesAndContributionMap":{}}]},{"date":"2025-03-30T00:00:00","commitResults":[{"hash":"96bfd8e7c70f927efcf117fbfb4a3e54843cc615","isMergeCommit":false,"messageTitle":"Fix compile errors from test cases","messageBody":"","fileTypesAndContributionMap":{"functional-code":{"insertions":33,"deletions":393},"other":{"insertions":117,"deletions":111},"test-code":{"insertions":617,"deletions":1748}}},{"hash":"d9f466c80564b10a47438b7103e26ee01ae84e52","isMergeCommit":false,"messageTitle":"Edit Storage UML from Person to Student","messageBody":"","fileTypesAndContributionMap":{"docs":{"insertions":2,"deletions":4}}},{"hash":"f994ebf7ea084c10fca208d81adee41d39c059d5","isMergeCommit":false,"messageTitle":"Edit ParserClasses uml from ParserUtil to ParserStudentUtil","messageBody":"","fileTypesAndContributionMap":{"docs":{"insertions":3,"deletions":3}}},{"hash":"ba4fdaf7faf5bca18dd06b0a470207fa440191fa","isMergeCommit":false,"messageTitle":"Change all test cases from Person to Student","messageBody":"","fileTypesAndContributionMap":{"test-code":{"insertions":49,"deletions":36}}},{"hash":"bfa14972363069f998b1c9752aba3b1926c9f8d8","isMergeCommit":false,"messageTitle":"Delete Tag","messageBody":"","fileTypesAndContributionMap":{"functional-code":{"insertions":1,"deletions":138},"test-code":{"insertions":10,"deletions":40}}},{"hash":"d91ed71dfa6b405df7f6f3dd1db8d1aa46f494bf","isMergeCommit":false,"messageTitle":"Delete SampleDataUtil file","messageBody":"","fileTypesAndContributionMap":{"functional-code":{"insertions":0,"deletions":56}}},{"hash":"f4b478ff4a82679c4a73cac36c7990eae53a9ce2","isMergeCommit":false,"messageTitle":"Fix checkstyle errors","messageBody":"","fileTypesAndContributionMap":{"functional-code":{"insertions":2,"deletions":1},"test-code":{"insertions":11,"deletions":15}}},{"hash":"d93127c0cfef64fbf8a38c9c07be931ba218dcbe","isMergeCommit":true,"messageTitle":"Merge branch \u0027master\u0027 into branch-delete-person","messageBody":"# Conflicts:\n#\tsrc/main/java/seedu/address/logic/parser/AddressBookParser.java\n","fileTypesAndContributionMap":{}},{"hash":"7e2c75e93a308ac3869252b5966e54f42b5c234f","isMergeCommit":false,"messageTitle":"Change import from Person to Student","messageBody":"","fileTypesAndContributionMap":{"test-code":{"insertions":2,"deletions":2}}},{"hash":"67c44e41490eec3848a70c027cbee60f8d6220df","isMergeCommit":true,"messageTitle":"Merge branch \u0027master\u0027 into branch-edit-puml","messageBody":"","fileTypesAndContributionMap":{}}]},{"date":"2025-04-02T00:00:00","commitResults":[{"hash":"b62bce602e81ae1106de92fbc4b198feffed00d0","isMergeCommit":false,"messageTitle":"Add tests for mark and unmark command","messageBody":"","fileTypesAndContributionMap":{"functional-code":{"insertions":1,"deletions":0},"test-code":{"insertions":68,"deletions":3}}},{"hash":"e5d87917a41e1bc864bc3e5cc769a85ff53ff44d","isMergeCommit":true,"messageTitle":"Merge branch \u0027master\u0027 into branch-add-tests","messageBody":"","fileTypesAndContributionMap":{}},{"hash":"cb8ffa26eacb56cb9a274ddb85a01302c3d0e42e","isMergeCommit":false,"messageTitle":"Add tests for mark and unmark parsers","messageBody":"","fileTypesAndContributionMap":{"test-code":{"insertions":20,"deletions":0}}},{"hash":"ec3056a613991398266e36409ed340de9361a321","isMergeCommit":true,"messageTitle":"Merge branch \u0027master\u0027 into branch-add-tests","messageBody":"","fileTypesAndContributionMap":{}},{"hash":"93c03a7318e45af295d46ded71d68704e4563950","isMergeCommit":false,"messageTitle":"Fix error with Alice attendance","messageBody":"","fileTypesAndContributionMap":{"test-code":{"insertions":1,"deletions":0}}},{"hash":"d5b894649628b6940849f7b3b8547e8346b00ce4","isMergeCommit":false,"messageTitle":"Fix bugs from merge","messageBody":"","fileTypesAndContributionMap":{"test-code":{"insertions":5,"deletions":4}}},{"hash":"cb607ae6db62a283bb977d71662dc2d908de5ff8","isMergeCommit":false,"messageTitle":"Delete magic strings","messageBody":"","fileTypesAndContributionMap":{"functional-code":{"insertions":4,"deletions":12},"test-code":{"insertions":4,"deletions":2}}},{"hash":"50da1c08f075f76bea34acece75a72f9d9d493fa","isMergeCommit":true,"messageTitle":"Merge branch \u0027master\u0027 into branch-add-tests","messageBody":"","fileTypesAndContributionMap":{}},{"hash":"ae2b83df4743c9ae7e66fe4b34f3dfd9a5c307c9","isMergeCommit":false,"messageTitle":"Fix checkstyle errors","messageBody":"","fileTypesAndContributionMap":{"test-code":{"insertions":5,"deletions":7}}},{"hash":"566da6c9e6d9c251cecab308c6d384a77aaf3ffb","isMergeCommit":false,"messageTitle":"Add checks on attendance storage","messageBody":"","fileTypesAndContributionMap":{"functional-code":{"insertions":13,"deletions":1},"test-code":{"insertions":23,"deletions":0}}},{"hash":"9a7895b107fd1e31df2a255cd3c4e73d88505ee2","isMergeCommit":false,"messageTitle":"Add tests for attendance","messageBody":"","fileTypesAndContributionMap":{"functional-code":{"insertions":3,"deletions":0},"test-code":{"insertions":120,"deletions":0}}},{"hash":"2473ab84f1d7361705c7fca5015ae41ff268386b","isMergeCommit":false,"messageTitle":"Fix import order","messageBody":"","fileTypesAndContributionMap":{"test-code":{"insertions":2,"deletions":3}}},{"hash":"23866ced6f9c654584b158f7a669b6f55e21d618","isMergeCommit":false,"messageTitle":"Fix usage message","messageBody":"","fileTypesAndContributionMap":{"functional-code":{"insertions":2,"deletions":2}}},{"hash":"8d1bfd3c84da5dad2b9a55f804b60020f1336bcc","isMergeCommit":false,"messageTitle":"Fix how student is accessed","messageBody":"","fileTypesAndContributionMap":{"functional-code":{"insertions":30,"deletions":33}}},{"hash":"7c1239fcf3929a08ddfbd81d8ab588d0dd763d41","isMergeCommit":false,"messageTitle":"Fix checkstyle errors","messageBody":"","fileTypesAndContributionMap":{"functional-code":{"insertions":2,"deletions":1}}}]},{"date":"2025-04-03T00:00:00","commitResults":[{"hash":"3c6238ccf597dd6814d3c890536e27ec8a196dec","isMergeCommit":false,"messageTitle":"Reorder messages","messageBody":"","fileTypesAndContributionMap":{"functional-code":{"insertions":26,"deletions":25}}},{"hash":"80b6afdd18701c56cb33d43b4a4f10563fc39954","isMergeCommit":false,"messageTitle":"Standardise parser usage for id","messageBody":"","fileTypesAndContributionMap":{"functional-code":{"insertions":11,"deletions":10}}},{"hash":"2f92eb7f03a3da417e0f897bd1c09982b5fbf664","isMergeCommit":true,"messageTitle":"Merge branch \u0027master\u0027 into branch-standarise-parser","messageBody":"# Conflicts:\n#\tsrc/main/java/seedu/address/logic/Messages.java\n","fileTypesAndContributionMap":{}},{"hash":"f66688af78a1a2f31d946bbfa7f568d0f3745a80","isMergeCommit":false,"messageTitle":"Standardise parsing id for mark and unmark commands","messageBody":"","fileTypesAndContributionMap":{"functional-code":{"insertions":5,"deletions":12}}},{"hash":"f8ea592660056ec52426837938627abbb51feeef","isMergeCommit":false,"messageTitle":"Fix testcases","messageBody":"","fileTypesAndContributionMap":{"test-code":{"insertions":4,"deletions":4}}},{"hash":"c891128254fa4681ae7b19c2eafe1de852e4e529","isMergeCommit":true,"messageTitle":"Merge pull request #206 from SahanaAvantika/debug-alpha-bugs","messageBody":"Debug alpha bugs","fileTypesAndContributionMap":{}},{"hash":"f144614c757e887ac489306cac28091feeb9d841","isMergeCommit":true,"messageTitle":"Merge branch \u0027master\u0027 into branch-fix-mark-unmark-access-student","messageBody":"","fileTypesAndContributionMap":{}},{"hash":"6671003a281511af0adbb911be3ccd519ad32915","isMergeCommit":false,"messageTitle":"Fix outdated method usage","messageBody":"","fileTypesAndContributionMap":{"functional-code":{"insertions":2,"deletions":10}}},{"hash":"69906dd06bb0cb1707e0929548ada7c9bd861189","isMergeCommit":false,"messageTitle":"Refresh ui","messageBody":"","fileTypesAndContributionMap":{"functional-code":{"insertions":2,"deletions":0}}},{"hash":"b3753636fd1642fd6c98b61b7b5a2929a0a0df14","isMergeCommit":false,"messageTitle":"Update ug","messageBody":"","fileTypesAndContributionMap":{"docs":{"insertions":57,"deletions":33}}},{"hash":"eb19226e44f4a2d423f45896c356af99a3f5745b","isMergeCommit":false,"messageTitle":"Revert changes to table of contents","messageBody":"","fileTypesAndContributionMap":{"docs":{"insertions":20,"deletions":20}}},{"hash":"b0ed9f751e2a8050651cb3833626a09a5428f01a","isMergeCommit":false,"messageTitle":"Fix indentation level","messageBody":"","fileTypesAndContributionMap":{"docs":{"insertions":13,"deletions":13}}},{"hash":"a075216217841c139f41aec55455151971e7a216","isMergeCommit":false,"messageTitle":"Reorder sections","messageBody":"","fileTypesAndContributionMap":{"docs":{"insertions":9,"deletions":9}}},{"hash":"4159437473adb67c7e52521d1bfdffe468dff36f","isMergeCommit":false,"messageTitle":"Change person to student in filename","messageBody":"","fileTypesAndContributionMap":{"functional-code":{"insertions":5,"deletions":5},"other":{"insertions":25,"deletions":25}}},{"hash":"99f424abf42f73331074e28a65ade8b2d2d6c441","isMergeCommit":false,"messageTitle":"Change instances of person to student","messageBody":"","fileTypesAndContributionMap":{"functional-code":{"insertions":5,"deletions":5}}},{"hash":"db06a77d518958b0b2929dc719bda362c09a15ce","isMergeCommit":false,"messageTitle":"Change storage filename","messageBody":"","fileTypesAndContributionMap":{"functional-code":{"insertions":1,"deletions":1}}}]},{"date":"2025-04-06T00:00:00","commitResults":[{"hash":"af4d7e74b62172866fad30d97b16ea72ef941f3c","isMergeCommit":false,"messageTitle":"Fix bug in attendance","messageBody":"Attendance was not refreshed on a new day unless app was closed and\nrelaunched. Bug fixed.\n","fileTypesAndContributionMap":{"functional-code":{"insertions":16,"deletions":6}}},{"hash":"42a69362d69bc958b3c1615c348b4723e81345ae","isMergeCommit":false,"messageTitle":"Fix bug in mark and unmark command","messageBody":"When attendance is already set as present, mark should return error\nmessage stating that student is already marked as present. Similar case\nwith unmark command, it should return message that student is already\nmarked as absent. Fixed bug.\n","fileTypesAndContributionMap":{"functional-code":{"insertions":10,"deletions":0},"test-code":{"insertions":4,"deletions":1}}}]}],"SahanaAvantika":[{"date":"2025-03-03T00:00:00","commitResults":[{"hash":"e09a538c70bd19235159f733df18acf9bba59f20","isMergeCommit":false,"messageTitle":"Add Sahana\u0027s details","messageBody":"","fileTypesAndContributionMap":{"docs":{"insertions":8,"deletions":8}}},{"hash":"14dbe81bb82f74746197ed931ff50e3492f50171","isMergeCommit":true,"messageTitle":"Merge pull request #24 from WeiHungLoh/update-AboutUs","messageBody":"Update AboutUs page","fileTypesAndContributionMap":{}},{"hash":"07dc52993c9642f3a63383a70e7ba9e56378b39d","isMergeCommit":false,"messageTitle":"Edit Sahana\u0027s detail","messageBody":"","fileTypesAndContributionMap":{"docs":{"insertions":5,"deletions":5}}}]},{"date":"2025-03-10T00:00:00","commitResults":[{"hash":"541d293fbe334e2d13760193fab6ba1656a06614","isMergeCommit":true,"messageTitle":"Merge pull request #44 from WeiHungLoh/update-build-status-badge","messageBody":"Update README.md build status badge","fileTypesAndContributionMap":{}},{"hash":"e7073a59ee75ce6139f7c6aa733b2d46e49e94a5","isMergeCommit":true,"messageTitle":"Merge pull request #45 from varuuuun/branch-edit-readme","messageBody":"Add statements to acknowledge source of the code","fileTypesAndContributionMap":{}},{"hash":"e866add6c05d7b83f5dfae7c17e01857d07b0deb","isMergeCommit":true,"messageTitle":"Merge pull request #47 from shuang26/update-readme-content","messageBody":"Update README contents","fileTypesAndContributionMap":{}},{"hash":"4b048af00e944a0e5a5129ac859730c27315031c","isMergeCommit":true,"messageTitle":"Merge branch \u0027master\u0027 into update-readme","messageBody":"","fileTypesAndContributionMap":{}},{"hash":"ca0f90ca7ae0bb8ffc751e8543c88eda17606839","isMergeCommit":true,"messageTitle":"Merge pull request #52 from K1mcheee/update-readme","messageBody":"Update readme contents","fileTypesAndContributionMap":{}}]},{"date":"2025-03-14T00:00:00","commitResults":[{"hash":"4c85452ec41e3d70f6933babcef48dad731b93af","isMergeCommit":false,"messageTitle":"Add addStudentCommand","messageBody":"","fileTypesAndContributionMap":{"functional-code":{"insertions":812,"deletions":0},"test-code":{"insertions":13,"deletions":0}}}]},{"date":"2025-03-17T00:00:00","commitResults":[{"hash":"0e41e7594bf8bdbb8c7fb11606382af393d80825","isMergeCommit":true,"messageTitle":"Merge pull request #81 from K1mcheee/add-attendance-field","messageBody":"Add attendance field and update ui to match attendance","fileTypesAndContributionMap":{}},{"hash":"e5c404fda159c127fc340096f0856aaa5d5461c3","isMergeCommit":true,"messageTitle":"Merge pull request #83 from K1mcheee/update-help-command","messageBody":"Update link for help command to team\u0027s user guide","fileTypesAndContributionMap":{}},{"hash":"8d5359c1ff2efac25982a643cf3723baf092ba87","isMergeCommit":true,"messageTitle":"Merge pull request #79 from WeiHungLoh/edit-find-command","messageBody":"Edit FindCommand and FindCommandParser classes","fileTypesAndContributionMap":{}}]},{"date":"2025-03-19T00:00:00","commitResults":[{"hash":"ec29ab0ccdae3c50b943c641eb0d292ad67a6fd5","isMergeCommit":true,"messageTitle":"Merge pull request #85 from WeiHungLoh/update-delete-command","messageBody":"Update delete command","fileTypesAndContributionMap":{}},{"hash":"e211d4af9447f27ed7668a39bdd85db1b7a6f683","isMergeCommit":false,"messageTitle":"Update AddStudentCommandParser and ParserStudentUtil","messageBody":"","fileTypesAndContributionMap":{"functional-code":{"insertions":172,"deletions":0}}},{"hash":"84a3c104b98bb8ae27e56781e183cd4af000421c","isMergeCommit":true,"messageTitle":"Merge pull request #86 from varuuuun/branch-add-mark-command","messageBody":"Add mark command","fileTypesAndContributionMap":{}}]},{"date":"2025-03-20T00:00:00","commitResults":[{"hash":"c9ebc1cf897a26d264c630db45dec45456fa6879","isMergeCommit":true,"messageTitle":"Merge pull request #91 from varuuuun/branch-edit-storage","messageBody":"Change storage from Person to Student class","fileTypesAndContributionMap":{}},{"hash":"c216889f83f3f5c174d6790f648a72f998a6ee68","isMergeCommit":true,"messageTitle":"Merge pull request #93 from varuuuun/branch-edit-command-not-in-mvp","messageBody":"Change message to show not in mvp","fileTypesAndContributionMap":{}},{"hash":"f5e136533d2e433df0956f010bf82ad23b6cf554","isMergeCommit":true,"messageTitle":"Merge pull request #94 from varuuuun/branch-add-unmark-command","messageBody":"Add unmark command","fileTypesAndContributionMap":{}},{"hash":"a2895b54f23bbc526322c482c3df934f17f7d97f","isMergeCommit":false,"messageTitle":"Update Sample Student Data","messageBody":"","fileTypesAndContributionMap":{"functional-code":{"insertions":52,"deletions":2}}}]},{"date":"2025-03-27T00:00:00","commitResults":[{"hash":"4c38d3e5005abceeda86d9b65310133f480ffbb8","isMergeCommit":false,"messageTitle":"Add EditStudentCommand","messageBody":"","fileTypesAndContributionMap":{"functional-code":{"insertions":291,"deletions":4},"test-code":{"insertions":5,"deletions":0}}},{"hash":"f57c0cbb8e909a03aac8c53bc9b049b1aaae2196","isMergeCommit":false,"messageTitle":"Update AddressBookParser","messageBody":"","fileTypesAndContributionMap":{"functional-code":{"insertions":78,"deletions":3},"test-code":{"insertions":9,"deletions":9}}},{"hash":"3fe4a02a4f2ea01b9173260da4f5582a094fe117","isMergeCommit":false,"messageTitle":"Update AddressBookParserTest.java","messageBody":"","fileTypesAndContributionMap":{"test-code":{"insertions":1,"deletions":2}}},{"hash":"c610fa4bee3d0279e7e74f01784c787ab618ebc7","isMergeCommit":false,"messageTitle":"Update AddressBookParserTest.java","messageBody":"","fileTypesAndContributionMap":{"test-code":{"insertions":1,"deletions":0}}}]},{"date":"2025-03-29T00:00:00","commitResults":[{"hash":"147160e11c929042fd392b726606f715810915c5","isMergeCommit":false,"messageTitle":"Update edit to edit by studentID rather than index","messageBody":"","fileTypesAndContributionMap":{"functional-code":{"insertions":44,"deletions":21},"test-code":{"insertions":14,"deletions":1}}},{"hash":"d2d6e6ab15e9b98670369f834351532e0174a309","isMergeCommit":true,"messageTitle":"Merge branch \u0027edit-student-command\u0027 of https://github.com/SahanaAvantika/tp into edit-student-command","messageBody":"","fileTypesAndContributionMap":{}}]},{"date":"2025-03-30T00:00:00","commitResults":[{"hash":"cfd430e3cb0faf8c25155206a000eb250348924e","isMergeCommit":false,"messageTitle":"Update EditStudentCommand.java","messageBody":"","fileTypesAndContributionMap":{"functional-code":{"insertions":1,"deletions":1}}},{"hash":"d56aa6102899cb9f737b9c5eb1468520f71247c2","isMergeCommit":false,"messageTitle":"Update EditStudentCommand.java","messageBody":"","fileTypesAndContributionMap":{"functional-code":{"insertions":14,"deletions":21}}},{"hash":"5282459860c55364c88c377910c0b908c87487e9","isMergeCommit":true,"messageTitle":"Merge branch \u0027edit-student-command\u0027 of https://github.com/SahanaAvantika/tp into edit-student-command","messageBody":"","fileTypesAndContributionMap":{}},{"hash":"ea45546d4991ac7ca728f3923c30cb70f0672c6d","isMergeCommit":true,"messageTitle":"Merge branch \u0027master\u0027 into edit-student-command","messageBody":"# Conflicts:\n#\tsrc/main/java/seedu/address/logic/parser/EditStudentCommandParser.java\n#\tsrc/test/java/seedu/address/logic/commands/AddCommandTest.java\n","fileTypesAndContributionMap":{}},{"hash":"33164ecdcb5d0d40b7c340867732893f1e39e61c","isMergeCommit":false,"messageTitle":"Remove AddCommandTest.java","messageBody":"","fileTypesAndContributionMap":{"test-code":{"insertions":0,"deletions":250}}}]},{"date":"2025-03-31T00:00:00","commitResults":[{"hash":"994ae05e77085a25fa0d88dcead2bba4df7698b1","isMergeCommit":false,"messageTitle":"Update UiClassDiagram.puml","messageBody":"","fileTypesAndContributionMap":{"docs":{"insertions":21,"deletions":8}}},{"hash":"4a85e2ee44b65d93d471b1952f4f0c898ccb8085","isMergeCommit":false,"messageTitle":"Add testcases for AddStudentCommand and AddStudentCommandParser","messageBody":"","fileTypesAndContributionMap":{"test-code":{"insertions":275,"deletions":0}}}]},{"date":"2025-04-01T00:00:00","commitResults":[{"hash":"d7b5ff18deceaecc4269ae6c5629ab0545e98e0c","isMergeCommit":false,"messageTitle":"Add testcase for EditStudentCommand","messageBody":"","fileTypesAndContributionMap":{"test-code":{"insertions":70,"deletions":0}}},{"hash":"b8d7316921a3dfa73b6b8a59293687397e6859c7","isMergeCommit":false,"messageTitle":"Add testcase for EditStudentCommandParser","messageBody":"","fileTypesAndContributionMap":{"test-code":{"insertions":38,"deletions":0}}},{"hash":"88362145b915c4f1a93f40236b6c7f3ba779e5f3","isMergeCommit":true,"messageTitle":"Merge pull request #144 from WeiHungLoh/update-ug","messageBody":"Update user guide","fileTypesAndContributionMap":{}},{"hash":"87764e835e00ffabae3a7a0bf4fb84e0d6b71a67","isMergeCommit":true,"messageTitle":"Merge pull request #147 from WeiHungLoh/edit-ug","messageBody":"Remove semi-colon in list command","fileTypesAndContributionMap":{}},{"hash":"23ecf511651aef1e93e78da7e112b7d702f7e838","isMergeCommit":false,"messageTitle":"Rename person to student","messageBody":"","fileTypesAndContributionMap":{"functional-code":{"insertions":5,"deletions":5},"test-code":{"insertions":2,"deletions":2}}}]},{"date":"2025-04-02T00:00:00","commitResults":[{"hash":"dc3ab9a25b48dc2277527f34c262dbd1e499e66b","isMergeCommit":false,"messageTitle":"Update CommandTestUtil","messageBody":"","fileTypesAndContributionMap":{"test-code":{"insertions":33,"deletions":52}}},{"hash":"a84db85b37d3274bcf76ffaa41aff8b6215952c4","isMergeCommit":false,"messageTitle":"Resolve CheckStyle issues","messageBody":"","fileTypesAndContributionMap":{"test-code":{"insertions":10,"deletions":7}}},{"hash":"e84afb915175d5f699c6813bedc054f9ac58b9dc","isMergeCommit":true,"messageTitle":"Merge branch \u0027master\u0027 into add-testcases-AddStudentCommand","messageBody":"","fileTypesAndContributionMap":{}},{"hash":"2bfa382fd9462ed1b4c71552cb3356eeeb1bbdd2","isMergeCommit":false,"messageTitle":"Resolve conflicts with master","messageBody":"","fileTypesAndContributionMap":{"test-code":{"insertions":7,"deletions":7}}},{"hash":"5b16f7288cb4ad237009cd0677fba5a9122472d9","isMergeCommit":true,"messageTitle":"Merge pull request #184 from varuuuun/branch-add-tests-commands","messageBody":"Add mark and unmark tests","fileTypesAndContributionMap":{}},{"hash":"41545a0ae5f56b56115d7babfeccab0570a977ba","isMergeCommit":true,"messageTitle":"Merge pull request #188 from varuuuun/branch-add-tests-storage","messageBody":"Add checks on attendance storage","fileTypesAndContributionMap":{}},{"hash":"11e5e03d78913551d04480e39f9c19f9026881c0","isMergeCommit":true,"messageTitle":"Merge pull request #190 from varuuuun/branch-add-tests-attendance","messageBody":"Add tests for attendance","fileTypesAndContributionMap":{}},{"hash":"796b0b20f103af41011f73cfa40df34836cf424d","isMergeCommit":false,"messageTitle":"Improve clarifty of name","messageBody":"","fileTypesAndContributionMap":{"docs":{"insertions":2,"deletions":1}}},{"hash":"596bb1602ae22c892e63a9c017101d3ce3f41d72","isMergeCommit":false,"messageTitle":"Make student id case insensitive","messageBody":"","fileTypesAndContributionMap":{"functional-code":{"insertions":2,"deletions":0}}},{"hash":"be2cb4788d11c93029a356076c05a0df0fb1939e","isMergeCommit":false,"messageTitle":"Make getStudentByID method more abstract","messageBody":"","fileTypesAndContributionMap":{"functional-code":{"insertions":4,"deletions":8},"test-code":{"insertions":2,"deletions":6}}}]},{"date":"2025-04-03T00:00:00","commitResults":[{"hash":"f53b632e7141963db68e368fb48d01fc3e278c62","isMergeCommit":true,"messageTitle":"Merge branch \u0027master\u0027 into add-testcases-AddStudentCommand","messageBody":"","fileTypesAndContributionMap":{}},{"hash":"1a697d03451344992c491e07d8e2922602e06895","isMergeCommit":false,"messageTitle":"Recolve conflict issues from master","messageBody":"","fileTypesAndContributionMap":{"test-code":{"insertions":4,"deletions":3}}},{"hash":"86042bf165ccd97f529703a1231f3e5bffdf7d5d","isMergeCommit":true,"messageTitle":"Merge branch \u0027master\u0027 into add-testcases-AddStudentCommand","messageBody":"# Conflicts:\n#\tsrc/test/java/seedu/address/logic/commands/FindStudentCommandTest.java\n","fileTypesAndContributionMap":{}},{"hash":"95f79d8205ea309282ac61774576c25961de1fab","isMergeCommit":false,"messageTitle":"Improve message_usuage","messageBody":"","fileTypesAndContributionMap":{"functional-code":{"insertions":10,"deletions":10}}},{"hash":"37f4e99701462d9ef1b07ba1d3d619c8a9c78f17","isMergeCommit":false,"messageTitle":"Update edit message usuage","messageBody":"","fileTypesAndContributionMap":{"functional-code":{"insertions":2,"deletions":2}}},{"hash":"b2449b86997e553333f40013144691e09c246db9","isMergeCommit":false,"messageTitle":"Update message usage for edit","messageBody":"","fileTypesAndContributionMap":{"functional-code":{"insertions":1,"deletions":1}}},{"hash":"d8001fdf39ccd8b6c310a3012311b98120fefb45","isMergeCommit":false,"messageTitle":"Update UG","messageBody":"","fileTypesAndContributionMap":{"docs":{"insertions":4,"deletions":3}}},{"hash":"b63ff4e67081771849b03de7fcc9accbe2eb7c7d","isMergeCommit":false,"messageTitle":"Update testcase for editStudent","messageBody":"","fileTypesAndContributionMap":{"test-code":{"insertions":50,"deletions":2}}},{"hash":"27a90630852aa0c133c649ce37c99eab5b52c610","isMergeCommit":false,"messageTitle":"Update testcases for EditStudentCommand","messageBody":"","fileTypesAndContributionMap":{"test-code":{"insertions":23,"deletions":5}}},{"hash":"64208bfbef3a73eab9440ff77247fee698f3e418","isMergeCommit":true,"messageTitle":"Merge pull request #221 from K1mcheee/standardize-string-output","messageBody":"Standardize string output","fileTypesAndContributionMap":{}},{"hash":"7aa85b31ad3aec0053c346d0d3d7253585e0fcde","isMergeCommit":false,"messageTitle":"Debug errror message","messageBody":"","fileTypesAndContributionMap":{"functional-code":{"insertions":3,"deletions":9}}},{"hash":"059cdc96762ac8685ad6e7b18d85e6f17978c256","isMergeCommit":false,"messageTitle":"Solve checkstyle","messageBody":"","fileTypesAndContributionMap":{"functional-code":{"insertions":9,"deletions":2}}},{"hash":"9d160d7804cd405db0b8f7a9952d91bd8b4dc677","isMergeCommit":false,"messageTitle":"Update error message","messageBody":"","fileTypesAndContributionMap":{"functional-code":{"insertions":9,"deletions":8}}},{"hash":"031306dba9d50b32c03773e475da595e92cac6e6","isMergeCommit":true,"messageTitle":"Merge branch \u0027master\u0027 into update-addStudentCommand","messageBody":"","fileTypesAndContributionMap":{}},{"hash":"5e7e0e2118dddd460b5d735a848fb2a15adc1cb8","isMergeCommit":false,"messageTitle":"Resolve build","messageBody":"","fileTypesAndContributionMap":{"test-code":{"insertions":0,"deletions":23}}},{"hash":"c633b17bd28af7e7aeb199c4a58ce9f4c6d29834","isMergeCommit":true,"messageTitle":"Merge pull request #225 from WeiHungLoh/fix-find-window","messageBody":"Change person to student in find window","fileTypesAndContributionMap":{}}]}],"WeiHungLoh":[{"date":"2025-02-22T00:00:00","commitResults":[{"hash":"f9f4a3e0f212f0b1b6f9d8d71639aa9639c2c5c6","isMergeCommit":true,"messageTitle":"Merge commit \u00277f920ec896d0d61a5bf17504daa3110125c035c9\u0027","messageBody":"","fileTypesAndContributionMap":{}},{"hash":"f5636980e07b4e0200db96f9723574eeefec927c","isMergeCommit":false,"messageTitle":"Update site configurations to match fork","messageBody":"","fileTypesAndContributionMap":{"docs":{"insertions":1,"deletions":1}}}]},{"date":"2025-03-03T00:00:00","commitResults":[{"hash":"95d5a0d29ef6e4d7b2e2505c661e29ec491cbae4","isMergeCommit":false,"messageTitle":"Update AboutUs page","messageBody":"","fileTypesAndContributionMap":{"docs":{"insertions":4,"deletions":5}}},{"hash":"7c9a71fb969a1a3b6424b6b59243e8a9677ea212","isMergeCommit":true,"messageTitle":"Merge pull request #26 from varuuuun/branch-edit-about-us","messageBody":"Update Varun\u0027s AboutUs page","fileTypesAndContributionMap":{}},{"hash":"aee19543ff96bb87e3d68242c18c81ce1662bd8f","isMergeCommit":true,"messageTitle":"Merge pull request #27 from shuang26/branch-about-us","messageBody":"Edit AboutUs name, photo and role","fileTypesAndContributionMap":{}},{"hash":"f6831a31ffdbd5d42788f3522c9e692025603003","isMergeCommit":true,"messageTitle":"Merge pull request #28 from K1mcheee/update-about-us","messageBody":"Update about us file","fileTypesAndContributionMap":{}},{"hash":"ecdedbefbcf5feb28ea4053391918f2c96a0b9b6","isMergeCommit":true,"messageTitle":"Merge pull request #29 from SahanaAvantika/aboutUs","messageBody":"Edit Sahana\u0027s AboutUs","fileTypesAndContributionMap":{}}]},{"date":"2025-03-09T00:00:00","commitResults":[{"hash":"6069da8798f6c44ab4e9a4e708ee6e8b283e4f61","isMergeCommit":false,"messageTitle":"Update README.md build status badge","messageBody":"","fileTypesAndContributionMap":{"docs":{"insertions":1,"deletions":1}}}]},{"date":"2025-03-11T00:00:00","commitResults":[{"hash":"7b7ecf4511f339aa5c85762bbc47ce3713eb2e7f","isMergeCommit":false,"messageTitle":"Add FindWindow class","messageBody":"","fileTypesAndContributionMap":{"functional-code":{"insertions":165,"deletions":5}}},{"hash":"55496b0671dd549bb3f4c18a5cd057ff838010dc","isMergeCommit":false,"messageTitle":"Add new arguments for test classes","messageBody":"","fileTypesAndContributionMap":{"functional-code":{"insertions":6,"deletions":2},"test-code":{"insertions":7,"deletions":7}}},{"hash":"e7de3c660faaadb0453d67d7d13832801074674f","isMergeCommit":true,"messageTitle":"Merge pull request #56 from shuang26/update-dg","messageBody":"Update the DG: Glossary, NFRs, and Use Cases","fileTypesAndContributionMap":{}},{"hash":"4df87948877acdbd02c7140da5d1af6ebea3b7ac","isMergeCommit":true,"messageTitle":"Merge pull request #59 from shuang26/update-dg-userstories","messageBody":"Update the DG: User Stories","fileTypesAndContributionMap":{}},{"hash":"0d1a61d0db41c4f2405e6819fd6074e677e0d1f2","isMergeCommit":false,"messageTitle":"Add circle to track attendance","messageBody":"","fileTypesAndContributionMap":{"functional-code":{"insertions":14,"deletions":1}}},{"hash":"03012a8cbeddaccb411de660394744cff89b913e","isMergeCommit":false,"messageTitle":"Remove trailing space","messageBody":"","fileTypesAndContributionMap":{"functional-code":{"insertions":1,"deletions":1}}},{"hash":"1c0a0c09c9437b0d1ab6c3a60d452fbaa1262b81","isMergeCommit":true,"messageTitle":"Merge branch \u0027master\u0027 of https://github.com/AY2425S2-CS2103T-T11-2/tp into create-find-window","messageBody":"","fileTypesAndContributionMap":{}},{"hash":"9222f9b857f56e8a448f5c1b07c2434037e52891","isMergeCommit":false,"messageTitle":"Remove trailing space","messageBody":"","fileTypesAndContributionMap":{"docs":{"insertions":50,"deletions":50}}},{"hash":"abec36a9c3b2c0e293c2c456bbe189293c3a8393","isMergeCommit":false,"messageTitle":"Remove trailing space","messageBody":"","fileTypesAndContributionMap":{"functional-code":{"insertions":1,"deletions":1}}}]},{"date":"2025-03-12T00:00:00","commitResults":[{"hash":"84caa784b1852c1520017dcaec204a7a8d3bdc27","isMergeCommit":true,"messageTitle":"Merge pull request #61 from shuang26/update-readme","messageBody":"Update README to remove traces of AB3","fileTypesAndContributionMap":{}}]},{"date":"2025-03-13T00:00:00","commitResults":[{"hash":"3e936f2e984cfd84c156be0d516705f4208bcd6a","isMergeCommit":true,"messageTitle":"Merge pull request #64 from varuuuun/branch-add-mark-command-handler","messageBody":"Add mark command handler","fileTypesAndContributionMap":{}},{"hash":"bd747d067b98ea126bdd8f8a0fe60a3b9998e992","isMergeCommit":true,"messageTitle":"Merge pull request #69 from shuang26/update-app-title","messageBody":"Change app title to CareBook","fileTypesAndContributionMap":{}},{"hash":"c755bac306a25447c8276be1c4a2cbd3c97ecd26","isMergeCommit":true,"messageTitle":"Merge branch \u0027master\u0027 into branch-add-unmark-command-handler","messageBody":"","fileTypesAndContributionMap":{}},{"hash":"937a72099142c5d1a66c7981dc9e0a662d524352","isMergeCommit":true,"messageTitle":"Merge pull request #68 from varuuuun/branch-add-unmark-command-handler","messageBody":"Add unmark command handler","fileTypesAndContributionMap":{}}]},{"date":"2025-03-15T00:00:00","commitResults":[{"hash":"0a842232f5a64322259fe0215fc3d380fc2da450","isMergeCommit":true,"messageTitle":"Merge pull request #73 from shuang26/update-listcommand","messageBody":"Update list command UI","fileTypesAndContributionMap":{}}]},{"date":"2025-03-16T00:00:00","commitResults":[{"hash":"a0f8694579d3b99996e91984a4479479d7e457d4","isMergeCommit":true,"messageTitle":"Merge pull request #78 from shuang26/update-list-ui","messageBody":"Update UI for list command","fileTypesAndContributionMap":{}},{"hash":"7ba363e098f743a4ae06bb2b199893729f84a893","isMergeCommit":false,"messageTitle":"Edit FindCommand and FindCommandParser classes","messageBody":"","fileTypesAndContributionMap":{"functional-code":{"insertions":98,"deletions":19},"other":{"insertions":9,"deletions":9},"test-code":{"insertions":116,"deletions":116}}},{"hash":"7ccbefe5e7566c53f71ada8a5216eaf6042ab4d2","isMergeCommit":false,"messageTitle":"Comment out FindCommandTest class","messageBody":"","fileTypesAndContributionMap":{"test-code":{"insertions":91,"deletions":91}}},{"hash":"6e9b946d81aa802ba508aef47fe8f1c976edfb2f","isMergeCommit":false,"messageTitle":"Comment out FindCommandTest","messageBody":"","fileTypesAndContributionMap":{"test-code":{"insertions":91,"deletions":91}}},{"hash":"a8afc10aaa1fc3dff8b220a8be46c3f3839b2ad0","isMergeCommit":false,"messageTitle":"Fix indentation level","messageBody":"","fileTypesAndContributionMap":{"test-code":{"insertions":21,"deletions":20}}},{"hash":"c6b83590f2b977c314499e58db4b56773b6918a8","isMergeCommit":false,"messageTitle":"Comment out FindCommandParserTest","messageBody":"","fileTypesAndContributionMap":{"test-code":{"insertions":34,"deletions":34}}}]},{"date":"2025-03-17T00:00:00","commitResults":[{"hash":"36bed0fe075329363e28a0ba8501a67fe47ee862","isMergeCommit":false,"messageTitle":"Add DeleteStudentCommand class and parser","messageBody":"","fileTypesAndContributionMap":{"functional-code":{"insertions":107,"deletions":0}}},{"hash":"a726a79c7418adbae9fd21f3175e166da09b130f","isMergeCommit":false,"messageTitle":"Add back the original FindCommand class and parser","messageBody":"","fileTypesAndContributionMap":{"functional-code":{"insertions":116,"deletions":23}}},{"hash":"4a8b4b36d7a074add7fa8dcb64a7b9cffb51d2e0","isMergeCommit":false,"messageTitle":"Delete tags and adjust width of FindWindow","messageBody":"","fileTypesAndContributionMap":{"functional-code":{"insertions":2,"deletions":11}}},{"hash":"6186a38c7933d1c768774ab1a04c2209d8f2031d","isMergeCommit":false,"messageTitle":"Comment out test cases","messageBody":"","fileTypesAndContributionMap":{"test-code":{"insertions":10,"deletions":5}}},{"hash":"c857bf256d78bfbb14a782d1ff80909280b54fbf","isMergeCommit":false,"messageTitle":"Change comments","messageBody":"","fileTypesAndContributionMap":{"functional-code":{"insertions":1,"deletions":2}}},{"hash":"9e9af10d39a6834265e98d4b280af2d9f0561bef","isMergeCommit":false,"messageTitle":"Change comments","messageBody":"","fileTypesAndContributionMap":{"functional-code":{"insertions":3,"deletions":4}}},{"hash":"a6d1272ec7d26b328710330300ffb5decf2395bb","isMergeCommit":false,"messageTitle":"Change delete message format","messageBody":"","fileTypesAndContributionMap":{"functional-code":{"insertions":9,"deletions":8}}},{"hash":"71b1d5c03f90538280b707d0cad013f50fc1ce72","isMergeCommit":false,"messageTitle":"Change person to student","messageBody":"","fileTypesAndContributionMap":{"functional-code":{"insertions":2,"deletions":2}}}]},{"date":"2025-03-19T00:00:00","commitResults":[{"hash":"0d71cc7e89c316e4dd182d5b867c375e6fd44434","isMergeCommit":false,"messageTitle":"Change person to student","messageBody":"","fileTypesAndContributionMap":{"functional-code":{"insertions":100,"deletions":57}}},{"hash":"72de67e68641d0c58a884acb007146421f1b12ad","isMergeCommit":false,"messageTitle":"Add JsonAdaptedStudent class for storage","messageBody":"","fileTypesAndContributionMap":{"functional-code":{"insertions":212,"deletions":16},"other":{"insertions":1,"deletions":1},"test-code":{"insertions":30,"deletions":3}}},{"hash":"577d69eb82f9889343042834de9e9894bb43bcae","isMergeCommit":false,"messageTitle":"Delete JsonAdaptedStudent","messageBody":"","fileTypesAndContributionMap":{"functional-code":{"insertions":5,"deletions":158}}}]},{"date":"2025-03-20T00:00:00","commitResults":[{"hash":"555c34d2cd76084960cae339f1ffa0076124b832","isMergeCommit":true,"messageTitle":"Merge pull request #98 from K1mcheee/update-attendance-icon","messageBody":"Update attendance icon color to match ui","fileTypesAndContributionMap":{}},{"hash":"392834efcb975736be89e9bb151644ce6ecfd0d4","isMergeCommit":true,"messageTitle":"Merge pull request #99 from varuuuun/branch-delete-references-to-old-commands","messageBody":"Delete references to old commands","fileTypesAndContributionMap":{}}]},{"date":"2025-03-21T00:00:00","commitResults":[{"hash":"a52a7bac25ffbb621a6052d3999b9070169377a1","isMergeCommit":false,"messageTitle":"Change version and archiveFileName","messageBody":"","fileTypesAndContributionMap":{"functional-code":{"insertions":1,"deletions":1},"other":{"insertions":1,"deletions":1}}}]},{"date":"2025-03-25T00:00:00","commitResults":[{"hash":"99e13a467cda16093d693928dfbd0575a362ed24","isMergeCommit":false,"messageTitle":"Add markall command","messageBody":"","fileTypesAndContributionMap":{"functional-code":{"insertions":41,"deletions":1},"test-code":{"insertions":32,"deletions":0}}}]},{"date":"2025-03-27T00:00:00","commitResults":[{"hash":"650c1c9e79c55905e05a8724cf997c178f94d80c","isMergeCommit":false,"messageTitle":"Change person to student","messageBody":"","fileTypesAndContributionMap":{"functional-code":{"insertions":1,"deletions":1}}},{"hash":"e73199d0ca15be75548482765b14a4a8b358f3f5","isMergeCommit":true,"messageTitle":"Merge pull request #104 from varuuuun/branch-add-date-to-attendance","messageBody":"Edit attendance to use dates","fileTypesAndContributionMap":{}},{"hash":"b988395048908723e2761354ed1c5c3e4d958622","isMergeCommit":true,"messageTitle":"Merge branch \u0027master\u0027 into edit-student-command","messageBody":"","fileTypesAndContributionMap":{}},{"hash":"a1639e5485a83aeb128f3dd520595f1244a1e774","isMergeCommit":true,"messageTitle":"Merge pull request #110 from SahanaAvantika/edit-student-command","messageBody":"Add EditStudentCommand","fileTypesAndContributionMap":{}},{"hash":"e28e92410b073fe8094e03576f4f6071548aeb2a","isMergeCommit":true,"messageTitle":"Merge pull request #116 from shuang26/update-ug","messageBody":"Update User Guide","fileTypesAndContributionMap":{}}]},{"date":"2025-03-28T00:00:00","commitResults":[{"hash":"a53d29987b0d0bfc667914055049ef14753e7d14","isMergeCommit":false,"messageTitle":"Enable assertions","messageBody":"","fileTypesAndContributionMap":{"other":{"insertions":4,"deletions":0}}},{"hash":"d8eb25611ac76a3458623f22672b93eadf1107c9","isMergeCommit":false,"messageTitle":"Add DeleteStudentCommandTest class","messageBody":"","fileTypesAndContributionMap":{"test-code":{"insertions":106,"deletions":0}}},{"hash":"21223a220217b00dfdff24d7a503c4ac30a54141","isMergeCommit":false,"messageTitle":"Add export command","messageBody":"","fileTypesAndContributionMap":{"functional-code":{"insertions":157,"deletions":0},"test-code":{"insertions":5,"deletions":0}}}]},{"date":"2025-03-29T00:00:00","commitResults":[{"hash":"7fb8d699d76495c3755950325f596ebc87805594","isMergeCommit":false,"messageTitle":"Change timestamp format","messageBody":"","fileTypesAndContributionMap":{"functional-code":{"insertions":3,"deletions":2}}},{"hash":"e000f38e9f3d32c0675419c333d7ea7bd81ff988","isMergeCommit":false,"messageTitle":"Update UML diagrams","messageBody":"","fileTypesAndContributionMap":{"docs":{"insertions":5,"deletions":6}}}]},{"date":"2025-03-30T00:00:00","commitResults":[{"hash":"c67e74805986f8dddeaf96978a88b4caa75afe2e","isMergeCommit":false,"messageTitle":"Add export command feature to user guide","messageBody":"","fileTypesAndContributionMap":{"docs":{"insertions":18,"deletions":0}}},{"hash":"e1094ac187933522e38fcf746219f456487052ed","isMergeCommit":false,"messageTitle":"Change delete command to delete by studentId","messageBody":"","fileTypesAndContributionMap":{"docs":{"insertions":17,"deletions":17}}},{"hash":"d95903bcde20a4a0a7a135aa2993fc2a9353bf04","isMergeCommit":false,"messageTitle":"Update delete command format","messageBody":"","fileTypesAndContributionMap":{"docs":{"insertions":1,"deletions":1}}},{"hash":"555fec120c64cd83a2b608fae1c3b84cb5a4190d","isMergeCommit":false,"messageTitle":"Add close quotation","messageBody":"","fileTypesAndContributionMap":{"docs":{"insertions":1,"deletions":1}}},{"hash":"a4dbd481b0126156320939286ff2e95d450cca64","isMergeCommit":false,"messageTitle":"Change command name","messageBody":"","fileTypesAndContributionMap":{"docs":{"insertions":1,"deletions":1}}},{"hash":"670eada0b17d60810ab0d7fe81e9a0d3d77d45bd","isMergeCommit":true,"messageTitle":"Merge pull request #129 from varuuuun/branch-delete-person","messageBody":"Delete person","fileTypesAndContributionMap":{}}]},{"date":"2025-03-31T00:00:00","commitResults":[{"hash":"bf5fd61535191623fa1d9cf7e39cfe22eeb97db3","isMergeCommit":false,"messageTitle":"Update export command and its tests","messageBody":"","fileTypesAndContributionMap":{"functional-code":{"insertions":9,"deletions":6},"docs":{"insertions":16,"deletions":15},"test-code":{"insertions":138,"deletions":0}}},{"hash":"441e33b252c7bba1f382530c08bca38e74902ae9","isMergeCommit":false,"messageTitle":"Delete traces of person model","messageBody":"","fileTypesAndContributionMap":{"functional-code":{"insertions":0,"deletions":2},"test-code":{"insertions":0,"deletions":125}}},{"hash":"7d4b551d5709240690afbeb1daa1318419d06e5b","isMergeCommit":false,"messageTitle":"Update tests","messageBody":"","fileTypesAndContributionMap":{"test-code":{"insertions":57,"deletions":33}}},{"hash":"2b5c1232d69e1a87df92d73582364d3753f88ef3","isMergeCommit":false,"messageTitle":"Update import order","messageBody":"","fileTypesAndContributionMap":{"test-code":{"insertions":11,"deletions":5}}},{"hash":"5f1daca11d871cda4fa10ca863dfacb72c106d03","isMergeCommit":true,"messageTitle":"Merge branch \u0027master\u0027 of https://github.com/AY2425S2-CS2103T-T11-2/tp into edit-test","messageBody":"","fileTypesAndContributionMap":{}},{"hash":"3fb80941cefa08f9b7f33e50a41898c921056c21","isMergeCommit":false,"messageTitle":"Update command summary","messageBody":"","fileTypesAndContributionMap":{"docs":{"insertions":15,"deletions":15}}},{"hash":"a7abf50a086d083da855a6eb7c5a4ff2e36c2cb6","isMergeCommit":false,"messageTitle":"Add command summary to help window","messageBody":"","fileTypesAndContributionMap":{"functional-code":{"insertions":9,"deletions":1}}},{"hash":"c078a043ee59957e2641dccb47239abb2116b7b7","isMergeCommit":false,"messageTitle":"Standardise formatting of parameters","messageBody":"","fileTypesAndContributionMap":{"docs":{"insertions":15,"deletions":15}}},{"hash":"3796435d207dbef830ac0e455680da6c24b44cbb","isMergeCommit":false,"messageTitle":"Increase window size","messageBody":"","fileTypesAndContributionMap":{"functional-code":{"insertions":3,"deletions":7}}},{"hash":"f0871f15aacdd415444bdf1602a7d4b2efac9c95","isMergeCommit":true,"messageTitle":"Merge pull request #128 from varuuuun/branch-edit-puml","messageBody":"Edit Storage and ParserClasses puml","fileTypesAndContributionMap":{}},{"hash":"4d894fdc11981aec369e6b7aea73b2f6a819f2a4","isMergeCommit":true,"messageTitle":"Merge pull request #136 from shuang26/edit-deletesequence","messageBody":"Update UML diagram, DeleteSequenceDiagram","fileTypesAndContributionMap":{}},{"hash":"a24eeeb1579717e95de0b39c8bbd566ce191b8d4","isMergeCommit":true,"messageTitle":"Merge pull request #131 from K1mcheee/update-dg-uml","messageBody":"Update dg uml","fileTypesAndContributionMap":{}}]},{"date":"2025-04-01T00:00:00","commitResults":[{"hash":"b27233ab2edf600d42671627d0fbba038f84b597","isMergeCommit":false,"messageTitle":"Update user guide","messageBody":"","fileTypesAndContributionMap":{"functional-code":{"insertions":2,"deletions":1},"docs":{"insertions":340,"deletions":99}}},{"hash":"7a59c730e1eb88447d61a9925f44f117d116824e","isMergeCommit":false,"messageTitle":"Fix typo","messageBody":"","fileTypesAndContributionMap":{"docs":{"insertions":2,"deletions":2}}},{"hash":"d7d96760e21d025988f2bd10f4af8a93d8f48bf2","isMergeCommit":false,"messageTitle":"Remove comma","messageBody":"","fileTypesAndContributionMap":{"docs":{"insertions":1,"deletions":1}}},{"hash":"2ab26edc8bf7c639ac3a28cb4da321182f8cc23c","isMergeCommit":false,"messageTitle":"Change header to match table of contents","messageBody":"","fileTypesAndContributionMap":{"docs":{"insertions":1,"deletions":1}}},{"hash":"f08e3709ca2c0bd5eaca04896c347add24b736cf","isMergeCommit":false,"messageTitle":"Update expected output for help command","messageBody":"","fileTypesAndContributionMap":{"docs":{"insertions":5,"deletions":1}}},{"hash":"e7e3aba2771f3d9c87636717caadb379e5f4299d","isMergeCommit":true,"messageTitle":"Merge pull request #142 from SahanaAvantika/update-UiClassDiagram","messageBody":"Update UiClassDiagram.puml","fileTypesAndContributionMap":{}},{"hash":"bb615a18cacd36070d2ac2f267abc90b4bd014ec","isMergeCommit":true,"messageTitle":"Merge pull request #143 from SahanaAvantika/add-testcases-AddStudentCommand","messageBody":"Add testcases for AddStudentCommand and AddStudentCommandParser","fileTypesAndContributionMap":{}},{"hash":"1ea32c6732625ce4ee9d23c8aa2f1c6caf99d60c","isMergeCommit":true,"messageTitle":"Merge pull request #146 from SahanaAvantika/add-testcases-EditStudentCommand","messageBody":"Add testcases edit student command","fileTypesAndContributionMap":{}},{"hash":"b8391bcb43fff3708f68bb9bbc6b48b17af4589e","isMergeCommit":false,"messageTitle":"Remove semi-colon in list command","messageBody":"","fileTypesAndContributionMap":{"docs":{"insertions":1,"deletions":1}}},{"hash":"1515101f409d241a8fb81588547a7b55a531788f","isMergeCommit":true,"messageTitle":"Merge pull request #148 from SahanaAvantika/add-testcases-AddStudentCommand","messageBody":"Rename person to student","fileTypesAndContributionMap":{}}]},{"date":"2025-04-02T00:00:00","commitResults":[{"hash":"068eae9befc7e86022587852315e6c679fc458e2","isMergeCommit":false,"messageTitle":"Fix bugs in find command","messageBody":"","fileTypesAndContributionMap":{"functional-code":{"insertions":26,"deletions":16},"test-code":{"insertions":3,"deletions":2}}},{"hash":"41544f41e2ce6a6952a733b0d156fc928e075730","isMergeCommit":false,"messageTitle":"Fix bugs in export command","messageBody":"","fileTypesAndContributionMap":{"functional-code":{"insertions":1,"deletions":1}}},{"hash":"f40b95d13bb7b02dccc2b5ece23c366af05a7673","isMergeCommit":false,"messageTitle":"Fix bugs in markall and unmarkall commands","messageBody":"","fileTypesAndContributionMap":{"functional-code":{"insertions":2,"deletions":2}}},{"hash":"2db5f3e89211e3bee86322bba0ff5ddd43976fb9","isMergeCommit":true,"messageTitle":"Merge pull request #164 from shuang26/update-unmarkall","messageBody":"Add tests for markall and unmarkall command","fileTypesAndContributionMap":{}},{"hash":"f6ea887140e00f8d51dd5a48a014c5c5e53dc328","isMergeCommit":true,"messageTitle":"Merge branch \u0027master\u0027 into update-find-command","messageBody":"","fileTypesAndContributionMap":{}},{"hash":"01ae0d9ba72364b41fceed6c36d8f157b4515c35","isMergeCommit":false,"messageTitle":"Fix bugs in markall and unmarkall","messageBody":"","fileTypesAndContributionMap":{"functional-code":{"insertions":22,"deletions":8}}},{"hash":"9e99f0813326df788eb66f028685687451e7f948","isMergeCommit":false,"messageTitle":"Add space","messageBody":"","fileTypesAndContributionMap":{"functional-code":{"insertions":2,"deletions":2}}},{"hash":"239c289b43b441fc3bda95ab137e11298e02c718","isMergeCommit":false,"messageTitle":"Comment out tests","messageBody":"","fileTypesAndContributionMap":{"test-code":{"insertions":4,"deletions":0}}},{"hash":"10a675d5b2ee531f1a5e094b916b0c1eafe8b509","isMergeCommit":false,"messageTitle":"Remove unused imports","messageBody":"","fileTypesAndContributionMap":{"test-code":{"insertions":2,"deletions":2}}},{"hash":"c4e48f5a9bbfd1baa7f21ed6a4dbc9330a19a888","isMergeCommit":false,"messageTitle":"Fix bugs in delete command","messageBody":"","fileTypesAndContributionMap":{"functional-code":{"insertions":2,"deletions":1}}},{"hash":"9b5a90ba11af5def9643664a9025d57eb9829df4","isMergeCommit":true,"messageTitle":"Merge pull request #175 from K1mcheee/command-case-insensitivity","messageBody":"Update parser to be case insensitive for command word","fileTypesAndContributionMap":{}},{"hash":"dec7ad96802861fd1e14f44e95309f0e87c103b1","isMergeCommit":true,"messageTitle":"Merge pull request #176 from K1mcheee/move-message-constraint","messageBody":"Move message constraint","fileTypesAndContributionMap":{}},{"hash":"a519e3618b71c1d3cf82ba872a9f6ee27e540887","isMergeCommit":true,"messageTitle":"Merge pull request #181 from shuang26/fix-tests","messageBody":"Update tests for markall and unmarkall commands","fileTypesAndContributionMap":{}},{"hash":"6c9da73fc7c621eb7fe43b7ef4ee3bdc1af05fdf","isMergeCommit":true,"messageTitle":"Merge pull request #182 from shuang26/update-landing-page","messageBody":"Update index.md","fileTypesAndContributionMap":{}},{"hash":"38ab0b26a925162cabd5f065a6d07a99ef9e156c","isMergeCommit":false,"messageTitle":"Add test for find student command","messageBody":"","fileTypesAndContributionMap":{"functional-code":{"insertions":1,"deletions":1},"test-code":{"insertions":11,"deletions":0}}},{"hash":"fff346c94179430306b4b427ea3e6faa2779ebf5","isMergeCommit":false,"messageTitle":"Change test method name","messageBody":"","fileTypesAndContributionMap":{"test-code":{"insertions":1,"deletions":1}}},{"hash":"9891d52537d980699a4ebec7a0bd0a9af2d36921","isMergeCommit":true,"messageTitle":"Merge pull request #179 from K1mcheee/add-studentId-test","messageBody":"Add studentID tests","fileTypesAndContributionMap":{}},{"hash":"8613e708c549ef57ad5d90a9340c340c8cd9e8ea","isMergeCommit":true,"messageTitle":"Merge pull request #204 from shuang26/update-dg","messageBody":"Update DG and add new sections","fileTypesAndContributionMap":{}}]},{"date":"2025-04-03T00:00:00","commitResults":[{"hash":"5d9c8c5cf93a7e89b926b77019bc6de78bacd568","isMergeCommit":true,"messageTitle":"Merge pull request #192 from K1mcheee/move-command-strings","messageBody":"Move command strings","fileTypesAndContributionMap":{}},{"hash":"3019c4539328df96a0509b80b175a757d9641d3c","isMergeCommit":false,"messageTitle":"Fix find command test cases","messageBody":"","fileTypesAndContributionMap":{"functional-code":{"insertions":3,"deletions":5},"test-code":{"insertions":3,"deletions":2}}},{"hash":"44c120e7d2c550372443ebec6022c67dd13933c1","isMergeCommit":false,"messageTitle":"Fix how studentId is accessed","messageBody":"","fileTypesAndContributionMap":{"functional-code":{"insertions":27,"deletions":31}}},{"hash":"d37c2d9d647bc49a0ab3e2b27642e301f0661b3c","isMergeCommit":false,"messageTitle":"Update test cases","messageBody":"","fileTypesAndContributionMap":{"test-code":{"insertions":7,"deletions":11}}},{"hash":"eaf7b151bb1d2d0aee2524d81af70a9647b4fa16","isMergeCommit":false,"messageTitle":"Update find classes","messageBody":"","fileTypesAndContributionMap":{"functional-code":{"insertions":25,"deletions":26},"test-code":{"insertions":6,"deletions":11}}},{"hash":"587b39cb0ddeed6c59b03e8f2b2db155c28dfd5a","isMergeCommit":true,"messageTitle":"Merge pull request #194 from SahanaAvantika/add-testcases-AddStudentCommand","messageBody":"Update CommandTestUtil","fileTypesAndContributionMap":{}},{"hash":"7b9f692a431a8199aa6444457d83ab4b064dcb52","isMergeCommit":false,"messageTitle":"Standardise command usage format","messageBody":"","fileTypesAndContributionMap":{"functional-code":{"insertions":25,"deletions":16},"test-code":{"insertions":12,"deletions":14}}},{"hash":"76b8d6eba871da4b447a42feab4db8967bbf68ff","isMergeCommit":false,"messageTitle":"Remove unused import","messageBody":"","fileTypesAndContributionMap":{"test-code":{"insertions":0,"deletions":2}}},{"hash":"39d20d4ea118ace37ec3a9eefb2720a9b79d3557","isMergeCommit":true,"messageTitle":"Merge pull request #215 from SahanaAvantika/consistent-outputs","messageBody":"Improve message_usuage","fileTypesAndContributionMap":{}},{"hash":"a45d5303051160554512ccd5339243c23c909438","isMergeCommit":true,"messageTitle":"Merge pull request #217 from shuang26/edit-resultdisplay","messageBody":"Increase size of result display","fileTypesAndContributionMap":{}},{"hash":"bd0041bb1bd44ea8f9d54fed2c864027a8e9118e","isMergeCommit":true,"messageTitle":"Merge pull request #219 from varuuuun/branch-rename-json-person","messageBody":"Change JsonAdaptedPerson to JsonAdaptedStudent","fileTypesAndContributionMap":{}},{"hash":"a5f86cfe5eb75e9ef7a1d02d5b5b5b6f226673ea","isMergeCommit":true,"messageTitle":"Merge pull request #220 from varuuuun/branch-change-storage-filename","messageBody":"Change storage filename","fileTypesAndContributionMap":{}},{"hash":"b2d80890eef199886df608848c4db0f2e1b8c3d2","isMergeCommit":false,"messageTitle":"Change person to student in find window","messageBody":"","fileTypesAndContributionMap":{"functional-code":{"insertions":4,"deletions":5}}},{"hash":"9177a3dd34eae723b60f2cca6d80280d2aa1d1e7","isMergeCommit":true,"messageTitle":"Merge pull request #224 from SahanaAvantika/update-addStudentCommand","messageBody":"Debug errror message","fileTypesAndContributionMap":{}},{"hash":"f5420f447652ca4ef245f7d9d38b2a8d0e9edff0","isMergeCommit":true,"messageTitle":"Merge branch \u0027master\u0027 of https://github.com/AY2425S2-CS2103T-T11-2/tp into fix-find-window","messageBody":"","fileTypesAndContributionMap":{}},{"hash":"beeb71ff0e5c669de0713bd68f991879d7460936","isMergeCommit":true,"messageTitle":"Merge pull request #226 from K1mcheee/update-userguide","messageBody":"Update userguide","tags":["v1.5"],"fileTypesAndContributionMap":{}}]},{"date":"2025-04-05T00:00:00","commitResults":[{"hash":"56bae6ea0c7a9657516d37b88930c10bcd869cac","isMergeCommit":false,"messageTitle":"Fix bugs in find window","messageBody":"","fileTypesAndContributionMap":{"functional-code":{"insertions":17,"deletions":14}}},{"hash":"b1de52d29871a9234ca7a75f16ea217969e33ef0","isMergeCommit":false,"messageTitle":"Remove unused import","messageBody":"","fileTypesAndContributionMap":{"functional-code":{"insertions":0,"deletions":1}}}]},{"date":"2025-04-06T00:00:00","commitResults":[{"hash":"a6f414fd658a72fd307c722a1f54deb8ededd0cc","isMergeCommit":false,"messageTitle":"Fix export file name too long bug","messageBody":"","fileTypesAndContributionMap":{"functional-code":{"insertions":9,"deletions":2},"test-code":{"insertions":10,"deletions":1}}},{"hash":"c46624774de1de5ec2122424a5e93fb5f544856d","isMergeCommit":true,"messageTitle":"Merge pull request #298 from shuang26/fix-dg-usecasebug","messageBody":"Fix bug with use case","fileTypesAndContributionMap":{}},{"hash":"6d8949fca5b3e694822ec982c4689966ec02e25c","isMergeCommit":false,"messageTitle":"Update DG and UG to match changes after bug fixes","messageBody":"","fileTypesAndContributionMap":{"docs":{"insertions":109,"deletions":113}}},{"hash":"85a273bb77e093b412568c8a70a2482d6e3531a5","isMergeCommit":false,"messageTitle":"Remove trailing spaces","messageBody":"","fileTypesAndContributionMap":{"docs":{"insertions":27,"deletions":27}}},{"hash":"32780235569c344fe322cc483095e3363802448d","isMergeCommit":true,"messageTitle":"Merge branch \u0027master\u0027 into fix-ug-dg","messageBody":"","fileTypesAndContributionMap":{}},{"hash":"d7ddb5128f04cf0ed97461a8839bc287b901c00f","isMergeCommit":false,"messageTitle":"Remove space","messageBody":"","fileTypesAndContributionMap":{"docs":{"insertions":2,"deletions":2}}},{"hash":"95dd23e0cf329c6c1948ec6e3a5f163553a4307a","isMergeCommit":true,"messageTitle":"Merge branch \u0027fix-ug-dg\u0027 of https://github.com/WeiHungLoh/tp into fix-ug-dg","messageBody":"","fileTypesAndContributionMap":{}},{"hash":"965cdf89080eb97a9e8f554a3c1d3549273491ed","isMergeCommit":false,"messageTitle":"Edit user guide","messageBody":"","fileTypesAndContributionMap":{"docs":{"insertions":2,"deletions":1}}},{"hash":"5e38b9957f679ba9f46fb7f10f5a86fd587733fc","isMergeCommit":false,"messageTitle":"Improve code quality","messageBody":"","fileTypesAndContributionMap":{"functional-code":{"insertions":6,"deletions":2}}},{"hash":"5696d855b5c120f5a632430f8fe824be62f45cad","isMergeCommit":false,"messageTitle":"Improve code quality","messageBody":"","fileTypesAndContributionMap":{"functional-code":{"insertions":2,"deletions":1}}}]},{"date":"2025-04-07T00:00:00","commitResults":[{"hash":"cfc8cf02e70b78feee6b855f42c1e4a052659240","isMergeCommit":true,"messageTitle":"Merge pull request #304 from K1mcheee/update-dg-links","messageBody":"Update links to point to team repo","fileTypesAndContributionMap":{}},{"hash":"43feda098a0af2b8009aba52f27cb008b61e7f3b","isMergeCommit":true,"messageTitle":"Merge pull request #305 from K1mcheee/update-phone-regex","messageBody":"Update phone regex","fileTypesAndContributionMap":{}}]}],"K1mcheee":[{"date":"2025-03-03T00:00:00","commitResults":[{"hash":"cc00562ebceb935826274bdc4722597fb3faa1b5","isMergeCommit":false,"messageTitle":"Update about us file","messageBody":"","fileTypesAndContributionMap":{"docs":{"insertions":3,"deletions":3}}}]},{"date":"2025-03-10T00:00:00","commitResults":[{"hash":"cca18957f24b4fbc8c1bacde4baab480a9d421c8","isMergeCommit":false,"messageTitle":"Update readme contents","messageBody":"","fileTypesAndContributionMap":{"docs":{"insertions":4,"deletions":0}}}]},{"date":"2025-03-11T00:00:00","commitResults":[{"hash":"5e7437b20cb2881908bb2905ed6de04063aff791","isMergeCommit":false,"messageTitle":"Enforce phone number constraint","messageBody":"","fileTypesAndContributionMap":{"functional-code":{"insertions":6,"deletions":2}}},{"hash":"498d5174b2af26ea9c364222c9ad540f78f99b2c","isMergeCommit":false,"messageTitle":"Rename name instances to studentName","messageBody":"","fileTypesAndContributionMap":{"functional-code":{"insertions":11,"deletions":11}}},{"hash":"203c1d806fac8d3dff2bba4e3bbef22de3107296","isMergeCommit":false,"messageTitle":"Add parent name field to Person","messageBody":"","fileTypesAndContributionMap":{"functional-code":{"insertions":11,"deletions":3}}},{"hash":"0cc033871a857a96d764b1d0a77f76e254a4ea4a","isMergeCommit":false,"messageTitle":"Add studentId field and class to person","messageBody":"","fileTypesAndContributionMap":{"functional-code":{"insertions":76,"deletions":5}}},{"hash":"f0b327ab6243bb37a67305561f86c14690f6aa12","isMergeCommit":false,"messageTitle":"Edit parser to support new fields, placeholder field under AddCommandParser as not implemented yet","messageBody":"","fileTypesAndContributionMap":{"functional-code":{"insertions":43,"deletions":13}}},{"hash":"8255ed266429585443bd439960f80f17cf5dde2e","isMergeCommit":false,"messageTitle":"Temporary update to testcases with new methods for compilation","messageBody":"","fileTypesAndContributionMap":{"test-code":{"insertions":33,"deletions":26}}},{"hash":"7f0f47822954ff40c2c874dc8d2d193ec5836d3b","isMergeCommit":false,"messageTitle":"Temporary update to new method","messageBody":"","fileTypesAndContributionMap":{"functional-code":{"insertions":2,"deletions":2}}},{"hash":"dd92dae2db35d93a797c1060beaef0e5b56f1365","isMergeCommit":false,"messageTitle":"Add support for new studentName, parentName and studentId fields","messageBody":"","fileTypesAndContributionMap":{"functional-code":{"insertions":55,"deletions":15},"test-code":{"insertions":62,"deletions":19}}},{"hash":"5b6961ca5bf18e936140ada8ab3c7ffc0a92d0b5","isMergeCommit":false,"messageTitle":"Fix style issues","messageBody":"","fileTypesAndContributionMap":{"functional-code":{"insertions":6,"deletions":5}}},{"hash":"667f222bb74742d48ffd4d30fa1abbe15c2c5ade","isMergeCommit":false,"messageTitle":"Update tests to support new fields","messageBody":"","fileTypesAndContributionMap":{"functional-code":{"insertions":4,"deletions":0},"test-code":{"insertions":32,"deletions":6}}},{"hash":"be81ff30a399ed1fb0bb6e57081e04c2a1c4019b","isMergeCommit":false,"messageTitle":"Fix testcases to support new methods","messageBody":"","fileTypesAndContributionMap":{"test-code":{"insertions":45,"deletions":19}}},{"hash":"89dd0c9f32de320e0f0c5fdf9c88daf8fc64e6df","isMergeCommit":false,"messageTitle":"Add support for new fields","messageBody":"","fileTypesAndContributionMap":{"test-code":{"insertions":11,"deletions":4}}},{"hash":"38de181cd4dbb05d3e858dcf13b06bfde34c50bb","isMergeCommit":false,"messageTitle":"Fix style errors","messageBody":"","fileTypesAndContributionMap":{"test-code":{"insertions":7,"deletions":7}}},{"hash":"559c3f15cf14a43d0deccd5aac239d8a31000748","isMergeCommit":false,"messageTitle":"Add mmissing whitespace","messageBody":"","fileTypesAndContributionMap":{"test-code":{"insertions":1,"deletions":1}}},{"hash":"82944c47c004cceb02f740b114c1fa42e06ab386","isMergeCommit":false,"messageTitle":"Update phone numbers to fix validation errors, fix some other errors caused by temporary placeholders","messageBody":"","fileTypesAndContributionMap":{"functional-code":{"insertions":13,"deletions":2},"test-code":{"insertions":38,"deletions":37}}},{"hash":"7020fe8497952e340cedbf7a9bfa5161b1b3e2aa","isMergeCommit":false,"messageTitle":"fix checkstyle error","messageBody":"","fileTypesAndContributionMap":{"test-code":{"insertions":2,"deletions":2}}}]},{"date":"2025-03-13T00:00:00","commitResults":[{"hash":"a12f61f84e16943f9e0aefd53c280328395d14df","isMergeCommit":false,"messageTitle":"Exclude test that require add command to work","messageBody":"","fileTypesAndContributionMap":{"test-code":{"insertions":15,"deletions":15}}},{"hash":"10f09d9d2740dd452adf8662a7a72683493b6585","isMergeCommit":false,"messageTitle":"Fix checkstyle error","messageBody":"","fileTypesAndContributionMap":{"test-code":{"insertions":4,"deletions":4}}}]},{"date":"2025-03-17T00:00:00","commitResults":[{"hash":"b2f3140dfcee905dc2314b6f29331076522fbd86","isMergeCommit":false,"messageTitle":"Add attendance field and update ui to match attendance","messageBody":"","fileTypesAndContributionMap":{"functional-code":{"insertions":35,"deletions":1}}},{"hash":"c3ed0ac07ff40cfcfce67a76ed737615d8b53409","isMergeCommit":false,"messageTitle":"Update Person class","messageBody":"","fileTypesAndContributionMap":{"functional-code":{"insertions":14,"deletions":0}}},{"hash":"a8c8a0ef0355bac8fd64263d990fdcc75b6fb1f6","isMergeCommit":false,"messageTitle":"Update link for help command team\u0027s user guide","messageBody":"","fileTypesAndContributionMap":{"functional-code":{"insertions":1,"deletions":1}}}]},{"date":"2025-03-20T00:00:00","commitResults":[{"hash":"2e704ace720177f00bd32e2bd563a538d6ae455c","isMergeCommit":false,"messageTitle":"Update attendance icon color to match ui","messageBody":"","fileTypesAndContributionMap":{"functional-code":{"insertions":2,"deletions":2}}}]},{"date":"2025-03-27T00:00:00","commitResults":[{"hash":"3bb6788f8b300bba0fed2f79874e8c397aae26de","isMergeCommit":false,"messageTitle":"Create testcases for FindStudentCommandParser and fix equals method","messageBody":"","fileTypesAndContributionMap":{"functional-code":{"insertions":1,"deletions":1},"test-code":{"insertions":35,"deletions":0}}},{"hash":"294c49b960d94b229a14caf7737fb4126b1006f9","isMergeCommit":false,"messageTitle":"Fix checkstyle errors","messageBody":"","fileTypesAndContributionMap":{"test-code":{"insertions":7,"deletions":5}}},{"hash":"d42e911f47f2e2f35869c2eb33832d849eb0c34a","isMergeCommit":false,"messageTitle":"Add FindStudentCommandTest and fix equals method","messageBody":"","fileTypesAndContributionMap":{"functional-code":{"insertions":1,"deletions":1},"test-code":{"insertions":77,"deletions":0}}},{"hash":"0c88a3b51f78f1be9a63c5036395d90a9c9c1eb7","isMergeCommit":true,"messageTitle":"Merge pull request #106 from WeiHungLoh/add-markall-command","messageBody":"Add markall command","fileTypesAndContributionMap":{}},{"hash":"66e117ea85a6f1f84cf2c78f311a99389e0dbe6a","isMergeCommit":true,"messageTitle":"Merge branch \u0027master\u0027 into add-unmarkall-command","messageBody":"","fileTypesAndContributionMap":{}},{"hash":"5b5af4d76d17c4cba04e60be04ed3592876e4bfb","isMergeCommit":true,"messageTitle":"Merge pull request #109 from shuang26/add-unmarkall-command","messageBody":"Add unmarkall command","fileTypesAndContributionMap":{}}]},{"date":"2025-03-28T00:00:00","commitResults":[{"hash":"8782dbd1eff4ac03aa50d3caf8bfeb4ec68eb1b0","isMergeCommit":true,"messageTitle":"Merge pull request #120 from WeiHungLoh/enable-assertions","messageBody":"Enable assertions","tags":["v1.4"],"fileTypesAndContributionMap":{}}]},{"date":"2025-03-30T00:00:00","commitResults":[{"hash":"a161474aea4c54d683bcb072a06c93381b09a256","isMergeCommit":true,"messageTitle":"Merge pull request #122 from WeiHungLoh/edit-delete-student-test","messageBody":"Add DeleteStudentCommandTest class","fileTypesAndContributionMap":{}},{"hash":"8c313994417aaff8f2f0663f586b16e5519d2580","isMergeCommit":true,"messageTitle":"Merge pull request #124 from WeiHungLoh/add-export-command","messageBody":"Add export command","fileTypesAndContributionMap":{}},{"hash":"8f49a496ba25c6b85c0d8790a51b6f7ba5e42fa1","isMergeCommit":true,"messageTitle":"Merge pull request #126 from SahanaAvantika/edit-student-command","messageBody":"Update edit student command to edit by studentID rather than index","fileTypesAndContributionMap":{}},{"hash":"cf76b245474bf01cb6a8aa04b6c1a43f22663de8","isMergeCommit":true,"messageTitle":"Merge branch \u0027master\u0027 into update-dg-uml","messageBody":"","fileTypesAndContributionMap":{}},{"hash":"52f5799c35e9b1d73d803e0fb0c8e48e44423982","isMergeCommit":false,"messageTitle":"Update UML for model classes","messageBody":"","fileTypesAndContributionMap":{"docs":{"insertions":38,"deletions":27}}}]},{"date":"2025-04-02T00:00:00","commitResults":[{"hash":"6b2a602c6c98d6114e081c2e3dc3dc246661e352","isMergeCommit":false,"messageTitle":"Update parser to be case insensitive for command word","messageBody":"","fileTypesAndContributionMap":{"functional-code":{"insertions":1,"deletions":1}}},{"hash":"17c5b3a057e08d975c6f5cdd6efdff49ad5c04d2","isMergeCommit":false,"messageTitle":"Change case insensitivity logic location","messageBody":"","fileTypesAndContributionMap":{"functional-code":{"insertions":2,"deletions":2}}},{"hash":"959465644121cc9223f954e7efab56ac4b1b5b51","isMergeCommit":false,"messageTitle":"Shift studentId message constraint to messages class","messageBody":"","fileTypesAndContributionMap":{"functional-code":{"insertions":20,"deletions":10},"test-code":{"insertions":6,"deletions":3}}},{"hash":"aff9dafc2a9278149395b9e0bffb182f07e7bfb2","isMergeCommit":false,"messageTitle":"Shift email and phone message constraint to messages class","messageBody":"","fileTypesAndContributionMap":{"functional-code":{"insertions":26,"deletions":19},"test-code":{"insertions":4,"deletions":2}}},{"hash":"a058fc29d0feacbd30dc3e638d0c20a8bf8f2647","isMergeCommit":false,"messageTitle":"Shift all message constraint for student fields to messages class","messageBody":"","fileTypesAndContributionMap":{"functional-code":{"insertions":17,"deletions":15},"test-code":{"insertions":4,"deletions":2}}},{"hash":"5849b7d0149e868a9433fc24c9b9810f58101ea6","isMergeCommit":false,"messageTitle":"Fix style problems","messageBody":"","fileTypesAndContributionMap":{"functional-code":{"insertions":4,"deletions":2}}},{"hash":"e7117012583e0b1573723b2613bca9e8f92ed477","isMergeCommit":false,"messageTitle":"Add studentID tests","messageBody":"","fileTypesAndContributionMap":{"test-code":{"insertions":65,"deletions":0}}},{"hash":"85c699787937443913c8ccc5d612ffdc8cd7c33e","isMergeCommit":false,"messageTitle":"Update list command strings","messageBody":"","fileTypesAndContributionMap":{"functional-code":{"insertions":7,"deletions":4},"test-code":{"insertions":4,"deletions":3}}},{"hash":"83758a1806c941dbf9aa0423620aa6afe6b33e0a","isMergeCommit":false,"messageTitle":"Update delete command strings and fix list command test","messageBody":"","fileTypesAndContributionMap":{"functional-code":{"insertions":7,"deletions":4},"test-code":{"insertions":6,"deletions":3}}},{"hash":"c9fe1f1b48112a941272d652ce03253bfdedaea6","isMergeCommit":false,"messageTitle":"Update find command strings","messageBody":"","fileTypesAndContributionMap":{"functional-code":{"insertions":11,"deletions":5},"test-code":{"insertions":4,"deletions":2}}},{"hash":"0f7533466975197d7e53a47f26833c57e35563bc","isMergeCommit":false,"messageTitle":"Update export command strings","messageBody":"","fileTypesAndContributionMap":{"functional-code":{"insertions":13,"deletions":6},"test-code":{"insertions":9,"deletions":8}}},{"hash":"43e146743b4a28712135366860b7b340a2d40262","isMergeCommit":false,"messageTitle":"Change constructor to take in studentId instead","messageBody":"","fileTypesAndContributionMap":{"functional-code":{"insertions":10,"deletions":5},"test-code":{"insertions":10,"deletions":12}}},{"hash":"b07ef4f7d651f5a3320fb682e6fcf4d38fee9217","isMergeCommit":false,"messageTitle":"Remove usage of extra field","messageBody":"","fileTypesAndContributionMap":{"functional-code":{"insertions":6,"deletions":2},"test-code":{"insertions":2,"deletions":2}}}]},{"date":"2025-04-03T00:00:00","commitResults":[{"hash":"25a5dbfac8d22067b0bc39a825c744fc18b5c25a","isMergeCommit":true,"messageTitle":"Merge pull request #207 from WeiHungLoh/fix-find-test","messageBody":"Fix find command test cases","fileTypesAndContributionMap":{}},{"hash":"0ab4330c9410a86899aa52a62df615a97c175866","isMergeCommit":true,"messageTitle":"Merge pull request #202 from varuuuun/branch-fix-mark-unmark-access-student","messageBody":"Fix how student is accessed by mark and unmark commands","fileTypesAndContributionMap":{}},{"hash":"c7ae465562ce744948c2757c8c818470cb744bfc","isMergeCommit":true,"messageTitle":"Merge pull request #209 from shuang26/fix-dg-bug","messageBody":"Add missing extension for use case in DG","fileTypesAndContributionMap":{}},{"hash":"f5de0e11729fc603c2c9adf2a3b1de4f0d3e5e70","isMergeCommit":true,"messageTitle":"Merge pull request #218 from WeiHungLoh/fix-output-messages","messageBody":"Standardise command usage format","fileTypesAndContributionMap":{}},{"hash":"1f1bf91365d42df54a9b9667da4729e9bac4ba7f","isMergeCommit":false,"messageTitle":"Fix string outputs","messageBody":"","fileTypesAndContributionMap":{"functional-code":{"insertions":23,"deletions":28},"test-code":{"insertions":5,"deletions":4}}},{"hash":"66ee73d5ccea752cb77ca6a2494fed31f02d6cd8","isMergeCommit":false,"messageTitle":"Update other string discrepancies","messageBody":"","fileTypesAndContributionMap":{"functional-code":{"insertions":5,"deletions":5},"test-code":{"insertions":1,"deletions":1}}},{"hash":"71849d56919d0516ebb56e35efe9cbca776f5fe3","isMergeCommit":false,"messageTitle":"Consolidate magic strings and fix discrepancies","messageBody":"","fileTypesAndContributionMap":{"functional-code":{"insertions":34,"deletions":23},"test-code":{"insertions":13,"deletions":8}}},{"hash":"bdbc5f0552c00badfa286e701d6c7c6e51d66e80","isMergeCommit":false,"messageTitle":"Update screenshots","messageBody":"","fileTypesAndContributionMap":{"docs":{"insertions":7,"deletions":8}}},{"hash":"1e4349d47e84ee799411fe88822916b4d245b45c","isMergeCommit":false,"messageTitle":"Fix incorrect syntax","messageBody":"","fileTypesAndContributionMap":{"docs":{"insertions":5,"deletions":5}}},{"hash":"21209258d183dc73aa88efdeb3536ed556c9f913","isMergeCommit":false,"messageTitle":"Make changes based on feedback","messageBody":"","fileTypesAndContributionMap":{"docs":{"insertions":33,"deletions":33}}},{"hash":"4dddc2affeaaaf309dd7f63ef6757adf039e6042","isMergeCommit":false,"messageTitle":"Update discrepancies","messageBody":"","fileTypesAndContributionMap":{"docs":{"insertions":5,"deletions":8}}},{"hash":"1d64c4285931fbbc9b39cbeeade82ac1c78dabd4","isMergeCommit":false,"messageTitle":"Add known issues","messageBody":"","fileTypesAndContributionMap":{"docs":{"insertions":8,"deletions":0}}}]},{"date":"2025-04-07T00:00:00","commitResults":[{"hash":"e037124b1009140c4d4a324c2ad701a86a247ece","isMergeCommit":false,"messageTitle":"Update links to point to team repo","messageBody":"","fileTypesAndContributionMap":{"docs":{"insertions":3,"deletions":3}}},{"hash":"bce95acf7c1e47ff8d650652e675581afb145c91","isMergeCommit":true,"messageTitle":"Merge pull request #303 from shuang26/fix-dgbug","messageBody":"Fix DG bugs","fileTypesAndContributionMap":{}},{"hash":"753c871f2c8da9e3c992e7b82905ebd847e82217","isMergeCommit":true,"messageTitle":"Merge branch \u0027AY2425S2-CS2103T-T11-2:master\u0027 into update-dg-links","messageBody":"","fileTypesAndContributionMap":{}},{"hash":"a6b4551e918a203d949ac400889faa026aeb6a5c","isMergeCommit":false,"messageTitle":"Fix spacing issues and mention of case sensitive student id","messageBody":"","fileTypesAndContributionMap":{"docs":{"insertions":44,"deletions":44}}},{"hash":"11a533aff02dd5e076ad772aa6c5d027e00db9c9","isMergeCommit":false,"messageTitle":"Add missing fullstop","messageBody":"","fileTypesAndContributionMap":{"docs":{"insertions":1,"deletions":1}}},{"hash":"62e91d43e647301ae52e79d95b82ea21a3f55ed8","isMergeCommit":false,"messageTitle":"Update to allow numbers beginning with 6","messageBody":"","fileTypesAndContributionMap":{"functional-code":{"insertions":2,"deletions":2},"docs":{"insertions":3,"deletions":3}}},{"hash":"8752642706d6624163413ac93f2255105f8717e0","isMergeCommit":false,"messageTitle":"Fix typo in DG","messageBody":"","fileTypesAndContributionMap":{"docs":{"insertions":1,"deletions":1}}}]}],"shuang26":[{"date":"2025-03-03T00:00:00","commitResults":[{"hash":"8e99900591b6d5fc60ad16e7212c96c8bfbfcf57","isMergeCommit":false,"messageTitle":"Edit AboutUs name, photo and role","messageBody":"","fileTypesAndContributionMap":{"docs":{"insertions":51,"deletions":5}}}]},{"date":"2025-03-09T00:00:00","commitResults":[{"hash":"1af3744db67f63dab880502abc47eb0ad98d65e8","isMergeCommit":false,"messageTitle":"Update README contents","messageBody":"","fileTypesAndContributionMap":{"docs":{"insertions":3,"deletions":3}}}]},{"date":"2025-03-10T00:00:00","commitResults":[{"hash":"e77f5819cf90b920c3ed08696e923b626f55ccb4","isMergeCommit":true,"messageTitle":"Merge pull request #51 from SahanaAvantika/update-ui","messageBody":"Update Ui","fileTypesAndContributionMap":{}}]},{"date":"2025-03-11T00:00:00","commitResults":[{"hash":"7de40590350d2968811becfd742207ce5b9424ff","isMergeCommit":false,"messageTitle":"Update the DG: Glossary, NFRs, and Use Cases","messageBody":"","fileTypesAndContributionMap":{"docs":{"insertions":157,"deletions":17}}},{"hash":"7a1ca3c801278dd519ecbdd9753d74d4cacfd352","isMergeCommit":false,"messageTitle":"Update the DG: User Stories","messageBody":"","fileTypesAndContributionMap":{"docs":{"insertions":33,"deletions":8}}},{"hash":"540409e293b7ce9a657cba790046e91b4b5814df","isMergeCommit":true,"messageTitle":"Merge pull request #54 from WeiHungLoh/create-find-window","messageBody":" Add FindWindow class","fileTypesAndContributionMap":{}}]},{"date":"2025-03-12T00:00:00","commitResults":[{"hash":"afa1c373dc585eee3fb7a08a3eb8a18aebebf57e","isMergeCommit":false,"messageTitle":"Update README to remove traces of AB3","messageBody":"","fileTypesAndContributionMap":{"docs":{"insertions":0,"deletions":5}}}]},{"date":"2025-03-13T00:00:00","commitResults":[{"hash":"4ffdd8f0873e84f102ba77b41f5c99b4d8e2d5e6","isMergeCommit":false,"messageTitle":"Change app title to CareBook","messageBody":"","fileTypesAndContributionMap":{"functional-code":{"insertions":1,"deletions":1}}},{"hash":"888d116fb467fd463523812c0afc0e16c0f8c6bc","isMergeCommit":false,"messageTitle":"Create new classes to support new UI for list","messageBody":"","fileTypesAndContributionMap":{"functional-code":{"insertions":100,"deletions":0}}},{"hash":"06cb4819d098fc83d8d1148dd77a8fc95920439c","isMergeCommit":false,"messageTitle":"Change app title to CareBook","messageBody":"","fileTypesAndContributionMap":{"functional-code":{"insertions":1,"deletions":1}}}]},{"date":"2025-03-14T00:00:00","commitResults":[{"hash":"2fdf3f1d7dc238ff71ec187ff16775d5f71749e6","isMergeCommit":false,"messageTitle":"Add StudentCard and Update MainWindow","messageBody":"New StudentCard for displaying student name and attendance.\nUpdate MainWindow to use StudentCard.\n","fileTypesAndContributionMap":{"functional-code":{"insertions":54,"deletions":6}}}]},{"date":"2025-03-15T00:00:00","commitResults":[{"hash":"b7cd23c277b347af2ead46ff75018f157578e8dc","isMergeCommit":false,"messageTitle":"Add new line in StudentListCard for checkstyle","messageBody":"","fileTypesAndContributionMap":{"functional-code":{"insertions":1,"deletions":1}}},{"hash":"c6bd6d92bef7a8167824c7bcfc7e0c52c1606a10","isMergeCommit":true,"messageTitle":"Merge pull request #60 from K1mcheee/update-person-class","messageBody":"Update person class","fileTypesAndContributionMap":{}},{"hash":"f009ca94a2b9868726061a9bfb4081867b4a75c3","isMergeCommit":true,"messageTitle":"Merge pull request #72 from SahanaAvantika/add-student-command","messageBody":"Add addStudentCommand","fileTypesAndContributionMap":{}}]},{"date":"2025-03-16T00:00:00","commitResults":[{"hash":"04e9712fbfe8a312b79369d207553f24e8fdacca","isMergeCommit":false,"messageTitle":"Update StudentCard to use new method in Student","messageBody":"","fileTypesAndContributionMap":{"functional-code":{"insertions":1,"deletions":1}}},{"hash":"53aa988bae224f7c52b6b4ee7bf7a27aa3c371c3","isMergeCommit":false,"messageTitle":"Edit StudentCard to display student ID","messageBody":"","fileTypesAndContributionMap":{"functional-code":{"insertions":3,"deletions":2}}}]},{"date":"2025-03-19T00:00:00","commitResults":[{"hash":"24e033342d6738c9a9d72ecfe1b4208e79d7dbb1","isMergeCommit":true,"messageTitle":"Merge pull request #88 from WeiHungLoh/change-person-to-student","messageBody":"Change person to student","fileTypesAndContributionMap":{}}]},{"date":"2025-03-21T00:00:00","commitResults":[{"hash":"87c9604b785a728a2b1a7171890144b18b81da33","isMergeCommit":true,"messageTitle":"Merge pull request #103 from WeiHungLoh/update-version-number","messageBody":"Change version and archiveFileName","fileTypesAndContributionMap":{}}]},{"date":"2025-03-25T00:00:00","commitResults":[{"hash":"f52308dedd8d2eaca7a69822ded36f594001fe81","isMergeCommit":false,"messageTitle":"Add unmarkall command","messageBody":"","fileTypesAndContributionMap":{"functional-code":{"insertions":42,"deletions":1},"test-code":{"insertions":31,"deletions":0}}}]},{"date":"2025-03-27T00:00:00","commitResults":[{"hash":"e76c19c6ec4ab268cb2f0fa12e7b533bad94198d","isMergeCommit":false,"messageTitle":"Fix Checkstyle error","messageBody":"","fileTypesAndContributionMap":{"functional-code":{"insertions":1,"deletions":1},"test-code":{"insertions":2,"deletions":2}}},{"hash":"d9b45b09a85d3e8fb47c6c92d7c62799f36dcbf2","isMergeCommit":false,"messageTitle":"Update User Guide","messageBody":"","fileTypesAndContributionMap":{"docs":{"insertions":174,"deletions":129}}},{"hash":"247da6483edef8280e25fa90c707fc2617707d59","isMergeCommit":true,"messageTitle":"Merge pull request #113 from WeiHungLoh/edit-studentidequalspredicate","messageBody":"Update comments in StudentIdEqualsPredicate","fileTypesAndContributionMap":{}},{"hash":"0471816a96df89c95d2c0ab46c504c56efae9569","isMergeCommit":true,"messageTitle":"Merge pull request #115 from K1mcheee/add-find-student-parser-test","messageBody":"Create testcases for FindStudentCommandParser and fix equals method","fileTypesAndContributionMap":{}},{"hash":"13f820f5bf8344ecfd28db95d160c8f925f14279","isMergeCommit":true,"messageTitle":"Merge pull request #118 from K1mcheee/add-find-student-command-test","messageBody":"Add FindStudentCommandTest and fix equals method","fileTypesAndContributionMap":{}}]},{"date":"2025-03-30T00:00:00","commitResults":[{"hash":"571b3ebd977f183138fa64d5b148a14dc19bf22f","isMergeCommit":false,"messageTitle":"Update UML diagram - DeleteSequenceDiagram","messageBody":"","fileTypesAndContributionMap":{"docs":{"insertions":32,"deletions":32}}}]},{"date":"2025-03-31T00:00:00","commitResults":[{"hash":"285b48b746f458c91b09ca5923649367ae008a21","isMergeCommit":true,"messageTitle":"Merge pull request #134 from WeiHungLoh/edit-test","messageBody":"Add tests for ExportCommand","fileTypesAndContributionMap":{}},{"hash":"1463f4c0b543a8908b0a8424ab34795ceed2cfff","isMergeCommit":true,"messageTitle":"Merge pull request #137 from WeiHungLoh/update-help-command","messageBody":"Update help command","fileTypesAndContributionMap":{}}]},{"date":"2025-04-01T00:00:00","commitResults":[{"hash":"8342ad4201727bb63975d2369868877805a31d55","isMergeCommit":false,"messageTitle":"Change person to student in documentation","messageBody":"","fileTypesAndContributionMap":{"functional-code":{"insertions":1,"deletions":1}}},{"hash":"6f4f64314570522be312d116f8cf1ecfe3ff5de9","isMergeCommit":false,"messageTitle":"Update ListCommand and its test","messageBody":"","fileTypesAndContributionMap":{"functional-code":{"insertions":13,"deletions":2},"test-code":{"insertions":10,"deletions":8}}},{"hash":"45026de6d254e600f512c4d6c8676065d326adb3","isMergeCommit":false,"messageTitle":"Add new methods in Model for abstraction","messageBody":"","fileTypesAndContributionMap":{"functional-code":{"insertions":45,"deletions":16}}},{"hash":"2357dd4cd289aac50a38cf2660eb0fb31afd079d","isMergeCommit":false,"messageTitle":"Update ListCommand documentation","messageBody":"","fileTypesAndContributionMap":{"functional-code":{"insertions":1,"deletions":4}}},{"hash":"92788f200e9609c60fea081e2e7f8483669e7b1c","isMergeCommit":false,"messageTitle":"Update documentation to use CareBook","messageBody":"","fileTypesAndContributionMap":{"functional-code":{"insertions":2,"deletions":2}}},{"hash":"c5f8b818719170d941a0d115f6f688977dbc8cdb","isMergeCommit":false,"messageTitle":"Add test for unmarkAllCommand","messageBody":"","fileTypesAndContributionMap":{"test-code":{"insertions":13,"deletions":6}}},{"hash":"c9fd93c045158c1997a622b437de9287ad5afa66","isMergeCommit":false,"messageTitle":"Add test for markall and unmarkall command","messageBody":"","fileTypesAndContributionMap":{"functional-code":{"insertions":16,"deletions":16},"test-code":{"insertions":26,"deletions":15}}}]},{"date":"2025-04-02T00:00:00","commitResults":[{"hash":"1a78c7077a7b45bf4e3ec36ea6dca370db436299","isMergeCommit":true,"messageTitle":"Merge branch \u0027master\u0027 into update-unmarkall","messageBody":"","fileTypesAndContributionMap":{}},{"hash":"4b11280f8226b1791a05d55eac5e6ac5a394241c","isMergeCommit":false,"messageTitle":"Update stub in tests","messageBody":"","fileTypesAndContributionMap":{"test-code":{"insertions":15,"deletions":0}}},{"hash":"2d4b8a0cf957ee1bc2d9b0b3dc8040e25df99bc4","isMergeCommit":true,"messageTitle":"Merge pull request #166 from WeiHungLoh/update-find-command","messageBody":"Fix bugs in find, markall, unmarkall and export commands","fileTypesAndContributionMap":{}},{"hash":"c2381509add997ca08abfccb14467eedfbc8d0ea","isMergeCommit":true,"messageTitle":"Merge pull request #172 from WeiHungLoh/fix-delete-bugs","messageBody":"Fix bugs in delete command","fileTypesAndContributionMap":{}},{"hash":"5b9f190d6eb745f2d532ce3003b8a757facef27e","isMergeCommit":false,"messageTitle":"Add \".\" for error message","messageBody":"","fileTypesAndContributionMap":{"functional-code":{"insertions":1,"deletions":1}}},{"hash":"866098e7c76b8e81c1d94230490b66123c9dd520","isMergeCommit":false,"messageTitle":"Update UnmarkAllCommand and its test","messageBody":"","fileTypesAndContributionMap":{"functional-code":{"insertions":4,"deletions":13},"test-code":{"insertions":1,"deletions":3}}},{"hash":"d289aeabf3c31872179ca937a6010c70e5b1d97a","isMergeCommit":false,"messageTitle":"Update tests for markall and unmarkall commands","messageBody":"Add error messages into Message class for consistency.\nUpdate ModelManager methods to mark and unmark students.\n","fileTypesAndContributionMap":{"functional-code":{"insertions":30,"deletions":37},"test-code":{"insertions":5,"deletions":5}}},{"hash":"6f260dcfa73520eacbc149c9238d8122ec953cfd","isMergeCommit":false,"messageTitle":"Update index.md","messageBody":"","fileTypesAndContributionMap":{"docs":{"insertions":5,"deletions":5}}},{"hash":"d899b7e0109cc81f09cce36106d6c7d387025954","isMergeCommit":false,"messageTitle":"Update DG and add new sections","messageBody":"","fileTypesAndContributionMap":{"docs":{"insertions":130,"deletions":78}}},{"hash":"35bdd385ecfadfb58418338c4da5fa3ebfe9d050","isMergeCommit":false,"messageTitle":"Add possible enhancements - clear student records","messageBody":"","fileTypesAndContributionMap":{"docs":{"insertions":7,"deletions":0}}},{"hash":"b09add82f285907a16b45e3b6f668424480e847f","isMergeCommit":false,"messageTitle":"Update use cases to include all features","messageBody":"","fileTypesAndContributionMap":{"docs":{"insertions":146,"deletions":91}}},{"hash":"ac48f0f3c2ba8b067a6fe0fa3effa3d8a0a71dd9","isMergeCommit":true,"messageTitle":"Merge pull request #186 from WeiHungLoh/add-find-command-tests","messageBody":"Add test for find student command","fileTypesAndContributionMap":{}}]},{"date":"2025-04-03T00:00:00","commitResults":[{"hash":"5f0778cb3bb15172936e42349b157248ec912414","isMergeCommit":true,"messageTitle":"Merge pull request #201 from varuuuun/branch-fix-usage-message","messageBody":"Fix usage message for mark and unmark","fileTypesAndContributionMap":{}},{"hash":"6390e67aa594271157898a47d0d39ed161f09f7d","isMergeCommit":true,"messageTitle":"Merge pull request #208 from varuuuun/branch-standarise-parser","messageBody":"Standarise parser for StudentId","fileTypesAndContributionMap":{}},{"hash":"fe4d825f754e779bc1492a8ff1020887e6c16c05","isMergeCommit":false,"messageTitle":"Add missing extention for Use Case in DG","messageBody":"Fix spacing issue as well.\n","fileTypesAndContributionMap":{"docs":{"insertions":8,"deletions":0}}},{"hash":"60f00c609429783b517725f871e5271297f0e5ab","isMergeCommit":true,"messageTitle":"Merge pull request #211 from varuuuun/branch-fix-ui-error","messageBody":"Refresh ui when marked or unmarked","fileTypesAndContributionMap":{}},{"hash":"5b83c8ec29ca3cc786f71f7e1b066f5b2dc1fc83","isMergeCommit":true,"messageTitle":"Merge pull request #213 from varuuuun/branch-update-ug","messageBody":"Update User Guide","fileTypesAndContributionMap":{}},{"hash":"17399f83566f4d9990983acd9069ec8813f5eff6","isMergeCommit":true,"messageTitle":"Merge pull request #212 from WeiHungLoh/fix-delete","messageBody":"Fix how student is accessed by delete command","fileTypesAndContributionMap":{}},{"hash":"b5ef9f39e5706051fb3d4a78125273e5f18471c4","isMergeCommit":true,"messageTitle":"Merge pull request #214 from WeiHungLoh/fix-find","messageBody":"Change the way student is accessed in find command","fileTypesAndContributionMap":{}},{"hash":"914cd69f25389c0fd07947a28d2ffd053e051404","isMergeCommit":false,"messageTitle":"Increase size of result display","messageBody":"","fileTypesAndContributionMap":{"functional-code":{"insertions":1,"deletions":1}}},{"hash":"ff5f6ff5979f80dbd7a3fc70d4b05f982272a87b","isMergeCommit":true,"messageTitle":"Merge pull request #223 from SahanaAvantika/testcases-EditStudentCommand","messageBody":"Testcases edit student command","fileTypesAndContributionMap":{}}]},{"date":"2025-04-05T00:00:00","commitResults":[{"hash":"46d520e071458d7c270c08e3c392b54bc3b681bb","isMergeCommit":true,"messageTitle":"Merge pull request #296 from WeiHungLoh/disable-resize","messageBody":"Fix bugs in find window","fileTypesAndContributionMap":{}},{"hash":"818e24d32dec9b4777fe720f353aa822d6534fe9","isMergeCommit":false,"messageTitle":"Fix bug with use case","messageBody":"","fileTypesAndContributionMap":{"docs":{"insertions":8,"deletions":0}}},{"hash":"1aca9c1a3dcaa8e07660da61e52c402b35b9ae76","isMergeCommit":false,"messageTitle":"Fix use case bug","messageBody":"","fileTypesAndContributionMap":{"docs":{"insertions":1,"deletions":1}}},{"hash":"180b83157c1ebfa3ca3177f2f9c2752b4082d9f7","isMergeCommit":false,"messageTitle":"Fix dg bug","messageBody":"","fileTypesAndContributionMap":{"docs":{"insertions":1,"deletions":1}}},{"hash":"047fe9df2c38201f71ad630d1c45ffcc336b8a71","isMergeCommit":false,"messageTitle":"Fix dg bug","messageBody":"","fileTypesAndContributionMap":{"docs":{"insertions":1,"deletions":1}}},{"hash":"2a7fc55566d20b05dc8874a4ef1a55c9e3204bb5","isMergeCommit":false,"messageTitle":"Fix dg bug","messageBody":"","fileTypesAndContributionMap":{"docs":{"insertions":1,"deletions":1}}}]},{"date":"2025-04-06T00:00:00","commitResults":[{"hash":"5ff0c1379d002ece9d40a1e6d3e36ee776195cee","isMergeCommit":true,"messageTitle":"Merge pull request #302 from WeiHungLoh/fix-ug-dg","messageBody":"Update DG and UG to match changes after bug fixes","fileTypesAndContributionMap":{}},{"hash":"81ba7b54ab7665696ca0ba252e5d56994ca48198","isMergeCommit":true,"messageTitle":"Merge pull request #299 from WeiHungLoh/export-fix","messageBody":"FIx bugs in export command","fileTypesAndContributionMap":{}},{"hash":"9255b015cd6cb194b7b22841cb19e3adf155d71e","isMergeCommit":true,"messageTitle":"Merge pull request #300 from varuuuun/branch-fix-new-date-attendance","messageBody":"Fix bug in attendance","fileTypesAndContributionMap":{}},{"hash":"a37e23771eabc596fc6304e5aaa2f8140cc8604e","isMergeCommit":true,"messageTitle":"Merge pull request #301 from varuuuun/branch-fix-mark-no-change-message-bug","messageBody":"Fix bug in mark and unmark command","fileTypesAndContributionMap":{}},{"hash":"e65b3818a93e9172867dfd0310b4c4d322b93295","isMergeCommit":false,"messageTitle":"Fix DG bugs","messageBody":"","fileTypesAndContributionMap":{"docs":{"insertions":4,"deletions":4}}}]},{"date":"2025-04-07T00:00:00","commitResults":[{"hash":"249277af0c9481c68174c50bb7d4b07c60f77b4b","isMergeCommit":false,"messageTitle":"Fix link in UG","messageBody":"","fileTypesAndContributionMap":{"docs":{"insertions":2,"deletions":1}}},{"hash":"c882240b618ad32991db307f6ee246f8e29d3047","isMergeCommit":false,"messageTitle":"Revert previous change","messageBody":"","fileTypesAndContributionMap":{"docs":{"insertions":1,"deletions":2}}}]}]},"authorFileTypeContributionMap":{"varuuuun":{"docs":54,"functional-code":434,"test-code":1161},"SahanaAvantika":{"docs":29,"functional-code":796,"test-code":311},"WeiHungLoh":{"docs":401,"functional-code":729,"test-code":363,"other":5},"K1mcheee":{"docs":125,"functional-code":184,"test-code":278},"shuang26":{"docs":406,"functional-code":234,"test-code":69}},"authorContributionVariance":{"varuuuun":289868.06,"SahanaAvantika":21283.283,"WeiHungLoh":34205.395,"K1mcheee":12476.739,"shuang26":10372.257},"authorDisplayNameMap":{"varuuuun":"CS2103T-T11-2 SIVA..ARUN","SahanaAvantika":"CS2103T-T11-2 RAME..TIKA","WeiHungLoh":"CS2103T-T11-2 LOH ..HUNG","K1mcheee":"CS2103T-T11-2 KIMB.. JIA","shuang26":"CS2103T-T11-2 LIEW..YUAN"}}
