{"authorDailyContributionsMap":{"Zerolegacy":[{"date":"2025-03-03T00:00:00","commitResults":[{"hash":"e94157bc0210a438f5d1ec0114ee0d991a501920","isMergeCommit":false,"messageTitle":"Edit AboutUs.md and zerolegacy.md","messageBody":"","fileTypesAndContributionMap":{"docs":{"insertions":49,"deletions":3}}}]},{"date":"2025-03-07T00:00:00","commitResults":[{"hash":"b312cf48cc7c078be46f02588a37932d1c7f39b2","isMergeCommit":false,"messageTitle":"Fix typo in AboutUs.md","messageBody":"","fileTypesAndContributionMap":{"docs":{"insertions":1,"deletions":1}}},{"hash":"1ec0c05afc2bbcb2ed00848875b213d80cb6262f","isMergeCommit":true,"messageTitle":"Merge pull request #20 from Zerolegacy/branch-fix-typo","messageBody":"Fix typo in Dextor\u0027s aboutus.md","fileTypesAndContributionMap":{}}]},{"date":"2025-03-13T00:00:00","commitResults":[{"hash":"264e728f9d82daeeeb3ddb064fb4cfae56121a52","isMergeCommit":true,"messageTitle":"Merge pull request #24 from bryonk/branch-add-command","messageBody":"Update Add command to handle Lessons","fileTypesAndContributionMap":{}},{"hash":"95ff65e116a05cd986b95d8285738348c9040a52","isMergeCommit":true,"messageTitle":"Merge branch \u0027master\u0027 of https://github.com/Zerolegacy/tp","messageBody":"* \u0027master\u0027 of https://github.com/Zerolegacy/tp:\n  Update tests for Lesson\n  Update Add command to support Lessons\n  Remove unused imports\n  Remove argument check from Lesson\n  Update tests for Lesson\n  Update Lesson with validity checks\n  Create tests for Lesson class\n  Update tests to test JsonAdaptedLesson\n  Update SampleDataUtil\n  Temporarily ignore codecov for SampleDataUtil\n  Fix PersonBuilder default lesson values\n  Create Json version of lesson to facilitate saving\n  Update Person and tests to include Lesson\n  Update Edit and Add commands to include Lessons\n  Update Lesson with functionalities\n  Create Lesson class\n  Fix typo in AboutUs.md\n","fileTypesAndContributionMap":{}},{"hash":"8333488bd2e836fea63d5957e6706ffc8155c91c","isMergeCommit":false,"messageTitle":"Update ui to display lesson information","messageBody":"","fileTypesAndContributionMap":{"functional-code":{"insertions":26,"deletions":1}}},{"hash":"cc10a8f76fe692f66356998cf43f0502aec2ad24","isMergeCommit":false,"messageTitle":"Update test cases","messageBody":"","fileTypesAndContributionMap":{"functional-code":{"insertions":6,"deletions":5},"test-code":{"insertions":37,"deletions":7}}},{"hash":"b3a55c0e19a0b368d9d3130a2b258268b0237236","isMergeCommit":false,"messageTitle":"Update SampleDataUtil and add more Lesson test","messageBody":"","fileTypesAndContributionMap":{"functional-code":{"insertions":6,"deletions":6},"test-code":{"insertions":11,"deletions":0}}},{"hash":"16b910d955f1cdbc63fcf02b8df22d0044b853ee","isMergeCommit":false,"messageTitle":"Update LessonTest.java","messageBody":"","fileTypesAndContributionMap":{"test-code":{"insertions":2,"deletions":3}}}]},{"date":"2025-03-20T00:00:00","commitResults":[{"hash":"faac3dfed25a7d1bd3a7f3f7068217b8ce95c49f","isMergeCommit":true,"messageTitle":"Merge pull request #33 from bryonk/branch-update-dg","messageBody":"Update DG","fileTypesAndContributionMap":{}},{"hash":"915bf4eecbb6c976c3112e24fce6a12b2ef7f34c","isMergeCommit":true,"messageTitle":"Merge branch \u0027master\u0027 of https://github.com/Zerolegacy/tp","messageBody":"* \u0027master\u0027 of https://github.com/Zerolegacy/tp:\n  Update use cases in developer guide\n  Update developer guide\n  Update gradle shadowjar configuration to create tuitionbook\n  Update javafx files to use package tuitionbook\n  Update documentation to use package tuitionbook\n  Update source files to use package tuitionbook\n  Update LessonTest.java\n  Update SampleDataUtil and add more Lesson test\n  Update test cases\n  Update ui to display lesson information\n","fileTypesAndContributionMap":{}},{"hash":"74223f48be062aba9efcc9bc4f15871d8e371203","isMergeCommit":false,"messageTitle":"Edit help window and minor typo in add command","messageBody":"","fileTypesAndContributionMap":{"functional-code":{"insertions":20,"deletions":6}}},{"hash":"cd988443aab7481d411b0a7263d6db5205739b72","isMergeCommit":false,"messageTitle":"Remove trailing whitespace","messageBody":"","fileTypesAndContributionMap":{"functional-code":{"insertions":1,"deletions":1}}},{"hash":"3f0687d4d3736a765598d7a1f4367988a4f6ef3f","isMergeCommit":false,"messageTitle":"Add userguide to help","messageBody":"","fileTypesAndContributionMap":{"functional-code":{"insertions":1,"deletions":1}}},{"hash":"2ffc9ad7c270a571101c484135d1d79aa7cd51a6","isMergeCommit":false,"messageTitle":"FIx bug in PersonCard","messageBody":"","fileTypesAndContributionMap":{"functional-code":{"insertions":6,"deletions":0},"test-code":{"insertions":3,"deletions":6}}},{"hash":"b6b800a7ffc0508d7cf6cb2fcaacbf7b87536dd3","isMergeCommit":false,"messageTitle":"Fix checkstyle","messageBody":"","fileTypesAndContributionMap":{"functional-code":{"insertions":2,"deletions":2}}},{"hash":"b5137cee0c1dc4a1cdb72b5b3c8f49303d218983","isMergeCommit":false,"messageTitle":"Fix checkstyle","messageBody":"","fileTypesAndContributionMap":{"test-code":{"insertions":1,"deletions":1}}},{"hash":"8825d717102f518a7a3d35e0ece1dd284ff3d97a","isMergeCommit":true,"messageTitle":"Merge branch \u0027master\u0027 of https://github.com/Zerolegacy/tp","messageBody":"* \u0027master\u0027 of https://github.com/Zerolegacy/tp:\n  Fix checkstyle\n  Fix checkstyle\n  FIx bug in PersonCard\n  Update format to print lesson details\n  Update user guide to fix add command mistake\n  Add userguide to help\n  Remove trailing whitespace\n  Edit help window and minor typo in add command\n  Update user guide images\n  Update user guide to reflect new features added\n  Update docs to reference tuitionbook package\n  Fix bolding of text\n","fileTypesAndContributionMap":{}},{"hash":"b04d1043d9daa98f4dfd189a0bafd5a73319d91a","isMergeCommit":true,"messageTitle":"Merge pull request #43 from RT0118/branch-fix-ug","messageBody":"Add note in User Guide to inform user of list command scenarios","tags":["v1.3"],"fileTypesAndContributionMap":{}}]},{"date":"2025-03-26T00:00:00","commitResults":[{"hash":"ae75d5f9220d3a97702e6fa544acab01488d66d4","isMergeCommit":true,"messageTitle":"Merge branch \u0027master\u0027 of https://github.com/Zerolegacy/tp","messageBody":"* \u0027master\u0027 of https://github.com/Zerolegacy/tp:\n  Add note in User Guide to inform user of list command scenarios\n","fileTypesAndContributionMap":{}}]},{"date":"2025-03-27T00:00:00","commitResults":[{"hash":"8f4773d98886e16b850acaa20462aaa4dfebd88f","isMergeCommit":false,"messageTitle":"Add lesson-add feature and Junit tests","messageBody":"","fileTypesAndContributionMap":{"functional-code":{"insertions":169,"deletions":0},"test-code":{"insertions":165,"deletions":0}}},{"hash":"335735a0437c775563bf82b35ec2c7660db6dd85","isMergeCommit":false,"messageTitle":"Update help page","messageBody":"","fileTypesAndContributionMap":{"functional-code":{"insertions":2,"deletions":0}}},{"hash":"e5fd564365dd30489bfc0ccdab91b4eaae57caba","isMergeCommit":false,"messageTitle":"Update check for duplicate lesson timeslots and add junit tests","messageBody":"","fileTypesAndContributionMap":{"functional-code":{"insertions":57,"deletions":1},"test-code":{"insertions":91,"deletions":6}}},{"hash":"156ebbde04dbb04ba8c744cea8c7de667ffc080f","isMergeCommit":false,"messageTitle":"Add asserts","messageBody":"","fileTypesAndContributionMap":{"functional-code":{"insertions":2,"deletions":0}}},{"hash":"c9d8ef35263f52f2bd8ae3e677d4c4bf258a5a07","isMergeCommit":false,"messageTitle":"Update asserts","messageBody":"","fileTypesAndContributionMap":{"functional-code":{"insertions":0,"deletions":1},"test-code":{"insertions":1,"deletions":2}}},{"hash":"147c3b92d44aee14cfdc6745e614c9e9f4c2459d","isMergeCommit":false,"messageTitle":"Add comment","messageBody":"","fileTypesAndContributionMap":{"functional-code":{"insertions":1,"deletions":1}}},{"hash":"227970b211ecd40410be18703973b08843bb6778","isMergeCommit":true,"messageTitle":"Update checkstyle","messageBody":"","fileTypesAndContributionMap":{}},{"hash":"da5499795fdfeca029f043a075d00ddae3f408e9","isMergeCommit":false,"messageTitle":"Update checkstyle","messageBody":"","fileTypesAndContributionMap":{"functional-code":{"insertions":2,"deletions":2},"test-code":{"insertions":3,"deletions":2}}},{"hash":"920e4b1e57098fc256f71a34a58e6bd061cd715e","isMergeCommit":false,"messageTitle":"Update checkstyle","messageBody":"","fileTypesAndContributionMap":{"test-code":{"insertions":1,"deletions":0}}}]},{"date":"2025-03-28T00:00:00","commitResults":[{"hash":"81d2cbd4d337be59f803c3bd6baf7d7122ba7874","isMergeCommit":false,"messageTitle":"Update DG and add LessonAddSequence uml diagram","messageBody":"","fileTypesAndContributionMap":{"docs":{"insertions":79,"deletions":2}}},{"hash":"4e0577e3639ef5b3b00e40842ef8083433a66d76","isMergeCommit":true,"messageTitle":"Merge pull request #67 from bryonk/branch-update-uml","messageBody":"Update uml files in DG","fileTypesAndContributionMap":{}}]},{"date":"2025-04-03T00:00:00","commitResults":[{"hash":"b0a307ba9cf2c59ad03d22b5251d7928c3844657","isMergeCommit":false,"messageTitle":"Update sample data to remove duplicate timings","messageBody":"","fileTypesAndContributionMap":{"functional-code":{"insertions":18,"deletions":10}}},{"hash":"c304929e9bdfa50f4ec181608c3665708d9c328a","isMergeCommit":true,"messageTitle":"Merge pull request #81 from bryonk/branch-update-lesson-list","messageBody":"Update Lesson window and lesson-list command","fileTypesAndContributionMap":{}},{"hash":"e6a61af6c5ba76efce1b21a15f8dcbcae23096cf","isMergeCommit":true,"messageTitle":"Merge pull request #95 from RT0118/branch-update-UG-lesson-delete","messageBody":"Update User Guide to include lesson delete command details","fileTypesAndContributionMap":{}},{"hash":"aa3c616aefa2df17aa835c7566acd71d870183a2","isMergeCommit":true,"messageTitle":"Merge pull request #99 from bryonk/branch-update-duplicate","messageBody":"Update parser to handle additional spacing when checking for duplicates and UG","fileTypesAndContributionMap":{}},{"hash":"05371e4502a19833355f09abae6f03af84a91d75","isMergeCommit":false,"messageTitle":"Update lesson-add success output","messageBody":"","fileTypesAndContributionMap":{"functional-code":{"insertions":6,"deletions":3},"test-code":{"insertions":5,"deletions":2}}},{"hash":"42ab519b2ebcdc71092192965b3feb0dd9baadf3","isMergeCommit":false,"messageTitle":"Update checkstyle","messageBody":"","fileTypesAndContributionMap":{"functional-code":{"insertions":1,"deletions":1}}},{"hash":"c96c617cfd1d17e1fa38b60357a2d711ba31964a","isMergeCommit":false,"messageTitle":"Update user guide help","messageBody":"","fileTypesAndContributionMap":{"functional-code":{"insertions":2,"deletions":2}}},{"hash":"c2438e9aef04e5f849ac68a912a7c93088b6ae5b","isMergeCommit":false,"messageTitle":"Update user guide with lesson-add","messageBody":"","fileTypesAndContributionMap":{"docs":{"insertions":16,"deletions":0}}},{"hash":"9a6456d99195adfc061d0ebbea1eeeeb066be233","isMergeCommit":false,"messageTitle":"Update lesson-add ug","messageBody":"","fileTypesAndContributionMap":{"docs":{"insertions":3,"deletions":2}}},{"hash":"a98c8cb0275da2d4b95061adb73d02a4064217f5","isMergeCommit":false,"messageTitle":"Update developer guide","messageBody":"","fileTypesAndContributionMap":{"docs":{"insertions":22,"deletions":2}}},{"hash":"61ba9dfd2e540588f1ba4e772aad22163e829836","isMergeCommit":true,"messageTitle":"Merge pull request #109 from bryonk/branch-fix-summary","messageBody":"Update user guide command summary","tags":["v1.5"],"fileTypesAndContributionMap":{}}]},{"date":"2025-04-07T00:00:00","commitResults":[{"hash":"cd3b125304141aa3a9bfd952c5cdef26bca88f19","isMergeCommit":false,"messageTitle":"Update ug and dg","messageBody":"","fileTypesAndContributionMap":{"docs":{"insertions":37,"deletions":33}}},{"hash":"8f575ba6f946885dadaecceb98aa746ef3c9833d","isMergeCommit":false,"messageTitle":"Update ug and dg","messageBody":"","fileTypesAndContributionMap":{"docs":{"insertions":36,"deletions":36}}},{"hash":"6424c8fee25e80ccea5ee4b9d923207a0a5678be","isMergeCommit":true,"messageTitle":"Merge pull request #190 from RT0118/branch-fix-155-179","messageBody":"Fix duplicate lessons and better messages in lesson-delete command","fileTypesAndContributionMap":{}},{"hash":"176fdde770af7ce2b7365e9b7f21a6f2ad40842b","isMergeCommit":true,"messageTitle":"Merge pull request #191 from bryonk/branch-update-documentation3","messageBody":"Fix links in DG and documentation bugs in UG","fileTypesAndContributionMap":{}}]}],"bryonk":[{"date":"2025-03-03T00:00:00","commitResults":[{"hash":"d69d7791af92de2a8d17d03d01258d3e056915db","isMergeCommit":false,"messageTitle":"Update AboutUs page","messageBody":"","fileTypesAndContributionMap":{"docs":{"insertions":52,"deletions":26}}},{"hash":"8f8e9ea085e1f97d832560a5db8c572d3b4b0b75","isMergeCommit":true,"messageTitle":"Merge pull request #13 from RT0118/branch-update-teams-page","messageBody":"Update teams page to add RT0118\u0027s information","fileTypesAndContributionMap":{}},{"hash":"b842283504d74da9e30667331755b712ba7149a4","isMergeCommit":true,"messageTitle":"Merge pull request #15 from Zerolegacy/branch-update-teams","messageBody":"Update teams page with Dextor\u0027s info","fileTypesAndContributionMap":{}},{"hash":"6f2ce35641383650eb2e39c64db7df626ee67a0a","isMergeCommit":true,"messageTitle":"Merge branch \u0027AY2425S2-CS2103-F10-3:master\u0027 into master","messageBody":"","fileTypesAndContributionMap":{}}]},{"date":"2025-03-04T00:00:00","commitResults":[{"hash":"2f60c7510e3204f1e4514e1e12fcd22bdce454dd","isMergeCommit":true,"messageTitle":"Merge branch \u0027master\u0027 of github.com:bryonk/tp","messageBody":"","fileTypesAndContributionMap":{}}]},{"date":"2025-03-05T00:00:00","commitResults":[{"hash":"3117ebec64d73b201807d5e77a0970225be3941f","isMergeCommit":true,"messageTitle":"Merge pull request #17 from RT0118/branch-project-docs","messageBody":"Update README, jekyll config and DG","fileTypesAndContributionMap":{}}]},{"date":"2025-03-12T00:00:00","commitResults":[{"hash":"d72f3ec796d6861ba008ad679d5e6c0a132165d7","isMergeCommit":true,"messageTitle":"Merge branch \u0027AY2425S2-CS2103-F10-3:master\u0027 into master","messageBody":"","fileTypesAndContributionMap":{}},{"hash":"9128894f3459910590f13265093011f1cd852857","isMergeCommit":true,"messageTitle":"Merge branch \u0027master\u0027 of github.com:bryonk/tp","messageBody":"","fileTypesAndContributionMap":{}},{"hash":"5a835f564ec4fdd477df7b4f6e7f837c02144f36","isMergeCommit":true,"messageTitle":"Merge pull request #22 from RT0118/branch-create-lesson","messageBody":"Add Lesson class to TuitionBook","fileTypesAndContributionMap":{}},{"hash":"1552325b4d1b4e910c1878e66c1f2c869bad63ad","isMergeCommit":true,"messageTitle":"Merge branch \u0027AY2425S2-CS2103-F10-3:master\u0027 into master","messageBody":"","fileTypesAndContributionMap":{}},{"hash":"4b2f70f6ca6e09c265aa89f485fdd176c370037b","isMergeCommit":true,"messageTitle":"Merge branch \u0027master\u0027 of github.com:bryonk/tp","messageBody":"","fileTypesAndContributionMap":{}},{"hash":"ffdc7f595186c4db7b6bd9b1bf9ea91e51711b26","isMergeCommit":false,"messageTitle":"Update Add command to support Lessons","messageBody":"","fileTypesAndContributionMap":{"functional-code":{"insertions":64,"deletions":5},"test-code":{"insertions":61,"deletions":0}}},{"hash":"ae5b68d7abec259f85561ea0ee8d4a1fe7fe642b","isMergeCommit":false,"messageTitle":"Update tests for Lesson","messageBody":"","fileTypesAndContributionMap":{"test-code":{"insertions":23,"deletions":0}}}]},{"date":"2025-03-19T00:00:00","commitResults":[{"hash":"c51cad7ed980463f809dadc62d2a4a01788ab0ed","isMergeCommit":true,"messageTitle":"Merge branch \u0027master\u0027 of github.com:bryonk/tp","messageBody":"","fileTypesAndContributionMap":{}},{"hash":"7a5c5e5c732c27eedada00f0ca0ce0f702a8923a","isMergeCommit":false,"messageTitle":"Update developer guide","messageBody":"","fileTypesAndContributionMap":{"docs":{"insertions":47,"deletions":7}}},{"hash":"f9b37ee078a3c85523f5644c007fe59b157da221","isMergeCommit":true,"messageTitle":"Merge pull request #31 from RT0118/branch-rename-packages","messageBody":"Branch rename packages to seedu.tuitionbook","fileTypesAndContributionMap":{}},{"hash":"4cb39b1433efb59ff3711f0a0219665efe941d8e","isMergeCommit":true,"messageTitle":"Merge branch \u0027AY2425S2-CS2103-F10-3:master\u0027 into master","messageBody":"","fileTypesAndContributionMap":{}},{"hash":"2cd833c97eac25d3a68f9d64cb23e8ad0994b4c3","isMergeCommit":false,"messageTitle":"Update use cases in developer guide","messageBody":"","fileTypesAndContributionMap":{"docs":{"insertions":6,"deletions":0}}}]},{"date":"2025-03-20T00:00:00","commitResults":[{"hash":"c802e27639fda735b1e07055071e2a0f9af91266","isMergeCommit":true,"messageTitle":"Merge pull request #34 from RT0118/branch-update-user-guide","messageBody":"Branch to update user guide","fileTypesAndContributionMap":{}},{"hash":"03a6d4049b18ce32ab0d2457cd8d85c965a7819a","isMergeCommit":true,"messageTitle":"Merge branch \u0027AY2425S2-CS2103-F10-3:master\u0027 into master","messageBody":"","fileTypesAndContributionMap":{}},{"hash":"b695e897a72c354beae7bddf2c09d65c9eb74af4","isMergeCommit":true,"messageTitle":"Merge branch \u0027AY2425S2-CS2103-F10-3:master\u0027 into master","messageBody":"","fileTypesAndContributionMap":{}},{"hash":"f4edfea8a04595e904347cc6716f0f62b7ca26c2","isMergeCommit":false,"messageTitle":"Update format to print lesson details","messageBody":"","fileTypesAndContributionMap":{"functional-code":{"insertions":6,"deletions":3}}},{"hash":"70ac6e7b825f26c1aef8ab8b70ba8d6f4776089b","isMergeCommit":true,"messageTitle":"Merge pull request #37 from RT0118/branch-update-ug","messageBody":"Update user guide to fix add command mistake","fileTypesAndContributionMap":{}},{"hash":"d0adb663ed339ab6c4ce5cac0b50572feccf337b","isMergeCommit":true,"messageTitle":"Merge pull request #41 from Zerolegacy/branch-fix-list-bug","messageBody":"Fix bug in PersonCard","fileTypesAndContributionMap":{}}]},{"date":"2025-03-26T00:00:00","commitResults":[{"hash":"916c382ed7e5bfccc507f0eaa7a8a62e29f472c1","isMergeCommit":false,"messageTitle":"Add list lessons command","messageBody":"","fileTypesAndContributionMap":{"functional-code":{"insertions":69,"deletions":0}}},{"hash":"36ce02f9ed4c3a994ff0d04efdf43bc76189aacd","isMergeCommit":false,"messageTitle":"Update lesson-list command to support UI","messageBody":"","fileTypesAndContributionMap":{"functional-code":{"insertions":208,"deletions":7}}},{"hash":"22a33f08561d72f716c7624545e068b46d1168bd","isMergeCommit":false,"messageTitle":"Add test cases for lesson-list command","messageBody":"","fileTypesAndContributionMap":{"functional-code":{"insertions":26,"deletions":1},"test-code":{"insertions":145,"deletions":1}}},{"hash":"aa1b23f7f3486fce41468fd4372ff465f49877a9","isMergeCommit":false,"messageTitle":"Update test cases for lesson list command","messageBody":"","fileTypesAndContributionMap":{"test-code":{"insertions":3,"deletions":2}}},{"hash":"dcf7b045f3386410f1db15daf124190cfe2e17b9","isMergeCommit":false,"messageTitle":"Fix checkstyle for non main and test files","messageBody":"","fileTypesAndContributionMap":{"functional-code":{"insertions":1,"deletions":1},"docs":{"insertions":6,"deletions":6}}},{"hash":"1d86e55cde30fa0baecaab0b855ccf0e195c9353","isMergeCommit":false,"messageTitle":"Fix application title","messageBody":"","fileTypesAndContributionMap":{"functional-code":{"insertions":1,"deletions":1}}},{"hash":"08801cfec9e072d0df554331adce2d8ffd9d1548","isMergeCommit":false,"messageTitle":"Fix naming issue in help command","messageBody":"","fileTypesAndContributionMap":{"functional-code":{"insertions":1,"deletions":1}}},{"hash":"c838d15753aae05c134f6b4fa284f544481d1f3a","isMergeCommit":false,"messageTitle":"Update javadoc comments for lesson list command methods","messageBody":"","fileTypesAndContributionMap":{"functional-code":{"insertions":2,"deletions":2}}}]},{"date":"2025-03-27T00:00:00","commitResults":[{"hash":"dadf3c34b5d772696fe217b434e05cd6572d0564","isMergeCommit":false,"messageTitle":"Replace all instances of help","messageBody":"","fileTypesAndContributionMap":{"functional-code":{"insertions":8,"deletions":8}}},{"hash":"64485cc3665ced78cd7adab69c36b34275dd8855","isMergeCommit":true,"messageTitle":"Merge pull request #55 from RT0118/branch-enable-assertions","messageBody":"Update build.gradle to enable assertions","fileTypesAndContributionMap":{}},{"hash":"d568b0eb743fb042a471557fbb7a1e5b58c510de","isMergeCommit":true,"messageTitle":"Merge pull request #58 from Zerolegacy/branch-update-helppage-2","messageBody":"Update help page to include new lesson features","fileTypesAndContributionMap":{}},{"hash":"8d13f5eac36e4c2d5bb2f7fbe5c39fecea164a3c","isMergeCommit":true,"messageTitle":"Merge pull request #54 from RT0118/branch-lesson-delete-command","messageBody":"Branch lesson delete command","fileTypesAndContributionMap":{}},{"hash":"2f4c2a0b01ffbe73228f283e265f359987010508","isMergeCommit":true,"messageTitle":"Merge branch \u0027master\u0027 into branch-list-lessons","messageBody":"","fileTypesAndContributionMap":{}},{"hash":"0cb5437b34ad76ed2ae2c988f774548443f1c368","isMergeCommit":true,"messageTitle":"Merge branch \u0027master\u0027 into branch-add-lessonadd-feature","messageBody":"","fileTypesAndContributionMap":{}},{"hash":"58e1f182f7175d03df37bb0936b88a80bc1d8e94","isMergeCommit":true,"messageTitle":"Merge pull request #56 from Zerolegacy/branch-add-lessonadd-feature","messageBody":"Branch add lessonadd feature","fileTypesAndContributionMap":{}},{"hash":"0011fe9f2088103cf8bd584868d35863a8df6528","isMergeCommit":true,"messageTitle":"Merge pull request #59 from Zerolegacy/branch-fix-duplicte-lesson","messageBody":"Branch fix duplicte lesson timeslot","fileTypesAndContributionMap":{}},{"hash":"92632aa4f8cecd78d1920763a1cc9bedd273ed34","isMergeCommit":false,"messageTitle":"Update help message to include lesson-list command","messageBody":"","fileTypesAndContributionMap":{"functional-code":{"insertions":1,"deletions":0}}},{"hash":"8cb2a51ac03c8805f0cfa6e636fbdedff4845495","isMergeCommit":true,"messageTitle":"Merge pull request #64 from RT0118/branch-fix-issue-62","messageBody":"Fix lesson delete command","tags":["v1.4"],"fileTypesAndContributionMap":{}}]},{"date":"2025-03-28T00:00:00","commitResults":[{"hash":"796b72cb104d73d76a54fbd0de79f47406bc982a","isMergeCommit":false,"messageTitle":"Update uml files in DG","messageBody":"","fileTypesAndContributionMap":{"docs":{"insertions":5,"deletions":1}}},{"hash":"50712029a2d769e3a3b4189524091a1157a588b7","isMergeCommit":true,"messageTitle":"Merge pull request #68 from Zerolegacy/branch-update-puml","messageBody":"Update DG and add LessonAddSequence uml diagram","fileTypesAndContributionMap":{}},{"hash":"bf70f384f4fca4c959af8a25c8ec0df93fdbb6fb","isMergeCommit":true,"messageTitle":"Merge pull request #70 from RT0118/branch-update-dg-lesson-delete","messageBody":"Branch update dg lesson delete","fileTypesAndContributionMap":{}}]},{"date":"2025-04-02T00:00:00","commitResults":[{"hash":"8b4326a28a89dfc80424733c5987e9446d88019d","isMergeCommit":true,"messageTitle":"Merge branch \u0027master\u0027 of github.com:bryonk/tp","messageBody":"","fileTypesAndContributionMap":{}},{"hash":"7b63ea5dd33f42be382a73b9a4088456078d24db","isMergeCommit":false,"messageTitle":"Update lesson window icon and lesson-list command","messageBody":"","fileTypesAndContributionMap":{"functional-code":{"insertions":9,"deletions":5}}},{"hash":"33f6a97cb27793054cac80ebcbf5c4fddd68eef2","isMergeCommit":false,"messageTitle":"Update ordering of imports for LessonWindow","messageBody":"","fileTypesAndContributionMap":{"functional-code":{"insertions":1,"deletions":1}}},{"hash":"342c779b6dbe9af6e45abadd015cb723ab134a9b","isMergeCommit":false,"messageTitle":"Update test cases to match new LessonList return","messageBody":"","fileTypesAndContributionMap":{"test-code":{"insertions":1,"deletions":1}}}]},{"date":"2025-04-03T00:00:00","commitResults":[{"hash":"c49164516d66b541674098e21e5ac82c8329357f","isMergeCommit":false,"messageTitle":"Update duplicate check in parser and UG","messageBody":"","fileTypesAndContributionMap":{"functional-code":{"insertions":1,"deletions":1},"docs":{"insertions":10,"deletions":0},"test-code":{"insertions":12,"deletions":5}}},{"hash":"9c6bbbd9e478aeb5f3c94e77745dba8c7f89d704","isMergeCommit":false,"messageTitle":"Update UG and DG for lesson-list command","messageBody":"","fileTypesAndContributionMap":{"docs":{"insertions":38,"deletions":2}}},{"hash":"430b18cc0caa50b943851560fea9849274ad0552","isMergeCommit":true,"messageTitle":"Merge pull request #82 from RT0118/branch-update-lesson-delete","messageBody":"Update lesson-delete command with better output and errors","fileTypesAndContributionMap":{}},{"hash":"57fef33ef1d8b657214192bf2e84b0965c1381db","isMergeCommit":true,"messageTitle":"Merge pull request #96 from RT0118/branch-update-DG-lesson-delete","messageBody":"Update DG to include lesson delete use case","fileTypesAndContributionMap":{}},{"hash":"e7b515d3fe528af6e03c40af494ca497c7017bac","isMergeCommit":true,"messageTitle":"Merge branch \u0027master\u0027 into branch-update-dg-ug","messageBody":"","fileTypesAndContributionMap":{}},{"hash":"9a5c419ec75259154ec9589f922b1705b927d88e","isMergeCommit":false,"messageTitle":"Update notes about the add command in UG","messageBody":"","fileTypesAndContributionMap":{"docs":{"insertions":4,"deletions":4}}},{"hash":"53cf640626ea63efebcd45cf68ab55992150f3ef","isMergeCommit":true,"messageTitle":"Merge pull request #103 from Zerolegacy/branch-lesson-add-output","messageBody":"Update lesson-add success output","fileTypesAndContributionMap":{}},{"hash":"2ecb276e31f373d81a80bce2e30f551f44457349","isMergeCommit":true,"messageTitle":"Merge pull request #104 from Zerolegacy/branch-update-ug","messageBody":"Branch update ug","fileTypesAndContributionMap":{}},{"hash":"d803f30ff939ff8af0b00f32c3aacbdbedf75c24","isMergeCommit":true,"messageTitle":"Merge pull request #105 from Zerolegacy/branch-update-dg","messageBody":"Update developer guide","fileTypesAndContributionMap":{}},{"hash":"a85a3ae6e8e2d8c877a49fc7e2497af5105ca535","isMergeCommit":false,"messageTitle":"Update UG summary and page title","messageBody":"","fileTypesAndContributionMap":{"docs":{"insertions":1,"deletions":0}}},{"hash":"8c7dbd194f7c2a7283ff28c0045aff617f0e65b7","isMergeCommit":true,"messageTitle":"Merge pull request #107 from bryonk/branch-update-site","messageBody":"Update UG summary and page title","fileTypesAndContributionMap":{}},{"hash":"cebc3d2f113063db9411885fa770f716a2f9f973","isMergeCommit":false,"messageTitle":"Update user guide command summary","messageBody":"","fileTypesAndContributionMap":{"docs":{"insertions":1,"deletions":1}}}]},{"date":"2025-04-06T00:00:00","commitResults":[{"hash":"63aa587ed1beac50d11fd51dfeff5614a2dccc71","isMergeCommit":false,"messageTitle":"Fix documentation bugs","messageBody":"","fileTypesAndContributionMap":{"functional-code":{"insertions":1,"deletions":1},"docs":{"insertions":2,"deletions":1}}},{"hash":"08d8fa61b9a06ff6bd2327537796aa9ea12d71d8","isMergeCommit":true,"messageTitle":"Merge pull request #185 from RT0118/branch-fix-181-182-183","messageBody":"Fix Documentation Issues","fileTypesAndContributionMap":{}},{"hash":"b5a3206f2565c752e49ee37957a205600af2c2a8","isMergeCommit":false,"messageTitle":"Fix UserPref and UG","messageBody":"","fileTypesAndContributionMap":{"functional-code":{"insertions":2,"deletions":2},"docs":{"insertions":5,"deletions":3},"test-code":{"insertions":2,"deletions":2}}},{"hash":"0153676e2b9977a0ac3ccdd64a93ddff12a2500a","isMergeCommit":true,"messageTitle":"Merge pull request #186 from RT0118/branch-fix-180-178-176","messageBody":"Fix documentation issues, and error message in Tag","fileTypesAndContributionMap":{}}]},{"date":"2025-04-07T00:00:00","commitResults":[{"hash":"878fe84eab55a6ce59e0e72dbbcb83a868d1f645","isMergeCommit":false,"messageTitle":"Fix links in DG and documentation bugs in UG","messageBody":"","fileTypesAndContributionMap":{"docs":{"insertions":8,"deletions":8}}},{"hash":"07dd3dd7fe254512e185935a0381c9bd1dce499f","isMergeCommit":true,"messageTitle":"Merge pull request #192 from Zerolegacy/branch-fix-ped-1","messageBody":"Update ug and dg","fileTypesAndContributionMap":{}},{"hash":"29d56d24db044013e332d16725a42fbab38572fa","isMergeCommit":false,"messageTitle":"Update UserGuide.md","messageBody":"","fileTypesAndContributionMap":{"docs":{"insertions":3,"deletions":3}}}]}],"RT0118":[{"date":"2025-02-21T00:00:00","commitResults":[{"hash":"6c6195711b1377b8b117f8adc6fd4741a2d17702","isMergeCommit":false,"messageTitle":"Update README.md to include codecov badge","messageBody":"","fileTypesAndContributionMap":{"docs":{"insertions":2,"deletions":0}}}]},{"date":"2025-03-03T00:00:00","commitResults":[{"hash":"9eda2824b3508eb90bed6c1f459c6112437c77ab","isMergeCommit":false,"messageTitle":"Create rt0118 team md page","messageBody":"","fileTypesAndContributionMap":{"docs":{"insertions":46,"deletions":0}}},{"hash":"855944d107928287f7f1dd437ebc62a94a12d5b7","isMergeCommit":false,"messageTitle":"Update aboutus page to add rt0118 information","messageBody":"","fileTypesAndContributionMap":{"docs":{"insertions":5,"deletions":5}}},{"hash":"e1b237f3f9ef78a8074ccf94d8be553a4b8a9737","isMergeCommit":true,"messageTitle":"Merge pull request #12 from bryonk/branch-update-teams-page","messageBody":"Update teams page to add Bryon\u0027s info","fileTypesAndContributionMap":{}},{"hash":"931a92c0d0acea5aeb0f87a3f3e470ac4fab0afc","isMergeCommit":false,"messageTitle":"Update readme","messageBody":"","fileTypesAndContributionMap":{"docs":{"insertions":30,"deletions":12}}},{"hash":"8d7d3efa69dd5d61067b0fb35869187d7266a095","isMergeCommit":false,"messageTitle":"Update github pages","messageBody":"","fileTypesAndContributionMap":{"docs":{"insertions":11,"deletions":6}}},{"hash":"93defcee79ce8c58e260138e297cbb694423b797","isMergeCommit":false,"messageTitle":"Update DG to change user profile and stories","messageBody":"","fileTypesAndContributionMap":{"docs":{"insertions":44,"deletions":23}}}]},{"date":"2025-03-05T00:00:00","commitResults":[{"hash":"1925ea6edf25339102c5356067a5b56468a1814b","isMergeCommit":false,"messageTitle":"Update jekyll config","messageBody":"","fileTypesAndContributionMap":{"other":{"insertions":2,"deletions":2}}},{"hash":"accbab33d3fa1e82914925a7b30508574396d6be","isMergeCommit":false,"messageTitle":"Fix whitespaces and EOF newline","messageBody":"","fileTypesAndContributionMap":{"docs":{"insertions":31,"deletions":31}}}]},{"date":"2025-03-12T00:00:00","commitResults":[{"hash":"758e59e8f2caf2a1113ce16cca0c269d88d28ccb","isMergeCommit":false,"messageTitle":"Create Lesson class","messageBody":"","fileTypesAndContributionMap":{"functional-code":{"insertions":17,"deletions":0}}},{"hash":"b9e9726b66f18e7abb0974a642c0be1617a11e05","isMergeCommit":false,"messageTitle":"Update Lesson with functionalities","messageBody":"","fileTypesAndContributionMap":{"functional-code":{"insertions":43,"deletions":0}}},{"hash":"cb16e43a07d367dd47c1d4b8452dc4953845cc44","isMergeCommit":false,"messageTitle":"Update Edit and Add commands to include Lessons","messageBody":"","fileTypesAndContributionMap":{"functional-code":{"insertions":8,"deletions":2}}},{"hash":"d5881e8b504ade65c75c7fd610c4b284882462b2","isMergeCommit":false,"messageTitle":"Update Person and tests to include Lesson","messageBody":"","fileTypesAndContributionMap":{"functional-code":{"insertions":52,"deletions":10},"test-code":{"insertions":46,"deletions":11}}},{"hash":"f92eb3d4bbdee506d68b8645fb95e940bbffb586","isMergeCommit":false,"messageTitle":"Create Json version of lesson to facilitate saving","messageBody":"","fileTypesAndContributionMap":{"functional-code":{"insertions":66,"deletions":0}}},{"hash":"e4916b54c8834fc43b430f79d20bbd2a6a96afb8","isMergeCommit":false,"messageTitle":"Fix PersonBuilder default lesson values","messageBody":"","fileTypesAndContributionMap":{"test-code":{"insertions":1,"deletions":1}}},{"hash":"436a5d39acc83b733295ab5759c6265d63f7b6c5","isMergeCommit":false,"messageTitle":"Temporarily ignore codecov for SampleDataUtil","messageBody":"","fileTypesAndContributionMap":{"other":{"insertions":10,"deletions":0}}},{"hash":"79f80442081534521b6d5b4e0c7b86030beb5e11","isMergeCommit":false,"messageTitle":"Update SampleDataUtil","messageBody":"","fileTypesAndContributionMap":{"functional-code":{"insertions":13,"deletions":26}}},{"hash":"618808cecba68cb5326d53b4cac314045a6b4b06","isMergeCommit":false,"messageTitle":"Update tests to test JsonAdaptedLesson","messageBody":"","fileTypesAndContributionMap":{"test-code":{"insertions":13,"deletions":0}}},{"hash":"1e02f63c3b2bdaf452173057d319bafc72538ec8","isMergeCommit":false,"messageTitle":"Create tests for Lesson class","messageBody":"","fileTypesAndContributionMap":{"test-code":{"insertions":54,"deletions":0}}},{"hash":"6cb452395283487cd88e204b62a7cf53f990b517","isMergeCommit":false,"messageTitle":"Update Lesson with validity checks","messageBody":"","fileTypesAndContributionMap":{"functional-code":{"insertions":6,"deletions":0}}},{"hash":"82b9735c6aa272fa043a1161bbf017463f4bf406","isMergeCommit":false,"messageTitle":"Update tests for Lesson","messageBody":"","fileTypesAndContributionMap":{"test-code":{"insertions":1,"deletions":1}}},{"hash":"fd793bb40e78c670225cdbe7c1a15f8bec874c32","isMergeCommit":false,"messageTitle":"Remove argument check from Lesson","messageBody":"","fileTypesAndContributionMap":{"functional-code":{"insertions":0,"deletions":1},"test-code":{"insertions":0,"deletions":7}}},{"hash":"895d25637d4aa6dcf84121fa6c277c5af7e1ae46","isMergeCommit":false,"messageTitle":"Remove unused imports","messageBody":"","fileTypesAndContributionMap":{"functional-code":{"insertions":0,"deletions":1},"test-code":{"insertions":0,"deletions":2}}}]},{"date":"2025-03-13T00:00:00","commitResults":[{"hash":"763acb26a5ed06d9957f61d357e852df0c048a1c","isMergeCommit":true,"messageTitle":"Merge pull request #26 from Zerolegacy/branch-list-lessons","messageBody":"Branch list lessons","fileTypesAndContributionMap":{}}]},{"date":"2025-03-19T00:00:00","commitResults":[{"hash":"7b07a8e60dac22b18e53b9d9d9ca1db5d6e755c0","isMergeCommit":false,"messageTitle":"Update source files to use package tuitionbook","messageBody":"","fileTypesAndContributionMap":{"other":{"insertions":793,"deletions":793}}},{"hash":"700dd3d72991833c438281b28886637b3a0f751b","isMergeCommit":false,"messageTitle":"Update documentation to use package tuitionbook","messageBody":"","fileTypesAndContributionMap":{"docs":{"insertions":5,"deletions":5}}},{"hash":"3a5553576e38dc95fd20ed0b83cec7c4650269ad","isMergeCommit":false,"messageTitle":"Update javafx files to use package tuitionbook","messageBody":"","fileTypesAndContributionMap":{"test-code":{"insertions":3,"deletions":3}}},{"hash":"1e3d32f23e4157f5c0711509053fcc3819ef69d6","isMergeCommit":false,"messageTitle":"Update gradle shadowjar configuration to create tuitionbook","messageBody":"","fileTypesAndContributionMap":{"other":{"insertions":2,"deletions":2}}},{"hash":"e532cdf416f3016dd4c0d2d975ec8ebfa0d73945","isMergeCommit":false,"messageTitle":"Fix bolding of text","messageBody":"","fileTypesAndContributionMap":{"docs":{"insertions":1,"deletions":1}}},{"hash":"5edbaad53fe22f5980b42322608c9ff706dc2c2b","isMergeCommit":false,"messageTitle":"Update docs to reference tuitionbook package","messageBody":"","fileTypesAndContributionMap":{"docs":{"insertions":4,"deletions":4}}},{"hash":"6f25036d25bb732cdbab9b8271fc3ddab200dac6","isMergeCommit":false,"messageTitle":"Update user guide to reflect new features added","messageBody":"","fileTypesAndContributionMap":{"docs":{"insertions":26,"deletions":24}}}]},{"date":"2025-03-20T00:00:00","commitResults":[{"hash":"03b172f4dc99573c5eb93c679bfd7fb22a41af89","isMergeCommit":true,"messageTitle":"Merge pull request #35 from Zerolegacy/branch-update-help-page","messageBody":"Branch update help page","fileTypesAndContributionMap":{}},{"hash":"1204224ee6ee2d619e5942dadee9aecfaa12502f","isMergeCommit":false,"messageTitle":"Update user guide to fix add command mistake","messageBody":"","fileTypesAndContributionMap":{"docs":{"insertions":4,"deletions":4}}},{"hash":"2b3cacd5108739973598703b3720b437cd6b6c80","isMergeCommit":true,"messageTitle":"Merge pull request #39 from bryonk/branch-fix-add","messageBody":"Update message format to include lesson details","fileTypesAndContributionMap":{}},{"hash":"b77f6ba9298dfba6896f835bb920f2055053f6d7","isMergeCommit":false,"messageTitle":"Add note in User Guide to inform user of list command scenarios","messageBody":"","fileTypesAndContributionMap":{"docs":{"insertions":4,"deletions":0}}}]},{"date":"2025-03-26T00:00:00","commitResults":[{"hash":"e9566b511dd58f424a5de1af52280f07c464a1f9","isMergeCommit":false,"messageTitle":"Create delete lesson command class","messageBody":"","fileTypesAndContributionMap":{"functional-code":{"insertions":102,"deletions":0}}},{"hash":"4ebddb9b6abbb2c04a028dfdff1c268b14447e66","isMergeCommit":false,"messageTitle":"Create parser class for delete lesson command","messageBody":"","fileTypesAndContributionMap":{"functional-code":{"insertions":52,"deletions":0}}},{"hash":"b54141baf198ecf228fc002dcf69892b1ec8971f","isMergeCommit":false,"messageTitle":"Hook delete lesson command into application","messageBody":"","fileTypesAndContributionMap":{"functional-code":{"insertions":4,"deletions":0}}},{"hash":"57f525c3a070c0832615d210d7ebd4caa9a42a8c","isMergeCommit":false,"messageTitle":"Fix checkstyle","messageBody":"","fileTypesAndContributionMap":{"functional-code":{"insertions":9,"deletions":3}}},{"hash":"0a88d60cbae38216b9bb72b8b6d9135f13fe0947","isMergeCommit":false,"messageTitle":"Create tests for lesson delete command and parser","messageBody":"","fileTypesAndContributionMap":{"test-code":{"insertions":186,"deletions":0}}},{"hash":"886d7f3d3630dc0fd39f90b8415d50f4ee31dd8d","isMergeCommit":false,"messageTitle":"Update build.gradle to enable assertions","messageBody":"","fileTypesAndContributionMap":{"other":{"insertions":4,"deletions":0}}},{"hash":"e5beb79cca222376d191aec6686594a4a96adabc","isMergeCommit":false,"messageTitle":"Update tests for AddressBookParser","messageBody":"","fileTypesAndContributionMap":{"test-code":{"insertions":9,"deletions":0}}}]},{"date":"2025-03-27T00:00:00","commitResults":[{"hash":"d5695ed887cebf4f2ca73e9e29c0b170e769709e","isMergeCommit":false,"messageTitle":"Add more assertions to make code defensive","messageBody":"","fileTypesAndContributionMap":{"functional-code":{"insertions":1,"deletions":0}}},{"hash":"e476e1fdb3441ed3f91f5503b10958a743922930","isMergeCommit":true,"messageTitle":"Merge pull request #51 from bryonk/branch-fix-title","messageBody":"Fix application title","fileTypesAndContributionMap":{}},{"hash":"2a7d0ae76addfd8b74ed871cc94b0e42e1120e9b","isMergeCommit":true,"messageTitle":"Merge pull request #52 from bryonk/branch-fix-help","messageBody":"Fix naming issue in help command","fileTypesAndContributionMap":{}},{"hash":"099b12b09271a49b6fc333a39ec010da760a45d6","isMergeCommit":true,"messageTitle":"Merge branch \u0027master\u0027 into branch-add-lessonadd-feature","messageBody":"","fileTypesAndContributionMap":{}},{"hash":"f0527a2da7987a61d287b2c6d7fac602216f533d","isMergeCommit":true,"messageTitle":"Merge pull request #48 from bryonk/branch-list-lessons","messageBody":"Branch list lessons","fileTypesAndContributionMap":{}},{"hash":"7e29279ad0a4f7e35ae22bb82c2da0fe72e82d86","isMergeCommit":false,"messageTitle":"Fix lesson delete command","messageBody":"","fileTypesAndContributionMap":{"functional-code":{"insertions":1,"deletions":1}}},{"hash":"5bf19ca55699a8ebb51476fb8b592a72775077fc","isMergeCommit":true,"messageTitle":"Merge pull request #63 from bryonk/branch-update-help","messageBody":"Update help message to include lesson-list command","fileTypesAndContributionMap":{}}]},{"date":"2025-03-28T00:00:00","commitResults":[{"hash":"b50aeb03500ef01f05d23b8ed596a85ff647b6da","isMergeCommit":false,"messageTitle":"Create UML diagram for lesson-delete command","messageBody":"","fileTypesAndContributionMap":{"docs":{"insertions":70,"deletions":0}}},{"hash":"3c9126ae4bea42982d8c8e72ddd0ca5fc8ee37eb","isMergeCommit":false,"messageTitle":"Update DG to include lesson delete diagram","messageBody":"","fileTypesAndContributionMap":{"docs":{"insertions":5,"deletions":0}}},{"hash":"3a133560ec75b615ac48b7e3b5f6ebdd16d16643","isMergeCommit":false,"messageTitle":"Update class diagram to include lessons for person","messageBody":"","fileTypesAndContributionMap":{"docs":{"insertions":1,"deletions":0}}}]},{"date":"2025-04-02T00:00:00","commitResults":[{"hash":"fa5ad785ebd205c0fe8a803fb3e7768e65c06df8","isMergeCommit":false,"messageTitle":"Update command to show error message when given invalid lessons","messageBody":"","fileTypesAndContributionMap":{"functional-code":{"insertions":13,"deletions":2}}},{"hash":"6df278f7a38a0f8e11b11b3d496931262715fcf3","isMergeCommit":false,"messageTitle":"Create tests for newly updated command","messageBody":"","fileTypesAndContributionMap":{"test-code":{"insertions":20,"deletions":0}}},{"hash":"6be6b10bba7182e853b7f4f5ea31f087b4b352af","isMergeCommit":false,"messageTitle":"Update tests to reflect new changes","messageBody":"","fileTypesAndContributionMap":{"test-code":{"insertions":10,"deletions":6}}},{"hash":"c1b72fd5a42a8d5109909805267122f998d0af50","isMergeCommit":false,"messageTitle":"Fix checkstyle","messageBody":"","fileTypesAndContributionMap":{"functional-code":{"insertions":1,"deletions":1}}}]},{"date":"2025-04-03T00:00:00","commitResults":[{"hash":"97aab1bf053c04e13eff909aaafc539a4a01e388","isMergeCommit":false,"messageTitle":"Update User Guide to include lesson delete command details","messageBody":"","fileTypesAndContributionMap":{"docs":{"insertions":24,"deletions":0}}},{"hash":"da9d95d11bc7a67ed1383acc83fa629904b90960","isMergeCommit":false,"messageTitle":"Update DG to include lesson delete use case","messageBody":"","fileTypesAndContributionMap":{"docs":{"insertions":24,"deletions":0}}},{"hash":"c000e252f065c7db4c76aa7eeaaeb0d69da0d150","isMergeCommit":true,"messageTitle":"Merge pull request #97 from Zerolegacy/branch-update-save-file","messageBody":"Update storage file","fileTypesAndContributionMap":{}},{"hash":"b8e14270884da1aa8956940e12bcba9903dc251c","isMergeCommit":true,"messageTitle":"Merge pull request #98 from Zerolegacy/branch-update-sample-data","messageBody":"Update sample data to remove duplicate timings","fileTypesAndContributionMap":{}},{"hash":"654892a82afd95000c91ea6665b449dc45d2e04b","isMergeCommit":true,"messageTitle":"Merge pull request #100 from bryonk/branch-update-dg-ug","messageBody":"Update UG and DG with lesson-list command","fileTypesAndContributionMap":{}},{"hash":"29909633217ce3dba765a68ff1480a1b69925e29","isMergeCommit":true,"messageTitle":"Merge pull request #102 from bryonk/branch-update-ug-notes","messageBody":"Update notes about the add command in UG","fileTypesAndContributionMap":{}}]},{"date":"2025-04-06T00:00:00","commitResults":[{"hash":"b674496fb6741cce9feb66bef61684ab4e42db15","isMergeCommit":false,"messageTitle":"Remove extension for list command from documentation","messageBody":"","fileTypesAndContributionMap":{"docs":{"insertions":0,"deletions":6}}},{"hash":"a5c9c103e17d73817084b8c4cdd41099bd16df0b","isMergeCommit":false,"messageTitle":"Update DG to include add command extension duplicate lesson","messageBody":"","fileTypesAndContributionMap":{"docs":{"insertions":3,"deletions":0}}},{"hash":"ad6ccc6691538d5c5963051d81d2755b697c8022","isMergeCommit":false,"messageTitle":"Update DG to omit UI details in use cases","messageBody":"","fileTypesAndContributionMap":{"docs":{"insertions":3,"deletions":3}}},{"hash":"247408020155a1bfe1619d8d976db39052bbcd1a","isMergeCommit":true,"messageTitle":"Merge pull request #184 from bryonk/branch-update-documentation","messageBody":"Fix documentation bugs","fileTypesAndContributionMap":{}},{"hash":"581b03b4e6539a26c9ea25c3dac7d922d80175ef","isMergeCommit":false,"messageTitle":"Fix UG wording issue for lesson delete","messageBody":"","fileTypesAndContributionMap":{"docs":{"insertions":4,"deletions":4}}},{"hash":"a04258645079179960739467d119fdecd6eb2f52","isMergeCommit":false,"messageTitle":"Fix error message for tag","messageBody":"","fileTypesAndContributionMap":{"functional-code":{"insertions":1,"deletions":1}}},{"hash":"cdc8019d2e796e2cb26e15f7083aae8c489de182","isMergeCommit":false,"messageTitle":"Update UG to include lesson list reloading disclaimer","messageBody":"","fileTypesAndContributionMap":{"docs":{"insertions":4,"deletions":0}}},{"hash":"8219a6beedd0fbabd5cb590ab57a60c006ddcdce","isMergeCommit":false,"messageTitle":"Update DG to clarify average WPM in NFR","messageBody":"","fileTypesAndContributionMap":{"docs":{"insertions":1,"deletions":1}}},{"hash":"9d756a5c042c06bf04e4f49c5f13eef80a1a9074","isMergeCommit":false,"messageTitle":"Update UG for lesson add and delete command to clarify lesson","messageBody":"","fileTypesAndContributionMap":{"docs":{"insertions":5,"deletions":5}}},{"hash":"ba7ce1bbecac57ca5bb0055e04960374044970e7","isMergeCommit":true,"messageTitle":"Merge pull request #188 from bryonk/branch-update-documentation2","messageBody":"Fix UserPref and UG","fileTypesAndContributionMap":{}}]},{"date":"2025-04-07T00:00:00","commitResults":[{"hash":"02d1a33904d9a77a7d49516736b9709c403f6151","isMergeCommit":false,"messageTitle":"Add hashcode method for Lesson object","messageBody":"","fileTypesAndContributionMap":{"functional-code":{"insertions":6,"deletions":0}}},{"hash":"104993b3763ae0d61b7e3c958c0bc0dc193d3565","isMergeCommit":false,"messageTitle":"Add feature to fix duplicate lessons provided","messageBody":"","fileTypesAndContributionMap":{"functional-code":{"insertions":4,"deletions":3}}},{"hash":"b92515b768d37c162077fa4b21b17806ab450f29","isMergeCommit":true,"messageTitle":"Merge branch \u0027master\u0027 into branch-fix-ped-2","messageBody":"","fileTypesAndContributionMap":{}},{"hash":"f01159eb397d4d7f575e4c3eca34436129c83a3c","isMergeCommit":true,"messageTitle":"Merge branch \u0027master\u0027 into branch-fix-ped-2","messageBody":"","fileTypesAndContributionMap":{}},{"hash":"a7bd57d3c9fc7762da4527d8103d6780eb7edfa6","isMergeCommit":true,"messageTitle":"Merge pull request #193 from Zerolegacy/branch-fix-ped-2","messageBody":"Update ug and dg","fileTypesAndContributionMap":{}}]}],"castryl":[]},"authorFileTypeContributionMap":{"Zerolegacy":{"docs":169,"functional-code":306,"test-code":294},"bryonk":{"docs":157,"functional-code":374,"test-code":243,"other":1},"RT0118":{"docs":282,"functional-code":682,"test-code":761,"other":16},"castryl":{"docs":0,"functional-code":0,"test-code":0}},"authorContributionVariance":{"Zerolegacy":6274.7065,"bryonk":5562.325,"RT0118":63696.074,"castryl":0.0},"authorDisplayNameMap":{"Zerolegacy":"CS2103-F10-3 DEXT.. WEI","bryonk":"CS2103-F10-3 BRYO..DONG","RT0118":"CS2103-F10-3 ROY ..QIAN","castryl":"CS2103-F10-3 LOW .. IAN"}}
