{"authorDailyContributionsMap":{"wj200":[{"date":"2025-03-17T00:00:00","commitResults":[{"hash":"681b8d43bc2e829ebc01aae81a766b43dde5ba2e","isMergeCommit":true,"messageTitle":"Merge pull request #25 from wj200/master","messageBody":"Added BOO.png as an update to AboutUs [age","fileTypesAndContributionMap":{}},{"hash":"664afd12a7ef6ab08e7350d7e3cbb2c4a4865505","isMergeCommit":false,"messageTitle":"update AboutUs page with BOO wen jun","messageBody":"","fileTypesAndContributionMap":{"docs":{"insertions":10,"deletions":2}}},{"hash":"7c9d65042ed5714fc9b54275a02c5bed3f3b6675","isMergeCommit":false,"messageTitle":"update AboutUs page deleted placeholder profiles","messageBody":"","fileTypesAndContributionMap":{"docs":{"insertions":1,"deletions":40}}},{"hash":"af9690d44d3860966c22e9fd664ce5d2e58a74be","isMergeCommit":true,"messageTitle":"Merge branch \u0027master\u0027 into master","messageBody":"","fileTypesAndContributionMap":{}},{"hash":"3abd5551b92d9fb971789178c6205a34d47dde4c","isMergeCommit":true,"messageTitle":"Merge pull request #27 from wj200/master","messageBody":"Update AboutUs page","fileTypesAndContributionMap":{}}]},{"date":"2025-03-21T00:00:00","commitResults":[{"hash":"ccf42c32e5366e44ea46e01e1b2d8a341b626b25","isMergeCommit":false,"messageTitle":"Added Note Feature","messageBody":"","fileTypesAndContributionMap":{"functional-code":{"insertions":235,"deletions":15},"test-code":{"insertions":263,"deletions":22}}},{"hash":"fc866e64718736d2fd0fc922c02372c77c256e68","isMergeCommit":false,"messageTitle":"Fixed checkstyle issues","messageBody":"","fileTypesAndContributionMap":{"functional-code":{"insertions":26,"deletions":31}}}]},{"date":"2025-03-25T00:00:00","commitResults":[{"hash":"5e2c655bc2ff807f36089f543e2a4606cdaddf39","isMergeCommit":false,"messageTitle":"Fixed Checkstyle","messageBody":"","fileTypesAndContributionMap":{"functional-code":{"insertions":25,"deletions":25},"test-code":{"insertions":23,"deletions":28}}},{"hash":"4fb76456f95fd4108d08e977dc2ccc8eaaaf41ea","isMergeCommit":true,"messageTitle":"Merge branch \u0027AY2425S2-CS2103T-F14-2:master\u0027 into branch-v1.3","messageBody":"","fileTypesAndContributionMap":{}}]},{"date":"2025-03-26T00:00:00","commitResults":[{"hash":"0014ab7081d8e951800af1ac0581d5134863f3e0","isMergeCommit":false,"messageTitle":"Amend @JsonProperty Tags and test case JSON files","messageBody":"","fileTypesAndContributionMap":{"functional-code":{"insertions":1,"deletions":1},"test-code":{"insertions":12,"deletions":2}}},{"hash":"b564ce37d0698ed03ff66222ce3a6141d64198f3","isMergeCommit":true,"messageTitle":"Merge remote-tracking branch \u0027origin/branch-v1.3\u0027 into branch-v1.3","messageBody":"","fileTypesAndContributionMap":{}}]},{"date":"2025-04-02T00:00:00","commitResults":[{"hash":"0c36391654fb4461971b1eaee5db766b79589fca","isMergeCommit":false,"messageTitle":"Removed prefix r/ in note command format","messageBody":"","fileTypesAndContributionMap":{"functional-code":{"insertions":10,"deletions":10},"test-code":{"insertions":3,"deletions":5}}},{"hash":"c90be56807dde9294663c6df1aef9d08386c23bf","isMergeCommit":false,"messageTitle":"Updated user guide","messageBody":"","fileTypesAndContributionMap":{"docs":{"insertions":17,"deletions":0}}},{"hash":"2d2694a1e047893be0989525cdd20d566565a32a","isMergeCommit":false,"messageTitle":"Updated user guide and fixed","messageBody":"","fileTypesAndContributionMap":{"functional-code":{"insertions":5,"deletions":5},"test-code":{"insertions":1,"deletions":1}}}]},{"date":"2025-04-03T00:00:00","commitResults":[{"hash":"3a3eb1c13c59b7ed9838c9adb3d4206d93c80b01","isMergeCommit":false,"messageTitle":"Updated DG and UG","messageBody":"","fileTypesAndContributionMap":{"docs":{"insertions":55,"deletions":14}}},{"hash":"c4c38b0d4e8e8b2b8e3b5c2bab99d0c872d32a59","isMergeCommit":true,"messageTitle":"Merge remote-tracking branch \u0027origin/bug-fixes\u0027 into bug-fixes","messageBody":"","fileTypesAndContributionMap":{}},{"hash":"e62d213c6f3dfdfbaf60998f6d70ed6e4a302c01","isMergeCommit":true,"messageTitle":"Merge branch \u0027master\u0027 into bug-fixes","messageBody":"","fileTypesAndContributionMap":{}}]},{"date":"2025-04-04T00:00:00","commitResults":[{"hash":"53c8746a20314373cdd748036b9cbd219040b240","isMergeCommit":false,"messageTitle":"Fixed bugs and feature flaws","messageBody":"","fileTypesAndContributionMap":{"functional-code":{"insertions":6,"deletions":3},"test-code":{"insertions":6,"deletions":21}}},{"hash":"6c6cd12fee438e48352bb64ba7c0bf55a574a477","isMergeCommit":true,"messageTitle":"Merge remote-tracking branch \u0027origin/bug-fixes\u0027 into bug-fixes","messageBody":"","fileTypesAndContributionMap":{}},{"hash":"b3ff2a9fd7a8936a0c103ded296336a08a2ee6ac","isMergeCommit":true,"messageTitle":"Merge pull request #114 from wj200/bug-fixes","messageBody":"Bug fixes","fileTypesAndContributionMap":{}}]}],"davidfoo07":[{"date":"2025-03-17T00:00:00","commitResults":[{"hash":"6bfc08b4fdaf9251a6830626598ce88a695887ad","isMergeCommit":false,"messageTitle":"updated about us from david","messageBody":"","fileTypesAndContributionMap":{"docs":{"insertions":10,"deletions":12}}}]},{"date":"2025-03-18T00:00:00","commitResults":[{"hash":"1314556b808a4810c76a7566fea4b890765b015b","isMergeCommit":false,"messageTitle":"implemented deleteTag command","messageBody":"","fileTypesAndContributionMap":{"functional-code":{"insertions":148,"deletions":0}}},{"hash":"62774135bfd8f9851bd5644308a0f14e81bbe583","isMergeCommit":false,"messageTitle":"v1.2","messageBody":"","fileTypesAndContributionMap":{"functional-code":{"insertions":1,"deletions":0}}},{"hash":"7021c6f58b5e2dca3b3358a94f77c56b6060e36c","isMergeCommit":false,"messageTitle":"Revert \"updated about us from david\"","messageBody":"This reverts commit 6bfc08b4fdaf9251a6830626598ce88a695887ad.\n","fileTypesAndContributionMap":{"docs":{"insertions":18,"deletions":6}}},{"hash":"ae9b77885bcbd55c155c4533ca7cd0e5324624cf","isMergeCommit":false,"messageTitle":"Added photo to AboutUs.md","messageBody":"","fileTypesAndContributionMap":{"docs":{"insertions":9,"deletions":21}}},{"hash":"40cc07cc1ecd143fee060109b3cf8f3f0788d098","isMergeCommit":false,"messageTitle":"Removed trailing whitespaces","messageBody":"","fileTypesAndContributionMap":{"functional-code":{"insertions":0,"deletions":1}}}]},{"date":"2025-03-19T00:00:00","commitResults":[{"hash":"e5fc42ba14db96789d144d05471b41b36469b88e","isMergeCommit":false,"messageTitle":"fixed git conventions error","messageBody":"","fileTypesAndContributionMap":{"functional-code":{"insertions":13,"deletions":1}}}]},{"date":"2025-03-20T00:00:00","commitResults":[{"hash":"b33cfba8334fc0475ed6472257001c1107931ffa","isMergeCommit":true,"messageTitle":"Merge branch \u0027AY2425S2-CS2103T-F14-2:master\u0027 into master","messageBody":"","fileTypesAndContributionMap":{}}]},{"date":"2025-03-21T00:00:00","commitResults":[{"hash":"eb20ac04c904b61a85ef94adc9fa58eeb0af0902","isMergeCommit":false,"messageTitle":"implemented find by tag halfway","messageBody":"","fileTypesAndContributionMap":{"functional-code":{"insertions":249,"deletions":160},"other":{"insertions":32,"deletions":3}}},{"hash":"80f571fdc8416c9a5012243965c1a420d2ae7396","isMergeCommit":false,"messageTitle":"implemented find by Tag","messageBody":"","fileTypesAndContributionMap":{"functional-code":{"insertions":138,"deletions":22}}}]},{"date":"2025-03-23T00:00:00","commitResults":[{"hash":"2919c7595783045e55be637a32e2fbedf7e3b9fc","isMergeCommit":true,"messageTitle":"Merge branch \u0027master\u0027 of https://github.com/AY2425S2-CS2103T-F14-2/tp","messageBody":"","fileTypesAndContributionMap":{}},{"hash":"f6823a8a08d1f00a36e48f8fc8993fdaa3d59550","isMergeCommit":true,"messageTitle":"Merge branch \u0027master\u0027 into branch-v1.3","messageBody":"","fileTypesAndContributionMap":{}},{"hash":"5e233e023e60b405857c8ef0c8f3b73d3fa33511","isMergeCommit":false,"messageTitle":"implement test cases for each find tags classes.","messageBody":"","fileTypesAndContributionMap":{"test-code":{"insertions":288,"deletions":0}}}]},{"date":"2025-03-24T00:00:00","commitResults":[{"hash":"23c04424a87f3be82611f18c742bb9886ef9b843","isMergeCommit":false,"messageTitle":"Modified the command word of findByJobTitle","messageBody":"","fileTypesAndContributionMap":{"functional-code":{"insertions":2,"deletions":2}}},{"hash":"972e9b8fb3d9fde9428a3c6e4f395a346774a7dd","isMergeCommit":true,"messageTitle":"Merge branch \u0027master\u0027 into branch-v1.3","messageBody":"","fileTypesAndContributionMap":{}},{"hash":"39e22b50da758d04a97caa886571c4f4bc2e5915","isMergeCommit":true,"messageTitle":"Merge pull request #46 from davidfoo07/david-findByTag","messageBody":"David find by tag - edited command word for findByJobTitle","fileTypesAndContributionMap":{}},{"hash":"8dc24bd92d75e47d4a4967df115518f850322c00","isMergeCommit":false,"messageTitle":"changed the example of job title to intended title","messageBody":"","fileTypesAndContributionMap":{"functional-code":{"insertions":2,"deletions":2}}},{"hash":"47657d52ecc30c0ef4462357212d6983674706e8","isMergeCommit":true,"messageTitle":"Merge pull request #47 from davidfoo07/david-findByTag","messageBody":"changed the example of job title to intended title","fileTypesAndContributionMap":{}}]},{"date":"2025-03-28T00:00:00","commitResults":[{"hash":"3182bc11693a00785c1344d1e20366d47d02a2c0","isMergeCommit":false,"messageTitle":"Removed findCommand function","messageBody":"","fileTypesAndContributionMap":{"functional-code":{"insertions":14,"deletions":59},"other":{"insertions":115,"deletions":7}}},{"hash":"652ee85f4df911bc60c0262b08242a54558ac8d4","isMergeCommit":false,"messageTitle":"Modified the test for all related findCommand","messageBody":"","fileTypesAndContributionMap":{"functional-code":{"insertions":8,"deletions":3},"test-code":{"insertions":52,"deletions":115}}},{"hash":"91087f650fbba527ea5cfdf8b61d9fb104e82884","isMergeCommit":true,"messageTitle":"Merge branch \u0027master\u0027 into branch-v1.4","messageBody":"","fileTypesAndContributionMap":{}},{"hash":"68376c5a90f2747e702bd70c4500dd9b84475de4","isMergeCommit":false,"messageTitle":"Merged","messageBody":"","fileTypesAndContributionMap":{"other":{"insertions":9,"deletions":2}}}]},{"date":"2025-04-02T00:00:00","commitResults":[{"hash":"3c5ccc7db78e591fcc6c31b90d19953c23433b68","isMergeCommit":true,"messageTitle":"Merge branch \u0027master\u0027 of https://github.com/davidfoo07/tp","messageBody":"","fileTypesAndContributionMap":{}}]},{"date":"2025-04-03T00:00:00","commitResults":[{"hash":"96968a0122f4c5a03ba76fee5dbd1d77946e5911","isMergeCommit":true,"messageTitle":"Merge branch \u0027master\u0027 of https://github.com/davidfoo07/tp","messageBody":"","fileTypesAndContributionMap":{}},{"hash":"55387e727f72d216d34d8fdce22d7091dfc48cfa","isMergeCommit":false,"messageTitle":"Debugged issue #89","messageBody":"","fileTypesAndContributionMap":{"functional-code":{"insertions":5,"deletions":3},"test-code":{"insertions":4,"deletions":3}}},{"hash":"d1204b7ba9a2eb3d283fc26b012aa3c107311caf","isMergeCommit":false,"messageTitle":"Debugged issue #91","messageBody":"","fileTypesAndContributionMap":{"functional-code":{"insertions":16,"deletions":0},"test-code":{"insertions":13,"deletions":12}}},{"hash":"75d43fef320affef8b3f45977f3784e494727ba3","isMergeCommit":false,"messageTitle":"debugged issue #90","messageBody":"","fileTypesAndContributionMap":{"functional-code":{"insertions":40,"deletions":11},"test-code":{"insertions":3,"deletions":2}}},{"hash":"499bbb554f42dfbe83adbab18ccfbb2e5a873beb","isMergeCommit":false,"messageTitle":"Debugged issue #93","messageBody":"","fileTypesAndContributionMap":{"functional-code":{"insertions":41,"deletions":3},"test-code":{"insertions":14,"deletions":0}}},{"hash":"0c732822c7d0259caa7f7b0f54cd180e0c47f5ae","isMergeCommit":false,"messageTitle":"Debugged issue #92","messageBody":"","fileTypesAndContributionMap":{"functional-code":{"insertions":63,"deletions":2},"test-code":{"insertions":12,"deletions":0}}},{"hash":"ad62c345f5a7943ba187546cb3e0a27b3adf2ff2","isMergeCommit":true,"messageTitle":"Merge branch \u0027master\u0027 of https://github.com/AY2425S2-CS2103T-F14-2/tp","messageBody":"","fileTypesAndContributionMap":{}},{"hash":"97b6663fccb1d767e6b27ea4d1d7963db0d80efa","isMergeCommit":true,"messageTitle":"Merge branch \u0027master\u0027 into branch-v1.5","messageBody":"","fileTypesAndContributionMap":{}},{"hash":"a922e7d3f609629998eff5832393d6370d5163fb","isMergeCommit":true,"messageTitle":"Merge pull request #110 from davidfoo07/branch-v1.5","messageBody":"Branch v1.5 - Debugged all my issues","fileTypesAndContributionMap":{}},{"hash":"231476756d6f531946b62d5fb12e49bff1e40dbd","isMergeCommit":false,"messageTitle":"Update DeveloperGuide.md","messageBody":"","fileTypesAndContributionMap":{"docs":{"insertions":1,"deletions":1}}},{"hash":"de6ee3903ad3091821bf9f90f5a217c14c51d8ef","isMergeCommit":false,"messageTitle":"Update DeveloperGuide.md","messageBody":"","fileTypesAndContributionMap":{"docs":{"insertions":1,"deletions":1}}},{"hash":"c8b6879899fe684e488fce0709a98263be6ad00c","isMergeCommit":false,"messageTitle":"Update DeveloperGuide.md","messageBody":"","fileTypesAndContributionMap":{"docs":{"insertions":2,"deletions":3}}},{"hash":"cb854b01d5685713cbdf89f37c7269c8672d559e","isMergeCommit":false,"messageTitle":"Update DeveloperGuide.md","messageBody":"","fileTypesAndContributionMap":{"docs":{"insertions":51,"deletions":0}}},{"hash":"d2763ea29f10bdf7dc0839d9fa6852789d98996f","isMergeCommit":false,"messageTitle":"Update DeveloperGuide.md","messageBody":"","fileTypesAndContributionMap":{"docs":{"insertions":8,"deletions":0}}},{"hash":"a09c204a3d89efa6a6e061b787dc3da0d51369f9","isMergeCommit":false,"messageTitle":"Update DeveloperGuide.md","messageBody":"","fileTypesAndContributionMap":{"docs":{"insertions":0,"deletions":1}}},{"hash":"d9bb431334e709795b5dfe01b1424a089e3b5fd6","isMergeCommit":false,"messageTitle":"Update DeveloperGuide.md","messageBody":"","fileTypesAndContributionMap":{"docs":{"insertions":1,"deletions":1}}},{"hash":"eb41d766b3f19f78b0df0c434a9bc8cc09a16e45","isMergeCommit":false,"messageTitle":"commit","messageBody":"","fileTypesAndContributionMap":{"docs":{"insertions":1,"deletions":1}}},{"hash":"3428d8708e61e8ffe2454fc6b4d02db474aefc0f","isMergeCommit":false,"messageTitle":"Update DeveloperGuide.md","messageBody":"","fileTypesAndContributionMap":{"docs":{"insertions":46,"deletions":0}}},{"hash":"4e3a32f513f086400e1a2877093d97c0eca997d2","isMergeCommit":true,"messageTitle":"Merge pull request #1 from AY2425S2-CS2103T-F14-2/master","messageBody":"Update about me.md","fileTypesAndContributionMap":{}},{"hash":"3213698702c7575815daf296dc5f9e8543580d91","isMergeCommit":true,"messageTitle":"Merge pull request #111 from davidfoo07/master","messageBody":"Updated about me .md","fileTypesAndContributionMap":{}},{"hash":"579d4afbf68fabef968d74db3f00761b8dbd44c4","isMergeCommit":true,"messageTitle":"Merge pull request #112 from wj200/bug-fixes","messageBody":"Bug fixes","tags":["v1.5"],"fileTypesAndContributionMap":{}}]},{"date":"2025-04-04T00:00:00","commitResults":[{"hash":"c42049f0739a803db1cb12b1cd7b48c4cd9037d4","isMergeCommit":false,"messageTitle":"fixed view bug","messageBody":"","fileTypesAndContributionMap":{"functional-code":{"insertions":32,"deletions":9}}},{"hash":"cc093ce39678214c4e8a00587fa791fa435c7fcd","isMergeCommit":true,"messageTitle":"Merge pull request #115 from davidfoo07/master","messageBody":"Fixed View bugs","fileTypesAndContributionMap":{}}]},{"date":"2025-04-06T00:00:00","commitResults":[{"hash":"7d43cd82a769ef153e7d883249613c8824eccd22","isMergeCommit":false,"messageTitle":"Solved issue #156","messageBody":"","fileTypesAndContributionMap":{"docs":{"insertions":6,"deletions":0}}}]}],"chen-xiangrui":[{"date":"2025-03-11T00:00:00","commitResults":[{"hash":"584bdd75e8805f8b5ed288a762d78a9bc409f32d","isMergeCommit":false,"messageTitle":"Create new branch for v1.1 pull request","messageBody":"","fileTypesAndContributionMap":{"other":{"insertions":580,"deletions":0}}},{"hash":"34a00d9964a26456c35059dbe67673cb6717743c","isMergeCommit":false,"messageTitle":"Update AboutUs.md","messageBody":"","fileTypesAndContributionMap":{"docs":{"insertions":3,"deletions":5}}}]},{"date":"2025-03-12T00:00:00","commitResults":[{"hash":"6a87607fa6ee645f5613b47db36b6534e886f5a2","isMergeCommit":true,"messageTitle":"Merge pull request #3 from chen-xiangrui/branch-v1.1","messageBody":"Branch v1.1","fileTypesAndContributionMap":{}},{"hash":"83b827f576414b57aa89acecad970df55aba317a","isMergeCommit":false,"messageTitle":"Update README.md, docs/_config.yml, docs/_sass/minima/_base.scss","messageBody":"Let\u0027s:\n* update the README with information of HRelper\n* update the workflow link of the project\n* update the name of the product in the product website to HRelper\n","fileTypesAndContributionMap":{"other":{"insertions":1,"deletions":1},"docs":{"insertions":3,"deletions":3}}}]},{"date":"2025-03-16T00:00:00","commitResults":[{"hash":"c3abf8fa738dd391778d14bbf5b4808fa51dec9a","isMergeCommit":true,"messageTitle":"Merge pull request #24 from chenxy12345/branch-add-attributes","messageBody":"Add attributes - Gender,  Nationality","fileTypesAndContributionMap":{}}]},{"date":"2025-03-17T00:00:00","commitResults":[{"hash":"b41d1419920c7931558421fa69511a32bb02b654","isMergeCommit":true,"messageTitle":"Merge pull request #26 from chenxy12345/branch-add-attributes","messageBody":"Add Attributes - Date of Birth, Date of Joining","fileTypesAndContributionMap":{}},{"hash":"fabd2d7346f6d0f47c532f4b0872a20ac0ceba3e","isMergeCommit":true,"messageTitle":"Merge pull request #29 from chenxy12345/branch-add-attributes","messageBody":"Add Attribute - Nric","fileTypesAndContributionMap":{}}]},{"date":"2025-03-19T00:00:00","commitResults":[{"hash":"38de8496aab338d8843ddf71d84be29e36eb880f","isMergeCommit":false,"messageTitle":"Add Department.java, EmploymentType.java, JobTitle.java","messageBody":"Let\u0027s,\n* implement strict tag types for Type class\n* ensure test cases are modified to suit this update\n","fileTypesAndContributionMap":{"functional-code":{"insertions":353,"deletions":147},"test-code":{"insertions":159,"deletions":139}}},{"hash":"ed1470e7035392291127af9e06baac6c82ab97ba","isMergeCommit":false,"messageTitle":"Add DepartmentTest.java, EmploymentTypeTest.java, JobTitleTest.java","messageBody":"Let\u0027s,\n* add testing for the new classes added in v1.2\n","fileTypesAndContributionMap":{"test-code":{"insertions":165,"deletions":0}}},{"hash":"6bf198787d0a19d9f0490cd029546c87943625e2","isMergeCommit":false,"messageTitle":"Update SampleDataUtilTest.java, JsonAdaptedTagTest.java","messageBody":"Let\u0027s,\n* implement more test coverage for SampleDataUtil and JsonAdaptedTag\n","fileTypesAndContributionMap":{"functional-code":{"insertions":1,"deletions":1},"test-code":{"insertions":115,"deletions":0}}}]},{"date":"2025-03-20T00:00:00","commitResults":[{"hash":"0379b36cbf5de30a17756bcdbb637e5f8c0249d5","isMergeCommit":false,"messageTitle":"Update PersonCard.java","messageBody":"Let\u0027s,\n* change the UI such that Department, EmploymentType and JobTitle\nare in separate FlowPane\n","fileTypesAndContributionMap":{"functional-code":{"insertions":55,"deletions":5}}},{"hash":"d8e5bb35fdb8eabeee3baf16bf015a521052bd5b","isMergeCommit":false,"messageTitle":"Add PersonCardTest.java","messageBody":"","fileTypesAndContributionMap":{"functional-code":{"insertions":12,"deletions":0},"test-code":{"insertions":31,"deletions":0}}},{"hash":"5d805b7fad9a3238b57ee857be15d46e4738f12b","isMergeCommit":false,"messageTitle":"Delete PersonCardTest.java","messageBody":"","fileTypesAndContributionMap":{"functional-code":{"insertions":1,"deletions":1},"test-code":{"insertions":0,"deletions":31}}}]},{"date":"2025-03-23T00:00:00","commitResults":[{"hash":"97fbdb5e5d12f1325c06fc72e0b0067916ee6eb5","isMergeCommit":false,"messageTitle":"Update EditCommandParser.java","messageBody":"Let\u0027s,\n* ensure edit command can be performed on the new attributes added\n","fileTypesAndContributionMap":{"functional-code":{"insertions":25,"deletions":2},"test-code":{"insertions":18,"deletions":6}}},{"hash":"00bbea542dfc3f6357a6b049bebbbd538f2730ca","isMergeCommit":true,"messageTitle":"Merge pull request #41 from chenxy12345/branch-gui","messageBody":"Update GUI","fileTypesAndContributionMap":{}},{"hash":"9119789ca3de5ef520d83a0dec84d03457bd57f1","isMergeCommit":true,"messageTitle":"Merge pull request #44 from chen-xiangrui/branch-v1.4","messageBody":"Update EditCommandParser.java","fileTypesAndContributionMap":{}}]},{"date":"2025-03-25T00:00:00","commitResults":[{"hash":"4e8c48e01bc1be8fbaa66e9074c16dc06a2b53f6","isMergeCommit":false,"messageTitle":"Update ModelClassDiagram","messageBody":"","fileTypesAndContributionMap":{"docs":{"insertions":10,"deletions":1}}}]},{"date":"2025-03-26T00:00:00","commitResults":[{"hash":"598010c2fea55f22d34d22052dab2dd0a1bc8fc4","isMergeCommit":false,"messageTitle":"Fix Department value bug","messageBody":"","fileTypesAndContributionMap":{"functional-code":{"insertions":81,"deletions":9},"test-code":{"insertions":3,"deletions":5}}},{"hash":"3bee03c678ab6f706504467bea32dba9c02d1b30","isMergeCommit":true,"messageTitle":"Merge branch \u0027master\u0027 of https://github.com/chen-xiangrui/tp into branch-department_bug","messageBody":"","fileTypesAndContributionMap":{}},{"hash":"d9f81ef5fd03d5ebe557300f095915615898378b","isMergeCommit":true,"messageTitle":"Merge branch \u0027master\u0027 of https://github.com/chen-xiangrui/tp into branch-week_10_uml","messageBody":"","fileTypesAndContributionMap":{}}]},{"date":"2025-04-03T00:00:00","commitResults":[{"hash":"200b91e59103a39187777d38de63765310c7cf97","isMergeCommit":false,"messageTitle":"Fix bugs related to EditCommand","messageBody":"","fileTypesAndContributionMap":{"functional-code":{"insertions":84,"deletions":49},"test-code":{"insertions":25,"deletions":52}}},{"hash":"eeb82acefc7f7058581f358ce3e82829a4bc9e33","isMergeCommit":false,"messageTitle":"Edit UserGuide.md","messageBody":"","fileTypesAndContributionMap":{"functional-code":{"insertions":0,"deletions":1},"docs":{"insertions":3,"deletions":1}}},{"hash":"e182898e137d1c48d0c789ff63d05c821c4c022e","isMergeCommit":false,"messageTitle":"Solve checkstyle issue","messageBody":"","fileTypesAndContributionMap":{"functional-code":{"insertions":0,"deletions":1}}},{"hash":"2208c2365416abe9bf3db4e2363092a8d412d9e2","isMergeCommit":true,"messageTitle":"Solve merge conflict issues and modified ViewCommandTest","messageBody":"","fileTypesAndContributionMap":{}},{"hash":"72e6508cf2698a1144b539a75a0cc01c4562b8a0","isMergeCommit":true,"messageTitle":"Merge pull request #105 from chen-xiangrui/branch-v1.5","messageBody":"Fix bugs related to EditCommand","fileTypesAndContributionMap":{}}]}],"chenxy12345":[{"date":"2025-02-22T00:00:00","commitResults":[{"hash":"a26cb2ce75285641e3ed0ce762703509a8c93b8c","isMergeCommit":false,"messageTitle":"Update README.md","messageBody":"","fileTypesAndContributionMap":{"docs":{"insertions":1,"deletions":0}}}]},{"date":"2025-03-12T00:00:00","commitResults":[{"hash":"d27eca692d871fac90ee90abe8d580d866be4146","isMergeCommit":true,"messageTitle":"Merge pull request #7 from chen-xiangrui/branch-README","messageBody":"Update README.md, docs/_config.yml, docs/_sass/minima/_base.scss","fileTypesAndContributionMap":{}},{"hash":"2d71384a86d9b42da0625c2237ce58071046cc4e","isMergeCommit":false,"messageTitle":"Update README.md and AboutUs.md","messageBody":"","fileTypesAndContributionMap":{"docs":{"insertions":6,"deletions":4}}},{"hash":"2795f52606a7dec915b7ffb416f5f066fbd4cd70","isMergeCommit":true,"messageTitle":"Merge pull request #8 from chenxy12345/branch-README","messageBody":"Update README.md and AboutUs.md","fileTypesAndContributionMap":{}}]},{"date":"2025-03-13T00:00:00","commitResults":[{"hash":"f187f2d88daf827326c309643d751c22fe1b62e1","isMergeCommit":false,"messageTitle":"Update AboutUs.md","messageBody":"","fileTypesAndContributionMap":{"docs":{"insertions":1,"deletions":3}}},{"hash":"09ff3ca405e7699f098d77a1464c2202a2f32033","isMergeCommit":true,"messageTitle":"Merge pull request #11 from chenxy12345/branch-README","messageBody":"Update AboutUs.md","fileTypesAndContributionMap":{}}]},{"date":"2025-03-16T00:00:00","commitResults":[{"hash":"541eca9acbe52db5ed0247c0cbed882ed508fd36","isMergeCommit":false,"messageTitle":"Add an attribute - Gender","messageBody":"","fileTypesAndContributionMap":{"functional-code":{"insertions":125,"deletions":14},"test-code":{"insertions":96,"deletions":28}}},{"hash":"0ccb36fdaa75ed6e1b09e3e5fc6b008a57fab2e3","isMergeCommit":false,"messageTitle":"Update Gender attribute","messageBody":"","fileTypesAndContributionMap":{"functional-code":{"insertions":76,"deletions":5},"test-code":{"insertions":164,"deletions":61}}},{"hash":"58f270ef6cabf7378efa5b23874b516558316373","isMergeCommit":false,"messageTitle":"Add Attribute - Nationality","messageBody":"","fileTypesAndContributionMap":{"functional-code":{"insertions":131,"deletions":19},"test-code":{"insertions":145,"deletions":40}}}]},{"date":"2025-03-17T00:00:00","commitResults":[{"hash":"3e5043c1bbf05344df859a5f70fe38a7c2def47a","isMergeCommit":false,"messageTitle":"Add Attributes - Date of Birth, Date of Joining","messageBody":"","fileTypesAndContributionMap":{"functional-code":{"insertions":308,"deletions":32},"test-code":{"insertions":288,"deletions":55}}},{"hash":"3b6622a08be2e2a38e3a6eaf35deb98eef9ae68a","isMergeCommit":false,"messageTitle":"Update AboutUs.md","messageBody":"","fileTypesAndContributionMap":{"docs":{"insertions":8,"deletions":8}}},{"hash":"86028e15a21721a34d6a08be42527d60a3c51108","isMergeCommit":false,"messageTitle":"Update AboutUs.md","messageBody":"","fileTypesAndContributionMap":{"docs":{"insertions":2,"deletions":2}}},{"hash":"0a8d75ba5d4e242e29a8213c62884577a50c6055","isMergeCommit":false,"messageTitle":"Update Format","messageBody":"","fileTypesAndContributionMap":{"docs":{"insertions":4,"deletions":4}}},{"hash":"1056d3cec1aac653ff843bf830233bd9d103b8ca","isMergeCommit":true,"messageTitle":"Merge pull request #28 from chenxy12345/master","messageBody":"Update AboutUs.md","fileTypesAndContributionMap":{}},{"hash":"791c0988810647ced0843d9ae1afdc803d7dac8c","isMergeCommit":false,"messageTitle":"Add Attribute - Nric","messageBody":"","fileTypesAndContributionMap":{"functional-code":{"insertions":147,"deletions":12},"test-code":{"insertions":189,"deletions":79}}}]},{"date":"2025-03-20T00:00:00","commitResults":[{"hash":"f0ffd77fecb3895157b5d42409a251c12183b39a","isMergeCommit":true,"messageTitle":"Merge pull request #33 from wyongqiing/branch-ViewCommand","messageBody":"Add new command class - ViewCommand","fileTypesAndContributionMap":{}},{"hash":"2253f422ec18af702c6479aef6d50b5b15883ecb","isMergeCommit":true,"messageTitle":"Merge pull request #32 from chen-xiangrui/branch-v1.2","messageBody":"Add Department.java, EmploymentType.java, JobTitle.java","tags":["v1.3"],"fileTypesAndContributionMap":{}},{"hash":"4c11e9e01b31ce7972f373f2551c74d723959b5d","isMergeCommit":true,"messageTitle":"Merge pull request #34 from wyongqiing/branch-v1.3","messageBody":"Implement view feature","fileTypesAndContributionMap":{}},{"hash":"78d6cf32b54464c8104f8ad0541ba9d644f130ea","isMergeCommit":true,"messageTitle":"Merge pull request #35 from chen-xiangrui/branch-v1.3","messageBody":"Update PersonCard.java","fileTypesAndContributionMap":{}}]},{"date":"2025-03-22T00:00:00","commitResults":[{"hash":"58facd218bfbdac19033a4bb6622ea2b34d2afd7","isMergeCommit":false,"messageTitle":"Update GUI","messageBody":"","fileTypesAndContributionMap":{"functional-code":{"insertions":220,"deletions":16},"other":{"insertions":1,"deletions":1}}},{"hash":"348f6f5b930233b4d20ea30959622c6b70bf3ad8","isMergeCommit":false,"messageTitle":"Update GUI","messageBody":"","fileTypesAndContributionMap":{"functional-code":{"insertions":15,"deletions":3}}}]},{"date":"2025-03-24T00:00:00","commitResults":[{"hash":"9c7b836c10e32108873367e70be7de669cbc1f2f","isMergeCommit":true,"messageTitle":"Merge pull request #40 from davidfoo07/david-findByTag","messageBody":"","fileTypesAndContributionMap":{}},{"hash":"ad40db810ced912cfc9566b61560562ef99d85f1","isMergeCommit":false,"messageTitle":"Update Nric to be unique attribute","messageBody":"","fileTypesAndContributionMap":{"functional-code":{"insertions":2,"deletions":3},"test-code":{"insertions":13,"deletions":13}}},{"hash":"aa7b02d5616bfffcb4e87a95ae7c211765e17e1d","isMergeCommit":false,"messageTitle":"Add test classes for new attributes","messageBody":"","fileTypesAndContributionMap":{"test-code":{"insertions":288,"deletions":0}}},{"hash":"79956858f84fc3f8f17e4b9e65989de8fa2b9f51","isMergeCommit":false,"messageTitle":"Update README.md","messageBody":"","fileTypesAndContributionMap":{"functional-code":{"insertions":1,"deletions":1},"docs":{"insertions":39,"deletions":27}}},{"hash":"714171f6cad5713f7acf8642c2bf9b9e69d41186","isMergeCommit":true,"messageTitle":"Merge pull request #52 from chenxy12345/branch-update-README","messageBody":"Update README.md","fileTypesAndContributionMap":{}},{"hash":"a04bc8e8a6240d0dd477ad70ed1cc5f7c4b67743","isMergeCommit":false,"messageTitle":"Update README.md","messageBody":"","fileTypesAndContributionMap":{"docs":{"insertions":2,"deletions":1}}},{"hash":"5d6d10428b1ef1ebed53bc92afadf563f0619f92","isMergeCommit":true,"messageTitle":"Merge pull request #53 from chenxy12345/branch-update-README","messageBody":"Update README.md","fileTypesAndContributionMap":{}},{"hash":"0eccccafc465ee556671d56b03418dc55fc69581","isMergeCommit":false,"messageTitle":"Update command output for Nationality","messageBody":"","fileTypesAndContributionMap":{"functional-code":{"insertions":28,"deletions":1}}},{"hash":"d0fdd99798b023871998c0341dbea3b4093b4a82","isMergeCommit":true,"messageTitle":"Merge pull request #55 from chenxy12345/branch-update-bugs","messageBody":"Update command output for Nationality","fileTypesAndContributionMap":{}}]},{"date":"2025-03-25T00:00:00","commitResults":[{"hash":"9860bc3911c519d351a067ae17ca48ae4bab7cfd","isMergeCommit":false,"messageTitle":"Update DeveloperGuide.md","messageBody":"","fileTypesAndContributionMap":{"docs":{"insertions":10,"deletions":2},"test-code":{"insertions":2,"deletions":5}}},{"hash":"2bf81372dcafde317f40d19431abde7075b34329","isMergeCommit":true,"messageTitle":"Merge pull request #59 from chenxy12345/branch-update","messageBody":"Update DeveloperGuide.md","fileTypesAndContributionMap":{}}]},{"date":"2025-03-26T00:00:00","commitResults":[{"hash":"a1cd5c1073456a550641df8e2e1e0973baa2fba8","isMergeCommit":true,"messageTitle":"Merge pull request #45 from wj200/branch-v1.3","messageBody":"Branch v1.3","fileTypesAndContributionMap":{}},{"hash":"d26c9af471479fbc9cda90af52bdd4d033765f7c","isMergeCommit":true,"messageTitle":"Merge pull request #62 from chen-xiangrui/branch-department_bug","messageBody":"Fix Department value bug","fileTypesAndContributionMap":{}},{"hash":"90a5aaaf49e39311201ecff54bd9d3ff4a45cdaf","isMergeCommit":true,"messageTitle":"Merge pull request #63 from chen-xiangrui/branch-week_10_uml","messageBody":"Update ModelClassDiagram","fileTypesAndContributionMap":{}},{"hash":"c766275027a0736ab4fca3bdbd531f4cf413a52d","isMergeCommit":true,"messageTitle":"Merge pull request #61 from wyongqiing/branch-GUI","messageBody":"Add home button","fileTypesAndContributionMap":{}},{"hash":"ec87edccc64c55035e0ea51b567ab2a3fc340a0a","isMergeCommit":false,"messageTitle":"Update UserGuide.md","messageBody":"","fileTypesAndContributionMap":{"functional-code":{"insertions":1,"deletions":1},"other":{"insertions":1,"deletions":1},"docs":{"insertions":2,"deletions":2}}},{"hash":"046784e2aeed8c8c74add7e8050c3169086a82c0","isMergeCommit":true,"messageTitle":"Merge pull request #64 from chenxy12345/branch-update-v0.1","messageBody":"Update UserGuide.md","tags":["v1.4"],"fileTypesAndContributionMap":{}}]},{"date":"2025-03-27T00:00:00","commitResults":[{"hash":"7d17e4fbf6db54f11fd06cf298476cfa81e455f0","isMergeCommit":false,"messageTitle":"Update UserGuide.md","messageBody":"","fileTypesAndContributionMap":{"functional-code":{"insertions":1,"deletions":1},"other":{"insertions":1,"deletions":1},"docs":{"insertions":1,"deletions":1}}},{"hash":"250a1dff662fac6df5c1513862f9efb2ebc10c03","isMergeCommit":true,"messageTitle":"Merge pull request #65 from chenxy12345/branch-update-v0.2","messageBody":"Update UserGuide.md","fileTypesAndContributionMap":{}}]},{"date":"2025-03-29T00:00:00","commitResults":[{"hash":"3e5069b7b7c58a2bf231336c3996f1a940140888","isMergeCommit":false,"messageTitle":"Update assertions","messageBody":"","fileTypesAndContributionMap":{"other":{"insertions":4,"deletions":0}}},{"hash":"49d5b24e383f7d7dae4b3ce61ac940f07e275036","isMergeCommit":true,"messageTitle":"Merge pull request #67 from chenxy12345/branch-update-v0.2","messageBody":"Update assertions","fileTypesAndContributionMap":{}}]},{"date":"2025-04-01T00:00:00","commitResults":[{"hash":"cc993c6fb18ab7fcb04aa2cb7a7b8f455b57ba51","isMergeCommit":false,"messageTitle":"Update Name.java to allow only alphabets","messageBody":"","fileTypesAndContributionMap":{"functional-code":{"insertions":3,"deletions":3}}},{"hash":"e57d53bc1513f47423d0197e2524c42efda23a58","isMergeCommit":false,"messageTitle":"Update Phone to take in only Singapore numbers","messageBody":"","fileTypesAndContributionMap":{"functional-code":{"insertions":2,"deletions":2}}},{"hash":"bf7f6464af86d27353690c99b039eedc23b4545e","isMergeCommit":false,"messageTitle":"Update tests for Name class","messageBody":"","fileTypesAndContributionMap":{"functional-code":{"insertions":3,"deletions":1},"test-code":{"insertions":3,"deletions":4}}},{"hash":"e871de416be670f3ade7469beae2fe557e760d80","isMergeCommit":false,"messageTitle":"Update tests for Phone","messageBody":"","fileTypesAndContributionMap":{"test-code":{"insertions":15,"deletions":14}}},{"hash":"c96e504a7c572f525aa1adb7b19b8368fa6c7b54","isMergeCommit":true,"messageTitle":"Merge pull request #75 from chenxy12345/branch-bug-v0.0","messageBody":"Update Name.java to allow only alphabets","fileTypesAndContributionMap":{}},{"hash":"80f43c84d3230736ffb26883200ead030061cb42","isMergeCommit":false,"messageTitle":"Update tests","messageBody":"","fileTypesAndContributionMap":{"test-code":{"insertions":3,"deletions":5}}},{"hash":"205fe92f3021c9a1946210138b5ae5bc5faa3abd","isMergeCommit":true,"messageTitle":"Merge branch \u0027master\u0027 into branch-bug-v0.1","messageBody":"","fileTypesAndContributionMap":{}},{"hash":"5f5ffc62e193534588a9baff4ccff78f9699af25","isMergeCommit":true,"messageTitle":"Merge pull request #76 from chenxy12345/branch-bug-v0.1","messageBody":"Update Phone to only take in Singapore numbers","fileTypesAndContributionMap":{}},{"hash":"06cc5186e2c4d9b793adaf759864a9d9d3029b94","isMergeCommit":false,"messageTitle":"Update Dob inputs to accept more formats","messageBody":"","fileTypesAndContributionMap":{"functional-code":{"insertions":44,"deletions":3},"test-code":{"insertions":7,"deletions":4}}},{"hash":"b5a71eb7734d8501c1ce2084c23363c29398358b","isMergeCommit":false,"messageTitle":"Update DateOfJoining.java","messageBody":"","fileTypesAndContributionMap":{"functional-code":{"insertions":41,"deletions":5},"test-code":{"insertions":9,"deletions":6}}},{"hash":"4fe615d6cdff37197883e35df11a5f9a2017a4fe","isMergeCommit":false,"messageTitle":"Update Tag classes to accept inputs with whitespaces and lower cases","messageBody":"","fileTypesAndContributionMap":{"functional-code":{"insertions":47,"deletions":12},"test-code":{"insertions":34,"deletions":2}}},{"hash":"4aad72f2a34d7d01dbc19851c40920a808e6cc44","isMergeCommit":false,"messageTitle":"Update DepartmentTest.java","messageBody":"","fileTypesAndContributionMap":{"test-code":{"insertions":2,"deletions":0}}},{"hash":"0dd6c97aca60a6a93e02c40995dcf5344e684648","isMergeCommit":true,"messageTitle":"Merge pull request #85 from wyongqiing/branch-User_Guide","messageBody":"Update User Guide","fileTypesAndContributionMap":{}},{"hash":"b39c59d433c85afb93816b771fb3d4b6fce55230","isMergeCommit":true,"messageTitle":"Merge pull request #87 from chenxy12345/branch-update-v0.5","messageBody":"Update Tag classes to handle more inputs","fileTypesAndContributionMap":{}},{"hash":"34d593658fbd32b1d1349be69b12a085d4f1b59a","isMergeCommit":true,"messageTitle":"Merge branch \u0027master\u0027 into branch-v1.4","messageBody":"","fileTypesAndContributionMap":{}},{"hash":"73e2005cb057d3c1d5651e83a874add5318578ca","isMergeCommit":true,"messageTitle":"Merge pull request #66 from davidfoo07/branch-v1.4","messageBody":"Removed findCommand function","fileTypesAndContributionMap":{}}]},{"date":"2025-04-03T00:00:00","commitResults":[{"hash":"892d8305df0df5f280b8e53c80c81dd1471c7c26","isMergeCommit":true,"messageTitle":"Merge pull request #106 from wyongqiing/branch-Bugs","messageBody":"Fix view command bugs ","fileTypesAndContributionMap":{}},{"hash":"bb14b66635c44960d88c0153ddff9febaaecb612","isMergeCommit":true,"messageTitle":"Merge pull request #95 from wyongqiing/branch-UML","messageBody":"Update UML diagram","fileTypesAndContributionMap":{}},{"hash":"08bd14960e51c539cf987dd8e8b83a9d985b4782","isMergeCommit":true,"messageTitle":"Merge pull request #104 from wj200/branch-v1.4","messageBody":"Branch v1.4","fileTypesAndContributionMap":{}},{"hash":"8b5b45ce0d413c51be67c9a561b8d9b7edf71636","isMergeCommit":false,"messageTitle":"Update navigation of screens","messageBody":"","fileTypesAndContributionMap":{"functional-code":{"insertions":30,"deletions":8}}},{"hash":"579818dec2f484fb73ccd08aa291958e6d474172","isMergeCommit":false,"messageTitle":"Update UserGuide.md","messageBody":"","fileTypesAndContributionMap":{"docs":{"insertions":2,"deletions":2}}},{"hash":"a807d76009e6009f607cd4ad55b86181b8ea74d8","isMergeCommit":false,"messageTitle":"Update EditCommandTest.java","messageBody":"","fileTypesAndContributionMap":{"functional-code":{"insertions":2,"deletions":4},"test-code":{"insertions":24,"deletions":0}}},{"hash":"1d4e4c573c04c19a890b4c1e42a360643860ceff","isMergeCommit":true,"messageTitle":"Merge pull request #108 from chenxy12345/branch-update-v0.6","messageBody":"Update navigation of screens","fileTypesAndContributionMap":{}}]}],"wyongqiing":[{"date":"2025-03-13T00:00:00","commitResults":[{"hash":"560e2b11b95774c12524d7ebfb28e4153b1f89b4","isMergeCommit":false,"messageTitle":"Update AboutUs.md","messageBody":"","fileTypesAndContributionMap":{"docs":{"insertions":4,"deletions":4}}},{"hash":"44b5fc2f72eb91c0c6f1f696fd45eae622d6ec1b","isMergeCommit":true,"messageTitle":"Merge branch \u0027branch-AboutUs\u0027","messageBody":"* branch-AboutUs:\n  Add yq photo\n  Update AboutUs.md\n","fileTypesAndContributionMap":{}},{"hash":"c22e38ec519bfb92fc683fea8580975895ba1a8b","isMergeCommit":false,"messageTitle":"Update user stories and use cases","messageBody":"","fileTypesAndContributionMap":{"docs":{"insertions":52,"deletions":17}}},{"hash":"e8421bf3b26080e5bf55b300c0b253b4cc321b09","isMergeCommit":false,"messageTitle":"Update glossary","messageBody":"","fileTypesAndContributionMap":{"docs":{"insertions":3,"deletions":0}}},{"hash":"d35e92c5b314499472a4ea05759e98fc2b03bee1","isMergeCommit":true,"messageTitle":"Merge pull request #9 from wyongqiing/branch-AboutUs","messageBody":"Branch about us","fileTypesAndContributionMap":{}},{"hash":"a4fd2c7cca555fbddb6bcea66176de39e886f017","isMergeCommit":true,"messageTitle":"Merge pull request #12 from wyongqiing/branch-DG","messageBody":"Branch dg","fileTypesAndContributionMap":{}}]},{"date":"2025-03-19T00:00:00","commitResults":[{"hash":"3bb8cf4599b334122b4dde70b61a1d3ac476bf85","isMergeCommit":true,"messageTitle":"Merge branch \u0027AY2425S2-CS2103T-F14-2:master\u0027 into master","messageBody":"","fileTypesAndContributionMap":{}},{"hash":"531feee5ce5fc53beb73af62339e8e51d2a0e993","isMergeCommit":false,"messageTitle":"Add view command class","messageBody":"","fileTypesAndContributionMap":{"functional-code":{"insertions":16,"deletions":0}}},{"hash":"d841f0df062e69d1db966838d939562df12cfb83","isMergeCommit":false,"messageTitle":"Add view command parser","messageBody":"","fileTypesAndContributionMap":{"functional-code":{"insertions":5,"deletions":0}}},{"hash":"02e130fa6b8f85f54c70e6fc12104ba7e110fd19","isMergeCommit":false,"messageTitle":"Add view command parser test","messageBody":"","fileTypesAndContributionMap":{"test-code":{"insertions":7,"deletions":0}}},{"hash":"7f14ae68365903a32ff032afe6f34f2d8e55393e","isMergeCommit":false,"messageTitle":"Fix checkstyle","messageBody":"","fileTypesAndContributionMap":{"functional-code":{"insertions":0,"deletions":1}}},{"hash":"6d199ebd1b10d2f69336c7ba30ddb5e1b96ed6e9","isMergeCommit":false,"messageTitle":"Fix checkstyle for address book test class","messageBody":"","fileTypesAndContributionMap":{"test-code":{"insertions":0,"deletions":1}}},{"hash":"48ec32d9ddb7e4d82b9a5829cd7e24af5201174d","isMergeCommit":false,"messageTitle":"Add view command test","messageBody":"","fileTypesAndContributionMap":{"test-code":{"insertions":26,"deletions":0}}},{"hash":"c993308c13da9c5727a2835302acc689b29fcfea","isMergeCommit":true,"messageTitle":"Merge branch \u0027branch-ViewCommand\u0027","messageBody":"* branch-ViewCommand:\n  Add view command test\n  Fix checkstyle for address book test class\n  Fix checkstyle\n  Add view command parser test\n  Add view command parser\n  Add view command class\n","fileTypesAndContributionMap":{}}]},{"date":"2025-03-20T00:00:00","commitResults":[{"hash":"7013e52b149c0ed2c9bd307f87474377c66fee5e","isMergeCommit":true,"messageTitle":"Merge branch \u0027AY2425S2-CS2103T-F14-2:master\u0027 into master","messageBody":"","fileTypesAndContributionMap":{}},{"hash":"43d714adad1a2189230dc452f436ac36e65abd07","isMergeCommit":false,"messageTitle":"add message","messageBody":"","fileTypesAndContributionMap":{"functional-code":{"insertions":3,"deletions":0}}},{"hash":"fe9d8c431eba97e61b741e3b0aed2e1e40578971","isMergeCommit":false,"messageTitle":"Change the view command parser","messageBody":"","fileTypesAndContributionMap":{"functional-code":{"insertions":1,"deletions":1}}},{"hash":"9bddb9b56750aaf356fdad7c9316d73a07d076c0","isMergeCommit":false,"messageTitle":"Implement view command parser","messageBody":"","fileTypesAndContributionMap":{"functional-code":{"insertions":32,"deletions":0}}},{"hash":"6e6946ffc0497e3a297572d59adc472e70bd55f9","isMergeCommit":false,"messageTitle":"Implement view feature","messageBody":"","fileTypesAndContributionMap":{"functional-code":{"insertions":85,"deletions":1}}},{"hash":"2d2ab35e4ca263f537596e73e79afc69bd64336e","isMergeCommit":false,"messageTitle":"Modify the test file","messageBody":"","fileTypesAndContributionMap":{"test-code":{"insertions":13,"deletions":5}}},{"hash":"cb662486fe7aa9ad21ce9ab33b688bd1fb5e72bf","isMergeCommit":false,"messageTitle":"Add more Junit test","messageBody":"","fileTypesAndContributionMap":{"test-code":{"insertions":40,"deletions":0}}},{"hash":"adc9c907c8c46fb239cb3d7a4dbe3c5abef7fda1","isMergeCommit":false,"messageTitle":"Add test case","messageBody":"","fileTypesAndContributionMap":{"test-code":{"insertions":30,"deletions":0}}}]},{"date":"2025-03-21T00:00:00","commitResults":[{"hash":"caf3a98aee4c93500d12d3859c45a9359efb322c","isMergeCommit":true,"messageTitle":"Merge branch \u0027branch-v1.3\u0027","messageBody":"* branch-v1.3:\n  Add test case\n  Add more Junit test\n  Modify the test file\n  Implement view feature\n  Implement view command parser\n  Change the view command parser\n  add message\n","fileTypesAndContributionMap":{}}]},{"date":"2025-03-24T00:00:00","commitResults":[{"hash":"5bec47be42d5b69eaea3f52a7b18b6f134d995c0","isMergeCommit":false,"messageTitle":"Change title of the app","messageBody":"","fileTypesAndContributionMap":{"functional-code":{"insertions":1,"deletions":1}}},{"hash":"ea3bd5b785f03669f9c2d12f8d6100927288aca9","isMergeCommit":true,"messageTitle":"Merge branch \u0027master\u0027 of https://github.com/wyongqiing/tp into branch-GUI","messageBody":"* \u0027master\u0027 of https://github.com/wyongqiing/tp:\n  Update EditCommandParser.java\n  Update GUI\n  Update GUI\n  Delete PersonCardTest.java\n  Add PersonCardTest.java\n  Update PersonCard.java\n","fileTypesAndContributionMap":{}},{"hash":"ef2ff759b9cf31019e8dc892149f6af0d3b15b38","isMergeCommit":true,"messageTitle":"Merge branch \u0027master\u0027 of https://github.com/wyongqiing/tp","messageBody":"* \u0027master\u0027 of https://github.com/wyongqiing/tp:\n  Update EditCommandParser.java\n  Update GUI\n  Update GUI\n  Delete PersonCardTest.java\n  Add PersonCardTest.java\n  Update PersonCard.java\n","fileTypesAndContributionMap":{}}]},{"date":"2025-03-25T00:00:00","commitResults":[{"hash":"9102f2e131befa0e69812144dee7d4e33717c4e4","isMergeCommit":true,"messageTitle":"Merge branch \u0027AY2425S2-CS2103T-F14-2:master\u0027 into master","messageBody":"","fileTypesAndContributionMap":{}},{"hash":"a1cff06dd6f3a7f30d15484804692343190da333","isMergeCommit":false,"messageTitle":"Add home button to the app","messageBody":"","fileTypesAndContributionMap":{"functional-code":{"insertions":3,"deletions":0}}},{"hash":"e0ca651a3d4318604eae8b92a626e60cb3357eda","isMergeCommit":false,"messageTitle":"Implement the handle home method","messageBody":"","fileTypesAndContributionMap":{"functional-code":{"insertions":18,"deletions":0}}},{"hash":"a9b8f7d0c25b199e314dbef831d16060d61f0075","isMergeCommit":false,"messageTitle":"Change the message for invalid format of view command","messageBody":"","fileTypesAndContributionMap":{"functional-code":{"insertions":5,"deletions":6}}},{"hash":"6433e461cde51925bca913ab808299ae5f8437db","isMergeCommit":false,"messageTitle":"Invoke handle home method","messageBody":"","fileTypesAndContributionMap":{"functional-code":{"insertions":4,"deletions":0}}},{"hash":"fe30186336c6a2c036bc4f1af10d7367290cb7a9","isMergeCommit":false,"messageTitle":"Add a boolean parameter","messageBody":"","fileTypesAndContributionMap":{"functional-code":{"insertions":13,"deletions":6},"test-code":{"insertions":8,"deletions":8}}}]},{"date":"2025-04-01T00:00:00","commitResults":[{"hash":"0926478847e0e0a06deca851413c8bb97a01e10c","isMergeCommit":true,"messageTitle":"Merge branch \u0027branch-GUI\u0027","messageBody":"* branch-GUI:\n  Add a boolean parameter\n  Invoke handle home method\n  Change the message for invalid format of view command\n  Implement the handle home method\n  Add home button to the app\n  Change title of the app\n","fileTypesAndContributionMap":{}},{"hash":"2356cc2983dc349dc6ea6b05bdf2a0c6348087e7","isMergeCommit":true,"messageTitle":"Merge branch \u0027master\u0027 of https://github.com/wyongqiing/tp","messageBody":"* \u0027master\u0027 of https://github.com/wyongqiing/tp:\n  Update assertions\n  Update UserGuide.md\n  Update UserGuide.md\n  Fix Department value bug\n  Amend @JsonProperty Tags and test case JSON files\n  Fixed Checkstyle\n  Update ModelClassDiagram\n  Fixed checkstyle issues\n  Added Note Feature\n","fileTypesAndContributionMap":{}},{"hash":"56650a2c9ad7a42c0a10fb610290266c61337788","isMergeCommit":false,"messageTitle":"Update the image in user guide","messageBody":"","fileTypesAndContributionMap":{"docs":{"insertions":3,"deletions":3}}},{"hash":"d7ac98698b2091cab9b9d628a5b7a6dff9859495","isMergeCommit":false,"messageTitle":"Edit the table content of user guide","messageBody":"","fileTypesAndContributionMap":{"docs":{"insertions":32,"deletions":8}}},{"hash":"1fd24cd90ce4997ed705918601827d1b13dca2df","isMergeCommit":false,"messageTitle":"Update return home","messageBody":"","fileTypesAndContributionMap":{"docs":{"insertions":13,"deletions":1}}},{"hash":"a62dcfb3f37991a823f58741f0e9956312687531","isMergeCommit":false,"messageTitle":"Update frequent ask question","messageBody":"","fileTypesAndContributionMap":{"docs":{"insertions":7,"deletions":2}}},{"hash":"74067e412982696edd05d972a81db13059982add","isMergeCommit":true,"messageTitle":"Merge branch \u0027AY2425S2-CS2103T-F14-2:master\u0027 into master","messageBody":"","fileTypesAndContributionMap":{}},{"hash":"f5a0fc62885ca40316f9c2ccd90852786bd34193","isMergeCommit":true,"messageTitle":"Merge pull request #1 from wyongqiing/branch-User_Guide","messageBody":"Update User Guide","fileTypesAndContributionMap":{}},{"hash":"0cbf37a9116b7fc96440413c8bb0f784592eb7da","isMergeCommit":false,"messageTitle":"Rename ui image","messageBody":"","fileTypesAndContributionMap":{"docs":{"insertions":3,"deletions":3}}}]},{"date":"2025-04-02T00:00:00","commitResults":[{"hash":"a25f5aea7a41c87dc1d965ec14b041a02a0c7d63","isMergeCommit":true,"messageTitle":"Merge branch \u0027master\u0027 of https://github.com/wyongqiing/tp","messageBody":"* \u0027master\u0027 of https://github.com/wyongqiing/tp:\n  Update DepartmentTest.java\n  Update Tag classes to accept inputs with whitespaces and lower cases\n  Rename ui image\n  Update DateOfJoining.java\n  Update Dob inputs to accept more formats\n  Merged\n  Modified the test for all related findCommand\n  Removed findCommand function\n","fileTypesAndContributionMap":{}},{"hash":"7d59b146b1afa2d3c25ba0fda12be4ddc39994c4","isMergeCommit":false,"messageTitle":"Update UML diagram","messageBody":"","fileTypesAndContributionMap":{"docs":{"insertions":3,"deletions":3}}},{"hash":"807664e6fcfe8c52b15b219fffc40211b3d492c1","isMergeCommit":false,"messageTitle":"Modify the output message for profile not in the list","messageBody":"","fileTypesAndContributionMap":{"functional-code":{"insertions":12,"deletions":5}}}]},{"date":"2025-04-03T00:00:00","commitResults":[{"hash":"9de37b44f3e81b8471f422ed5ff495bd19bdf13e","isMergeCommit":false,"messageTitle":"Check alphabetical constraints","messageBody":"","fileTypesAndContributionMap":{"functional-code":{"insertions":16,"deletions":5}}},{"hash":"33c5abf3f8abf00f722c39983446b155f71e2863","isMergeCommit":false,"messageTitle":"View using full name or surname","messageBody":"","fileTypesAndContributionMap":{"functional-code":{"insertions":15,"deletions":5}}},{"hash":"f1ac94029c193350b78d60f5253a90995bcb642d","isMergeCommit":false,"messageTitle":"Add test to view command","messageBody":"","fileTypesAndContributionMap":{"test-code":{"insertions":33,"deletions":20}}},{"hash":"41e60e7820dc75f9e98dadfa3d3952309d9b143e","isMergeCommit":false,"messageTitle":"Check for null constraint","messageBody":"","fileTypesAndContributionMap":{"functional-code":{"insertions":4,"deletions":0},"test-code":{"insertions":26,"deletions":4}}},{"hash":"278bc1ed65e9bdf01b519bc5279e02f9158e1127","isMergeCommit":false,"messageTitle":"Fix check style","messageBody":"","fileTypesAndContributionMap":{"test-code":{"insertions":6,"deletions":3}}},{"hash":"7b24394b72aed3f746a3f29876b2ba6b4bb6005b","isMergeCommit":false,"messageTitle":"Modify message","messageBody":"","fileTypesAndContributionMap":{"functional-code":{"insertions":4,"deletions":4},"test-code":{"insertions":2,"deletions":2}}},{"hash":"69b5236f3b18baf2d1ee5d8ee567961ad16ad6ce","isMergeCommit":false,"messageTitle":"Update user guide","messageBody":"","fileTypesAndContributionMap":{"docs":{"insertions":28,"deletions":25}}},{"hash":"55013a6c9f7604042aacb821c5aa5eb809a5fe06","isMergeCommit":false,"messageTitle":"Update the glossary in developer guide","messageBody":"","fileTypesAndContributionMap":{"docs":{"insertions":7,"deletions":2}}},{"hash":"984ae999848cb66ad91fef983ec7f58b3585cba1","isMergeCommit":true,"messageTitle":"Merge pull request #109 from wyongqiing/branch-UML2.0","messageBody":"Update developer guide ","fileTypesAndContributionMap":{}}]}]},"authorFileTypeContributionMap":{"wj200":{"docs":58,"functional-code":232,"test-code":252},"davidfoo07":{"docs":114,"functional-code":556,"test-code":367,"other":153},"chen-xiangrui":{"docs":19,"functional-code":541,"test-code":468,"other":572},"chenxy12345":{"docs":45,"functional-code":1097,"test-code":984,"other":7},"wyongqiing":{"docs":135,"functional-code":196,"test-code":142}},"authorContributionVariance":{"wj200":7868.0737,"davidfoo07":15330.486,"chen-xiangrui":32962.234,"chenxy12345":49301.87,"wyongqiing":2177.049},"authorDisplayNameMap":{"wj200":"CS2103T-F14-2 BOO .. JUN","davidfoo07":"CS2103T-F14-2 FOO ..UANG","chen-xiangrui":"CS2103T-F14-2 CHEN..GRUI","chenxy12345":"CS2103T-F14-2 CHEN..GYUN","wyongqiing":"CS2103T-F14-2 WOO ..QING"}}
