{"authorDailyContributionsMap":{"quantin96":[{"date":"2025-03-06T00:00:00","commitResults":[{"hash":"fd528079d17f2102875d783cdcbbf86d50bc61aa","isMergeCommit":false,"messageTitle":"Add Jia Quan\u0027s details","messageBody":"","fileTypesAndContributionMap":{"docs":{"insertions":8,"deletions":47}}},{"hash":"39f9ac861916f1715c1aff790b5ebd6703b9d765","isMergeCommit":false,"messageTitle":"Add newline","messageBody":"","fileTypesAndContributionMap":{"docs":{"insertions":1,"deletions":1}}},{"hash":"b4209413fd4e439aa87c770a58977cfa99bcac4f","isMergeCommit":true,"messageTitle":"Merge branch \u0027master\u0027 into branch-jiaquan-aboutus","messageBody":"# Conflicts:\n#\tdocs/AboutUs.md\n","fileTypesAndContributionMap":{}},{"hash":"724ea3ebfdee786888d2521e7d89d401386fac17","isMergeCommit":true,"messageTitle":"Merge branch \u0027master\u0027 into branch-jiaquan-aboutus","messageBody":"# Conflicts:\n#\tdocs/AboutUs.md\n","fileTypesAndContributionMap":{}},{"hash":"7b2d1df187855b0284d0735382575005abefe882","isMergeCommit":true,"messageTitle":"Merge pull request #18 from quantin96/branch-jiaquan-aboutus","messageBody":"Add Jia Quan\u0027s details","fileTypesAndContributionMap":{}},{"hash":"961c7320d98db471d7c4f6f312e576437f840562","isMergeCommit":true,"messageTitle":"Merge branch \u0027branch-jiaquan-aboutus\u0027","messageBody":"","fileTypesAndContributionMap":{}},{"hash":"c7f948b0e093ded3bfd87dc044d99b659633a80e","isMergeCommit":true,"messageTitle":"Merge branch \u0027master\u0027 of https://github.com/quantin96/tp","messageBody":"","fileTypesAndContributionMap":{}},{"hash":"9809609a28e8b32eb945e8f45cfca7e1fe4e59f8","isMergeCommit":false,"messageTitle":"Update README.md","messageBody":"","fileTypesAndContributionMap":{"docs":{"insertions":4,"deletions":10}}},{"hash":"ee9c4c1b0110f7a84929970de8bc909f575ba16a","isMergeCommit":true,"messageTitle":"Merge pull request #21 from quantin96/branch-update-readme","messageBody":"Branch update readme","fileTypesAndContributionMap":{}},{"hash":"18000146a6c35bfe16be1522ccf8203de2adddfb","isMergeCommit":false,"messageTitle":"Update DG","messageBody":"","fileTypesAndContributionMap":{"docs":{"insertions":120,"deletions":25}}},{"hash":"add092828c88a6e47c67d925172757ba8534100a","isMergeCommit":true,"messageTitle":"Merge pull request #22 from quantin96/branch-update-DG","messageBody":"Update DG","fileTypesAndContributionMap":{}},{"hash":"142d38efcd8cc37fd6f8aba9db6fcabfb47430ba","isMergeCommit":false,"messageTitle":"Update docs","messageBody":"","fileTypesAndContributionMap":{"docs":{"insertions":12,"deletions":11}}},{"hash":"c1b10c1e909457c052f65c5c404a62eb9847d1b9","isMergeCommit":true,"messageTitle":"Merge pull request #23 from quantin96/branch-update-docs","messageBody":"Update docs","fileTypesAndContributionMap":{}}]},{"date":"2025-03-13T00:00:00","commitResults":[{"hash":"52f2d494ddc077e142515df07833694ab50b2f01","isMergeCommit":false,"messageTitle":"Modify Edit command to cater to Mentorstack","messageBody":"","fileTypesAndContributionMap":{"functional-code":{"insertions":141,"deletions":41}}},{"hash":"45f9e66ecc7060b728114f3d3aca5fbad26bb8a9","isMergeCommit":false,"messageTitle":"Refactor code","messageBody":"","fileTypesAndContributionMap":{"functional-code":{"insertions":78,"deletions":48},"test-code":{"insertions":22,"deletions":49}}},{"hash":"11bb7f0525bc147af2eb34eeedfd82f2f859d979","isMergeCommit":false,"messageTitle":"Fix edit subject bug","messageBody":"","fileTypesAndContributionMap":{"functional-code":{"insertions":5,"deletions":5}}},{"hash":"eedee83acd6040fc97f54f880737e154f9cbd15b","isMergeCommit":false,"messageTitle":"Fix checkstyle","messageBody":"","fileTypesAndContributionMap":{"functional-code":{"insertions":4,"deletions":15}}},{"hash":"32748564d146f5af0a73e84f3cb14627afda9d04","isMergeCommit":true,"messageTitle":"Merge pull request #28 from ioubread/master","messageBody":"Added Willie\u0027s info to team docs and images","fileTypesAndContributionMap":{}},{"hash":"ac4d86d9d08512254da4d669599cf6e7d3074775","isMergeCommit":true,"messageTitle":"Merge pull request #27 from SheYuting/branch-add-command","messageBody":"Branch add command","fileTypesAndContributionMap":{}},{"hash":"e7189cf0a03067edbd0805f078ed0c168b717ec8","isMergeCommit":true,"messageTitle":"Merge pull request #33 from zlllllr/branch-add-search-command","messageBody":"Branch add search command","fileTypesAndContributionMap":{}},{"hash":"232c802e730acf8b178f2309b6138ab3b7522381","isMergeCommit":true,"messageTitle":"Merge branch \u0027master\u0027 into branch-edit-command","messageBody":"","fileTypesAndContributionMap":{}},{"hash":"ab18ebd7b7aa9adfcebfff3a2b2d677338165bfa","isMergeCommit":true,"messageTitle":"Merge pull request #30 from quantin96/branch-edit-command","messageBody":"Branch edit command","fileTypesAndContributionMap":{}},{"hash":"93599a0da7f427fff287d4814712a44a5adcce2e","isMergeCommit":true,"messageTitle":"Merge pull request #38 from subiloble/branch-view","messageBody":"Add command view","fileTypesAndContributionMap":{}},{"hash":"3ed7dee0f4745f700f41447c9413ba720dc386ad","isMergeCommit":true,"messageTitle":"Merge pull request #37 from SheYuting/branch-checkstyle","messageBody":"Branch Add command and checkstyle","fileTypesAndContributionMap":{}}]},{"date":"2025-03-14T00:00:00","commitResults":[{"hash":"2dde673280dafd09449493a7023d1118b6e8e3e9","isMergeCommit":false,"messageTitle":"Consistency changes","messageBody":"","fileTypesAndContributionMap":{"functional-code":{"insertions":249,"deletions":430},"other":{"insertions":94,"deletions":94},"docs":{"insertions":0,"deletions":46},"test-code":{"insertions":251,"deletions":353}}},{"hash":"8e11b6fc8ae5daa542cfcc1c331397b9e5a7e530","isMergeCommit":false,"messageTitle":"Fix checkstyle","messageBody":"","fileTypesAndContributionMap":{"functional-code":{"insertions":21,"deletions":16}}},{"hash":"bbffe30262387f99ab05119b05e507449202271b","isMergeCommit":false,"messageTitle":"Fix checkstyle","messageBody":"","fileTypesAndContributionMap":{"test-code":{"insertions":10,"deletions":5}}},{"hash":"6f36e566d587b587cf8395d07219409c40fc7804","isMergeCommit":false,"messageTitle":"Fix checkstyle","messageBody":"","fileTypesAndContributionMap":{"test-code":{"insertions":2,"deletions":2}}},{"hash":"26f2979f7c5c302e382ce01bded8cb04f8dc54de","isMergeCommit":true,"messageTitle":"Merge pull request #42 from quantin96/branch-consistency","messageBody":"Consistency changes","fileTypesAndContributionMap":{}}]},{"date":"2025-03-20T00:00:00","commitResults":[{"hash":"1f0392e9951c9483da0bfc924521643ca27808d3","isMergeCommit":true,"messageTitle":"Merge pull request #50 from SheYuting/branch-update-tests","messageBody":"Branch update tests","fileTypesAndContributionMap":{}},{"hash":"27d8de044a17f32cd12fe08869ad972babe8277d","isMergeCommit":true,"messageTitle":"Merge pull request #52 from zlllllr/branch-update-editcommandtest","messageBody":"Branch update editcommandtest","fileTypesAndContributionMap":{}},{"hash":"84b63b3b59bb224b711750e77aa4b32d7a6913d7","isMergeCommit":false,"messageTitle":"Update LogicManagerTest.java","messageBody":"","fileTypesAndContributionMap":{"functional-code":{"insertions":1,"deletions":1},"test-code":{"insertions":27,"deletions":26}}},{"hash":"2f1fdbec6632bd14e178acd7e3deabf1b0fc2c78","isMergeCommit":false,"messageTitle":"Rearrange imports","messageBody":"","fileTypesAndContributionMap":{"test-code":{"insertions":2,"deletions":2}}},{"hash":"ebb25706b936801d56f4db26b9d877bf4c9f4ff6","isMergeCommit":true,"messageTitle":"Merge pull request #54 from quantin96/branch-misc-tests","messageBody":"Update LogicManagerTest.java","fileTypesAndContributionMap":{}},{"hash":"45266b017d731ffe73cc081d8696187da858aec1","isMergeCommit":false,"messageTitle":"Update Edit Command","messageBody":"","fileTypesAndContributionMap":{"functional-code":{"insertions":2,"deletions":4},"test-code":{"insertions":2,"deletions":12}}},{"hash":"c116eb38650e572aa064297c19c93957a1f2dba1","isMergeCommit":false,"messageTitle":"Fix checkstyle","messageBody":"","fileTypesAndContributionMap":{"test-code":{"insertions":0,"deletions":1}}},{"hash":"f057354f20458bc07fd2c1cd871bac4e208469ce","isMergeCommit":true,"messageTitle":"Merge pull request #56 from quantin96/branch-edit-subjects","messageBody":"Update Edit Command","fileTypesAndContributionMap":{}},{"hash":"7bc9a53fd608cc3e2b3e74d574da86b36de9a2c0","isMergeCommit":false,"messageTitle":"Update app name","messageBody":"","fileTypesAndContributionMap":{"functional-code":{"insertions":5,"deletions":5}}},{"hash":"016adbcbe97af3da6135475438542ec701a66dea","isMergeCommit":true,"messageTitle":"Merge pull request #58 from quantin96/branch-update-appname","messageBody":"Update app name","fileTypesAndContributionMap":{}},{"hash":"bf5232ab89768c64d8cacd8ceddc08426303297c","isMergeCommit":false,"messageTitle":"Update UG for MVP","messageBody":"","fileTypesAndContributionMap":{"functional-code":{"insertions":2,"deletions":2},"docs":{"insertions":51,"deletions":24}}},{"hash":"991d519ff5d38c471405905c099f86f07524622a","isMergeCommit":true,"messageTitle":"Merge branch \u0027master\u0027 into branch-update-UG-MVP","messageBody":"# Conflicts:\n#\tdocs/UserGuide.md\n","fileTypesAndContributionMap":{}},{"hash":"073e655ca0d394a63a00d8aba4b453be482a7fb5","isMergeCommit":true,"messageTitle":"Merge pull request #61 from quantin96/branch-update-UG-MVP","messageBody":"Update UG for MVP","fileTypesAndContributionMap":{}},{"hash":"64e642a92df44c731b94b354100f6ed63eac3028","isMergeCommit":false,"messageTitle":"Update build file","messageBody":"","fileTypesAndContributionMap":{"functional-code":{"insertions":2,"deletions":2},"other":{"insertions":1,"deletions":1}}},{"hash":"d4a216e79029a920aabec2daa6ddd57aa4816b14","isMergeCommit":false,"messageTitle":"Minor changes","messageBody":"","fileTypesAndContributionMap":{"functional-code":{"insertions":1,"deletions":1}}},{"hash":"21c3b9823ce8192ee6ccc5da8118f6405c07f7f7","isMergeCommit":true,"messageTitle":"Merge pull request #62 from quantin96/branch-MVP-build","messageBody":"Update build file","fileTypesAndContributionMap":{}}]},{"date":"2025-03-27T00:00:00","commitResults":[{"hash":"4875e26f8006ef080d3ca517cf9a0b747894f573","isMergeCommit":false,"messageTitle":"Implement Mark feature","messageBody":"","fileTypesAndContributionMap":{"functional-code":{"insertions":349,"deletions":7}}},{"hash":"915727c9e865bfe127d36765e25c45d846759b51","isMergeCommit":true,"messageTitle":"Merge branch \u0027master\u0027 into branch-mark-command","messageBody":"# Conflicts:\n#\tsrc/main/java/seedu/mentorstack/logic/parser/MentorstackParser.java\n","fileTypesAndContributionMap":{}},{"hash":"92ac649a9c2996015ae695f5a2861c450b276b6f","isMergeCommit":false,"messageTitle":"Minor changes","messageBody":"","fileTypesAndContributionMap":{"functional-code":{"insertions":2,"deletions":4},"other":{"insertions":4,"deletions":0},"docs":{"insertions":1,"deletions":1}}},{"hash":"d7a03c9b435d34539fd2f584cf77510f21fea012","isMergeCommit":false,"messageTitle":"Update PersonTest.java","messageBody":"","fileTypesAndContributionMap":{"test-code":{"insertions":12,"deletions":1}}},{"hash":"5d6f438c275254756b6321bbce4da5ba77280cf2","isMergeCommit":false,"messageTitle":"Implement Finish and Unfinish subject feature","messageBody":"","fileTypesAndContributionMap":{"functional-code":{"insertions":437,"deletions":9}}},{"hash":"284cebc10e357901fd48930b28dca7f4ba845696","isMergeCommit":false,"messageTitle":"Add JavaDoc comments","messageBody":"","fileTypesAndContributionMap":{"functional-code":{"insertions":8,"deletions":0}}},{"hash":"40e0abd8eb11cd6fc3a381d1de02fe5c6816bc7f","isMergeCommit":true,"messageTitle":"Merge branch \u0027master\u0027 into branch-mark-command","messageBody":"","fileTypesAndContributionMap":{}},{"hash":"46199f750d864dbe4947b9375c1c50deacbfdd4f","isMergeCommit":false,"messageTitle":"Add tests","messageBody":"","fileTypesAndContributionMap":{"test-code":{"insertions":294,"deletions":0}}},{"hash":"adddbad7f080e341e6d9824ee2ccd0b153349432","isMergeCommit":false,"messageTitle":"Checkstyle changes","messageBody":"","fileTypesAndContributionMap":{"test-code":{"insertions":8,"deletions":5}}},{"hash":"214265a29a0e8199de7bfe375f911ee916af60b1","isMergeCommit":true,"messageTitle":"Merge pull request #78 from quantin96/branch-mark-command","messageBody":"Branch mark command","fileTypesAndContributionMap":{}},{"hash":"5784ec1ea4aac5a41a82b2b26055e2ff11bdd608","isMergeCommit":true,"messageTitle":"Merge branch \u0027master\u0027 into branch-finish-command","messageBody":"# Conflicts:\n#\tsrc/main/java/seedu/mentorstack/logic/parser/MentorstackParser.java\n#\tsrc/main/java/seedu/mentorstack/model/person/Person.java\n#\tsrc/main/java/seedu/mentorstack/storage/JsonAdaptedPerson.java\n#\tsrc/main/java/seedu/mentorstack/ui/PersonCard.java\n","fileTypesAndContributionMap":{}},{"hash":"b8c42b295c4b40b918c08acf8dae38b9229601ed","isMergeCommit":false,"messageTitle":"Update tests","messageBody":"","fileTypesAndContributionMap":{"functional-code":{"insertions":10,"deletions":14},"test-code":{"insertions":4,"deletions":0}}},{"hash":"213a60c66916519d39fa24b31cf64d8d552a06d6","isMergeCommit":false,"messageTitle":"Add tests","messageBody":"","fileTypesAndContributionMap":{"test-code":{"insertions":338,"deletions":0}}},{"hash":"426416ed11e5ac86b0dc3f056ba400565ab040b2","isMergeCommit":false,"messageTitle":"Checkstyle changes","messageBody":"","fileTypesAndContributionMap":{"test-code":{"insertions":4,"deletions":4}}},{"hash":"f9eef6b349cf590d887ebc3b4338236deec2d440","isMergeCommit":false,"messageTitle":"Add more tests","messageBody":"","fileTypesAndContributionMap":{"test-code":{"insertions":110,"deletions":0}}},{"hash":"9cc327a713731a5bf3ab9e2a0c659779f9d39db4","isMergeCommit":false,"messageTitle":"Checkstyle changes","messageBody":"","fileTypesAndContributionMap":{"test-code":{"insertions":2,"deletions":2}}},{"hash":"d42d887f54f77135095c6fa5b328fd52ddeacd1c","isMergeCommit":true,"messageTitle":"Merge pull request #80 from quantin96/branch-finish-command","messageBody":"Implement Finish and Unfinish subject feature","fileTypesAndContributionMap":{}},{"hash":"81db81d9cadb3af000f6da4dd489b0589d7d8930","isMergeCommit":false,"messageTitle":"Modify Edit Command","messageBody":"","fileTypesAndContributionMap":{"functional-code":{"insertions":15,"deletions":3},"docs":{"insertions":10,"deletions":6}}},{"hash":"51d0e9b6e2718683e25494ec51267e509728c0d8","isMergeCommit":true,"messageTitle":"Merge pull request #83 from quantin96/branch-consistency-alpha","messageBody":"Consistency changes","fileTypesAndContributionMap":{}},{"hash":"ca5dc357a2e1597f8bca73d92785c3709fc55472","isMergeCommit":false,"messageTitle":"UG Changes","messageBody":"","fileTypesAndContributionMap":{"docs":{"insertions":122,"deletions":17}}},{"hash":"faf15102cb0d8a0ae24c81a181b2d7da91a7421a","isMergeCommit":true,"messageTitle":"Merge branch \u0027master\u0027 into branch-consistency-alpha","messageBody":"","fileTypesAndContributionMap":{}},{"hash":"c71295fc34a87b5c8088a0e0a83dbdbbdd4e7df8","isMergeCommit":false,"messageTitle":"Add images","messageBody":"","fileTypesAndContributionMap":{"docs":{"insertions":1,"deletions":0}}},{"hash":"1b68386334823ba0e98514d8b5413bf652805c50","isMergeCommit":true,"messageTitle":"Merge pull request #85 from quantin96/branch-consistency-alpha","messageBody":"UG Changes","tags":["v1.4"],"fileTypesAndContributionMap":{}}]},{"date":"2025-04-03T00:00:00","commitResults":[{"hash":"8e3bced9c980fef6256f5f685f299349c97075a2","isMergeCommit":false,"messageTitle":"Fix alpha bugs","messageBody":"","fileTypesAndContributionMap":{"functional-code":{"insertions":51,"deletions":11}}},{"hash":"76eb0594b2a56ee8f41fa7fe37e3ae90787fa501","isMergeCommit":false,"messageTitle":"Add tests","messageBody":"","fileTypesAndContributionMap":{"functional-code":{"insertions":2,"deletions":2},"test-code":{"insertions":22,"deletions":0}}},{"hash":"e781611bca7cebc167d0cb5873dd0505ffde9190","isMergeCommit":true,"messageTitle":"Merge pull request #131 from quantin96/branch-alpha-bugfix","messageBody":"Fix alpha bugs","fileTypesAndContributionMap":{}},{"hash":"b431f94bcba44e3a59684e88aad97375c3457a36","isMergeCommit":true,"messageTitle":"Merge pull request #87 from ioubread/statswindow","messageBody":"Add Hinter, Themes and StatsWindow features","fileTypesAndContributionMap":{}},{"hash":"d8c734239778940fade71476529210a149c7b45e","isMergeCommit":false,"messageTitle":"Fix finished subject marker","messageBody":"","fileTypesAndContributionMap":{"functional-code":{"insertions":18,"deletions":26}}},{"hash":"d6c9f32633222e60ca35ba782e08e2d222311e98","isMergeCommit":false,"messageTitle":"Colour changes","messageBody":"","fileTypesAndContributionMap":{"functional-code":{"insertions":24,"deletions":395}}},{"hash":"090e16c2f2c2ef8ea3187fc7abe31da142b4705c","isMergeCommit":true,"messageTitle":"Merge pull request #136 from quantin96/branch-theme-fixes","messageBody":"Branch theme fixes","fileTypesAndContributionMap":{}},{"hash":"b845cd24bd638c0a2e4585c1e1d3e8f5feb2d0e8","isMergeCommit":false,"messageTitle":"Fix undo bug for Mark and Unmark commands","messageBody":"","fileTypesAndContributionMap":{"functional-code":{"insertions":15,"deletions":6}}},{"hash":"61b7299680e2bbb075436d53c3cd3eea95633635","isMergeCommit":false,"messageTitle":"Checkstyle fix","messageBody":"","fileTypesAndContributionMap":{"functional-code":{"insertions":0,"deletions":1}}},{"hash":"80ea2d477f4082eea746dc78b0973badf4a45b21","isMergeCommit":true,"messageTitle":"Merge pull request #137 from quantin96/branch-undo-fix","messageBody":"Fix undo bug for Mark and Unmark commands","fileTypesAndContributionMap":{}},{"hash":"483e35e277f259ee3de88cd42933f9f72d3ca1ac","isMergeCommit":false,"messageTitle":"UML changes","messageBody":"","fileTypesAndContributionMap":{"functional-code":{"insertions":2,"deletions":2},"docs":{"insertions":17,"deletions":14}}},{"hash":"5862e6597914d885846ff26686a92abce08d4998","isMergeCommit":false,"messageTitle":"UG updates","messageBody":"","fileTypesAndContributionMap":{"docs":{"insertions":49,"deletions":15}}},{"hash":"256258e8a3d704745141ae4d1109a267647aea07","isMergeCommit":false,"messageTitle":"Update DG","messageBody":"","fileTypesAndContributionMap":{"docs":{"insertions":41,"deletions":29}}},{"hash":"45ef5656fae014726a2f3fbc03dd7dd0d2704a2e","isMergeCommit":true,"messageTitle":"Merge pull request #138 from quantin96/branch-uml","messageBody":"Update UML, UG, DG","fileTypesAndContributionMap":{}},{"hash":"96ff2bca0882328ccb61636f2f41d68074ce2f3e","isMergeCommit":false,"messageTitle":"UG page breaks","messageBody":"","fileTypesAndContributionMap":{"docs":{"insertions":18,"deletions":0}}},{"hash":"c68ad2087cd957af41b5c6ac98a0101d8adb40ef","isMergeCommit":true,"messageTitle":"Merge pull request #139 from quantin96/branch-uml","messageBody":"UG page breaks","fileTypesAndContributionMap":{}},{"hash":"5410777fd2e4f0e2dc762241d3f5abda0976b2a6","isMergeCommit":false,"messageTitle":"UG page breaks","messageBody":"","fileTypesAndContributionMap":{"docs":{"insertions":2,"deletions":3}}},{"hash":"3679095a8c0197afb4b2b804ab6b6c7a6bd21bb5","isMergeCommit":true,"messageTitle":"Merge pull request #140 from quantin96/branch-uml","messageBody":"UG page breaks","fileTypesAndContributionMap":{}},{"hash":"6c8f9275032d418b2cc24595416e8188ee1fc999","isMergeCommit":false,"messageTitle":"DG updates","messageBody":"","fileTypesAndContributionMap":{"docs":{"insertions":63,"deletions":1}}},{"hash":"e7a5ecd7f22cd7a4c2f27dc1ad09080cd00d741f","isMergeCommit":false,"messageTitle":"Site updates","messageBody":"","fileTypesAndContributionMap":{"functional-code":{"insertions":1,"deletions":1},"docs":{"insertions":7,"deletions":11}}},{"hash":"682c18cfcd5b1c8c97d7a6f24c1460c273933fdf","isMergeCommit":true,"messageTitle":"Merge pull request #141 from quantin96/branch-uml","messageBody":"DG updates","fileTypesAndContributionMap":{}},{"hash":"1167cf5584888c185775b618ea14b2081fb330b6","isMergeCommit":false,"messageTitle":"DG appendix updates","messageBody":"","fileTypesAndContributionMap":{"docs":{"insertions":131,"deletions":7}}},{"hash":"54a08314147bfd47f31a70c12c94114859362852","isMergeCommit":true,"messageTitle":"Merge pull request #144 from quantin96/branch-uml","messageBody":"DG appendix updates","fileTypesAndContributionMap":{}}]}],"subiloble":[{"date":"2025-03-06T00:00:00","commitResults":[{"hash":"a044b9b3c4fb034b8e4eda1ed3c6c52655459983","isMergeCommit":false,"messageTitle":"Update AboutUs.md","messageBody":"","fileTypesAndContributionMap":{"docs":{"insertions":3,"deletions":3}}},{"hash":"f1f38ac6f1b4a946f7c6f1fed1972b5d1b24f677","isMergeCommit":false,"messageTitle":"Update information","messageBody":"","fileTypesAndContributionMap":{"docs":{"insertions":47,"deletions":1}}},{"hash":"e58cb35e8dbb7d3517e9db8e213947dc90c9a9dc","isMergeCommit":true,"messageTitle":"Merge pull request #13 from subiloble/Update-AboutUs","messageBody":"Update AboutUs.md Xinpeng","fileTypesAndContributionMap":{}},{"hash":"ae3c594824d7c6315579fe4137bac5a6bbf5dd79","isMergeCommit":false,"messageTitle":"Update naming of the image","messageBody":"","fileTypesAndContributionMap":{"docs":{"insertions":2,"deletions":2}}},{"hash":"f056c619fea711acffbd6b7fc71e868639a4df4b","isMergeCommit":true,"messageTitle":"Merge pull request #20 from subiloble/branch-naming-image","messageBody":"Update naming of the image","fileTypesAndContributionMap":{}}]},{"date":"2025-03-13T00:00:00","commitResults":[{"hash":"1a106a30c0cf1385e3ecae2f15c6f92c4812f5d7","isMergeCommit":false,"messageTitle":"Add command view","messageBody":"","fileTypesAndContributionMap":{"functional-code":{"insertions":148,"deletions":0}}},{"hash":"613740820e4540ed6ad228f9ec824feab08795ca","isMergeCommit":false,"messageTitle":"Fix EOF problems","messageBody":"","fileTypesAndContributionMap":{"functional-code":{"insertions":2,"deletions":2}}},{"hash":"b9807215246c217ae68761413969c44c803d183c","isMergeCommit":true,"messageTitle":"Merge branch \u0027AY2425S2-CS2103-W11-1:master\u0027 into branch-view","messageBody":"","fileTypesAndContributionMap":{}}]},{"date":"2025-03-14T00:00:00","commitResults":[{"hash":"c55ba5003d415898b52673c796a3317db9f44967","isMergeCommit":true,"messageTitle":"Merge pull request #41 from subiloble/branch-view","messageBody":"Fix EOF problem","fileTypesAndContributionMap":{}}]},{"date":"2025-03-19T00:00:00","commitResults":[{"hash":"a8c60c6dc6590d571ac4cd90c33bbe633d287cd0","isMergeCommit":false,"messageTitle":"Add test files for ViewCommand and ViewCommandParser","messageBody":"","fileTypesAndContributionMap":{"test-code":{"insertions":8,"deletions":0}}},{"hash":"99c8c3b1292d478fb865e6297c2e7c21d26af013","isMergeCommit":false,"messageTitle":"Modified view commands for tests","messageBody":"","fileTypesAndContributionMap":{"functional-code":{"insertions":13,"deletions":4},"test-code":{"insertions":119,"deletions":1}}},{"hash":"524a4ad0bfe7b0f54fb4c73fc21686175c85caac","isMergeCommit":false,"messageTitle":"refromatting with eof issue","messageBody":"","fileTypesAndContributionMap":{"test-code":{"insertions":1,"deletions":1}}},{"hash":"2c7c887326653ed67853e86449190c7216ea2398","isMergeCommit":false,"messageTitle":"Resolve checkstyle issues","messageBody":"","fileTypesAndContributionMap":{"test-code":{"insertions":0,"deletions":5}}},{"hash":"7464c6bac0b03c156d896dcb89e09613626d5c16","isMergeCommit":false,"messageTitle":"Resolve more style issues","messageBody":"","fileTypesAndContributionMap":{"test-code":{"insertions":5,"deletions":5}}},{"hash":"a9e81859ed287b8a57ae2a5fa917ba29393f7c7c","isMergeCommit":true,"messageTitle":"Merge pull request #44 from subiloble/branch-test-view","messageBody":"Add test files for view command and parser","fileTypesAndContributionMap":{}},{"hash":"a833d67fe7fe1706ca2ea0e6152384ad6031b755","isMergeCommit":false,"messageTitle":"Fix tests for mentorstack parser and person","messageBody":"","fileTypesAndContributionMap":{"test-code":{"insertions":2,"deletions":2}}},{"hash":"b3a87d5e0f92cd227382a914a8d88cb429234697","isMergeCommit":false,"messageTitle":"Update tests for Json","messageBody":"","fileTypesAndContributionMap":{"test-code":{"insertions":1,"deletions":1}}},{"hash":"2f38e21d31d06d5efbfa64adbb895fc25c154be9","isMergeCommit":false,"messageTitle":"Further bug fix for mentorstack data file path","messageBody":"","fileTypesAndContributionMap":{"test-code":{"insertions":1,"deletions":1}}},{"hash":"23a2875d65c8632645ee02cfde46fdac77c57339","isMergeCommit":true,"messageTitle":"Merge pull request #46 from subiloble/branch-test-fix","messageBody":"Fix tests for mentorstack parser, person and all json","fileTypesAndContributionMap":{}}]},{"date":"2025-03-20T00:00:00","commitResults":[{"hash":"dcf29920eb35d7bf728a457f22882b474a548a47","isMergeCommit":false,"messageTitle":"edit doc for mvp version","messageBody":"","fileTypesAndContributionMap":{"docs":{"insertions":1,"deletions":26}}},{"hash":"07958e131654b678153fac8505271c35efdaada5","isMergeCommit":true,"messageTitle":"Merge pull request #57 from subiloble/branch-doc-edit","messageBody":"edit doc for mvp version","fileTypesAndContributionMap":{}}]},{"date":"2025-03-24T00:00:00","commitResults":[{"hash":"b4353d478c05a4bff064625f0c7279e6bdc10912","isMergeCommit":false,"messageTitle":"Add undo command","messageBody":"","fileTypesAndContributionMap":{"functional-code":{"insertions":52,"deletions":0}}},{"hash":"52cbb610d822d72c11f1ba6944517d56426a3e9e","isMergeCommit":false,"messageTitle":"Update tests for undo","messageBody":"","fileTypesAndContributionMap":{"functional-code":{"insertions":4,"deletions":1},"test-code":{"insertions":55,"deletions":0}}},{"hash":"af6349e8f26d9a1c81af45b6c41aefcef2d790b1","isMergeCommit":false,"messageTitle":"Update test coverage for command parser","messageBody":"","fileTypesAndContributionMap":{"test-code":{"insertions":14,"deletions":0}}},{"hash":"dfe0f6c25a9af1f99894f8c20aa53e4720dd5ce7","isMergeCommit":true,"messageTitle":"Merge pull request #64 from subiloble/branch-undo","messageBody":"Add undo command","fileTypesAndContributionMap":{}},{"hash":"5d8504805f1937d369c49a5dc9cb607b08d5c6e6","isMergeCommit":false,"messageTitle":"update view command to enable multiple filters","messageBody":"","fileTypesAndContributionMap":{"functional-code":{"insertions":19,"deletions":9}}},{"hash":"c0a05b9cb5a5a813efc21d4409610560a6bf5cc6","isMergeCommit":false,"messageTitle":"Checkstyle changes","messageBody":"","fileTypesAndContributionMap":{"functional-code":{"insertions":2,"deletions":1}}},{"hash":"ff5c72f8b9d22822dbde48bc09a37499ccc609d5","isMergeCommit":false,"messageTitle":"Update to pass checkstyle","messageBody":"","fileTypesAndContributionMap":{"functional-code":{"insertions":2,"deletions":2}}}]},{"date":"2025-03-25T00:00:00","commitResults":[{"hash":"9630cb1a4cdde88ba5d7f16819b1b5ff2316bc0e","isMergeCommit":true,"messageTitle":"Merge pull request #66 from subiloble/branch-view-multiple","messageBody":"update view command to enable multiple filters","fileTypesAndContributionMap":{}}]},{"date":"2025-03-27T00:00:00","commitResults":[{"hash":"da09c2643141b98b99c1975232e7d8372a4aa168","isMergeCommit":false,"messageTitle":"Update view to enable filter by gender","messageBody":"","fileTypesAndContributionMap":{"functional-code":{"insertions":2,"deletions":0}}},{"hash":"a9f19a6cb428fbbd7d82c449fcc7e5a4114a4e87","isMergeCommit":true,"messageTitle":"Merge pull request #82 from subiloble/branch-view-by-gender","messageBody":"Update view to enable filter by gender","fileTypesAndContributionMap":{}},{"hash":"5dd4afd7b9f7da52ba96ebabfd75519c35724adc","isMergeCommit":false,"messageTitle":"test filter predicate","messageBody":"","fileTypesAndContributionMap":{"test-code":{"insertions":69,"deletions":0}}},{"hash":"e8d4605ecfeb67d6fa3380cae27db274d181b1d7","isMergeCommit":false,"messageTitle":"update checkstyle","messageBody":"","fileTypesAndContributionMap":{"test-code":{"insertions":18,"deletions":8}}},{"hash":"e5554c8fc76fbafe550bcd30a696696d0786cf1f","isMergeCommit":false,"messageTitle":"update more checkstyle","messageBody":"","fileTypesAndContributionMap":{"test-code":{"insertions":4,"deletions":2}}},{"hash":"4bf288cdd545f13da0955332655478a11264f75d","isMergeCommit":false,"messageTitle":"Update import statements","messageBody":"","fileTypesAndContributionMap":{"test-code":{"insertions":12,"deletions":2}}},{"hash":"3c615b684947b1f08e779fa42dddaa09ab656746","isMergeCommit":false,"messageTitle":"Update checkstyles","messageBody":"","fileTypesAndContributionMap":{"test-code":{"insertions":4,"deletions":4}}},{"hash":"d742d98ba524cb3468aa1c5e20e18aafd15e345b","isMergeCommit":false,"messageTitle":"Update more imports","messageBody":"","fileTypesAndContributionMap":{"test-code":{"insertions":2,"deletions":1}}},{"hash":"ca2e4f3ad067781082d2070008bbd21f50740f53","isMergeCommit":false,"messageTitle":"Update more imports","messageBody":"","fileTypesAndContributionMap":{"test-code":{"insertions":5,"deletions":5}}},{"hash":"f3ea4dc2671234785299b2d0695b2fb7d9b5b2e8","isMergeCommit":true,"messageTitle":"Merge pull request #84 from subiloble/branch-more-tests","messageBody":"test filter predicate","fileTypesAndContributionMap":{}}]},{"date":"2025-03-31T00:00:00","commitResults":[{"hash":"7ba9d339246869635b4f15283a8b004686a9d170","isMergeCommit":false,"messageTitle":"Update user guide","messageBody":"","fileTypesAndContributionMap":{"docs":{"insertions":5,"deletions":3}}},{"hash":"8171278690a7c4314f4945c39897fe9c00538a66","isMergeCommit":false,"messageTitle":"Update undo command","messageBody":"","fileTypesAndContributionMap":{"functional-code":{"insertions":1,"deletions":0}}},{"hash":"34871da9908661b9d8266e03260b47ff773ca0a9","isMergeCommit":false,"messageTitle":"Update assert statement","messageBody":"","fileTypesAndContributionMap":{"functional-code":{"insertions":1,"deletions":1}}},{"hash":"16192e1165ea9964da5cdb5944d30aafc316bbca","isMergeCommit":false,"messageTitle":"Update checkstyle","messageBody":"","fileTypesAndContributionMap":{"functional-code":{"insertions":1,"deletions":1}}},{"hash":"e182b204c7da9917bcc7b28884dc24a82a199ba5","isMergeCommit":true,"messageTitle":"Merge pull request #92 from subiloble/branch-user-guide","messageBody":"Update user guide","fileTypesAndContributionMap":{}},{"hash":"81410f986e3fbdbdd60cfdf42adacf6da0537d39","isMergeCommit":true,"messageTitle":"Merge pull request #93 from subiloble/branch-improve-undo-assert","messageBody":"Update undo command","fileTypesAndContributionMap":{}},{"hash":"b684976050e4d05fa2700462e03f5f2b902c6c3f","isMergeCommit":false,"messageTitle":"Update filter logic","messageBody":"","fileTypesAndContributionMap":{"functional-code":{"insertions":2,"deletions":2}}},{"hash":"01a15dda8b783b02a642efd9b6d51eb1a2d012d0","isMergeCommit":false,"messageTitle":"Update user guide","messageBody":"","fileTypesAndContributionMap":{"docs":{"insertions":1,"deletions":1}}},{"hash":"b9d2a097084f1998a8cc122c73b832ab1c58b761","isMergeCommit":true,"messageTitle":"Merge pull request #96 from subiloble/branch-bug-fix-phone-email","messageBody":"Update filter logic","fileTypesAndContributionMap":{}},{"hash":"dd79a42af4bf5f5ee93b349a30c4a7756b76b5a7","isMergeCommit":false,"messageTitle":"Update view to fix alpha bug about archived status","messageBody":"","fileTypesAndContributionMap":{"functional-code":{"insertions":4,"deletions":17},"docs":{"insertions":4,"deletions":3},"test-code":{"insertions":9,"deletions":0}}},{"hash":"fd28ac22776cda688147b6de386c69d415e513e7","isMergeCommit":false,"messageTitle":"More tests","messageBody":"","fileTypesAndContributionMap":{"test-code":{"insertions":10,"deletions":1}}},{"hash":"7c2d4a41e8ede84379b927035d7e6405ae2c1140","isMergeCommit":false,"messageTitle":"Update user guide","messageBody":"","fileTypesAndContributionMap":{"docs":{"insertions":1,"deletions":1}}},{"hash":"1ede343814c6ee6fba80351dde19d8a81341aeae","isMergeCommit":true,"messageTitle":"Merge pull request #100 from subiloble/branch-view-archive","messageBody":"Update view to fix alpha bug about archived status","fileTypesAndContributionMap":{}},{"hash":"d5ed18e603c6264da95edde83901a740e17f417d","isMergeCommit":false,"messageTitle":"Fix undo multiple","messageBody":"","fileTypesAndContributionMap":{"functional-code":{"insertions":23,"deletions":4}}},{"hash":"6453d50a297e6581a1702f31173c24ee4ee078f0","isMergeCommit":false,"messageTitle":"Update checkstyle","messageBody":"","fileTypesAndContributionMap":{"functional-code":{"insertions":2,"deletions":2}}},{"hash":"971207a47cd3d26f200d8d0d21be28eb6cb921eb","isMergeCommit":false,"messageTitle":"Fix tests","messageBody":"","fileTypesAndContributionMap":{"test-code":{"insertions":4,"deletions":1}}},{"hash":"948d7c3d344d09f84e44fab6e89e612d4fdd3d10","isMergeCommit":false,"messageTitle":"Fix checkstyle import","messageBody":"","fileTypesAndContributionMap":{"test-code":{"insertions":0,"deletions":1}}},{"hash":"aa2540b38166d185e6965464afbfb1df381df7f2","isMergeCommit":false,"messageTitle":"Update User Guide.","messageBody":"","fileTypesAndContributionMap":{"docs":{"insertions":2,"deletions":1}}},{"hash":"d09d5ab71d70d8c54dcd791b87f3757679da3383","isMergeCommit":true,"messageTitle":"Merge pull request #101 from subiloble/branch-undo-multiple","messageBody":"Fix undo multiple","fileTypesAndContributionMap":{}}]},{"date":"2025-04-03T00:00:00","commitResults":[{"hash":"d9377911af0afbc39d9fc5d9aaba7768fd3b5f14","isMergeCommit":false,"messageTitle":"Update undo implementation","messageBody":"","fileTypesAndContributionMap":{"docs":{"insertions":44,"deletions":70}}},{"hash":"339b0237fd8ddbb5775ae4425b8d13a9d0c3e583","isMergeCommit":false,"messageTitle":"Update checkstyle","messageBody":"","fileTypesAndContributionMap":{"docs":{"insertions":1,"deletions":1}}},{"hash":"b87693a3965ecf637ae6eb764b2ae6a74ef35fa2","isMergeCommit":true,"messageTitle":"Merge pull request #142 from subiloble/branch-developer-guide","messageBody":"Update undo implementation","fileTypesAndContributionMap":{}},{"hash":"4c0cbb0b81194a13f6bb2633608afaa9ce206061","isMergeCommit":false,"messageTitle":"Update use cases and fix bugs","messageBody":"","fileTypesAndContributionMap":{"docs":{"insertions":68,"deletions":4}}},{"hash":"52facaf3e712b9bf22e2218cdbde067ffbb496d9","isMergeCommit":true,"messageTitle":"Merge pull request #143 from subiloble/branch-developer-guide-use-case","messageBody":"Update use cases and fix bugs","fileTypesAndContributionMap":{}},{"hash":"b19043f435e1a4097e12cd4fade88cdf32960ff7","isMergeCommit":false,"messageTitle":"Update minor changes.","messageBody":"","fileTypesAndContributionMap":{"docs":{"insertions":18,"deletions":19}}},{"hash":"230e2ebcb1bf1513081a63143fd9c81740e75ba2","isMergeCommit":true,"messageTitle":"Merge pull request #145 from subiloble/branch-dev-minor","messageBody":"Update minor changes.","tags":["v1.5"],"fileTypesAndContributionMap":{}}]},{"date":"2025-04-05T00:00:00","commitResults":[{"hash":"a471680a1f7716189901cd9b5f639e4f3e98c427","isMergeCommit":false,"messageTitle":"Update some guides about undo and view","messageBody":"","fileTypesAndContributionMap":{"docs":{"insertions":14,"deletions":6}}},{"hash":"12aee4d5c6aea140bcd0397780226a4bbea1ffac","isMergeCommit":true,"messageTitle":"Merge pull request #215 from subiloble/branch-update-guides","messageBody":"Update some guides about undo and view","fileTypesAndContributionMap":{}},{"hash":"a1410662e5e0bc1fd6a007692a18ff8e65da1b5c","isMergeCommit":false,"messageTitle":"Update guides with minor change","messageBody":"","fileTypesAndContributionMap":{"docs":{"insertions":1,"deletions":1}}},{"hash":"92c6d87f8fafac3274619a3cbb705fe2f24c361e","isMergeCommit":true,"messageTitle":"Merge pull request #216 from subiloble/branch-minor-new-change-guide","messageBody":"Update guides with minor change","fileTypesAndContributionMap":{}},{"hash":"cf5f1f23cc71c13c7f347636d0b673f224521f2c","isMergeCommit":false,"messageTitle":"Add screenshots","messageBody":"","fileTypesAndContributionMap":{"docs":{"insertions":4,"deletions":0}}},{"hash":"10a2d57fac3443eb228e6d6e248b7fae62f21fcc","isMergeCommit":true,"messageTitle":"Merge pull request #217 from subiloble/branch-screenshot","messageBody":"Add screenshots","fileTypesAndContributionMap":{}}]}],"SheYuting":[{"date":"2025-03-06T00:00:00","commitResults":[{"hash":"d6a6e412272ebd9535a436cdba26bd89e6bc8b0e","isMergeCommit":false,"messageTitle":"Update AboutUs page and portfolio Yuting","messageBody":"","fileTypesAndContributionMap":{"docs":{"insertions":6,"deletions":6}}},{"hash":"da0670476b8c9080150ba713f2a64a33c5f854bd","isMergeCommit":true,"messageTitle":"Merge branch \u0027master\u0027 into branch-update-aboutus","messageBody":"","fileTypesAndContributionMap":{}},{"hash":"2eca58b9a91050f28b473af9936a36a97618c387","isMergeCommit":true,"messageTitle":"Merge pull request #19 from SheYuting/branch-update-aboutus","messageBody":"Update AboutUs page and portfolio Yuting","fileTypesAndContributionMap":{}}]},{"date":"2025-03-12T00:00:00","commitResults":[{"hash":"ad670db9f8397008dd51e61cc59c5a171cd207e4","isMergeCommit":false,"messageTitle":"Rename addressbook to mentorstack","messageBody":"","fileTypesAndContributionMap":{"other":{"insertions":828,"deletions":828},"docs":{"insertions":5,"deletions":5},"test-code":{"insertions":3,"deletions":3}}}]},{"date":"2025-03-13T00:00:00","commitResults":[{"hash":"dfe416be1518015b95cfad0a963d0253773160d4","isMergeCommit":false,"messageTitle":"Add add and delete command","messageBody":"","fileTypesAndContributionMap":{"functional-code":{"insertions":198,"deletions":153},"other":{"insertions":11,"deletions":10}}},{"hash":"36f9eee148fd95cf00aedbe7a26df0c6f98ecf46","isMergeCommit":false,"messageTitle":"Correct formats","messageBody":"","fileTypesAndContributionMap":{"functional-code":{"insertions":38,"deletions":27}}},{"hash":"40825d257c9f866a585f3064a625db9ffd40358c","isMergeCommit":false,"messageTitle":"Update checkstyle","messageBody":"","fileTypesAndContributionMap":{"functional-code":{"insertions":11,"deletions":10}}},{"hash":"1a056027ae2fa89277ed4dad4c0c0cafff695744","isMergeCommit":false,"messageTitle":"Add line separator","messageBody":"","fileTypesAndContributionMap":{"functional-code":{"insertions":2,"deletions":1}}},{"hash":"8205ca501b80a67359e9e470a154582e10798d8a","isMergeCommit":false,"messageTitle":"Delete line separator","messageBody":"","fileTypesAndContributionMap":{"functional-code":{"insertions":0,"deletions":2}}},{"hash":"646d9b0a8dc139358de941bf7d288789046a56d0","isMergeCommit":false,"messageTitle":"Update command tests","messageBody":"","fileTypesAndContributionMap":{"other":{"insertions":13,"deletions":13},"test-code":{"insertions":172,"deletions":246}}},{"hash":"c60df0a6c568db55339cd1e4f00609d63721b8b8","isMergeCommit":false,"messageTitle":"Remove address in personlistcard","messageBody":"","fileTypesAndContributionMap":{"functional-code":{"insertions":0,"deletions":1}}},{"hash":"e5d63730b6419227acd75320643c9af8a65d8eb6","isMergeCommit":false,"messageTitle":"Reset Delete command","messageBody":"","fileTypesAndContributionMap":{"functional-code":{"insertions":14,"deletions":23}}},{"hash":"29d30a97683d21c3a9d779a4965b66d320bc605d","isMergeCommit":false,"messageTitle":"Reset delete parser and parser tests","messageBody":"","fileTypesAndContributionMap":{"functional-code":{"insertions":11,"deletions":6},"test-code":{"insertions":19,"deletions":17}}},{"hash":"ddc4fdf7e4461716c3978b0e6950bbcc6c41d24c","isMergeCommit":false,"messageTitle":"Update classes according to checkstyle","messageBody":"","fileTypesAndContributionMap":{"test-code":{"insertions":7,"deletions":6}}},{"hash":"04a13888651f6e1522a9968d3287c6024dc9bb06","isMergeCommit":false,"messageTitle":"Update command word","messageBody":"","fileTypesAndContributionMap":{"functional-code":{"insertions":1,"deletions":1},"test-code":{"insertions":5,"deletions":5}}},{"hash":"21b1afe18c532d956cb99c2af0c41e1baba83c16","isMergeCommit":true,"messageTitle":"Merge branch \u0027branch-add-command\u0027","messageBody":"# Conflicts:\n#\tsrc/test/java/seedu/mentorstack/logic/commands/DeleteCommandTest.java\n","fileTypesAndContributionMap":{}},{"hash":"d0ac860e2929ebddfa80523756f456f1ec2e9ae8","isMergeCommit":false,"messageTitle":"Fix checkstyle issues","messageBody":"","fileTypesAndContributionMap":{"functional-code":{"insertions":0,"deletions":3},"test-code":{"insertions":1,"deletions":95}}},{"hash":"a5b583e720faaff4d7f39fcc979bc005516d4955","isMergeCommit":true,"messageTitle":"Merge branch \u0027AY2425S2-CS2103-W11-1:master\u0027 into master","messageBody":"","fileTypesAndContributionMap":{}},{"hash":"b0d781af18beca8e0a68fab33012122581ae747e","isMergeCommit":true,"messageTitle":"Merge branch \u0027branch-checkstyle\u0027","messageBody":"","fileTypesAndContributionMap":{}}]},{"date":"2025-03-19T00:00:00","commitResults":[{"hash":"c7fd104c2a6460eb9053515bd521fd7e1c198060","isMergeCommit":false,"messageTitle":"Allow delete multiple indices","messageBody":"","fileTypesAndContributionMap":{"functional-code":{"insertions":26,"deletions":15}}},{"hash":"77dd057fa155d220db234bdcc8fc7cdae4abcdfd","isMergeCommit":false,"messageTitle":"Update tests","messageBody":"","fileTypesAndContributionMap":{"test-code":{"insertions":38,"deletions":11}}},{"hash":"0b86be384c0deda0163c049f18d3e300d13be97a","isMergeCommit":false,"messageTitle":"Fix missing functions","messageBody":"","fileTypesAndContributionMap":{"functional-code":{"insertions":15,"deletions":2}}},{"hash":"1dc72d4537b2568540467576051f77ba62a802db","isMergeCommit":false,"messageTitle":"Fix checkstyle issues","messageBody":"","fileTypesAndContributionMap":{"functional-code":{"insertions":2,"deletions":2}}},{"hash":"3894f86b382adb48a6cecab906479a9e88f3bac9","isMergeCommit":false,"messageTitle":"Fix some CovTests","messageBody":"","fileTypesAndContributionMap":{"test-code":{"insertions":3,"deletions":3}}},{"hash":"91903a378688fb397851418749b8e027ff960f1b","isMergeCommit":false,"messageTitle":"Add more changes to AddCommandParserTest","messageBody":"","fileTypesAndContributionMap":{"test-code":{"insertions":1,"deletions":1}}}]},{"date":"2025-03-20T00:00:00","commitResults":[{"hash":"c241f96694479a0d3d92b118f69783f576b9adef","isMergeCommit":false,"messageTitle":"Update UserGuide","messageBody":"","fileTypesAndContributionMap":{"docs":{"insertions":13,"deletions":14}}},{"hash":"e9ce97d5eeb7f6b49785a86b9440e4c2e681139d","isMergeCommit":true,"messageTitle":"Merge pull request #59 from SheYuting/branch-user-guide-yt","messageBody":"Update UserGuide for add and delete command","fileTypesAndContributionMap":{}}]},{"date":"2025-03-25T00:00:00","commitResults":[{"hash":"ae87aa05d1d97f10ba7cb9ec608b46800ca95695","isMergeCommit":false,"messageTitle":"Modify delete command","messageBody":"","fileTypesAndContributionMap":{"functional-code":{"insertions":6,"deletions":0}}},{"hash":"e083500ae43c3165400b33e1101278add1692e9e","isMergeCommit":false,"messageTitle":"Fix checkstyle","messageBody":"","fileTypesAndContributionMap":{"functional-code":{"insertions":1,"deletions":0}}},{"hash":"00042a9885ac8af501a3eddf0954cd9555850bab","isMergeCommit":false,"messageTitle":"Fix checkstyle issues","messageBody":"","fileTypesAndContributionMap":{"functional-code":{"insertions":0,"deletions":1}}},{"hash":"b126c4e6f3ba8e134d42d4241a09b090cadd817c","isMergeCommit":true,"messageTitle":"Merge pull request #67 from SheYuting/branch-delete-command","messageBody":"Branch delete command","fileTypesAndContributionMap":{}},{"hash":"df2aff59736141a0063cb85e2adb7d69df562447","isMergeCommit":false,"messageTitle":"Include gender section","messageBody":"","fileTypesAndContributionMap":{"functional-code":{"insertions":166,"deletions":20},"test-code":{"insertions":176,"deletions":33}}},{"hash":"f3dc07daa523ebc36ee31c598283515bb9df2a17","isMergeCommit":false,"messageTitle":"Update tests","messageBody":"","fileTypesAndContributionMap":{"test-code":{"insertions":31,"deletions":26}}},{"hash":"ec3562bd05d8557f74aa47dc81f0369dff921886","isMergeCommit":false,"messageTitle":"Remove unused imports","messageBody":"","fileTypesAndContributionMap":{"test-code":{"insertions":0,"deletions":1}}},{"hash":"197cfdc36ba77b980c1000283be1ea4bc7575107","isMergeCommit":false,"messageTitle":"Modify tests","messageBody":"","fileTypesAndContributionMap":{"test-code":{"insertions":9,"deletions":4}}},{"hash":"85bf687d3d157cd11f47d4258d44e6cad2907b32","isMergeCommit":false,"messageTitle":"Fix more tests","messageBody":"","fileTypesAndContributionMap":{"test-code":{"insertions":3,"deletions":2}}},{"hash":"bfea2872a7779b10b672ced606b75c4c974a92a9","isMergeCommit":true,"messageTitle":"Merge pull request #69 from SheYuting/branch-add-gender","messageBody":"Include gender section","fileTypesAndContributionMap":{}},{"hash":"0a190b91660c4494b94020dbecfe79dceb47b0a7","isMergeCommit":false,"messageTitle":"Add stats command","messageBody":"","fileTypesAndContributionMap":{"functional-code":{"insertions":111,"deletions":1},"test-code":{"insertions":136,"deletions":0}}}]},{"date":"2025-03-26T00:00:00","commitResults":[{"hash":"9cd30e7db12403189c13215ae8b9f31912f2d057","isMergeCommit":false,"messageTitle":"Update tests","messageBody":"","fileTypesAndContributionMap":{"functional-code":{"insertions":15,"deletions":0},"test-code":{"insertions":5,"deletions":7}}},{"hash":"1c8473bdf82e88aaf73d0cdcdc63e660ed6d0922","isMergeCommit":false,"messageTitle":"Remove redundant tests","messageBody":"","fileTypesAndContributionMap":{"test-code":{"insertions":0,"deletions":15}}},{"hash":"9436ba40d5f36fba3cf2e7a4203d6b0ae5837f4b","isMergeCommit":true,"messageTitle":"Merge pull request #74 from SheYuting/branch-stats-command","messageBody":"Add stats command","fileTypesAndContributionMap":{}}]},{"date":"2025-03-27T00:00:00","commitResults":[{"hash":"89202c11701468324768aaf744612e53ffc57abb","isMergeCommit":false,"messageTitle":"Update mistake report","messageBody":"","fileTypesAndContributionMap":{"functional-code":{"insertions":20,"deletions":9}}},{"hash":"bee83f74b601290ceaaa12dc5cf701ef38faca81","isMergeCommit":false,"messageTitle":"Fix checkstyle","messageBody":"","fileTypesAndContributionMap":{"functional-code":{"insertions":3,"deletions":4}}},{"hash":"60ff94b51204ad52a042c5ab7bcc8714e4072801","isMergeCommit":false,"messageTitle":"Fix failing tests","messageBody":"","fileTypesAndContributionMap":{"functional-code":{"insertions":5,"deletions":1}}},{"hash":"4a028248f1b1e91d57d8dc2bb8713f84a4caddc9","isMergeCommit":true,"messageTitle":"Merge pull request #81 from SheYuting/branch-stats-command","messageBody":"Update Stats command mistake reporting issues","fileTypesAndContributionMap":{}}]},{"date":"2025-03-31T00:00:00","commitResults":[{"hash":"40243d00ee91b5219029437e377d371539791f4f","isMergeCommit":false,"messageTitle":"Fix wording problems","messageBody":"","fileTypesAndContributionMap":{"functional-code":{"insertions":1,"deletions":1}}}]},{"date":"2025-04-01T00:00:00","commitResults":[{"hash":"20b60d406b6344327916917fc27afa3678b7ec0a","isMergeCommit":false,"messageTitle":"Change to the userguide","messageBody":"","fileTypesAndContributionMap":{"docs":{"insertions":5,"deletions":2}}},{"hash":"730976a01455136f37e7dd881ce2b10e48bcca7e","isMergeCommit":true,"messageTitle":"Merge pull request #111 from SheYuting/branch-fix-bug","messageBody":"Fix wording problems","fileTypesAndContributionMap":{}},{"hash":"e35e011aee42db971cea7883b6dcb9a79129f01a","isMergeCommit":true,"messageTitle":"Merge pull request #112 from SheYuting/branch-user-guide","messageBody":"Minor change to the UserGuide","fileTypesAndContributionMap":{}},{"hash":"87f0243f56cb03b0fd0e320d0a813c07607840a0","isMergeCommit":false,"messageTitle":"Update UML diagram","messageBody":"","fileTypesAndContributionMap":{"docs":{"insertions":47,"deletions":51}}},{"hash":"cebc3d7ebbd9146fcca82955c544cae9d8bae342","isMergeCommit":true,"messageTitle":"Merge pull request #118 from SheYuting/branch-UML-diagram","messageBody":"Update UML diagram","fileTypesAndContributionMap":{}},{"hash":"9779f639f414a0a4da7cd4a5f04d71d3fa4f4757","isMergeCommit":false,"messageTitle":"Rename AB to Mentorstack","messageBody":"","fileTypesAndContributionMap":{"docs":{"insertions":20,"deletions":24}}}]},{"date":"2025-04-02T00:00:00","commitResults":[{"hash":"220d941c5609c1b41e58e3a0c4d80f926f4199cb","isMergeCommit":true,"messageTitle":"Merge pull request #120 from SheYuting/branch-UML-diagram","messageBody":"Update Stats Command UML \u0026 DeveloperGuide with UML diagrams","fileTypesAndContributionMap":{}},{"hash":"f7c7f2698068ebc1f077bae3b5921ad72264da7c","isMergeCommit":false,"messageTitle":"Update Stats UML","messageBody":"","fileTypesAndContributionMap":{"docs":{"insertions":102,"deletions":1}}},{"hash":"47b4ebba713b306f30c3c79570d6ef66e8f2663f","isMergeCommit":true,"messageTitle":"Merge pull request #123 from SheYuting/branch-UML-diagram","messageBody":"Update Stats UML","fileTypesAndContributionMap":{}}]},{"date":"2025-04-03T00:00:00","commitResults":[{"hash":"669dd8ef52858b377d465256f2df4f88be62b3db","isMergeCommit":false,"messageTitle":"Update add command with logging","messageBody":"","fileTypesAndContributionMap":{"functional-code":{"insertions":11,"deletions":1}}},{"hash":"0617781d884e0b2d3252706e3a17eb517e8b49f9","isMergeCommit":false,"messageTitle":"Update delete command with logging","messageBody":"","fileTypesAndContributionMap":{"functional-code":{"insertions":15,"deletions":6}}},{"hash":"1082e1c50d8576806704f27f722d5c4f09b11f06","isMergeCommit":false,"messageTitle":"Update stats command with logging","messageBody":"","fileTypesAndContributionMap":{"functional-code":{"insertions":17,"deletions":2}}},{"hash":"13e2baeac3364715bef65184be5525f2e91d0f94","isMergeCommit":false,"messageTitle":"Add Logging for AddCommandParser","messageBody":"","fileTypesAndContributionMap":{"functional-code":{"insertions":11,"deletions":3}}},{"hash":"c27a75274acf03f2bac845336876a710d3360494","isMergeCommit":false,"messageTitle":"Add Logging for DeleteCommandParser","messageBody":"","fileTypesAndContributionMap":{"functional-code":{"insertions":10,"deletions":4}}},{"hash":"89978cfa086cc51f2598a019476a7f8247646d2b","isMergeCommit":false,"messageTitle":"Add Logging for StatsCommandParser","messageBody":"","fileTypesAndContributionMap":{"functional-code":{"insertions":13,"deletions":4}}},{"hash":"a0501674ae8d7f160c884df2903633ef9e6c1548","isMergeCommit":false,"messageTitle":"Fix checkstyle","messageBody":"","fileTypesAndContributionMap":{"functional-code":{"insertions":15,"deletions":2}}},{"hash":"92ee4b88c70470380249cd94606ea318678a10ba","isMergeCommit":true,"messageTitle":"Merge branch \u0027master\u0027 into branch-logging","messageBody":"","fileTypesAndContributionMap":{}},{"hash":"74a078fe4247a699b3b1b4629fafc0026a35ea0a","isMergeCommit":false,"messageTitle":"Fix delete command test","messageBody":"","fileTypesAndContributionMap":{"test-code":{"insertions":4,"deletions":1}}},{"hash":"36867aa28728782f3ad82d301689c70256ce9344","isMergeCommit":false,"messageTitle":"Update tests","messageBody":"","fileTypesAndContributionMap":{"test-code":{"insertions":1,"deletions":1}}},{"hash":"48db4423f40963b88d03d008481fa48073d23134","isMergeCommit":true,"messageTitle":"Merge branch \u0027master\u0027 into branch-logging","messageBody":"# Conflicts:\n#\tsrc/main/java/seedu/mentorstack/logic/parser/AddCommandParser.java\n#\tsrc/main/java/seedu/mentorstack/logic/parser/DeleteCommandParser.java\n#\tsrc/main/java/seedu/mentorstack/logic/parser/StatsCommandParser.java\n","fileTypesAndContributionMap":{}},{"hash":"17533bc651bb40480e7bde53112269bd1a811baa","isMergeCommit":true,"messageTitle":"Merge pull request #133 from SheYuting/branch-logging","messageBody":"Branch logging","fileTypesAndContributionMap":{}}]},{"date":"2025-04-04T00:00:00","commitResults":[{"hash":"d8b4b247a8c427d55e1752c4c464b7d7b544d74e","isMergeCommit":false,"messageTitle":"Update UG","messageBody":"","fileTypesAndContributionMap":{"docs":{"insertions":3,"deletions":3}}},{"hash":"7192e127162ffaa19d82a5691c673da1a506947a","isMergeCommit":true,"messageTitle":"Merge pull request #146 from SheYuting/branch-UG","messageBody":"Update UG","fileTypesAndContributionMap":{}}]}],"zlllllr":[{"date":"2025-03-06T00:00:00","commitResults":[{"hash":"a2f82dd0224b252b4647e67c7cd0aa41f1158a84","isMergeCommit":false,"messageTitle":"Update aboutUs page and zlllllr.md","messageBody":"","fileTypesAndContributionMap":{"docs":{"insertions":6,"deletions":6}}},{"hash":"d7a81880862e6d74309a17fcfe61d746cc5db8a7","isMergeCommit":true,"messageTitle":"Merge pull request #16 from zlllllr/branch-update-aboutus","messageBody":"Update the AboutUs page Leran","fileTypesAndContributionMap":{}}]},{"date":"2025-03-13T00:00:00","commitResults":[{"hash":"108d1d854c54085f898c9d2f0e224cbf367a1a9a","isMergeCommit":false,"messageTitle":"Update package name","messageBody":"","fileTypesAndContributionMap":{"other":{"insertions":770,"deletions":770},"docs":{"insertions":5,"deletions":5},"test-code":{"insertions":3,"deletions":3}}},{"hash":"d13a6ce8f61e65071c75e824ebb5e349251cf88b","isMergeCommit":false,"messageTitle":"add support for searching using part of the name","messageBody":"","fileTypesAndContributionMap":{"functional-code":{"insertions":16,"deletions":1}}},{"hash":"7f0efe377d1f103437c28744f26c303dc5020d67","isMergeCommit":false,"messageTitle":"Add javadoc for StringUtil.containsPartialWordIgnoreCase","messageBody":"","fileTypesAndContributionMap":{"functional-code":{"insertions":11,"deletions":0}}},{"hash":"ae8b782e99a0c7fe40aaacb23865bea7a9a1cc23","isMergeCommit":true,"messageTitle":"Merge branch \u0027master\u0027 into branch-add-search-command","messageBody":"# Conflicts:\n#\tsrc/main/java/seedu/address/logic/parser/AddressBookParser.java\n#\tsrc/main/java/seedu/address/model/AddressBook.java\n#\tsrc/main/java/seedu/address/model/ReadOnlyAddressBook.java\n#\tsrc/main/java/seedu/address/storage/JsonAdaptedTag.java\n#\tsrc/main/java/seedu/mentorstack/MainApp.java\n#\tsrc/main/java/seedu/mentorstack/logic/Logic.java\n#\tsrc/main/java/seedu/mentorstack/logic/LogicManager.java\n#\tsrc/main/java/seedu/mentorstack/logic/commands/AddCommand.java\n#\tsrc/main/java/seedu/mentorstack/logic/commands/ClearCommand.java\n#\tsrc/main/java/seedu/mentorstack/logic/commands/DeleteCommand.java\n#\tsrc/main/java/seedu/mentorstack/logic/commands/EditCommand.java\n#\tsrc/main/java/seedu/mentorstack/logic/parser/AddCommandParser.java\n#\tsrc/main/java/seedu/mentorstack/logic/parser/AddressBookParser.java\n#\tsrc/main/java/seedu/mentorstack/logic/parser/DeleteCommandParser.java\n#\tsrc/main/java/seedu/mentorstack/logic/parser/EditCommandParser.java\n#\tsrc/main/java/seedu/mentorstack/logic/parser/MentorstackParser.java\n#\tsrc/main/java/seedu/mentorstack/logic/parser/ParserUtil.java\n#\tsrc/main/java/seedu/mentorstack/model/AddressBook.java\n#\tsrc/main/java/seedu/mentorstack/model/Mentorstack.java\n#\tsrc/main/java/seedu/mentorstack/model/ReadOnlyAddressBook.java\n#\tsrc/main/java/seedu/mentorstack/model/ReadOnlyMentorstack.java\n#\tsrc/main/java/seedu/mentorstack/model/person/Person.java\n#\tsrc/main/java/seedu/mentorstack/model/util/SampleDataUtil.java\n#\tsrc/main/java/seedu/mentorstack/storage/AddressBookStorage.java\n#\tsrc/main/java/seedu/mentorstack/storage/JsonAdaptedPerson.java\n#\tsrc/main/java/seedu/mentorstack/storage/JsonAdaptedSubjects.java\n#\tsrc/main/java/seedu/mentorstack/storage/JsonAdaptedTag.java\n#\tsrc/main/java/seedu/mentorstack/storage/JsonAddressBookStorage.java\n#\tsrc/main/java/seedu/mentorstack/storage/JsonSerializableAddressBook.java\n#\tsrc/main/java/seedu/mentorstack/storage/Storage.java\n#\tsrc/main/java/seedu/mentorstack/storage/StorageManager.java\n#\tsrc/test/java/seedu/address/logic/parser/AddressBookParserTest.java\n#\tsrc/test/java/seedu/address/model/AddressBookTest.java\n#\tsrc/test/java/seedu/mentorstack/logic/LogicManagerTest.java\n#\tsrc/test/java/seedu/mentorstack/logic/commands/AddCommandTest.java\n#\tsrc/test/java/seedu/mentorstack/logic/commands/ClearCommandTest.java\n#\tsrc/test/java/seedu/mentorstack/logic/commands/CommandTestUtil.java\n#\tsrc/test/java/seedu/mentorstack/logic/commands/DeleteCommandTest.java\n#\tsrc/test/java/seedu/mentorstack/logic/commands/EditCommandTest.java\n#\tsrc/test/java/seedu/mentorstack/logic/commands/EditPersonDescriptorTest.java\n#\tsrc/test/java/seedu/mentorstack/logic/parser/AddCommandParserTest.java\n#\tsrc/test/java/seedu/mentorstack/logic/parser/AddressBookParserTest.java\n#\tsrc/test/java/seedu/mentorstack/logic/parser/DeleteCommandParserTest.java\n#\tsrc/test/java/seedu/mentorstack/logic/parser/EditCommandParserTest.java\n#\tsrc/test/java/seedu/mentorstack/logic/parser/MentorstackParserTest.java\n#\tsrc/test/java/seedu/mentorstack/model/AddressBookTest.java\n#\tsrc/test/java/seedu/mentorstack/model/MentorstackTest.java\n#\tsrc/test/java/seedu/mentorstack/model/person/PersonTest.java\n#\tsrc/test/java/seedu/mentorstack/model/person/UniquePersonListTest.java\n#\tsrc/test/java/seedu/mentorstack/storage/JsonAddressBookStorageTest.java\n#\tsrc/test/java/seedu/mentorstack/storage/JsonSerializableAddressBookTest.java\n#\tsrc/test/java/seedu/mentorstack/storage/StorageManagerTest.java\n#\tsrc/test/java/seedu/mentorstack/testutil/AddressBookBuilder.java\n#\tsrc/test/java/seedu/mentorstack/testutil/EditPersonDescriptorBuilder.java\n#\tsrc/test/java/seedu/mentorstack/testutil/PersonBuilder.java\n#\tsrc/test/java/seedu/mentorstack/testutil/PersonUtil.java\n#\tsrc/test/java/seedu/mentorstack/testutil/TypicalPersons.java\n","fileTypesAndContributionMap":{}},{"hash":"8a0f104986ef14d733e12b5ca5d26ae5dd8c8074","isMergeCommit":false,"messageTitle":"Fix bugs","messageBody":"","fileTypesAndContributionMap":{"functional-code":{"insertions":3,"deletions":115}}}]},{"date":"2025-03-19T00:00:00","commitResults":[{"hash":"a251ae67ad124d7792f91810af86d1646902e7a7","isMergeCommit":false,"messageTitle":"Fix bugs in EditPersonDescriptorTest","messageBody":"","fileTypesAndContributionMap":{"test-code":{"insertions":1,"deletions":1}}}]},{"date":"2025-03-20T00:00:00","commitResults":[{"hash":"a3eee2485113280cb10b2856bc89d2f09f12b567","isMergeCommit":false,"messageTitle":"Change inconsistent name and content","messageBody":"","fileTypesAndContributionMap":{"test-code":{"insertions":37,"deletions":37}}}]},{"date":"2025-03-24T00:00:00","commitResults":[{"hash":"fd85a4f3a95795b770f461eab58b15613681ad51","isMergeCommit":false,"messageTitle":"Add support for ArchiveCommand","messageBody":"","fileTypesAndContributionMap":{"functional-code":{"insertions":141,"deletions":0}}}]},{"date":"2025-03-25T00:00:00","commitResults":[{"hash":"e6622fed4535f57d6e92ba6f665eaa08ff4499de","isMergeCommit":false,"messageTitle":"Add support to unarchive and corresponding parsers","messageBody":"","fileTypesAndContributionMap":{"functional-code":{"insertions":180,"deletions":12}}},{"hash":"de6547a2b12241e1d3bea6daf4049fadafaa133a","isMergeCommit":false,"messageTitle":"Adapt archive status to storage","messageBody":"","fileTypesAndContributionMap":{"functional-code":{"insertions":91,"deletions":33}}},{"hash":"294175e349249ebd4bb8753b16a31a763709f165","isMergeCommit":true,"messageTitle":"Merge branch \u0027master\u0027 into branch-add-archive-mark-command","messageBody":"","fileTypesAndContributionMap":{}},{"hash":"8e446ffb1fac390b074a809c8e48d3c35ce07870","isMergeCommit":false,"messageTitle":"Fix bugs","messageBody":"","fileTypesAndContributionMap":{"functional-code":{"insertions":4,"deletions":3}}},{"hash":"7314beda4fd54e4a0d899daee5a5a0da67ed2c22","isMergeCommit":false,"messageTitle":"Change style","messageBody":"","fileTypesAndContributionMap":{"functional-code":{"insertions":2,"deletions":0}}},{"hash":"70fea3320d4b28c5faec8b94597f4397e8c53ff4","isMergeCommit":false,"messageTitle":"Change style","messageBody":"","fileTypesAndContributionMap":{"functional-code":{"insertions":3,"deletions":6}}},{"hash":"a5e25b998d55f5f6426f8dce6b96171fd57020f4","isMergeCommit":false,"messageTitle":"Change code style","messageBody":"","fileTypesAndContributionMap":{"functional-code":{"insertions":26,"deletions":20}}},{"hash":"d50abb6e5b2c163eb6b78fa658bf2909e7d7f5f3","isMergeCommit":false,"messageTitle":"Fix bugs","messageBody":"","fileTypesAndContributionMap":{"functional-code":{"insertions":6,"deletions":6},"test-code":{"insertions":10,"deletions":0}}}]},{"date":"2025-03-26T00:00:00","commitResults":[{"hash":"ff7e713858f360cfc1fe12c8441997f617c363d7","isMergeCommit":false,"messageTitle":"Update tests","messageBody":"","fileTypesAndContributionMap":{"functional-code":{"insertions":11,"deletions":11},"test-code":{"insertions":8,"deletions":2}}},{"hash":"a886c810e1c2905e0b9536039aa34788e6c4ee65","isMergeCommit":true,"messageTitle":"Merge branch \u0027master\u0027 into branch-add-archive-unarchive-command","messageBody":"","fileTypesAndContributionMap":{}},{"hash":"ac0b4bcf9a02f886b8d0c4c11ec087db74b938a3","isMergeCommit":true,"messageTitle":"Merge pull request #72 from zlllllr/branch-add-archive-unarchive-command","messageBody":"Branch add archive and unarchive command","fileTypesAndContributionMap":{}},{"hash":"94e11728d45b9b95f655b735bfa327cfbc0a2105","isMergeCommit":false,"messageTitle":"Add support to show archive people and fix bugs","messageBody":"","fileTypesAndContributionMap":{"functional-code":{"insertions":47,"deletions":5}}},{"hash":"512b3adb3fe2c50df06861a5da1116df607b73cc","isMergeCommit":false,"messageTitle":"Add tests for archive related classes","messageBody":"","fileTypesAndContributionMap":{"test-code":{"insertions":241,"deletions":0}}},{"hash":"d787498f19adc83c51d88a384183e46dcf7bf1ad","isMergeCommit":false,"messageTitle":"Change style","messageBody":"","fileTypesAndContributionMap":{"test-code":{"insertions":29,"deletions":26}}},{"hash":"6603868cc83d349dcb202a1f4042c5e3152eabe4","isMergeCommit":true,"messageTitle":"Merge pull request #76 from zlllllr/branch-add-show-archive-and-test","messageBody":"Add support to show archive people and fix bugs","fileTypesAndContributionMap":{}}]},{"date":"2025-03-31T00:00:00","commitResults":[{"hash":"157c02c2732de02e67864375894e1732849791a4","isMergeCommit":true,"messageTitle":"Merge branch \u0027master\u0027 into branch-add-archive-notification","messageBody":"","fileTypesAndContributionMap":{}},{"hash":"daff6a02f3aa8c985cb72abe6bccb5b41486d40f","isMergeCommit":false,"messageTitle":"Add message shows which list is been shown after archive command","messageBody":"","fileTypesAndContributionMap":{"functional-code":{"insertions":2,"deletions":1}}},{"hash":"003022dec1b389a86c996472e06ba1e601fa3ffc","isMergeCommit":false,"messageTitle":"Add notification after unarchive command","messageBody":"","fileTypesAndContributionMap":{"functional-code":{"insertions":2,"deletions":1}}}]},{"date":"2025-04-01T00:00:00","commitResults":[{"hash":"e90017eaaa0e8898cc058d70c4375615b41d4a80","isMergeCommit":false,"messageTitle":"Add check when archiving person","messageBody":"","fileTypesAndContributionMap":{"functional-code":{"insertions":14,"deletions":1}}},{"hash":"268cc11cca928e1e7cf67d16d0313142827d5c31","isMergeCommit":false,"messageTitle":"Add check for unarchive command","messageBody":"","fileTypesAndContributionMap":{"functional-code":{"insertions":10,"deletions":1}}},{"hash":"4f3148888ad0fc41af1ce8c24773c49384d48a43","isMergeCommit":false,"messageTitle":"Fix bugs in test","messageBody":"","fileTypesAndContributionMap":{"test-code":{"insertions":4,"deletions":3}}},{"hash":"1180c9eefce1e2d5b20ab0fe238a981cb641ae11","isMergeCommit":false,"messageTitle":"Not allow edit archived person","messageBody":"","fileTypesAndContributionMap":{"functional-code":{"insertions":9,"deletions":0}}},{"hash":"c12e28eff7dc53cd1af5512880809e39b6ccb967","isMergeCommit":false,"messageTitle":"Update test","messageBody":"","fileTypesAndContributionMap":{"test-code":{"insertions":22,"deletions":0}}},{"hash":"aa1b87f975d6424b055947428445753d1ae73f99","isMergeCommit":true,"messageTitle":"Merge branch \u0027master\u0027 into branch-add-unarchive-notification","messageBody":"","fileTypesAndContributionMap":{}}]},{"date":"2025-04-02T00:00:00","commitResults":[{"hash":"cab1ab96ce9916aa731f35b9846f53aeb1610d6f","isMergeCommit":true,"messageTitle":"Merge branch \u0027master\u0027 into branch-add-unarchive-notification","messageBody":"","fileTypesAndContributionMap":{}},{"hash":"d5dd83d6515653ff006d84ea3d50dd3a28a6c6ba","isMergeCommit":true,"messageTitle":"Merge pull request #108 from zlllllr/branch-add-unarchive-notification","messageBody":"Branch add archive and unarchive notification","fileTypesAndContributionMap":{}},{"hash":"181d132aeddbee42adee464c8e20593ead5a431c","isMergeCommit":true,"messageTitle":"Merge branch \u0027master\u0027 into branch-not-allow-edit-after-archive","messageBody":"","fileTypesAndContributionMap":{}},{"hash":"d4845567d10469ec2b37bc6cb46f68f5098f54dd","isMergeCommit":true,"messageTitle":"Merge pull request #114 from zlllllr/branch-not-allow-edit-after-archive","messageBody":"Not allow edit archived person","fileTypesAndContributionMap":{}},{"hash":"1eae2823af94d423ef39cad1958a8eede8d77842","isMergeCommit":true,"messageTitle":"Merge branch \u0027master\u0027 into branch-not-allow-archive-twice","messageBody":"","fileTypesAndContributionMap":{}},{"hash":"a2fddda513334240aa98b4ce855d1ed6e6d1b774","isMergeCommit":true,"messageTitle":"Merge pull request #113 from zlllllr/branch-not-allow-archive-twice","messageBody":"Branch not allow archive twice","fileTypesAndContributionMap":{}},{"hash":"28f6920dc13c53e355c61ed27d4c0f430457c11a","isMergeCommit":false,"messageTitle":"Update DG","messageBody":"","fileTypesAndContributionMap":{"docs":{"insertions":51,"deletions":9}}},{"hash":"0b9dc9c6a9c226a1c1d74a2dea1e3ee9604f11da","isMergeCommit":false,"messageTitle":"Update UserGuide","messageBody":"","fileTypesAndContributionMap":{"docs":{"insertions":3,"deletions":0}}}]},{"date":"2025-04-03T00:00:00","commitResults":[{"hash":"d8358c9059c23ee45f4e1bab9427eebf97e9231f","isMergeCommit":false,"messageTitle":"Add UML for archiveCommand","messageBody":"","fileTypesAndContributionMap":{"docs":{"insertions":16,"deletions":0}}},{"hash":"7bf2ac376abdb957c2854a226e1bed18c661f191","isMergeCommit":false,"messageTitle":"Update UML for archive command","messageBody":"","fileTypesAndContributionMap":{"docs":{"insertions":4,"deletions":2}}},{"hash":"ef361c79d0ae7476ea97c06a2f3916e4f90a5d6d","isMergeCommit":true,"messageTitle":"Merge branch \u0027master\u0027 into branch-update-UGDG-UML","messageBody":"","fileTypesAndContributionMap":{}},{"hash":"2b585a6522f30acabc83839f6fe2d1f4ef5d30c2","isMergeCommit":false,"messageTitle":"Update checkstyle","messageBody":"","fileTypesAndContributionMap":{"docs":{"insertions":1,"deletions":1}}},{"hash":"a000f3f674daee1d1de2cd2dd82a7b1c2ff703a4","isMergeCommit":true,"messageTitle":"Merge pull request #132 from zlllllr/branch-update-UGDG-UML","messageBody":"Branch update UG/DG and UML","fileTypesAndContributionMap":{}}]}],"ioubread":[{"date":"2025-03-13T00:00:00","commitResults":[{"hash":"856ef65cb4db3285f75654b2e87e2c4d23b978cc","isMergeCommit":false,"messageTitle":"Added Willie\u0027s info to team docs and images","messageBody":"","fileTypesAndContributionMap":{"docs":{"insertions":56,"deletions":0}}},{"hash":"119e26ce29fc2706e9e35b8a9f979bbc4488c6f1","isMergeCommit":false,"messageTitle":"Renamed Willie files to github name for consistency","messageBody":"","fileTypesAndContributionMap":{"docs":{"insertions":48,"deletions":2}}}]},{"date":"2025-03-28T00:00:00","commitResults":[{"hash":"c5b99f714083c65344e20dfcd960027a84e9aac7","isMergeCommit":false,"messageTitle":"resolved conflicts","messageBody":"","fileTypesAndContributionMap":{"functional-code":{"insertions":1438,"deletions":78},"other":{"insertions":4,"deletions":4}}},{"hash":"bfbfcfd223091957e9c22b1784b3de64722d4753","isMergeCommit":false,"messageTitle":"minor changes to colors and autocomplete func","messageBody":"","fileTypesAndContributionMap":{"functional-code":{"insertions":5,"deletions":3}}},{"hash":"9cd1e474a2f51c4d9c77b6c6de509ab77954a760","isMergeCommit":false,"messageTitle":"added stats GUI feature from nav bar","messageBody":"","fileTypesAndContributionMap":{"functional-code":{"insertions":90,"deletions":1}}},{"hash":"6b82098c2020e0a0f63cd3d5df9a6e4b1ebd8d7f","isMergeCommit":false,"messageTitle":"tidied up after theme, statwindow, hinter functions","messageBody":"","fileTypesAndContributionMap":{"functional-code":{"insertions":2,"deletions":460}}},{"hash":"877d9d847bffe0c1caf2fdfcab02ec15810b1c9b","isMergeCommit":false,"messageTitle":"reverted build.gradle","messageBody":"","fileTypesAndContributionMap":{"other":{"insertions":4,"deletions":4}}}]},{"date":"2025-03-29T00:00:00","commitResults":[{"hash":"59155711b0263e1cc8b39824b4cf2f8d62330bd6","isMergeCommit":false,"messageTitle":"Enhance hinter to support dynamic commands and parameters","messageBody":"","fileTypesAndContributionMap":{"functional-code":{"insertions":210,"deletions":100}}},{"hash":"bf15713025723f62d957052204a589a14677f42e","isMergeCommit":false,"messageTitle":"Remove trailing whitespaces for test","messageBody":"","fileTypesAndContributionMap":{"functional-code":{"insertions":13,"deletions":385}}},{"hash":"b29d51c9b9b832b492f8a6b0e531fd8ab8c06432","isMergeCommit":false,"messageTitle":"Edit for CheckStyle","messageBody":"","fileTypesAndContributionMap":{"functional-code":{"insertions":173,"deletions":41}}},{"hash":"5e4985445cd8ec924f1557175473051789ddb84d","isMergeCommit":false,"messageTitle":"Edit for Checkstyle","messageBody":"","fileTypesAndContributionMap":{"functional-code":{"insertions":6,"deletions":6}}},{"hash":"0ee3a1abfffb636a06ef93f66e25e2f6664b46da","isMergeCommit":false,"messageTitle":"Edit for Checkstyle","messageBody":"","fileTypesAndContributionMap":{"functional-code":{"insertions":17,"deletions":17}}},{"hash":"d7e22cfec31a48773bb7ca28a5f350931c3cdb08","isMergeCommit":false,"messageTitle":"Edit for Checkstyle","messageBody":"","fileTypesAndContributionMap":{"functional-code":{"insertions":11,"deletions":18}}},{"hash":"bebe337a4ee0db85093e8fea95391becb47d493e","isMergeCommit":false,"messageTitle":"Edit for Checkstyle","messageBody":"","fileTypesAndContributionMap":{"functional-code":{"insertions":18,"deletions":9}}},{"hash":"945bd3d20c000e4c4007e97ce74b00651658820a","isMergeCommit":false,"messageTitle":"Edit for Checkstyle","messageBody":"","fileTypesAndContributionMap":{"functional-code":{"insertions":17,"deletions":18}}},{"hash":"323fb3a498ae941a19eb9d6dda121f036a9b2291","isMergeCommit":false,"messageTitle":"Remove comments","messageBody":"","fileTypesAndContributionMap":{"functional-code":{"insertions":2,"deletions":55}}}]}]},"authorFileTypeContributionMap":{"quantin96":{"docs":549,"functional-code":1210,"test-code":1046,"other":3},"subiloble":{"docs":203,"functional-code":229,"test-code":304},"SheYuting":{"docs":162,"functional-code":738,"test-code":665,"other":1},"zlllllr":{"docs":68,"functional-code":492,"test-code":414},"ioubread":{"docs":7,"functional-code":526,"test-code":0}},"authorContributionVariance":{"quantin96":144229.89,"subiloble":3145.8577,"SheYuting":96790.01,"zlllllr":69313.33,"ioubread":122445.17},"authorDisplayNameMap":{"quantin96":"CS2103-W11-1 NG J..QUAN","subiloble":"CS2103-W11-1 CHEN..PENG","SheYuting":"CS2103-W11-1 SHE ..TING","zlllllr":"CS2103-W11-1 ZHAN..ERAN","ioubread":"CS2103-W11-1 TAY ..LLIE"}}
