{"authorDailyContributionsMap":{"Kannan171":[{"date":"2025-03-05T00:00:00","commitResults":[{"hash":"a5ab7b2599d0e243f5f636eb8b1352a7ba2bb14d","isMergeCommit":false,"messageTitle":"Update AboutUs.md","messageBody":"","fileTypesAndContributionMap":{"docs":{"insertions":5,"deletions":5}}},{"hash":"72cd1cdfeefb8e4c90af26e7b4f308c75c1c300a","isMergeCommit":false,"messageTitle":"Add portfolio for Kannan171","messageBody":"","fileTypesAndContributionMap":{"docs":{"insertions":24,"deletions":0}}},{"hash":"56f55875d3176f9f5ec00fdd35a8d217ebcc924e","isMergeCommit":true,"messageTitle":"Merge pull request #30 from kerktaiheng/md","messageBody":"Update AboutUs and portfolio for kerktaiheng","fileTypesAndContributionMap":{}}]},{"date":"2025-03-12T00:00:00","commitResults":[{"hash":"7684585558404d7f3d7bdefec8114024ef9f942e","isMergeCommit":false,"messageTitle":"Add Modules","messageBody":"","fileTypesAndContributionMap":{"functional-code":{"insertions":247,"deletions":39}}}]},{"date":"2025-03-13T00:00:00","commitResults":[{"hash":"1014ea41b385faab0be20ac81f745ac5e1c2d2d7","isMergeCommit":false,"messageTitle":"Add Module to test files","messageBody":"","fileTypesAndContributionMap":{"functional-code":{"insertions":40,"deletions":14},"test-code":{"insertions":173,"deletions":33}}},{"hash":"b114ce1cb0d08a4f1dab88bc086f2f6398172509","isMergeCommit":true,"messageTitle":"Merge branch \u0027master\u0027 into add-modules","messageBody":"","fileTypesAndContributionMap":{}},{"hash":"5973d45b94cb0a4204be8f29377f91a7c12488f9","isMergeCommit":false,"messageTitle":"Update CliSyntax.java","messageBody":"","fileTypesAndContributionMap":{"functional-code":{"insertions":1,"deletions":0}}}]},{"date":"2025-03-14T00:00:00","commitResults":[{"hash":"ded0d0d7f63037db0fd886a59200224f01b79c7e","isMergeCommit":false,"messageTitle":"Fix cosmetic issues","messageBody":"","fileTypesAndContributionMap":{"functional-code":{"insertions":2,"deletions":1},"test-code":{"insertions":0,"deletions":1}}},{"hash":"0c13f627ad315045abbed26ba95f515c1264321e","isMergeCommit":true,"messageTitle":"Merge remote-tracking branch \u0027origin/add-modules\u0027 into add-modules","messageBody":"","fileTypesAndContributionMap":{}}]},{"date":"2025-03-17T00:00:00","commitResults":[{"hash":"7eb4effbe7e641dfda512353090393139ecac052","isMergeCommit":false,"messageTitle":"Add time to Module","messageBody":"","fileTypesAndContributionMap":{"functional-code":{"insertions":233,"deletions":7},"other":{"insertions":17,"deletions":17},"test-code":{"insertions":4,"deletions":3}}},{"hash":"8ad0682ac88e91de272dd6b9ceac98d5cde9699e","isMergeCommit":false,"messageTitle":"Add Command AddModule","messageBody":"","fileTypesAndContributionMap":{"functional-code":{"insertions":404,"deletions":74},"other":{"insertions":86,"deletions":101},"test-code":{"insertions":15,"deletions":15}}}]},{"date":"2025-03-18T00:00:00","commitResults":[{"hash":"d16354b4aa410dc4f29e2db4e883ed1ca25a23c4","isMergeCommit":false,"messageTitle":"Fix Person Immutability","messageBody":"","fileTypesAndContributionMap":{"functional-code":{"insertions":21,"deletions":22}}},{"hash":"b6c26e3b0a3459415fae7ce97e89492cbe72c20f","isMergeCommit":false,"messageTitle":"Fix JavaDocs","messageBody":"","fileTypesAndContributionMap":{"functional-code":{"insertions":2,"deletions":2}}},{"hash":"34e850d85fe07e7e2f09e811822381eff28dbc9e","isMergeCommit":true,"messageTitle":"Merge remote-tracking branch \u0027upstream/master\u0027 into add-command-module","messageBody":"# Conflicts:\n#\tsrc/main/java/syncsquad/teamsync/logic/parser/AddressBookParser.java\n","fileTypesAndContributionMap":{}}]},{"date":"2025-03-19T00:00:00","commitResults":[{"hash":"3321da2792ba16cbf2433528952fa2a5a10fa9a3","isMergeCommit":false,"messageTitle":"Resolve Merge Conflicts","messageBody":"","fileTypesAndContributionMap":{"functional-code":{"insertions":41,"deletions":39},"other":{"insertions":4,"deletions":4}}}]},{"date":"2025-03-20T00:00:00","commitResults":[{"hash":"4db825f14922cda88bcfe12dc0cbf2504f995110","isMergeCommit":false,"messageTitle":"Fix Test Code","messageBody":"","fileTypesAndContributionMap":{"functional-code":{"insertions":49,"deletions":151},"other":{"insertions":17,"deletions":16},"test-code":{"insertions":113,"deletions":136}}},{"hash":"f2c76e77f5463984b211194fd29463085a85bcb4","isMergeCommit":true,"messageTitle":"Merge remote-tracking branch \u0027upstream/master\u0027 into add-command-module","messageBody":"# Conflicts:\n#\tsrc/test/java/syncsquad/teamsync/logic/commands/AddPersonCommandTest.java\n#\tsrc/test/java/syncsquad/teamsync/model/AddressBookTest.java\n","fileTypesAndContributionMap":{}},{"hash":"608d553859ca2c25e10ae1c795eda323abdb7fb9","isMergeCommit":true,"messageTitle":"Unit tests for viewmodels #92 (#93)","messageBody":"","fileTypesAndContributionMap":{}},{"hash":"35f08f0c840223b693cd7761718efbc00e0aeea3","isMergeCommit":true,"messageTitle":"Update MainApp version (#94)","messageBody":"","tags":["v1.3"],"fileTypesAndContributionMap":{}}]},{"date":"2025-03-27T00:00:00","commitResults":[{"hash":"08d52ff5413367fb437d5b2ab1e3dceadbf1b571","isMergeCommit":false,"messageTitle":"Update UserGuide.md","messageBody":"","fileTypesAndContributionMap":{"docs":{"insertions":102,"deletions":22}}},{"hash":"73e2b07263dbe41c25ef376c57b63649ae4d8cb3","isMergeCommit":false,"messageTitle":"Resolve issues with UserGuide.md","messageBody":"","fileTypesAndContributionMap":{"docs":{"insertions":40,"deletions":40}}},{"hash":"657450ce486ad5905194391807b4e40cd348aff0","isMergeCommit":true,"messageTitle":"Add introduction and ToC to UG #100 (#101)","messageBody":"","fileTypesAndContributionMap":{}},{"hash":"9eae94c5f529e85713d4e8bf7bcd0d3307e85979","isMergeCommit":false,"messageTitle":"Update src/main/java/syncsquad/teamsync/logic/commands/AddModuleCommand.java","messageBody":"","fileTypesAndContributionMap":{"functional-code":{"insertions":1,"deletions":1}}}]},{"date":"2025-04-01T00:00:00","commitResults":[{"hash":"d79aa2f2c010f84bb7dc52c31782b3231c0a6ae9","isMergeCommit":false,"messageTitle":"Sort Module list alphabetically","messageBody":"","fileTypesAndContributionMap":{"functional-code":{"insertions":7,"deletions":2}}},{"hash":"2e18f737896b2ccc0263ecf6ecfcd50695a128ec","isMergeCommit":false,"messageTitle":"Add Command ShowDate","messageBody":"","fileTypesAndContributionMap":{"functional-code":{"insertions":66,"deletions":0}}}]},{"date":"2025-04-02T00:00:00","commitResults":[{"hash":"fff285d57240b12fc8e33b506dff18fb0c3906de","isMergeCommit":false,"messageTitle":"Add Command ShowDate","messageBody":"","fileTypesAndContributionMap":{"functional-code":{"insertions":119,"deletions":57},"test-code":{"insertions":25,"deletions":1}}},{"hash":"2ac3fe3f23d44f332255442708e223f44c3eeef9","isMergeCommit":true,"messageTitle":"Merge branch \u0027master\u0027 into add-command-showdate","messageBody":"","fileTypesAndContributionMap":{}},{"hash":"c46b1486da606c6faece39102c303d88210edc38","isMergeCommit":false,"messageTitle":"Update MVMTest for standardization","messageBody":"","fileTypesAndContributionMap":{"test-code":{"insertions":3,"deletions":1}}},{"hash":"b7c9d5923d591b5319c020cefea667c257021451","isMergeCommit":true,"messageTitle":"Merge remote-tracking branch \u0027origin/add-command-showdate\u0027 into add-command-showdate","messageBody":"","fileTypesAndContributionMap":{}},{"hash":"563b6adbfeebbcfd69342723926644641e91b4fa","isMergeCommit":true,"messageTitle":"Merge branch \u0027master\u0027 into add-command-showdate","messageBody":"","fileTypesAndContributionMap":{}},{"hash":"92f2a9aba2cfe0a3243993cea378a1c72f05b809","isMergeCommit":true,"messageTitle":"Merge remote-tracking branch \u0027upstream/master\u0027 into add-command-showdate","messageBody":"","fileTypesAndContributionMap":{}},{"hash":"9340657c975ae7e83a5611db3af02c43b6005480","isMergeCommit":false,"messageTitle":"Fix ListMeetingsCommandTest","messageBody":"","fileTypesAndContributionMap":{"test-code":{"insertions":11,"deletions":0}}},{"hash":"0976e350382aed36b79751ef562f33fa0cadb48b","isMergeCommit":true,"messageTitle":"Merge remote-tracking branch \u0027origin/add-command-showdate\u0027 into add-command-showdate","messageBody":"","fileTypesAndContributionMap":{}}]},{"date":"2025-04-03T00:00:00","commitResults":[{"hash":"47e2f935c6c7bbc377a762ff630143ee92f77cd1","isMergeCommit":true,"messageTitle":"Merge remote-tracking branch \u0027upstream/master\u0027 into add-command-showdate","messageBody":"# Conflicts:\n#\tsrc/main/java/syncsquad/teamsync/logic/parser/AddressBookParser.java\n","fileTypesAndContributionMap":{}},{"hash":"b9ebb5c788af4c5273f5888d575049c0e362006e","isMergeCommit":false,"messageTitle":"Resolve conflicts","messageBody":"","fileTypesAndContributionMap":{"functional-code":{"insertions":4,"deletions":0}}},{"hash":"c9b2e631c752e7730c79ee58f9452e7142a38574","isMergeCommit":false,"messageTitle":"Fix Test cases","messageBody":"","fileTypesAndContributionMap":{"test-code":{"insertions":22,"deletions":0}}},{"hash":"a5bcfcb0727c83b8976fbe1e6b7090499b644565","isMergeCommit":true,"messageTitle":"As a user I can change the week displayed in the timetable #138 (#139)","messageBody":"Weeks can now be changed using showdate command","fileTypesAndContributionMap":{}},{"hash":"124df4bafdbf308208369d75857580d581f52896","isMergeCommit":true,"messageTitle":"Merge branch \u0027master\u0027 into Sort-modules","messageBody":"","fileTypesAndContributionMap":{}},{"hash":"5bfa4af1744c575f1dfc8eb467e64d0492e2f534","isMergeCommit":true,"messageTitle":"Module timings are not being shown under contacts #160 (#162)","messageBody":"Full module timing is now shown and sorted by alphabetical order","fileTypesAndContributionMap":{}},{"hash":"7084bcc39b6f501689e965aca8bccedc1902cfb9","isMergeCommit":false,"messageTitle":"Change command word for module","messageBody":"","fileTypesAndContributionMap":{"functional-code":{"insertions":1,"deletions":1}}},{"hash":"8f53a39e8584a8256bb0b3c74562dd0a71ed1909","isMergeCommit":false,"messageTitle":"Remove command to list meetings","messageBody":"","fileTypesAndContributionMap":{"functional-code":{"insertions":0,"deletions":43},"test-code":{"insertions":0,"deletions":196}}},{"hash":"66d99392761be7de26ad1b158482f84589ec3cda","isMergeCommit":false,"messageTitle":"Change command words to be case-insensitive","messageBody":"","fileTypesAndContributionMap":{"functional-code":{"insertions":2,"deletions":1}}},{"hash":"d00190626c340d8ff4faf0244c63b84520014d19","isMergeCommit":false,"messageTitle":"Modify email address equality to ignore case","messageBody":"","fileTypesAndContributionMap":{"functional-code":{"insertions":1,"deletions":1}}},{"hash":"ce4454e63e06b08d8ffc4af57750e9b5e68211f0","isMergeCommit":false,"messageTitle":"Add effort in DeveloperGuide.md","messageBody":"","fileTypesAndContributionMap":{"docs":{"insertions":19,"deletions":0}}},{"hash":"e14ff9d26c0a28afc52fe5f326540acac4f84b53","isMergeCommit":true,"messageTitle":"Merge remote-tracking branch \u0027upstream/master\u0027 into make-email-addresses-case-insensitive","messageBody":"","fileTypesAndContributionMap":{}},{"hash":"d4c4dd7aa66520fab12ece2772878d6bed3384fc","isMergeCommit":false,"messageTitle":"Update test case","messageBody":"","fileTypesAndContributionMap":{"test-code":{"insertions":2,"deletions":2}}},{"hash":"3580abe590a8340fc1aa1a11f33385d6ffd48a3d","isMergeCommit":true,"messageTitle":"Merge branch \u0027master\u0027 into remove-meetinglist-command","messageBody":"","fileTypesAndContributionMap":{}},{"hash":"6c7de73addb2dab37533af7e58d1301cbd118638","isMergeCommit":true,"messageTitle":"\"meeting list\" command is redundant when there is a GUI visualisation #184 (#191)","messageBody":"","fileTypesAndContributionMap":{}},{"hash":"44112d05f3cd0e243d0ae845c7962a83da9dc9a6","isMergeCommit":true,"messageTitle":"Merge branch \u0027master\u0027 into change-command-word-module","messageBody":"","fileTypesAndContributionMap":{}},{"hash":"8b173868e936aac2ab64b817e493b6ad34db08d3","isMergeCommit":false,"messageTitle":"Update command groups to be case-insensitive","messageBody":"","fileTypesAndContributionMap":{"functional-code":{"insertions":3,"deletions":3}}},{"hash":"2b0579a2759c727bf9020ba96fe1db27d4ac3161","isMergeCommit":true,"messageTitle":"Command group for modules uses command word \"mod\" instead of \"module\" #183 (#188)","messageBody":"","fileTypesAndContributionMap":{}},{"hash":"9e3993466bbe18fba7a358edf066f75b342b6bda","isMergeCommit":true,"messageTitle":"Merge branch \u0027master\u0027 into make-command-words-case-insensitive","messageBody":"","fileTypesAndContributionMap":{}},{"hash":"b7b2da80b8f8073db9d97445a4ec193a02e2401d","isMergeCommit":true,"messageTitle":"Command words are case sensitive #185 (#192)","messageBody":"","fileTypesAndContributionMap":{}},{"hash":"d82a59a5677f09ca697adc6dd2b3aac35a3d47d6","isMergeCommit":true,"messageTitle":"Merge branch \u0027master\u0027 into make-email-addresses-case-insensitive","messageBody":"","fileTypesAndContributionMap":{}},{"hash":"6dc37da391240d5332b03168936bbc5d0da9539a","isMergeCommit":true,"messageTitle":"Email addresses are case sensitive when checking for duplicate person entry #186 (#193)","messageBody":"","fileTypesAndContributionMap":{}},{"hash":"f3da98de1a3a35e61691bb15ad210138fa987dba","isMergeCommit":true,"messageTitle":"Merge branch \u0027master\u0027 into update-developer-guide-effort","messageBody":"","fileTypesAndContributionMap":{}},{"hash":"0924bd6032ddee1d1af36c48bc9f1213043b4b2c","isMergeCommit":true,"messageTitle":"Add Appendix: Effort #194 (#195)","messageBody":"","fileTypesAndContributionMap":{}}]},{"date":"2025-04-04T00:00:00","commitResults":[{"hash":"68c51d4d0edbdc90995bafe0c9886d643cf22a99","isMergeCommit":false,"messageTitle":"Update SampleData to be meaningful","messageBody":"","fileTypesAndContributionMap":{"functional-code":{"insertions":18,"deletions":18}}},{"hash":"c89396f104dd9a3d12a1841e987fcfdf087a42b4","isMergeCommit":true,"messageTitle":"Merge branch \u0027master\u0027 into modify-sample-data","messageBody":"","fileTypesAndContributionMap":{}},{"hash":"29dba7906d38a96c0c7e6e496283b7253a02406c","isMergeCommit":true,"messageTitle":" Sample data is not meaningful #204 (#205)","messageBody":"","tags":["v1.5.1"],"fileTypesAndContributionMap":{}}]},{"date":"2025-04-05T00:00:00","commitResults":[{"hash":"a68528a79bac4cd9c841ecdd2b5fbd7c0fbb42f7","isMergeCommit":false,"messageTitle":"Fix Help dialog to show correct commands","messageBody":"","fileTypesAndContributionMap":{"functional-code":{"insertions":3,"deletions":3}}},{"hash":"c0908d06d17e9bbaa8ddd5cd10d51052736e48ea","isMergeCommit":false,"messageTitle":"Make command prefix case-insensitive","messageBody":"","fileTypesAndContributionMap":{"functional-code":{"insertions":2,"deletions":2}}},{"hash":"2292a20ac68299124a75e79530a658cce1d6f98d","isMergeCommit":false,"messageTitle":"Make command prefix case-insensitive","messageBody":"","fileTypesAndContributionMap":{"functional-code":{"insertions":1,"deletions":1}}},{"hash":"7978b9ab2ee2a7180dcba3259b51d6cb24da85a9","isMergeCommit":false,"messageTitle":"Fix DeleteModuleCommandParser validation","messageBody":"","fileTypesAndContributionMap":{"functional-code":{"insertions":4,"deletions":0}}}]},{"date":"2025-04-06T00:00:00","commitResults":[{"hash":"5bb99b8d10b8503192360bbd7d1bb985cc76424f","isMergeCommit":true,"messageTitle":"Help dialog showing incorrect command #273 (#274)","messageBody":"","fileTypesAndContributionMap":{}},{"hash":"208236e782dcd856c9151a7aeab8f235c2661f9b","isMergeCommit":true,"messageTitle":"Merge branch \u0027master\u0027 into make-command-prefix-case-insensitive","messageBody":"","fileTypesAndContributionMap":{}},{"hash":"424fc5ce3c01dd1f0f536fb32116cddfb5955b5b","isMergeCommit":true,"messageTitle":"Make command prefix case-insensitive (#275)","messageBody":"","fileTypesAndContributionMap":{}},{"hash":"434ecaa8130a1a368e73a6de18e145f2f7a20c99","isMergeCommit":true,"messageTitle":"Merge branch \u0027master\u0027 into validation-module-delete","messageBody":"","fileTypesAndContributionMap":{}},{"hash":"b8b441cc4ed940eac3d387dd18501cb467e40453","isMergeCommit":true,"messageTitle":"Fix DeleteModuleCommandParser validation (#277)","messageBody":"","fileTypesAndContributionMap":{}}]}],"xplus2g4":[{"date":"2025-02-28T00:00:00","commitResults":[{"hash":"0e7f0910b2226531ace125d1460cfe97db282be4","isMergeCommit":true,"messageTitle":"Merge pull request #18 from leewaikin19/docs-about-us","messageBody":"Change AboutUs page for leewaikin19","fileTypesAndContributionMap":{}},{"hash":"44504bfdde710f82cd690832cfa300bcdf760d95","isMergeCommit":true,"messageTitle":"Merge branch \u0027master\u0027 into docs-photo","messageBody":"","fileTypesAndContributionMap":{}}]},{"date":"2025-03-01T00:00:00","commitResults":[{"hash":"731d82f6b67969fc0aa63c77105ec5655714bb37","isMergeCommit":false,"messageTitle":"Update about us description for xplus2g4","messageBody":"","fileTypesAndContributionMap":{"docs":{"insertions":23,"deletions":5}}}]},{"date":"2025-03-06T00:00:00","commitResults":[{"hash":"579c961f0e5cab238291afd746e923fac9130295","isMergeCommit":false,"messageTitle":"Update docs site-settings","messageBody":"","fileTypesAndContributionMap":{"other":{"insertions":2,"deletions":2}}},{"hash":"f365b369df948eca62a2bbf07f07cc7fb8421bb8","isMergeCommit":true,"messageTitle":"Merge pull request #12 from xplus2g4/docs-settings","messageBody":"Update docs site-settings","fileTypesAndContributionMap":{}},{"hash":"2e3b89cf726bab4c9d10316fd141cb353f398cc4","isMergeCommit":false,"messageTitle":"Update readme links","messageBody":"","fileTypesAndContributionMap":{"docs":{"insertions":3,"deletions":13}}},{"hash":"cf7cee83ce557f6d4e847e76462d578dba06dbca","isMergeCommit":true,"messageTitle":"Merge pull request #37 from xplus2g4/update-readme","messageBody":"Update readme links","fileTypesAndContributionMap":{}}]},{"date":"2025-03-11T00:00:00","commitResults":[{"hash":"04513dd97064fc6ce44e28da67f772aafceef232","isMergeCommit":false,"messageTitle":"Refactor codebase to MVVM","messageBody":"","fileTypesAndContributionMap":{"functional-code":{"insertions":169,"deletions":0},"other":{"insertions":809,"deletions":865},"docs":{"insertions":5,"deletions":5},"test-code":{"insertions":2,"deletions":2}}},{"hash":"a5d283c794d71a5f7282e21d53b548a5aff01b47","isMergeCommit":false,"messageTitle":"Fix style errors","messageBody":"","fileTypesAndContributionMap":{"functional-code":{"insertions":55,"deletions":7},"test-code":{"insertions":1,"deletions":1}}},{"hash":"bea5e621e8818c9fed678e468a354cdaa812a5e6","isMergeCommit":true,"messageTitle":"Merge pull request #20 from xplus2g4/mvvm","messageBody":"Refactor codebase to MVVM","fileTypesAndContributionMap":{}},{"hash":"acb74bb1cb26a9409e8f22227994986279c04524","isMergeCommit":false,"messageTitle":"Add viewmodel tests","messageBody":"","fileTypesAndContributionMap":{"functional-code":{"insertions":7,"deletions":1},"other":{"insertions":2,"deletions":0},"test-code":{"insertions":160,"deletions":0}}}]},{"date":"2025-03-14T00:00:00","commitResults":[{"hash":"fd7239fd2ccb4cc7d876a830d5bd259bc50339d9","isMergeCommit":true,"messageTitle":"As a user I can add a module to a contact #54 (#81)","messageBody":"","fileTypesAndContributionMap":{}}]},{"date":"2025-03-18T00:00:00","commitResults":[{"hash":"ce0f621a27e04e2f2e265550ec485f67034a41dc","isMergeCommit":true,"messageTitle":"Refactor UI to use AtlantaFX #84","messageBody":"Refactor UI to use AtlantaFX","fileTypesAndContributionMap":{}}]},{"date":"2025-03-20T00:00:00","commitResults":[{"hash":"93f534b5c79f9099becd188b99eda840c4ec6b9a","isMergeCommit":true,"messageTitle":"As a user I can delete a module for a contact #56 (#85)","messageBody":"","fileTypesAndContributionMap":{}},{"hash":"bd3ec7a238e50d908744807b0914d694d3086384","isMergeCommit":false,"messageTitle":"Add viewmodel tests","messageBody":"","fileTypesAndContributionMap":{"test-code":{"insertions":237,"deletions":0}}}]},{"date":"2025-03-30T00:00:00","commitResults":[{"hash":"850993d5e8012e0ab334abebebfe1bf0516278b9","isMergeCommit":false,"messageTitle":"Update architecture diagram","messageBody":"","fileTypesAndContributionMap":{"docs":{"insertions":11,"deletions":3}}},{"hash":"5b473f064196bcb94c79bf124ee429f66c3a4e9e","isMergeCommit":true,"messageTitle":"Update architecture diagram puml #115","messageBody":"","fileTypesAndContributionMap":{}}]},{"date":"2025-03-31T00:00:00","commitResults":[{"hash":"bf1c67859ac669eff0ab07341814dcb38ddd5866","isMergeCommit":false,"messageTitle":"Add meetings to timetable","messageBody":"","fileTypesAndContributionMap":{"functional-code":{"insertions":623,"deletions":325},"test-code":{"insertions":22,"deletions":1}}},{"hash":"6efcf007f4807db2802145f818641a488a4e8f6a","isMergeCommit":true,"messageTitle":"As a user I can view meetings in timetable #126","messageBody":"Add meetings to timetable #127","fileTypesAndContributionMap":{}}]},{"date":"2025-04-02T00:00:00","commitResults":[{"hash":"74c6f50746f365bfcf52f411078a662aa14ef8f3","isMergeCommit":false,"messageTitle":"Fix meeting view not updating","messageBody":"","fileTypesAndContributionMap":{"functional-code":{"insertions":10,"deletions":13}}},{"hash":"31c2d3f7491d9aa7e5f5de1d8667ec639bb30990","isMergeCommit":true,"messageTitle":"Finding a person twice causes meetings to disappear #133","messageBody":"Fix meeting view not updating #134","fileTypesAndContributionMap":{}},{"hash":"b2f835797a1e5e8cf2b03a2c907ee3c36e85c363","isMergeCommit":false,"messageTitle":"Add meeting treeview","messageBody":"","fileTypesAndContributionMap":{"functional-code":{"insertions":276,"deletions":15}}},{"hash":"43d4f275bf2b5cdc56316ee7c30f183bdae899c2","isMergeCommit":false,"messageTitle":"Refactor commands","messageBody":"","fileTypesAndContributionMap":{"functional-code":{"insertions":231,"deletions":37},"other":{"insertions":84,"deletions":50},"test-code":{"insertions":85,"deletions":49}}}]},{"date":"2025-04-03T00:00:00","commitResults":[{"hash":"41ab11929046f662a2a1d4c6b5f42147bc6a2be9","isMergeCommit":true,"messageTitle":"Command words are unintuitive #168","messageBody":"Refactor commands #156","fileTypesAndContributionMap":{}},{"hash":"a3c0f8000a8aedde14adea4a28016c4ebad435f8","isMergeCommit":false,"messageTitle":"Add how to use ug section in ug","messageBody":"","fileTypesAndContributionMap":{"docs":{"insertions":43,"deletions":4}}},{"hash":"18d337a8156f4ebd3af211940da145f82882fcc2","isMergeCommit":false,"messageTitle":"Update DG docs","messageBody":"","fileTypesAndContributionMap":{"docs":{"insertions":2,"deletions":0}}},{"hash":"53295e832531fc159a398031086cb1bcf8c646ef","isMergeCommit":false,"messageTitle":"Update ui component design","messageBody":"","fileTypesAndContributionMap":{"functional-code":{"insertions":49,"deletions":20},"docs":{"insertions":50,"deletions":59}}},{"hash":"2ba8882e5ef98ed763d0c60d89ff4c20774ef5bb","isMergeCommit":false,"messageTitle":"Update other components","messageBody":"","fileTypesAndContributionMap":{"functional-code":{"insertions":5,"deletions":0},"docs":{"insertions":232,"deletions":80}}},{"hash":"0ae054661d6e3d31f8085ffd6ae59b88acd3205d","isMergeCommit":false,"messageTitle":"Update model class diagram","messageBody":"","fileTypesAndContributionMap":{"docs":{"insertions":0,"deletions":1}}},{"hash":"21904b9716414cebab132a6d8acea96f05bf2a65","isMergeCommit":false,"messageTitle":"Update storage class diagram","messageBody":"","fileTypesAndContributionMap":{"docs":{"insertions":2,"deletions":0}}},{"hash":"d523e71d9cfac7d822b5c2da704c7ef5b459ba65","isMergeCommit":true,"messageTitle":"Update design section of developer guide #178","messageBody":"Update design section of developer guide #167","fileTypesAndContributionMap":{}},{"hash":"e33b9058d58a2d7dc51f42499a25e5f5b2b7dcc6","isMergeCommit":false,"messageTitle":"Add export command","messageBody":"","fileTypesAndContributionMap":{"functional-code":{"insertions":210,"deletions":5},"test-code":{"insertions":135,"deletions":0}}},{"hash":"2708bcaa390f249bb251c68da382b697eb036586","isMergeCommit":true,"messageTitle":"Difficult to share person with another user #176","messageBody":"Add export command #175","fileTypesAndContributionMap":{}},{"hash":"ec019045c7d0c11bf68b98e6e24a39d3f4dcb4bd","isMergeCommit":false,"messageTitle":"Fix mod overlap tooltip [no-ci]","messageBody":"","fileTypesAndContributionMap":{"functional-code":{"insertions":277,"deletions":9}}},{"hash":"7d06ef0834429a525bc5e2e79ccf6ca59935c9d8","isMergeCommit":true,"messageTitle":"Overlapping modules from different persons only display the tooltip for 1 person #152","messageBody":"Fix mod overlap tooltip #187","tags":["v1.5"],"fileTypesAndContributionMap":{}}]},{"date":"2025-04-04T00:00:00","commitResults":[{"hash":"5b859ad51177a32fdc83425b8976cea05e457a35","isMergeCommit":false,"messageTitle":"Fix tooltip","messageBody":"","fileTypesAndContributionMap":{"functional-code":{"insertions":5,"deletions":4}}},{"hash":"036debb0215c11141f552eb163b69bb43c9a609c","isMergeCommit":true,"messageTitle":"Tooltips sometimes dont appear #199 (#201)","messageBody":"Fix tooltip","fileTypesAndContributionMap":{}}]},{"date":"2025-04-05T00:00:00","commitResults":[{"hash":"904b5f688ccc0ba59dd7998347a78dc4b4d73cf3","isMergeCommit":false,"messageTitle":"Fix module constraint violation on person add","messageBody":"","fileTypesAndContributionMap":{"functional-code":{"insertions":15,"deletions":1}}},{"hash":"abe038f6c9717ceb1d4c57b9fee234401e1f2dff","isMergeCommit":true,"messageTitle":"Fix module constraint violation on person add #267","messageBody":"Fix #221\nFix #246\nFix duplicate module","fileTypesAndContributionMap":{}},{"hash":"2df2d86f40328db2131ab1ce0a7a5f63fc849158","isMergeCommit":false,"messageTitle":"Add delete tags in edit person","messageBody":"","fileTypesAndContributionMap":{"functional-code":{"insertions":1,"deletions":0}}},{"hash":"cd7d135b077edf361ebef10aca8f93b5e888b4d7","isMergeCommit":false,"messageTitle":"Add proof of correctness","messageBody":"","fileTypesAndContributionMap":{"functional-code":{"insertions":19,"deletions":1}}},{"hash":"3729ac04b281f468894dd51e124131e2e1a27a5b","isMergeCommit":true,"messageTitle":"[PE-D][Tester A] Edit cannot clear tags #226 (#270)","messageBody":"Add delete all tags","fileTypesAndContributionMap":{}}]},{"date":"2025-04-06T00:00:00","commitResults":[{"hash":"b112fa18cac1096db3d571bf0f8039b1c2a5dff6","isMergeCommit":false,"messageTitle":"Add json adapted module testcases","messageBody":"","fileTypesAndContributionMap":{"test-code":{"insertions":88,"deletions":0}}},{"hash":"849039d84781d7e1f2b638900c50e75cf6fd85f5","isMergeCommit":true,"messageTitle":"Add json adapted module testcases #271","messageBody":"Add json adapted module testcases","fileTypesAndContributionMap":{}}]}],"kerktaiheng":[{"date":"2025-03-05T00:00:00","commitResults":[{"hash":"9fb16fe613abb964ae8a4f7f801239a917b4cfbd","isMergeCommit":false,"messageTitle":"Update AboutUs and portfolio for kerktaiheng","messageBody":"","fileTypesAndContributionMap":{"docs":{"insertions":26,"deletions":0}}}]},{"date":"2025-03-15T00:00:00","commitResults":[{"hash":"2626f51eb9108b6f4707f2ba003984c6627ae551","isMergeCommit":false,"messageTitle":"Refactor UI to use AtlantaFX","messageBody":"","fileTypesAndContributionMap":{"functional-code":{"insertions":66,"deletions":426},"other":{"insertions":8,"deletions":4}}},{"hash":"752b69bf63962b62e4c47bdf3251c1785d15844e","isMergeCommit":false,"messageTitle":"Change style","messageBody":"","fileTypesAndContributionMap":{"functional-code":{"insertions":2,"deletions":2}}},{"hash":"293d4ff9bb02d1c83f768380782ce155f2dfc7c5","isMergeCommit":false,"messageTitle":"Fix checkstyle","messageBody":"","fileTypesAndContributionMap":{"functional-code":{"insertions":2,"deletions":1},"other":{"insertions":4,"deletions":4}}},{"hash":"9144a0252d6670ef169ba22ebaf39cc6aa94228b","isMergeCommit":true,"messageTitle":"Merge branch \u0027master\u0027 of https://github.com/AY2425S2-CS2103T-F10-1/tp into ui-refactor","messageBody":"","fileTypesAndContributionMap":{}},{"hash":"0a6201580bb66e91f5e01f9803d23ccb384d1b38","isMergeCommit":false,"messageTitle":"Add ModuleIcon to module label","messageBody":"","fileTypesAndContributionMap":{"functional-code":{"insertions":6,"deletions":3}}},{"hash":"9294cba19ee55072b0a8658902d502ec9a4040cb","isMergeCommit":false,"messageTitle":"Change jar file name","messageBody":"","fileTypesAndContributionMap":{"other":{"insertions":1,"deletions":1}}},{"hash":"23ee5b5b247a5b061ff338a2b8627ff192ea08f2","isMergeCommit":false,"messageTitle":"Refactor titlebars and logo","messageBody":"","fileTypesAndContributionMap":{"functional-code":{"insertions":153,"deletions":33},"test-code":{"insertions":1,"deletions":1}}}]},{"date":"2025-03-18T00:00:00","commitResults":[{"hash":"ea2c21c0fb6eb9a5ba54aedd9bb1337014170ef2","isMergeCommit":false,"messageTitle":"Fix FXML files to prevent warning","messageBody":"","fileTypesAndContributionMap":{"functional-code":{"insertions":2,"deletions":2}}}]},{"date":"2025-03-20T00:00:00","commitResults":[{"hash":"48b7330ba5ea7a54022bb6032dc4030172cbd91e","isMergeCommit":true,"messageTitle":"Merge pull request #91 from leewaikin19/add-list-meetings-command","messageBody":"As a group member I can view meetings","fileTypesAndContributionMap":{}}]},{"date":"2025-03-27T00:00:00","commitResults":[{"hash":"c670c1942e4107da3ce32c6c720d034f26c78e5c","isMergeCommit":false,"messageTitle":"Move command box to the bottom","messageBody":"","fileTypesAndContributionMap":{"functional-code":{"insertions":9,"deletions":9}}}]},{"date":"2025-03-28T00:00:00","commitResults":[{"hash":"3478207a85cff33271fa3659990299643795cdc8","isMergeCommit":false,"messageTitle":"Update UiClassDiagram to reflect proposed new class names","messageBody":"","fileTypesAndContributionMap":{"docs":{"insertions":5,"deletions":5}}},{"hash":"c49323a9991240ac0deacd2ac58064d670509adb","isMergeCommit":true,"messageTitle":"Merge branch \u0027master\u0027 of https://github.com/AY2425S2-CS2103T-F10-1/tp into ui-uml-update","messageBody":"","fileTypesAndContributionMap":{}},{"hash":"51dab7effde7e94c8710bb1884f37a79f912c697","isMergeCommit":false,"messageTitle":"Change PersonListPanel into PersonTreeView","messageBody":"","fileTypesAndContributionMap":{"functional-code":{"insertions":315,"deletions":197}}}]},{"date":"2025-03-29T00:00:00","commitResults":[{"hash":"22bf503b8ca0eba8686ea10ef2e2c5ee73d76017","isMergeCommit":false,"messageTitle":"Fix styling bugs","messageBody":"","fileTypesAndContributionMap":{"functional-code":{"insertions":77,"deletions":25}}},{"hash":"1d42227c36135ca9fc00baddc7ed231c955de5e6","isMergeCommit":false,"messageTitle":"Add resizability","messageBody":"","fileTypesAndContributionMap":{"functional-code":{"insertions":234,"deletions":6}}},{"hash":"1407b864dd73fc85435aa3c84825bace709844dc","isMergeCommit":true,"messageTitle":"Merge branch \u0027master\u0027 of https://github.com/AY2425S2-CS2103T-F10-1/tp into timetable","messageBody":"","fileTypesAndContributionMap":{}},{"hash":"22ee130b4da75a50db3715bdb47bb791f0d0f79d","isMergeCommit":false,"messageTitle":"Add timetable","messageBody":"","fileTypesAndContributionMap":{"functional-code":{"insertions":325,"deletions":6}}},{"hash":"3455abf81aa0a5bdbe543e820eac55ac52eb5744","isMergeCommit":false,"messageTitle":"Fix rectangle styling","messageBody":"","fileTypesAndContributionMap":{"functional-code":{"insertions":24,"deletions":30}}}]},{"date":"2025-03-30T00:00:00","commitResults":[{"hash":"3d9a2c88418fd635a78e1474b30fb6f06d684341","isMergeCommit":false,"messageTitle":"Add Listener to PersonListViewModel","messageBody":"","fileTypesAndContributionMap":{"functional-code":{"insertions":18,"deletions":3}}},{"hash":"7f15fae89fdb66bc8fc5951bb746b0d9c90b220a","isMergeCommit":false,"messageTitle":"Fix JavaFX versions in FXML files","messageBody":"","fileTypesAndContributionMap":{"functional-code":{"insertions":4,"deletions":4}}},{"hash":"e9741b07cb17d990c1039f768609210e8db14266","isMergeCommit":false,"messageTitle":"Add colors and tooltips","messageBody":"","fileTypesAndContributionMap":{"functional-code":{"insertions":61,"deletions":18}}},{"hash":"25d68ab130eb77994fd385641cfa13ecc0a5af2d","isMergeCommit":true,"messageTitle":"Change person list to be more compact and have better space usage #112","messageBody":"Fixes Change person list to be more compact and have better space usage Issue #112","fileTypesAndContributionMap":{}},{"hash":"d2339cc253d8b9fdfb1a48de6e02405aa0c40000","isMergeCommit":true,"messageTitle":"Merge branch \u0027master\u0027 of https://github.com/AY2425S2-CS2103T-F10-1/tp into timetable","messageBody":"","fileTypesAndContributionMap":{}},{"hash":"ee6d1abe1fa76637fa0cc0875121393e01c19c45","isMergeCommit":false,"messageTitle":"Fix display issues","messageBody":"","fileTypesAndContributionMap":{"functional-code":{"insertions":21,"deletions":7}}},{"hash":"ad04b0ce80673ae036991211106befe226b9614d","isMergeCommit":false,"messageTitle":"Add todo comments as requested","messageBody":"","fileTypesAndContributionMap":{"functional-code":{"insertions":3,"deletions":0}}},{"hash":"b3660708aa38a8b4358e2a8f4e38849a86d6fe04","isMergeCommit":true,"messageTitle":"Merge branch \u0027master\u0027 of https://github.com/AY2425S2-CS2103T-F10-1/tp into timetable","messageBody":"","fileTypesAndContributionMap":{}},{"hash":"df7b7adf71438ae3b757220b7dd74410685033d2","isMergeCommit":true,"messageTitle":"Merge branch \u0027master\u0027 into timetable","messageBody":"","fileTypesAndContributionMap":{}},{"hash":"af1c699ff8404bfa526d170f73194ca326f3c561","isMergeCommit":true,"messageTitle":"Merge branch \u0027master\u0027 into timetable","messageBody":"","fileTypesAndContributionMap":{}},{"hash":"ac6f8d51a31418ce409baf926ed890236a39b5aa","isMergeCommit":true,"messageTitle":"As a user I can view a contact\u0027s timetable #76 (#119)","messageBody":"Fixes #76","fileTypesAndContributionMap":{}},{"hash":"199ef16140e9012a8e10ad1d62d1754e8857b08c","isMergeCommit":false,"messageTitle":"Remove calls to getTreeItem from within updateItem","messageBody":"","fileTypesAndContributionMap":{"functional-code":{"insertions":82,"deletions":39}}},{"hash":"992bf716011dc1ca8f43bc00581acf5ebb271523","isMergeCommit":true,"messageTitle":"Merge branch \u0027master\u0027 of https://github.com/AY2425S2-CS2103T-F10-1/tp into treeview-fix","messageBody":"","fileTypesAndContributionMap":{}}]},{"date":"2025-03-31T00:00:00","commitResults":[{"hash":"1450d7e278c7c9ab153bb286d79a7a77b3573e20","isMergeCommit":true,"messageTitle":"Merge branch \u0027master\u0027 of https://github.com/AY2425S2-CS2103T-F10-1/tp into treeview-fix","messageBody":"","fileTypesAndContributionMap":{}},{"hash":"f9c5b26f6c4bbd88d782befade9595ab9f45a4f2","isMergeCommit":true,"messageTitle":"Merge branch \u0027master\u0027 of https://github.com/AY2425S2-CS2103T-F10-1/tp into treeview-fix","messageBody":"","fileTypesAndContributionMap":{}},{"hash":"6661e0d327bc373d18aee56647400b1ce0a266d2","isMergeCommit":true,"messageTitle":"Remove calls to getTreeItem from within updateItem","messageBody":"","fileTypesAndContributionMap":{}},{"hash":"585b00b1d21e484417849a1875e531a2f254e96c","isMergeCommit":false,"messageTitle":"Make gridlines timetable-like","messageBody":"","fileTypesAndContributionMap":{"functional-code":{"insertions":27,"deletions":20}}},{"hash":"616e22b94ac121e46a63107b8d62ae8e7510cdea","isMergeCommit":false,"messageTitle":"Force treeview expanded","messageBody":"","fileTypesAndContributionMap":{"functional-code":{"insertions":1,"deletions":0}}},{"hash":"dcaca56e585ef8417eb02baba07eaa9f1e9c8e5d","isMergeCommit":false,"messageTitle":"Fix maximize button bug","messageBody":"","fileTypesAndContributionMap":{"functional-code":{"insertions":1,"deletions":1}}}]},{"date":"2025-04-01T00:00:00","commitResults":[{"hash":"f112f86c2727219753333fc845e8599eb84655b0","isMergeCommit":true,"messageTitle":"Make gridlines timetable-like","messageBody":"","fileTypesAndContributionMap":{}},{"hash":"ca1e190edcd020f2e58a3ba65031769fd9358c33","isMergeCommit":true,"messageTitle":"Merge branch \u0027master\u0027 of https://github.com/AY2425S2-CS2103T-F10-1/tp into maximise-fix","messageBody":"","fileTypesAndContributionMap":{}}]},{"date":"2025-04-03T00:00:00","commitResults":[{"hash":"393a3344ff513a7e027598eeab382e8e66275574","isMergeCommit":true,"messageTitle":"Merge branch \u0027master\u0027 of https://github.com/AY2425S2-CS2103T-F10-1/tp into maximise-fix","messageBody":"","fileTypesAndContributionMap":{}},{"hash":"ec6e54295243ee559f24cd4ea728f880a56d2fdd","isMergeCommit":false,"messageTitle":"Refactor titlebar","messageBody":"","fileTypesAndContributionMap":{"functional-code":{"insertions":404,"deletions":406},"test-code":{"insertions":6,"deletions":6}}},{"hash":"6edd036051bcd61bc29dda68829f2aa2c7186aa4","isMergeCommit":true,"messageTitle":"Merge branch \u0027master\u0027 of https://github.com/AY2425S2-CS2103T-F10-1/tp into maximise-fix","messageBody":"","fileTypesAndContributionMap":{}},{"hash":"4f4fb25ba59b1bf56c463f08d8a67a88e4f2482d","isMergeCommit":false,"messageTitle":"Fix viewmodel refactor and test","messageBody":"","fileTypesAndContributionMap":{"functional-code":{"insertions":8,"deletions":12},"test-code":{"insertions":2,"deletions":3}}},{"hash":"8ecd96974d1e968e2f6cd1dbff0a4fbb8bd07f30","isMergeCommit":false,"messageTitle":"Fix FXML files","messageBody":"","fileTypesAndContributionMap":{"functional-code":{"insertions":47,"deletions":50}}},{"hash":"b6353cd2f643125040b0a7ffb4abd0c4db796db6","isMergeCommit":false,"messageTitle":"Fix drag causing window to jump","messageBody":"","fileTypesAndContributionMap":{"functional-code":{"insertions":5,"deletions":2}}},{"hash":"5056ef1b446722bcba15ef56cc2086c70b0de221","isMergeCommit":false,"messageTitle":"Fix window size being forgotten","messageBody":"","fileTypesAndContributionMap":{"functional-code":{"insertions":6,"deletions":2}}},{"hash":"d3f81da21a37e94b1d0426896742122624b36c66","isMergeCommit":false,"messageTitle":"Redesign UI","messageBody":"","fileTypesAndContributionMap":{"functional-code":{"insertions":233,"deletions":129},"test-code":{"insertions":9,"deletions":7}}},{"hash":"ad6327b8eab43938e8171d1c4f59319f016b0770","isMergeCommit":true,"messageTitle":"Merge branch \u0027master\u0027 of https://github.com/AY2425S2-CS2103T-F10-1/tp into ui-redesign","messageBody":"","fileTypesAndContributionMap":{}},{"hash":"ea7432f0f2441699895d4b2eab9be66185687ac4","isMergeCommit":true,"messageTitle":"Merge branch \u0027master\u0027 of https://github.com/AY2425S2-CS2103T-F10-1/tp into maximise-fix","messageBody":"","fileTypesAndContributionMap":{}},{"hash":"7e8c21e3e551ee7d58c49082b27ddb6f28a82919","isMergeCommit":true,"messageTitle":"Merge branch \u0027master\u0027 of https://github.com/AY2425S2-CS2103T-F10-1/tp into maximise-fix","messageBody":"","fileTypesAndContributionMap":{}},{"hash":"c79b801252083624ce417df362600f6a6dc865a4","isMergeCommit":true,"messageTitle":"Maximise button UI bug #128 (#179)","messageBody":"Fixes #128","fileTypesAndContributionMap":{}},{"hash":"a6be014b6944ba7a019600f0242aff7e39cf8d4a","isMergeCommit":false,"messageTitle":"Remove unused file","messageBody":"","fileTypesAndContributionMap":{"functional-code":{"insertions":0,"deletions":97}}},{"hash":"fecc458bbe96aa2282241e7d9b772ceea422785e","isMergeCommit":true,"messageTitle":"Merge branch \u0027master\u0027 of https://github.com/AY2425S2-CS2103T-F10-1/tp into ui-redesign","messageBody":"","fileTypesAndContributionMap":{}}]},{"date":"2025-04-04T00:00:00","commitResults":[{"hash":"0ae63946a571da1870b179042cf692e70014d792","isMergeCommit":false,"messageTitle":"Resolve merge conflicts","messageBody":"","fileTypesAndContributionMap":{"functional-code":{"insertions":71,"deletions":124},"test-code":{"insertions":8,"deletions":13}}},{"hash":"aca0e3ec1c9fe5a133b3e080ff8f5e88daecbde0","isMergeCommit":true,"messageTitle":"Merge branch \u0027master\u0027 of https://github.com/AY2425S2-CS2103T-F10-1/tp into ui-redesign","messageBody":"","fileTypesAndContributionMap":{}},{"hash":"a5e56c4f599f6a535408612578d163a3f9f670ee","isMergeCommit":false,"messageTitle":"Fix tooltip to new timetable orientation WIP","messageBody":"","fileTypesAndContributionMap":{"functional-code":{"insertions":17,"deletions":23}}},{"hash":"adb474dd1dc2b7810dc1391f13a9e37db61fb43c","isMergeCommit":true,"messageTitle":"UI redesign","messageBody":"","fileTypesAndContributionMap":{}},{"hash":"b29c2d930ac293e1302e9b187a4f436a803b09a1","isMergeCommit":false,"messageTitle":"Update docs and guides","messageBody":"","fileTypesAndContributionMap":{"functional-code":{"insertions":67,"deletions":7},"docs":{"insertions":23,"deletions":15}}},{"hash":"6544b6df01db49b8b5d76c81dd579b0e1b6a650a","isMergeCommit":false,"messageTitle":"Add help dialog functionality","messageBody":"","fileTypesAndContributionMap":{"functional-code":{"insertions":127,"deletions":3}}},{"hash":"4a436f8532b49e3a84b3e503b7274acd093723ae","isMergeCommit":false,"messageTitle":"Format doc","messageBody":"","fileTypesAndContributionMap":{"docs":{"insertions":416,"deletions":366}}},{"hash":"57bf83ccff4daeb6b351b52f0384a15b2a0d528f","isMergeCommit":true,"messageTitle":"Merge branch \u0027master\u0027 of https://github.com/AY2425S2-CS2103T-F10-1/tp into docs-and-guides","messageBody":"","fileTypesAndContributionMap":{}},{"hash":"d8280569be6d6b010164538f90d8c563c5b9f7c9","isMergeCommit":true,"messageTitle":"Update help modal, JavaDocs, UG, DG","messageBody":"Fixes Help command doesn\u0027t open help modal #200","fileTypesAndContributionMap":{}}]},{"date":"2025-04-05T00:00:00","commitResults":[{"hash":"1880d2295b38b92dafd32217756af55b4c2e1d4a","isMergeCommit":false,"messageTitle":"Fix UI related bugs","messageBody":"","fileTypesAndContributionMap":{"functional-code":{"insertions":12,"deletions":4}}},{"hash":"7e49d3976b17422499401adeb0b51d9a07ab3bcd","isMergeCommit":true,"messageTitle":"Merge branch \u0027master\u0027 of https://github.com/AY2425S2-CS2103T-F10-1/tp into ped-fixes","messageBody":"","fileTypesAndContributionMap":{}},{"hash":"a597d3da296c05a728639dcbc028024dc385032c","isMergeCommit":true,"messageTitle":"Fix UI related bugs","messageBody":"Fixes #212, #225, #265","fileTypesAndContributionMap":{}}]}],"leewaikin19":[{"date":"2025-02-27T00:00:00","commitResults":[{"hash":"5e90e781c1c52702cc4dfdadc7582ab2315224cf","isMergeCommit":false,"messageTitle":"Change AboutUs.md","messageBody":"","fileTypesAndContributionMap":{"docs":{"insertions":4,"deletions":4}}},{"hash":"e34e8609dac57aefd0bdb3897bb86638bd23cc5b","isMergeCommit":true,"messageTitle":"Merge branch \u0027master\u0027 into docs-about-us","messageBody":"","fileTypesAndContributionMap":{}}]},{"date":"2025-03-10T00:00:00","commitResults":[{"hash":"ca077487d0eb0ef33c0c2edf88e94cc0b29c695f","isMergeCommit":false,"messageTitle":"change command tags","messageBody":"","fileTypesAndContributionMap":{"functional-code":{"insertions":5,"deletions":5}}},{"hash":"4b9c89c3ae8ad610d5de4d2ecc5e34f070be2f99","isMergeCommit":false,"messageTitle":"fix testcases","messageBody":"","fileTypesAndContributionMap":{"functional-code":{"insertions":22,"deletions":21}}},{"hash":"259504071904304cfb47ff5d4a0b28e72e2d6a3e","isMergeCommit":false,"messageTitle":"fix checkstyle","messageBody":"","fileTypesAndContributionMap":{"functional-code":{"insertions":19,"deletions":19}}}]},{"date":"2025-03-13T00:00:00","commitResults":[{"hash":"6e64ed398795a880dcc0977d0eede20019986817","isMergeCommit":true,"messageTitle":"Merge branch \u0027change-tag\u0027 of https://github.com/leewaikin19/tp into change-tag","messageBody":"","fileTypesAndContributionMap":{}},{"hash":"d3dbe40aa1ce91d809b568689e331ff049f37ae5","isMergeCommit":true,"messageTitle":"Merge branch \u0027master\u0027 into change-tag","messageBody":"","fileTypesAndContributionMap":{}},{"hash":"25e8a7f7d99bf60dddf9fc0641f0208c04d1d203","isMergeCommit":true,"messageTitle":"Change tag syntax #79 (#78)","messageBody":"Change tag syntax","fileTypesAndContributionMap":{}}]},{"date":"2025-03-20T00:00:00","commitResults":[{"hash":"9b37cc353ecb42f4c69826b3e07384c39cf11557","isMergeCommit":false,"messageTitle":"Fix meeting constraint message","messageBody":"","fileTypesAndContributionMap":{"functional-code":{"insertions":1,"deletions":2}}},{"hash":"e95e37aae0b9c6c7e9c5829bfa80357756073ed8","isMergeCommit":false,"messageTitle":"Add list meetings command","messageBody":"","fileTypesAndContributionMap":{"functional-code":{"insertions":30,"deletions":0},"test-code":{"insertions":33,"deletions":0}}},{"hash":"3b07575147882b1acd4f6486c824ec5cef67d057","isMergeCommit":false,"messageTitle":"Fix unused imports","messageBody":"","fileTypesAndContributionMap":{"test-code":{"insertions":0,"deletions":2}}},{"hash":"cf6f82bd80808a3d825ad356f7952a5e43b32df3","isMergeCommit":true,"messageTitle":"Merge branch \u0027master\u0027 into add-list-meetings-command","messageBody":"","fileTypesAndContributionMap":{}}]},{"date":"2025-03-27T00:00:00","commitResults":[{"hash":"7a50bf8c5fa81400eec9bc083a4e53994d1add86","isMergeCommit":false,"messageTitle":"Add checks for time overlap for modules","messageBody":"","fileTypesAndContributionMap":{"functional-code":{"insertions":32,"deletions":1}}},{"hash":"ace90b721c3ec8375cb2472e2e960f00ea73eead","isMergeCommit":false,"messageTitle":"Add checks for time overlap for meetings","messageBody":"","fileTypesAndContributionMap":{"functional-code":{"insertions":61,"deletions":6}}},{"hash":"743ce3070ccae41d2211cf1fd179cf4832348658","isMergeCommit":false,"messageTitle":"Add missing message","messageBody":"","fileTypesAndContributionMap":{"functional-code":{"insertions":1,"deletions":0}}},{"hash":"20edef3bbabe0d47b06cce6caa2d970d585173c6","isMergeCommit":false,"messageTitle":"Fix bug in Day equals method","messageBody":"","fileTypesAndContributionMap":{"functional-code":{"insertions":1,"deletions":1}}},{"hash":"c48037dda2acb656ceb058661f45dcf991ffc44b","isMergeCommit":false,"messageTitle":"Update method name","messageBody":"Co-authored-by: Kannan \u003ckannanannamalai100@gmail.com\u003e","fileTypesAndContributionMap":{"functional-code":{"insertions":1,"deletions":1}}},{"hash":"f2ddcc4ad512ad49869648905f2b5befb484f6ca","isMergeCommit":true,"messageTitle":"Merge branch \u0027master\u0027 into check-conflict-meetings","messageBody":"","fileTypesAndContributionMap":{}},{"hash":"9247186ad44cc7c948a402d3055fb8cbf091bef2","isMergeCommit":false,"messageTitle":"Fix testcases","messageBody":"","fileTypesAndContributionMap":{"functional-code":{"insertions":2,"deletions":14},"test-code":{"insertions":8,"deletions":1}}}]},{"date":"2025-03-29T00:00:00","commitResults":[{"hash":"3eadbf273919e54db9ca10f5674d0d03a0481dcb","isMergeCommit":false,"messageTitle":"Update Model Class UML Diagram","messageBody":"","fileTypesAndContributionMap":{"docs":{"insertions":12,"deletions":0}}}]},{"date":"2025-03-30T00:00:00","commitResults":[{"hash":"68764022845841ae1cde5c575401387226c8ad41","isMergeCommit":false,"messageTitle":"Add png image","messageBody":"","fileTypesAndContributionMap":{"docs":{"insertions":1,"deletions":0}}},{"hash":"b028a6e60974d0a764a8b6077a95cbd60920eecf","isMergeCommit":true,"messageTitle":"Merge branch \u0027master\u0027 into uml-model","messageBody":"","fileTypesAndContributionMap":{}}]},{"date":"2025-04-01T00:00:00","commitResults":[{"hash":"f0440f950dc50b6812dfa0a6fea99da2dc47a0da","isMergeCommit":false,"messageTitle":"Add tests for AddMeetingCommand and AddModuleCommand","messageBody":"","fileTypesAndContributionMap":{"other":{"insertions":285,"deletions":0},"test-code":{"insertions":607,"deletions":8}}},{"hash":"cc862feb5f73e38053dc7fd1d14bc715709d91bc","isMergeCommit":true,"messageTitle":"","messageBody":"","fileTypesAndContributionMap":{}},{"hash":"dd9b75d7b2a1e20e83737f22357eb487ab74094c","isMergeCommit":false,"messageTitle":"Remove bin dir","messageBody":"","fileTypesAndContributionMap":{"other":{"insertions":0,"deletions":285}}},{"hash":"35aa3c21ee7bfd0bba42548faddebd81d7acf409","isMergeCommit":false,"messageTitle":"Add tests for AddModule command and parser","messageBody":"","fileTypesAndContributionMap":{"test-code":{"insertions":241,"deletions":56}}},{"hash":"a07f5956b6233209b3ceac04f4e370b5e9f27f72","isMergeCommit":false,"messageTitle":"Add more tests for coverage","messageBody":"","fileTypesAndContributionMap":{"functional-code":{"insertions":30,"deletions":19},"test-code":{"insertions":667,"deletions":11}}},{"hash":"ab996c3b4bae9728bbcd6f1a857bf996f2ac4e91","isMergeCommit":true,"messageTitle":"Merge branch \u0027master\u0027 into add-meeting-command-tests","messageBody":"","fileTypesAndContributionMap":{}}]},{"date":"2025-04-02T00:00:00","commitResults":[{"hash":"318a14d34329c14ac1be526dc41764919210a384","isMergeCommit":true,"messageTitle":"Merge branch \u0027master\u0027 into add-meeting-command-tests","messageBody":"","fileTypesAndContributionMap":{}},{"hash":"96fb4dd27f1801219688b173033049533e4cd2b4","isMergeCommit":false,"messageTitle":"Update test models","messageBody":"","fileTypesAndContributionMap":{"test-code":{"insertions":13,"deletions":4}}},{"hash":"6d8272639319f31945224093b9e92c180c5e8a59","isMergeCommit":true,"messageTitle":"Add tests for AddMeetingCommand and AddModuleCommand #109 (#130)","messageBody":"Add tests for AddMeetingCommand and AddModuleCommand","fileTypesAndContributionMap":{}},{"hash":"eebdbb365b4551f283660135c6fcdf5376640be7","isMergeCommit":false,"messageTitle":"Add troubleshooting and FAQ","messageBody":"","fileTypesAndContributionMap":{"docs":{"insertions":18,"deletions":5}}}]},{"date":"2025-04-03T00:00:00","commitResults":[{"hash":"4f2091c4009a979c798941f15c70ccaa378cd56f","isMergeCommit":true,"messageTitle":"Merge branch \u0027master\u0027 into wk11-meeting-tree-view","messageBody":"","fileTypesAndContributionMap":{}},{"hash":"d6ae8526b08cbfc0ac3393cb9bb4e1fbee2763de","isMergeCommit":true,"messageTitle":"Merge branch \u0027master\u0027 into wk11-meeting-tree-view","messageBody":"","fileTypesAndContributionMap":{}},{"hash":"26c3efdb97b37859dc87ca626d7cb7c179928a09","isMergeCommit":true,"messageTitle":"As a user I can view collated meetings #172 (#158)","messageBody":"Add meeting treeview","fileTypesAndContributionMap":{}},{"hash":"91c3a2c411626e5d9214076633052a73198af41e","isMergeCommit":true,"messageTitle":"Merge branch \u0027master\u0027 into update-UG","messageBody":"","fileTypesAndContributionMap":{}},{"hash":"dc2cdac7bdab093e1af2471a0ffb288660a05737","isMergeCommit":true,"messageTitle":"Fix bugs related to Meetings (#169)","messageBody":"Fix bugs related to Meetings","fileTypesAndContributionMap":{}},{"hash":"288a876eccc5ce116af9c521e0f45b3e625f4013","isMergeCommit":true,"messageTitle":"Merge branch \u0027master\u0027 into update-UG","messageBody":"","fileTypesAndContributionMap":{}},{"hash":"2f6bf94585901a5757003cfc3822de5ec2d73449","isMergeCommit":false,"messageTitle":"Add more FAQ","messageBody":"","fileTypesAndContributionMap":{"docs":{"insertions":7,"deletions":2}}},{"hash":"0ff0480ab5d9d5046b111459b4de9bedf111b340","isMergeCommit":true,"messageTitle":"Merge branch \u0027update-UG\u0027 of https://github.com/leewaikin19/tp into update-UG","messageBody":"","fileTypesAndContributionMap":{}},{"hash":"1f8bdee636d869579e7270db921346be38a561b1","isMergeCommit":true,"messageTitle":"Update UG (#166)","messageBody":"Update UG for FAQ and Troubleshooting section","fileTypesAndContributionMap":{}},{"hash":"ac64231104f4fe9c7ea2ab397316aaf3ff98e72b","isMergeCommit":true,"messageTitle":"Merge branch \u0027master\u0027 into update-user-guide","messageBody":"","fileTypesAndContributionMap":{}},{"hash":"d3311cdceee37b7c17f94c3227b045000c926b82","isMergeCommit":true,"messageTitle":"Update UG to prepare for release #170 (#171)","messageBody":"Update UG to prepare for release #170","fileTypesAndContributionMap":{}},{"hash":"f72b53ffda4a5d62e2bc8048aec26f557557ac07","isMergeCommit":false,"messageTitle":"Fix various alpha bugs","messageBody":"","fileTypesAndContributionMap":{"functional-code":{"insertions":9,"deletions":9},"test-code":{"insertions":8,"deletions":13}}},{"hash":"40234a16928091444d30fa2d8ca717e56491ec5c","isMergeCommit":false,"messageTitle":"Change Person unique identifier","messageBody":"","fileTypesAndContributionMap":{"functional-code":{"insertions":7,"deletions":4}}},{"hash":"cb208509c67fb1a4549967bd6c55c96aea9e591f","isMergeCommit":false,"messageTitle":"Add implementation to DG","messageBody":"","fileTypesAndContributionMap":{"docs":{"insertions":359,"deletions":261}}},{"hash":"9db37699bc9af63c39376f2d5ec968a6603a8f11","isMergeCommit":true,"messageTitle":"Merge branch \u0027AY2425S2-CS2103T-F10-1:master\u0027 into developer-guide","messageBody":"","fileTypesAndContributionMap":{}},{"hash":"65e5dfbd39c13c223835927f45dba73c68a2c4e9","isMergeCommit":false,"messageTitle":"Add Activity Diagrams","messageBody":"","fileTypesAndContributionMap":{"docs":{"insertions":208,"deletions":22}}},{"hash":"0fd7ea6456e3e5549fd62da25174fe942d732c58","isMergeCommit":false,"messageTitle":"Remove How to Use section","messageBody":"","fileTypesAndContributionMap":{"docs":{"insertions":0,"deletions":27}}},{"hash":"e63ce6678827347ed9d20dc97fa7c804a7d5ee40","isMergeCommit":true,"messageTitle":"Add implementation to DG (#182)","messageBody":"Add implementation to DG","fileTypesAndContributionMap":{}}]}],"lilyium":[{"date":"2025-03-02T00:00:00","commitResults":[{"hash":"5aa3bf4722a3ef56278d8c12e690851f452d8e28","isMergeCommit":false,"messageTitle":"Update AboutUs page for lilyium","messageBody":"","fileTypesAndContributionMap":{"docs":{"insertions":23,"deletions":5}}},{"hash":"2aa27dbf8430876492df3e9e8c36c15f7dc8d052","isMergeCommit":false,"messageTitle":"Fix EOF","messageBody":"","fileTypesAndContributionMap":{"docs":{"insertions":1,"deletions":1}}}]},{"date":"2025-03-05T00:00:00","commitResults":[{"hash":"ba79f87a5a406f4c964d13dda312f26549d88790","isMergeCommit":true,"messageTitle":"Merge branch \u0027master\u0027 into add-about-us","messageBody":"","fileTypesAndContributionMap":{}},{"hash":"2256f7f82c4ce00375795dcf08c7add888f4462b","isMergeCommit":true,"messageTitle":"Merge pull request #26 from lilyium/add-about-us","messageBody":"Update AboutUs page for lilyium #25","fileTypesAndContributionMap":{}},{"hash":"ddaff0d6a7cd538ec3571d77f38d82c7acb8a0cf","isMergeCommit":true,"messageTitle":"Merge branch \u0027master\u0027 into about-us","messageBody":"","fileTypesAndContributionMap":{}},{"hash":"bc1b4f8dc715b2ff5979c2c6b6caebf6b55073de","isMergeCommit":true,"messageTitle":"Merge pull request #22 from xplus2g4/about-us","messageBody":"Update about us description for xplus2g4","fileTypesAndContributionMap":{}},{"hash":"b9aa466843a6d57733b8f426d691d151485cf231","isMergeCommit":true,"messageTitle":"Merge branch \u0027master\u0027 into add-self-photo","messageBody":"","fileTypesAndContributionMap":{}},{"hash":"ae62b5ca002ffb9d84de80868e43d0806dc80d14","isMergeCommit":true,"messageTitle":"Merge branch \u0027master\u0027 into photo","messageBody":"","fileTypesAndContributionMap":{}},{"hash":"27649c2cbfac62ac284009bdc26a52165b5d9b16","isMergeCommit":true,"messageTitle":"Merge branch \u0027master\u0027 into add-portfolio","messageBody":"","fileTypesAndContributionMap":{}},{"hash":"6f5b7b6b3b8e4719be13939786a08cdfa6409c63","isMergeCommit":true,"messageTitle":"Merge pull request #31 from Kannan171/add-portfolio","messageBody":"Add portfolio and update AboutUs for Kannan","fileTypesAndContributionMap":{}}]},{"date":"2025-03-06T00:00:00","commitResults":[{"hash":"6fd2cb4e0914d22cd6c4ca9a2c2f6a98c6226b66","isMergeCommit":false,"messageTitle":"Update target user profile, value proposition, and user stories","messageBody":"","fileTypesAndContributionMap":{"docs":{"insertions":38,"deletions":15}}},{"hash":"a27529d4360285726eb6712d7e86c54316a89bf7","isMergeCommit":false,"messageTitle":"Fix minor typos","messageBody":"","fileTypesAndContributionMap":{"docs":{"insertions":2,"deletions":2}}},{"hash":"b45afc64130d62f3898e036a36e4b74a867a1f86","isMergeCommit":true,"messageTitle":"Add target user profile, value proposition, and user stories to Developer Guide #33 (#39)","messageBody":"","fileTypesAndContributionMap":{}}]},{"date":"2025-03-09T00:00:00","commitResults":[{"hash":"c29e285f7627e216e931c17d51925f238ecb9e8c","isMergeCommit":true,"messageTitle":"Merge branch \u0027update-user-stories\u0027 into update-developer-guide","messageBody":"","fileTypesAndContributionMap":{}},{"hash":"408533572f090e32433ecc623b7fc78188a3618e","isMergeCommit":false,"messageTitle":"Update use cases","messageBody":"","fileTypesAndContributionMap":{"docs":{"insertions":303,"deletions":12}}},{"hash":"77afeb39ddb42f45bc7951eadee204f06ff9f780","isMergeCommit":true,"messageTitle":"Merge branch \u0027master\u0027 into update-use-cases","messageBody":"","fileTypesAndContributionMap":{}},{"hash":"643dfa9f5aad542f0fd9ead6a739235d29f97302","isMergeCommit":true,"messageTitle":"Add use cases to Developer Guide #34 (#40)","messageBody":"","fileTypesAndContributionMap":{}},{"hash":"8f11098e2228d157afc22f42ba50a33b9b565ed5","isMergeCommit":true,"messageTitle":"Merge branch \u0027update-use-cases\u0027 into update-developer-guide","messageBody":"","fileTypesAndContributionMap":{}},{"hash":"da836301a1f37ca49dbbe4cec8d8b5eb3ffe4a1c","isMergeCommit":false,"messageTitle":"Update non-functional requirements","messageBody":"","fileTypesAndContributionMap":{"docs":{"insertions":18,"deletions":3}}},{"hash":"0d5d75e19059b4c737b628e44628e08c562c048c","isMergeCommit":true,"messageTitle":"Merge branch \u0027update-non-functional-requirements\u0027 into update-developer-guide","messageBody":"","fileTypesAndContributionMap":{}},{"hash":"d6a57c91be063e8583932e9eb85c27000de62604","isMergeCommit":true,"messageTitle":"Merge branch \u0027update-developer-guide\u0027","messageBody":"","fileTypesAndContributionMap":{}},{"hash":"9f1624fae01ba5fbf3fada76386315aab2e03bc3","isMergeCommit":true,"messageTitle":"Merge branch \u0027master\u0027 of https://github.com/AY2425S2-CS2103T-F10-1/tp","messageBody":"","fileTypesAndContributionMap":{}}]},{"date":"2025-03-10T00:00:00","commitResults":[{"hash":"91fbc01ceb466fabbb2d2d34823dd8a225a88595","isMergeCommit":false,"messageTitle":"Update glossary","messageBody":"","fileTypesAndContributionMap":{"docs":{"insertions":6,"deletions":2}}},{"hash":"55fff93a420bc02caef409e4daaf987109150e89","isMergeCommit":true,"messageTitle":"Add glossary to Developer Guide #36 (#42)","messageBody":"","fileTypesAndContributionMap":{}}]},{"date":"2025-03-13T00:00:00","commitResults":[{"hash":"230a3210c897ee8aff2c562567aee84004769875","isMergeCommit":true,"messageTitle":"Merge branch \u0027master\u0027 into update-user-stories","messageBody":"","fileTypesAndContributionMap":{}},{"hash":"eb3a537235241cda3b81f22c2c5fca4f497395e7","isMergeCommit":false,"messageTitle":"Update user stories and priorities","messageBody":"","fileTypesAndContributionMap":{"docs":{"insertions":14,"deletions":13}}},{"hash":"13ca3b3720315161feb4e6381448351d2576fc9c","isMergeCommit":true,"messageTitle":"Merge branch \u0027master\u0027 into update-user-stories","messageBody":"","fileTypesAndContributionMap":{}},{"hash":"be16335c0c5b552767060ad61db362191b44a88b","isMergeCommit":true,"messageTitle":"Update user stories and priorities (#45)","messageBody":"","fileTypesAndContributionMap":{}},{"hash":"020db50d9b839f4858f60a776e08fa0c0c397f6e","isMergeCommit":false,"messageTitle":"Add issue and pull request templates","messageBody":"","fileTypesAndContributionMap":{"docs":{"insertions":23,"deletions":0}}},{"hash":"8fd33836f74afb16136ffb0ffd0299c9e8415ef6","isMergeCommit":false,"messageTitle":"Fix EOF","messageBody":"","fileTypesAndContributionMap":{"docs":{"insertions":1,"deletions":1}}},{"hash":"008496b51175a6307da596e03c1f8c234667bc7a","isMergeCommit":true,"messageTitle":"Merge branch \u0027master\u0027 into update-github-templates","messageBody":"","fileTypesAndContributionMap":{}},{"hash":"3c662216a6f0bd6bd7c58d6e5c94d07f975b0109","isMergeCommit":true,"messageTitle":"Add issue and pull request templates (#46)","messageBody":"","fileTypesAndContributionMap":{}},{"hash":"8a1aab991e4020df8d7c8ab8bba0c4fa4755aaf8","isMergeCommit":true,"messageTitle":"Merge branch \u0027master\u0027 into sample-vm-tests","messageBody":"","fileTypesAndContributionMap":{}},{"hash":"9340f1142f7ab96f23c0a13e1e40259cda5071ff","isMergeCommit":true,"messageTitle":"Add viewmodel tests (#44)","messageBody":"","fileTypesAndContributionMap":{}}]},{"date":"2025-03-17T00:00:00","commitResults":[{"hash":"c883ea665719cc266d6613ad3698d760b6ac0ad6","isMergeCommit":true,"messageTitle":"Merge branch \u0027master\u0027 into add-meeting-add-command","messageBody":"","fileTypesAndContributionMap":{}},{"hash":"cca1de066d14d2ab0bf08d285ccd03d04195c341","isMergeCommit":false,"messageTitle":"Add skeletal code for command to add meetings","messageBody":"","fileTypesAndContributionMap":{"functional-code":{"insertions":70,"deletions":0}}}]},{"date":"2025-03-18T00:00:00","commitResults":[{"hash":"3a50c27369deb76f4b132f51eeca94e21bc0fe74","isMergeCommit":false,"messageTitle":"Add Meeting class","messageBody":"","fileTypesAndContributionMap":{"functional-code":{"insertions":12,"deletions":3}}},{"hash":"5daab7f08619c7bd347b1cadcdba537893fdb448","isMergeCommit":false,"messageTitle":"Complete parsing of add meeting command and return values","messageBody":"","fileTypesAndContributionMap":{"functional-code":{"insertions":92,"deletions":6}}},{"hash":"de5959be1d3ae8935a80223e688e7a1652889c24","isMergeCommit":false,"messageTitle":"Update Model and Storage components to handle adding meetings","messageBody":"Updating Model and Storage components to ensure the App contains up to\ndate meeting information during runtime and that the data file is\nupdated. Implementing logic to handle duplicate meetings prevents\nmultiple copies of the same meeting from being saved.\n","fileTypesAndContributionMap":{"functional-code":{"insertions":304,"deletions":3}}},{"hash":"e19619e06f4ed05cd1c1c6af1ee3474eeeefd47e","isMergeCommit":false,"messageTitle":"Update code to create Meeting object in Parser instead of Command","messageBody":"","fileTypesAndContributionMap":{"functional-code":{"insertions":20,"deletions":29}}},{"hash":"4d01bf90d583289269e6327f0bc6a9f3931d5072","isMergeCommit":false,"messageTitle":"Add Javadoc for classes and methods","messageBody":"","fileTypesAndContributionMap":{"functional-code":{"insertions":88,"deletions":39}}},{"hash":"ce06f3e09e6cbb4d68011e97a99fcd338b60d7b3","isMergeCommit":false,"messageTitle":"Add ViewModel class for meetings list","messageBody":"Updating Model and Logic components to support retrieving the meeting\nlist\n","fileTypesAndContributionMap":{"functional-code":{"insertions":53,"deletions":0}}},{"hash":"c68e5102d015cba114b0ce13f1a92773c6bfac8e","isMergeCommit":false,"messageTitle":"Remove unused imports","messageBody":"","fileTypesAndContributionMap":{"functional-code":{"insertions":0,"deletions":1}}},{"hash":"d90eb97f242497103790717cdacfc47bfea0f4fd","isMergeCommit":false,"messageTitle":"Rename schedule package to meeting","messageBody":"","fileTypesAndContributionMap":{"functional-code":{"insertions":13,"deletions":13},"other":{"insertions":4,"deletions":4}}},{"hash":"ad1a3a7b1b6b03d6386fd3a0f6299abb85a5d955","isMergeCommit":true,"messageTitle":"Merge branch \u0027master\u0027 into add-meeting-add-command","messageBody":"","fileTypesAndContributionMap":{}},{"hash":"99093cb3e1f13a6db7127e9d3aa78034ae8af3c5","isMergeCommit":true,"messageTitle":"As a group member I can create a meeting #63 (#86)","messageBody":"Implements a command to create meetings.\n\nLet\u0027s,\n* update the Logic component to\n  - support a command to create meetings\n  - parse the arguments to the command to create meetings\n  - return a view of the meetings list\n* update the Model component to\n  - store Meeting objects which represent a meeting\n* update the Storage component to\n  - save and load meeting details in JSON format\n* update the ViewModel component to\n  - expose a read-only meetings list to the UI component\n\nNote:\n* The UI component is not updated to display the meetings list\n* Tests have yet to be (re)written","fileTypesAndContributionMap":{}},{"hash":"02b01fc7b79f4648ed5f918fb03ec9dc5d59c21a","isMergeCommit":false,"messageTitle":"Modify parser to parse time without leading zeroes","messageBody":"","fileTypesAndContributionMap":{"functional-code":{"insertions":1,"deletions":1}}},{"hash":"533d85aee0c810bb5eb22868ee815fea77fcb091","isMergeCommit":false,"messageTitle":"Modify AddMeetingCommandParser to inherit from Parser\u003cAddMeetingCommand\u003e","messageBody":"","fileTypesAndContributionMap":{"functional-code":{"insertions":1,"deletions":1}}},{"hash":"b62166872ed2185eb19180c265a6d531cc4e1f32","isMergeCommit":false,"messageTitle":"Update Logic component to handle deleting meetings","messageBody":"","fileTypesAndContributionMap":{"functional-code":{"insertions":101,"deletions":0}}},{"hash":"ae65361292ddbe06b8b3f27e53f9fb0470a9ee2a","isMergeCommit":false,"messageTitle":"Update Model component to handle deleting meetings","messageBody":"","fileTypesAndContributionMap":{"functional-code":{"insertions":42,"deletions":3}}},{"hash":"2efdc6354a80b15a69bc47457af90575b4240664","isMergeCommit":true,"messageTitle":"As a group member I can delete a meeting #65 (#87)","messageBody":"Implements a command to delete meetings.\n\nLet\u0027s,\n* update the Logic component to\n  - support a command to delete meetings\n  - parse the arguments to the command to delete meetings\n* update the Model component to\n  - delete Meeting objects from the AddressBook when DeleteMeetingCommand is executed\n\nNote:\n* AddMeetingCommandParser has been updated to inherit from Parser\u003cAddMeetingCommand\u003e\n* Parser for time strings has been updated to accept time formats without leading zeroes (i.e. 9:00 is now a valid time string)\n* The UI component is not updated to display the meetings list\n* Tests have yet to be (re)written","fileTypesAndContributionMap":{}},{"hash":"403a463f22fe12c9969a39f41c545ec543923a3c","isMergeCommit":false,"messageTitle":"Fix Checkstyle","messageBody":"","fileTypesAndContributionMap":{"functional-code":{"insertions":9,"deletions":10}}},{"hash":"1e84f4cd7f3dcfdd95c95a43f038e302862fc1f5","isMergeCommit":true,"messageTitle":"Merge branch \u0027AY2425S2-CS2103T-F10-1:master\u0027 into add-meeting-delete-command","messageBody":"","fileTypesAndContributionMap":{}},{"hash":"35f8ca61157a3b70790aec6b39f7a249d80fd347","isMergeCommit":true,"messageTitle":"Fix Checkstyle issues (#88)","messageBody":"","fileTypesAndContributionMap":{}}]},{"date":"2025-03-19T00:00:00","commitResults":[{"hash":"7b93cb002573b09d01d29ab209fd945dc0bedf2b","isMergeCommit":false,"messageTitle":"Fix existing test cases","messageBody":"","fileTypesAndContributionMap":{"test-code":{"insertions":29,"deletions":0}}},{"hash":"ecd68de3fe46c3b2115f7740729476fbce65db1b","isMergeCommit":true,"messageTitle":"Fix existing test cases (#89)","messageBody":"","fileTypesAndContributionMap":{}}]},{"date":"2025-03-20T00:00:00","commitResults":[{"hash":"06532b074a06068bedba95686235baa9c15a9ce8","isMergeCommit":false,"messageTitle":"Update MainApp version","messageBody":"","fileTypesAndContributionMap":{"functional-code":{"insertions":4,"deletions":4}}},{"hash":"e702c6a52acfc61fa5d8dcc49dfbe3ad2616db78","isMergeCommit":true,"messageTitle":"Merge branch \u0027AY2425S2-CS2103T-F10-1:master\u0027 into update-mainapp-version","messageBody":"","fileTypesAndContributionMap":{}}]},{"date":"2025-03-25T00:00:00","commitResults":[{"hash":"e2eb6a39a5bae877436324bf19cda93a8f247e97","isMergeCommit":false,"messageTitle":"Add MeetingBuilder class to help with building Meeting objects","messageBody":"Make date and time fields private in Meeting class\nAdd getters to Meeting class\n","fileTypesAndContributionMap":{"functional-code":{"insertions":15,"deletions":3},"test-code":{"insertions":71,"deletions":0}}},{"hash":"ef24cf5ecf8d47278aec8637ff7fec2dcf9057ad","isMergeCommit":false,"messageTitle":"Add tests for AddMeetingCommand","messageBody":"Rename TypicalPersons to TypicalAddressBook.\nAdd Meeting objects to TypicalAddressBook that are to be used in tests.\n","fileTypesAndContributionMap":{"functional-code":{"insertions":10,"deletions":2},"other":{"insertions":37,"deletions":3},"test-code":{"insertions":256,"deletions":31}}},{"hash":"56c124cece77fb2fc0fad2b3a017722210398563","isMergeCommit":false,"messageTitle":"Update test for ListMeetingsCommand","messageBody":"Rename ListMeetingsTest to ListMeetingsCommandTest.\n","fileTypesAndContributionMap":{"other":{"insertions":12,"deletions":3}}}]},{"date":"2025-03-26T00:00:00","commitResults":[{"hash":"272ff0dc1fb6270733f38b3151fe897897dadec3","isMergeCommit":false,"messageTitle":"Fix import order","messageBody":"","fileTypesAndContributionMap":{"test-code":{"insertions":3,"deletions":3}}}]},{"date":"2025-03-27T00:00:00","commitResults":[{"hash":"1dd3c3d883d68d1bec1eca39c29c84fc46b9fbb7","isMergeCommit":true,"messageTitle":"Add features to UG #98 (#99)","messageBody":"","fileTypesAndContributionMap":{}},{"hash":"3275c638ce5b36387e20b8846e4be35819e6529b","isMergeCommit":false,"messageTitle":"Update introduction and table of contents","messageBody":"","fileTypesAndContributionMap":{"docs":{"insertions":40,"deletions":9}}},{"hash":"1a14a47ba2e4f16286a43480365022f2a2d6958d","isMergeCommit":true,"messageTitle":"Merge branch \u0027master\u0027 into update-introduction","messageBody":"# Conflicts:\n#\tdocs/UserGuide.md\n","fileTypesAndContributionMap":{}},{"hash":"5b81d6a41ba52504750f5901de7c92c4021819ba","isMergeCommit":false,"messageTitle":"Fix EOF","messageBody":"","fileTypesAndContributionMap":{"docs":{"insertions":1,"deletions":1}}},{"hash":"0ec931a4e982338f61dca606b55c2eaa478c57d7","isMergeCommit":true,"messageTitle":"Merge branch \u0027master\u0027 into add-test-meeting-command","messageBody":"","fileTypesAndContributionMap":{}},{"hash":"c8c3723a01ea52efdde6a73e7fe6cb2d7dd008aa","isMergeCommit":false,"messageTitle":"Add tests for DeleteMeetingCommand","messageBody":"","fileTypesAndContributionMap":{"test-code":{"insertions":79,"deletions":0}}},{"hash":"e6e8b2acd0435749c04620452af54be77f9c60d0","isMergeCommit":false,"messageTitle":"Update toString method for DeleteMeetingCommand","messageBody":"","fileTypesAndContributionMap":{"functional-code":{"insertions":7,"deletions":0}}},{"hash":"95f1b42122b638606e53c22be45a32f4610373b3","isMergeCommit":false,"messageTitle":"Add a manually added meeting to TypicalAddressBook and CommandTestUtil","messageBody":"Rename fields in MeetingBuilder to split STARTTIME and ENDTIME into\nSTART_TIME and END_TIME respectively\n","fileTypesAndContributionMap":{"test-code":{"insertions":20,"deletions":4}}},{"hash":"cd2a26285b6b73718b40f8ae8f9cc53160c9676b","isMergeCommit":false,"messageTitle":"Add tests for AddMeetingCommandParser","messageBody":"","fileTypesAndContributionMap":{"functional-code":{"insertions":4,"deletions":2},"test-code":{"insertions":114,"deletions":0}}},{"hash":"a3cfd9f079bd4e4e4cf0b8428fa75a856034f91f","isMergeCommit":false,"messageTitle":"Add tests for DeleteMeetingCommandParser","messageBody":"","fileTypesAndContributionMap":{"test-code":{"insertions":33,"deletions":36}}},{"hash":"67cb3d25376c5de5dd3e4fd1155a42f4332804bf","isMergeCommit":false,"messageTitle":"Remove unused imports","messageBody":"","fileTypesAndContributionMap":{"test-code":{"insertions":1,"deletions":2}}},{"hash":"68a909f2d333f82e5141889f323ead7f65114718","isMergeCommit":false,"messageTitle":"Rename DeleteMeetingTest to DeleteMeetingCommandTest","messageBody":"Rename INDEX_FIRST_PERSON, INDEX_SECOND_PERSON, INDEX_THIRD_PERSON to\nINDEX_FIRST, INDEX_SECOND, INDEX_THIRD as the Index is used for both\nPerson and Meeting\n","fileTypesAndContributionMap":{"other":{"insertions":8,"deletions":8},"test-code":{"insertions":56,"deletions":56}}},{"hash":"48c520ee38ab32546192aaeac9ddce617151ddb1","isMergeCommit":true,"messageTitle":"Add tests for Meeting commands #95 (#96)","messageBody":"Add tests for Meeting commands in the logic component\n\nLet\u0027s add tests for \n* AddMeetingCommand\n* DeleteMeetingCommand\n* AddMeetingCommandParser\n* DeleteMeetingCommandParser\n\nNote: Tests related to Meeting in the model and storage component have yet to be added","fileTypesAndContributionMap":{}},{"hash":"dd20688d5f51cc575f84c83cf8939d62845a0214","isMergeCommit":true,"messageTitle":"Merge branch \u0027master\u0027 into ui-redesign","messageBody":"","fileTypesAndContributionMap":{}},{"hash":"4d3203c7e740c446f528ffdf0040e8be223ee4ec","isMergeCommit":true,"messageTitle":"Move command box to the bottom (#104)","messageBody":"","fileTypesAndContributionMap":{}},{"hash":"caefe4c6c3b5737c04c057ef2cd47a7e331cb833","isMergeCommit":true,"messageTitle":"Merge branch \u0027master\u0027 into check-conflict-modules","messageBody":"","fileTypesAndContributionMap":{}},{"hash":"22cfb369baf8dfa3c1f4b7537608c6253c5fa4bc","isMergeCommit":true,"messageTitle":"Check for conflict when adding modules #102 (#106)","messageBody":"","fileTypesAndContributionMap":{}},{"hash":"a398021cc7cb3b33e0f3947d45dff6b47f10d7da","isMergeCommit":true,"messageTitle":"Merge branch \u0027master\u0027 into update-mainapp-version","messageBody":"","fileTypesAndContributionMap":{}},{"hash":"d7a8a9c2f653c58dfb1bf94d5ff2a61d6d5a918b","isMergeCommit":false,"messageTitle":"Update version number","messageBody":"","fileTypesAndContributionMap":{"functional-code":{"insertions":1,"deletions":1}}},{"hash":"264469418714410ce03ab2eda0dd30d6ef73b4e8","isMergeCommit":false,"messageTitle":"Enable assertions in gradle","messageBody":"","fileTypesAndContributionMap":{"other":{"insertions":4,"deletions":0}}},{"hash":"8a478cf686967303ff618f4e7fc9d33e277d9689","isMergeCommit":true,"messageTitle":"Update app version and enable assertions #112 (#113)","messageBody":"","tags":["v1.4"],"fileTypesAndContributionMap":{}}]},{"date":"2025-03-30T00:00:00","commitResults":[{"hash":"5fdfc0bbedad95c9549f7e2a6d2b5d4139e3ed0b","isMergeCommit":true,"messageTitle":"Merge branch \u0027master\u0027 into check-conflict-meetings","messageBody":"","fileTypesAndContributionMap":{}},{"hash":"6a1d9a1d59eaf858671496a6170470aae2e90f7a","isMergeCommit":true,"messageTitle":"Check for conflict when adding meetings #103 (#107)","messageBody":"","fileTypesAndContributionMap":{}},{"hash":"fd1a198f8af0aff3677a6d7ccc7eede3fd86e429","isMergeCommit":false,"messageTitle":"Add UML diagram for ViewModel component","messageBody":"","fileTypesAndContributionMap":{"docs":{"insertions":54,"deletions":0}}},{"hash":"ab89763ce5f2736af3aeb5593cdfa74229da8a2d","isMergeCommit":true,"messageTitle":"Merge branch \u0027master\u0027 into update-uml-diagrams","messageBody":"","fileTypesAndContributionMap":{}},{"hash":"8629e8422b42330ea78a1b79904e8e5e04e3933f","isMergeCommit":false,"messageTitle":"Update ArchitectureDiagram image","messageBody":"","fileTypesAndContributionMap":{"docs":{"insertions":1,"deletions":1}}},{"hash":"b25337e50a429608ff4dfbda113927fe21d48499","isMergeCommit":false,"messageTitle":"Rename ViewModelDiagram to ViewModelClassDiagram","messageBody":"","fileTypesAndContributionMap":{"docs":{"insertions":1,"deletions":1}}},{"hash":"e0c5d8847db0df48790490e30eef720c2fc0779d","isMergeCommit":true,"messageTitle":"Update UML class diagram for ViewModel component (#121)","messageBody":"","fileTypesAndContributionMap":{}},{"hash":"8982ffc19a517afe252c8fdf48064bde914ccdb0","isMergeCommit":true,"messageTitle":"Merge branch \u0027master\u0027 into uml-model","messageBody":"","fileTypesAndContributionMap":{}},{"hash":"c2fbd9822e7ef569270a830f213a012f8f7573fa","isMergeCommit":true,"messageTitle":"Update Model Class UML Diagram (#117)","messageBody":"","fileTypesAndContributionMap":{}},{"hash":"dfca8e1273278d18d7e024b5a907e3f336240cbc","isMergeCommit":false,"messageTitle":"Add tests for Meeting","messageBody":"","fileTypesAndContributionMap":{"test-code":{"insertions":55,"deletions":0}}},{"hash":"4000be4fd20ce1ca511a45f63d47e43abadab9b2","isMergeCommit":false,"messageTitle":"Add a format method for meetings in Messages","messageBody":"This allows for separation between internal string representation of a\nMeeting object and the details displayed to the user\n","fileTypesAndContributionMap":{"functional-code":{"insertions":30,"deletions":8},"test-code":{"insertions":6,"deletions":4}}},{"hash":"1de070161367619756b251ea5ed5fb8d4637c8d8","isMergeCommit":false,"messageTitle":"Add tests for UniqueMeetingListTest","messageBody":"","fileTypesAndContributionMap":{"test-code":{"insertions":113,"deletions":0}}},{"hash":"ea274060ca90c3f616319e39b10493bdac56c9b3","isMergeCommit":false,"messageTitle":"Add tests for JsonAdaptedMeeting","messageBody":"Modify the toModelType method in JsonAdaptedMeeting so that when a field\nis missing, the exception thrown specifies which field is missing\n","fileTypesAndContributionMap":{"functional-code":{"insertions":24,"deletions":5},"test-code":{"insertions":74,"deletions":0}}}]},{"date":"2025-03-31T00:00:00","commitResults":[{"hash":"90d3261af0888d5adaa3652dc373ee166f416c87","isMergeCommit":false,"messageTitle":"Update list of Meeting objects stored in TypicalAddressBook","messageBody":"Having Meeting objects span sequential months makes reasoning\nand testing easier\n","fileTypesAndContributionMap":{"test-code":{"insertions":54,"deletions":43}}},{"hash":"042a124c1b4abf00e14f9e0399135752c1f68600","isMergeCommit":false,"messageTitle":"Update equals method of AddressBook","messageBody":"AddressBook determines equality by comparing the list of Persons only.\n\nLet\u0027s determine equality by comparing both the list of Persons and list\nof Meetings instead.\n","fileTypesAndContributionMap":{"functional-code":{"insertions":1,"deletions":1}}},{"hash":"5a1d79288a863e60cacd5f0243a9cdecdafd0e38","isMergeCommit":false,"messageTitle":"Update tests for JsonAddressBookStorage and JsonSerializableAddressBook","messageBody":"","fileTypesAndContributionMap":{"test-code":{"insertions":68,"deletions":2}}},{"hash":"e5f5950534b1405fbd37f19c3e47a5d35196b5be","isMergeCommit":false,"messageTitle":"Update JsonSerializableAddressBook to check for overlapping Meetings","messageBody":"Add hasOverlap method to UniqueMeetingList to check if the list\ncontains a meeting that overlaps with the given argument.\nAdd hasOverlapping method to AddressBook to check if an overlapping\nmeeting exists in the address book.\n","fileTypesAndContributionMap":{"functional-code":{"insertions":21,"deletions":0}}},{"hash":"0ae20e643a6c1ea6134a48455ed89ceffe06246e","isMergeCommit":false,"messageTitle":"Update tests for JsonSerializableAddressBook","messageBody":"Add a test case to check if the correct exception is thrown when\nthe data file contains overlapping meetings.\n","fileTypesAndContributionMap":{"test-code":{"insertions":9,"deletions":0}}},{"hash":"9e5138eb8e7dadc4cb31e67db82a8658b905162d","isMergeCommit":false,"messageTitle":"Fix checkstyle","messageBody":"","fileTypesAndContributionMap":{"test-code":{"insertions":1,"deletions":1}}},{"hash":"abcb34ef4e1be7710c2c7d504f5b469add3f4ce9","isMergeCommit":true,"messageTitle":"Add tests for meeting handling in Model and Storage components #124 (#125)","messageBody":"Add tests for meeting handling in Model and Storage components\n\nTests for the Model and Storage components are not updated for the\naddition of meetings\n\nLet\u0027s add tests for:\n* Meeting\n* UniqueMeetingList\n* JsonAdaptedMeetingList\n* JsonAddressBookStorage\n* JsonSerializableAddressBook\n\nLet\u0027s also:\n* Separate the internal string representation of a Meeting object and\n  the details displayed to the user\n  * Update toString method in Meeting to return the internal\n    representation\n  * Add format(Meeting) method in Messages to return the details to be\n    displayed to the user\n* Update toModelType method in JsonAdaptedMeeting to throw an exception\n  that specifies which field is missing, if applicable\n* Update TypicalAddressBook\n  * Add more sample Meeting objects for tests\n  * Update the Meeting objects to span sequential months for easier use\n  * Add two methods, getTypicalMeetingsAddressBook and\n    getTypicalPersons, which returns an AddressBook containing only the\n    typical meetings and persons respectively\n* Update equals method of AddressBook to compare both persons and\n  meetings\n* Add hasOverlappingMeeting and hasOverlap method to AddressBook and\n  UniqueMeetingList respectively to check for overlapping meetings","fileTypesAndContributionMap":{}}]},{"date":"2025-04-01T00:00:00","commitResults":[{"hash":"5e8536824dc3cc97873bffebfd52770e058528c9","isMergeCommit":false,"messageTitle":"Fix listmeetings such that meetings are formatted for display to user","messageBody":"","fileTypesAndContributionMap":{"functional-code":{"insertions":41,"deletions":5}}},{"hash":"8127ae5411867b68b2dca818af1237ccac98868b","isMergeCommit":false,"messageTitle":"Fix checkstyle and compile errors","messageBody":"","fileTypesAndContributionMap":{"functional-code":{"insertions":0,"deletions":2},"test-code":{"insertions":8,"deletions":0}}}]},{"date":"2025-04-02T00:00:00","commitResults":[{"hash":"1c327b793a35677b637c5d08ff221464019e8914","isMergeCommit":false,"messageTitle":"Add equals and toString method to ListMeetingsCommand","messageBody":"ListMeetingsCommand does not override the equals and toString method\n\nThis is inconsistent with the design of all other Commands\n\nLet\u0027s override the equals and toString method\n","fileTypesAndContributionMap":{"functional-code":{"insertions":17,"deletions":0}}},{"hash":"9d9ffbe8b1672b8d7a825b1b63bf04e0225741bb","isMergeCommit":false,"messageTitle":"Update and add tests for ListMeetingsCommand","messageBody":"Let\u0027s\n* Update the test on executing a ListMeetingCommand to reflect changes\n  on how a meeting is displayed to the user\n  * It now uses a modelStub, integration testing can be added in the\n    future if needed\n* Add tests for the equals and toString methods\n","fileTypesAndContributionMap":{"test-code":{"insertions":159,"deletions":24}}},{"hash":"ca1b9b7f45ae3bc611a69d21161c3cdf97360f28","isMergeCommit":true,"messageTitle":"Merge branch \u0027master\u0027 into fix-bug-meeting-list","messageBody":"","fileTypesAndContributionMap":{}},{"hash":"909832ba81a7f3edc55b880fd6212cf9e6fad09e","isMergeCommit":true,"messageTitle":"Meetings displayed by listmeetings are not formatted properly #131 (#132)","messageBody":"Fix formatting issues in the meetings displayed by listmeetings\n\nListmeetings displays the internal string representation of the\nMeetings. Additionally, ListMeetingsCommand does not override the equals\nand toString methods.\n\nLet\u0027s \n* format the displayed Meetings for user display and add the\n  corresponding indices.\n* override the equals and toString methods in ListMeetingsCommand\n* add tests for ListMeetingsCommand","fileTypesAndContributionMap":{}},{"hash":"52c88774de44bdb1934ac4a5226dab2a3bfb016b","isMergeCommit":false,"messageTitle":"Add an abstract class UniqueItemList","messageBody":"UniqueMeetingList and UniquePersonList has significant amounts of\nduplicated code. Having both of these inherit from UniqueItemList\nwill result in less code duplication.\n","fileTypesAndContributionMap":{"functional-code":{"insertions":174,"deletions":0}}},{"hash":"46f0362c120088d4e35a7f80b03592d3754d7629","isMergeCommit":false,"messageTitle":"Update UniqueMeetingList and UniquePersonList","messageBody":"Both of these classes now inherit from UniqueItemList.\n\nTest cases have been updated accordingly.\n","fileTypesAndContributionMap":{"functional-code":{"insertions":59,"deletions":230},"test-code":{"insertions":34,"deletions":34}}},{"hash":"eab5da224930fb7271bd2a0aefe044bc966911ab","isMergeCommit":false,"messageTitle":"Fix checkstyle","messageBody":"","fileTypesAndContributionMap":{"functional-code":{"insertions":8,"deletions":14}}},{"hash":"515a976c6bef34e11fd788f0228c7b93621f4276","isMergeCommit":false,"messageTitle":"Update sample address book to include sample meetings","messageBody":"","fileTypesAndContributionMap":{"functional-code":{"insertions":25,"deletions":2}}},{"hash":"262ae5f7ebd1e1d6168bc1875001a7543832bccb","isMergeCommit":false,"messageTitle":"Change command to add meeting from meeting to addmeeting","messageBody":"","fileTypesAndContributionMap":{"functional-code":{"insertions":1,"deletions":1}}},{"hash":"1e16ff74c44e92ae8512df903ac00d06c2b21667","isMergeCommit":true,"messageTitle":"Merge branch \u0027master\u0027 into update-abstract-unique-list","messageBody":"","fileTypesAndContributionMap":{}},{"hash":"14a4c3fdacf08cb0e477e2e42f5729da73bd810b","isMergeCommit":true,"messageTitle":"Extract common operations in UniqueMeetingList and UniquePersonList #140 (#141)","messageBody":"Extract common operations in UniqueMeetingList and UniquePersonList.\n\nLet\u0027s refactor UniqueMeetingList and UniquePersonList to inherit from\nan abstract class UniqueItemList.\n\nThis reduces code duplication.","fileTypesAndContributionMap":{}},{"hash":"171eae9009dd9f3a9219f98ec2262aa0b0222073","isMergeCommit":false,"messageTitle":"Fix display of meetings to user","messageBody":"Date is now in dd-mm-yyyy format instead of yyyy-mm-dd format.\n","fileTypesAndContributionMap":{"functional-code":{"insertions":3,"deletions":3}}},{"hash":"1ad50bcf40fe84e328bf1e82ca467812831669a5","isMergeCommit":false,"messageTitle":"Update parseDate and parseTime methods in ParserUtil","messageBody":"parseDate and parseTime now differentiates invalid format and invalid\ninput, throwing the correct exception message\n","fileTypesAndContributionMap":{"functional-code":{"insertions":23,"deletions":2}}},{"hash":"ff67aaed53f3ef4c5b7fc7c9a3661753b2ef16c8","isMergeCommit":false,"messageTitle":"Update ParserUtil to parse dates correctly","messageBody":"Some dates are parsed by ParserUtil incorrectly. For example, 31-02-2025\nis parsed as 28-02-2025.\n\nLet\u0027s use a DateTimeFormatter with the STRICT resolver style instead.\n","fileTypesAndContributionMap":{"functional-code":{"insertions":9,"deletions":4}}},{"hash":"faa9f97e6f6bc7d7780c7cded06220cfb937800d","isMergeCommit":true,"messageTitle":"Merge branch \u0027master\u0027 into fix-bug-meeting","messageBody":"","fileTypesAndContributionMap":{}},{"hash":"bb9ff8a45a6ab24192e1101f90743bad8ac83fc9","isMergeCommit":false,"messageTitle":"Update UniqueItemList to guarantee items are in sorted order","messageBody":"Update Meeting to implement Comparable such that Meetings in\nUniqueMeetingList are sorted chronologically.\n\nUpdate Person to implement Comparable such that Persons in\nUniquePersonList are sorted according to their name in lexicographical\norder.\n","fileTypesAndContributionMap":{"functional-code":{"insertions":39,"deletions":4}}},{"hash":"945a2bc6afa20a63b773673a89ba853f049fb3cb","isMergeCommit":false,"messageTitle":"Update regex to allow hours field in time input to be a single digit","messageBody":"","fileTypesAndContributionMap":{"functional-code":{"insertions":2,"deletions":2}}},{"hash":"de4dd9ab9b7f723e0d7586fc6ae4b48202897018","isMergeCommit":false,"messageTitle":"Update AddMeetingCommandTest to remove the use of raw types","messageBody":"","fileTypesAndContributionMap":{"test-code":{"insertions":3,"deletions":3}}}]},{"date":"2025-04-03T00:00:00","commitResults":[{"hash":"14b68945287f77b3ab85529c12a6eb384d53ec37","isMergeCommit":true,"messageTitle":"Merge branch \u0027master\u0027 into update-user-guide","messageBody":"","fileTypesAndContributionMap":{}},{"hash":"4eba69bfa420b816d4ad54fdde96f52c15cdf565","isMergeCommit":false,"messageTitle":"Update Commands section of UG","messageBody":"","fileTypesAndContributionMap":{"docs":{"insertions":121,"deletions":84}}},{"hash":"7196e26507b2b8ac302007a995b91eb7cd9bf78c","isMergeCommit":false,"messageTitle":"Update UG to prepare for release","messageBody":"Let\u0027s update the following sections,\n* About this\n* ToC\n* Features\n* Command Summary\n* Glossary\n","fileTypesAndContributionMap":{"docs":{"insertions":93,"deletions":46}}},{"hash":"1037fe410370afd2c656d21e10629664a7151f30","isMergeCommit":false,"messageTitle":"Standardize formatting and language","messageBody":"Let\u0027s,\n* use teammates to refer to the contacts whenever appropriate\n* make minor formatting changes\n","fileTypesAndContributionMap":{"docs":{"insertions":67,"deletions":61}}},{"hash":"e890c3e89d1c9d4afbe1e2ec7130355822b17c8a","isMergeCommit":true,"messageTitle":"Merge branch \u0027master\u0027 into fix-bug-meeting","messageBody":"# Conflicts:\n#\tsrc/main/java/syncsquad/teamsync/logic/commands/meeting/AddMeetingCommand.java\n","fileTypesAndContributionMap":{}},{"hash":"a8a7e0c3dc8b86e8a5c773fba084afbba766fddf","isMergeCommit":false,"messageTitle":"Partial updates to Commands section of UG","messageBody":"Change the color of tips to green\nChange e.g. to Example:\n","fileTypesAndContributionMap":{"docs":{"insertions":52,"deletions":46}}},{"hash":"cd7ac4f7415707d2324e8bfc25a9ce5d7ef25e43","isMergeCommit":true,"messageTitle":"Add \"how to use UG\" section in UG (#174)","messageBody":"","fileTypesAndContributionMap":{}},{"hash":"304af7a3982c1c0546c35dfef662c8ec341fddab","isMergeCommit":false,"messageTitle":"Update Javadocs","messageBody":"Update MainApp version\n","fileTypesAndContributionMap":{"functional-code":{"insertions":36,"deletions":19}}},{"hash":"1a71f03bea76c8f4ba6cf7e8fd4eb20b3efa94c8","isMergeCommit":true,"messageTitle":"Merge branch \u0027master\u0027 into update-user-guide","messageBody":"","fileTypesAndContributionMap":{}},{"hash":"8ccd17729caac31da8b25623d9a5f0e98125c243","isMergeCommit":false,"messageTitle":"Update Commands section of UG","messageBody":"Update the Commands section to be more detailed and consistent\n","fileTypesAndContributionMap":{"docs":{"insertions":174,"deletions":115}}},{"hash":"b17db172e0550d4c8ca575977e2cf47aa94c3428","isMergeCommit":true,"messageTitle":"Merge branch \u0027master\u0027 into update-javadoc","messageBody":"","fileTypesAndContributionMap":{}},{"hash":"dda32c7963dfa0f0997b6727fb81f37077452b7e","isMergeCommit":true,"messageTitle":"Update Javadoc and MainApp version (#181)","messageBody":"","fileTypesAndContributionMap":{}},{"hash":"f107b164b5f74f62ef560daedde882f926228d71","isMergeCommit":true,"messageTitle":"Merge branch \u0027master\u0027 into alpha-bugs","messageBody":"","fileTypesAndContributionMap":{}},{"hash":"cb00b3bbf06c0e2920774f07b6efbd1e87c7a522","isMergeCommit":true,"messageTitle":"Fix various alpha bugs (#180)","messageBody":"","fileTypesAndContributionMap":{}},{"hash":"979dd2a60ffab3eed97cb9210d5398d848bc4c11","isMergeCommit":false,"messageTitle":"Add showdate to UG","messageBody":"","fileTypesAndContributionMap":{"docs":{"insertions":24,"deletions":6}}},{"hash":"0a71dbca669f5282312c848f8562b07b3a6b912a","isMergeCommit":false,"messageTitle":"Remove \"meeting list\" from UG","messageBody":"Update ToC and Command Summary\nUpdate description of commands to indicate that commands are now\ncase-insensitive\n","fileTypesAndContributionMap":{"docs":{"insertions":10,"deletions":20}}},{"hash":"3c5e53c3133e155478af587141c4aad349dc5df7","isMergeCommit":true,"messageTitle":"Merge branch \u0027master\u0027 into update-user-guide","messageBody":"","fileTypesAndContributionMap":{}},{"hash":"f7e529bc402e8008b1d89e83b758bfad541f9569","isMergeCommit":true,"messageTitle":"Merge branch \u0027master\u0027 into update-user-guide","messageBody":"","fileTypesAndContributionMap":{}},{"hash":"ee32dabd1952e539a53e147029b0fe5ad3f4079d","isMergeCommit":true,"messageTitle":"Merge branch \u0027master\u0027 into update-user-guide","messageBody":"","fileTypesAndContributionMap":{}},{"hash":"e0a1cb0193eb4dadcfe0c6ef688cec61db6cf563","isMergeCommit":true,"messageTitle":"Release User Guide #148 (#189)","messageBody":"Mainly updates the Command and Command Summary sections\n\nThe other sections will be further refined in v1.6.\n\nNote: Images will also be added in v1.6 as not all UI changes have been\nmerged.","fileTypesAndContributionMap":{}}]},{"date":"2025-04-04T00:00:00","commitResults":[{"hash":"08953d08a6751433ac6bcb8d15e860af64b65547","isMergeCommit":true,"messageTitle":"Merge branch \u0027master\u0027 into update-user-guide","messageBody":"","fileTypesAndContributionMap":{}}]},{"date":"2025-04-05T00:00:00","commitResults":[{"hash":"fffdf1d85963a682e1b7dea06a193a334ab41890","isMergeCommit":false,"messageTitle":"Add person export command to the UG","messageBody":"","fileTypesAndContributionMap":{"docs":{"insertions":94,"deletions":92}}},{"hash":"38eb0c3b66d66e4aca61908e7314a8084c21bc53","isMergeCommit":false,"messageTitle":"Update landing page and image","messageBody":"","fileTypesAndContributionMap":{"docs":{"insertions":6,"deletions":3}}},{"hash":"288336d274e76bfe029c518afe9b3e1d565fdf4b","isMergeCommit":false,"messageTitle":"Update Quick Start section of UG","messageBody":"","fileTypesAndContributionMap":{"docs":{"insertions":22,"deletions":7}}},{"hash":"0d4340e35b435a104100ce08b76b51773d4fb40b","isMergeCommit":false,"messageTitle":"Update Teammate Commands section of UG","messageBody":"","fileTypesAndContributionMap":{"docs":{"insertions":42,"deletions":29}}},{"hash":"1d6886cb4742befd8174e164f84a597c5a7106a4","isMergeCommit":false,"messageTitle":"Update Meeting Commands section of UG","messageBody":"","fileTypesAndContributionMap":{"docs":{"insertions":23,"deletions":26}}},{"hash":"91bc2e1ce39e9b7ee14d7a69ad56cdd73fc5ce87","isMergeCommit":false,"messageTitle":"Update General Commands, Saving Data, Command Summary sections of UG","messageBody":"","fileTypesAndContributionMap":{"docs":{"insertions":53,"deletions":29}}},{"hash":"b576156b76cc8e86661c179e083a1ceb0a92ba8c","isMergeCommit":false,"messageTitle":"Update Troubleshooting, FAQ and Glossary sections of UG","messageBody":"","fileTypesAndContributionMap":{"docs":{"insertions":28,"deletions":27}}}]},{"date":"2025-04-06T00:00:00","commitResults":[{"hash":"41283b6705b63d0fe2862d081d22ee2801853577","isMergeCommit":false,"messageTitle":"Add views TeamSync provides to the Features section of UG","messageBody":"","fileTypesAndContributionMap":{"docs":{"insertions":53,"deletions":7}}},{"hash":"cbe958c6c126379c2fae97e355b5ce49c7736bbd","isMergeCommit":false,"messageTitle":"Add screenshots and elaboration for certain commands in UG","messageBody":"","fileTypesAndContributionMap":{"docs":{"insertions":37,"deletions":32}}},{"hash":"46e1917068d7b948376372d9cd316f620f6b45ed","isMergeCommit":false,"messageTitle":"Update ToC and Features section of UG","messageBody":"","fileTypesAndContributionMap":{"docs":{"insertions":19,"deletions":18}}},{"hash":"1be2b31e8fce4774c2221a23300cd28bf9fca687","isMergeCommit":false,"messageTitle":"Update UG","messageBody":"Standardize formatting and update links in UG.\nAdd images of UI, input and output box to UG.\nUpdate landing page.\n","fileTypesAndContributionMap":{"docs":{"insertions":175,"deletions":152}}},{"hash":"939c7a2515ea35664ab83d901d080a87fa8ee39c","isMergeCommit":true,"messageTitle":"Merge branch \u0027master\u0027 into update-user-guide","messageBody":"","fileTypesAndContributionMap":{}},{"hash":"01a5e6331d80746208b5c9ee9708afc0aa038b15","isMergeCommit":true,"messageTitle":"Update and fix bugs related to UG (#276)","messageBody":"Update and fix bugs related to UG\n\nLet\u0027s fix the following bugs,\n* Update name of the .jar file to `teamsync.jar` (#208)\n* Update UI screenshot (#209)\n* Update example of `person add` to show modules being added (#211)\n* Move description about not allowing duplicate teammates / modules to\na note callout box instead (#215)\n* Update command group for module commands from `mod` to `module` (#216)\n* Update ToC links (#217)\n* Remove incorrect description that modules can be edited with `person\nedit` (#222) \n* Add warning that the teammate might shift positions in the teammate\nview when changing their name (#223)\n* Add section on manually editing data (#224)\n* Remove troubleshooting on administrator privileges. This is likely not\na common problem and it is not an issue with TeamSync in particular \n(#228)\n* Add note on TeamSync not allowing duplicate modules or meetings (#240)\n* We will not be adding an explanation regarding #244 (#244)\n* Add description of visual elements under Features section (#250)\n* Update example of `person add` to show multiple modules being added.\nUser can infer that multiple tags can be added in a similar manner.\n(#252)\n* Add explanation to why we allow adding of meetings in the past (#262)\n* Add description of how TeamSync defines duplicate persons in the\nGlossary (#263)\n* Add explanation as to why we only support editing modules through\n`module add` and `module delete` (#264)\n\nLet\u0027s also,\n* Update landing page (not part of UG)\n* Update Features section\n* Add descriptions and images of the visual elements in our UI\n* Update Quick Start to be more guided as our target users might not be\nvery tech-savvy\n* Update examples to be more representative\n* Add extended description and screenshots for certain commands\n* Update current FAQ to be more understandable and remove wrong\nresponses / unnecessary questions\n* Add other FAQ on why TeamSync functions in a specific way\n* Update glossary\n* Use color coding when appropriate\n* Use internal and external links when appropriate\n* Standardize formatting and language\n* Various other updates to improve reading experience","fileTypesAndContributionMap":{}}]}]},"authorFileTypeContributionMap":{"Kannan171":{"docs":64,"functional-code":892,"test-code":235},"xplus2g4":{"docs":210,"functional-code":2095,"test-code":1099,"other":6},"kerktaiheng":{"docs":244,"functional-code":1375,"test-code":11,"other":5},"leewaikin19":{"docs":485,"functional-code":139,"test-code":1455},"lilyium":{"docs":758,"functional-code":1023,"test-code":982,"other":7}},"authorContributionVariance":{"Kannan171":29541.32,"xplus2g4":151661.62,"kerktaiheng":100329.336,"leewaikin19":122576.57,"lilyium":64670.484},"authorDisplayNameMap":{"Kannan171":"CS2103T-F10-1 KANN..ALAI","xplus2g4":"CS2103T-F10-1 CHEN..ANXI","kerktaiheng":"CS2103T-F10-1 KERK..HENG","leewaikin19":"CS2103T-F10-1 LEE .. KIN","lilyium":"CS2103T-F10-1 WONG.. JUN"}}
