{"authorDailyContributionsMap":{"Golddirio":[{"date":"2025-03-06T00:00:00","commitResults":[{"hash":"f79149ac5b4ea42f336a01118871d02216f153b0","isMergeCommit":false,"messageTitle":"Update AboutUs page","messageBody":"","fileTypesAndContributionMap":{"docs":{"insertions":56,"deletions":0}}},{"hash":"2b75ba7b9b16167fbf7101c8c62a7bb2351f47d6","isMergeCommit":true,"messageTitle":"Merge pull request #19 from Fieash/edit-about-us","messageBody":"Add Yu Zhang\u0027s details to about us page","fileTypesAndContributionMap":{}}]},{"date":"2025-03-11T00:00:00","commitResults":[{"hash":"453a7b9bb8317795f6ea50722b391b218defb0a8","isMergeCommit":true,"messageTitle":"Merge pull request #38 from danplatypus30/UpdateClassNamesAndUI","messageBody":"Update All Files Changing Persons to Patients","fileTypesAndContributionMap":{}},{"hash":"4b91fcb8b970df230bf36f1d0bd0541dc4ba822f","isMergeCommit":false,"messageTitle":"Rename the person directory","messageBody":"","fileTypesAndContributionMap":{"other":{"insertions":1,"deletions":0}}},{"hash":"4550eb1ed0c30a235e6c89dfd0108e14759f9b0d","isMergeCommit":false,"messageTitle":"Modify find feature","messageBody":"","fileTypesAndContributionMap":{"other":{"insertions":4,"deletions":1}}},{"hash":"f21e7f953b341c50d004588bcb0c0ad1647be4e9","isMergeCommit":false,"messageTitle":"Fix chechstyle for find feature","messageBody":"","fileTypesAndContributionMap":{"functional-code":{"insertions":4,"deletions":4}}},{"hash":"91653e51a8bcea7ba669f27df222deadfdca9cf1","isMergeCommit":false,"messageTitle":"Renaming tp patient directory","messageBody":"","fileTypesAndContributionMap":{"other":{"insertions":0,"deletions":0}}},{"hash":"aded49890f19b7f5e229a966dc90f583cae91094","isMergeCommit":false,"messageTitle":"Modify the test","messageBody":"","fileTypesAndContributionMap":{"test-code":{"insertions":1,"deletions":1}}},{"hash":"7cb0c6c68496721c0105071d9fdec2ac91ef336f","isMergeCommit":true,"messageTitle":"Merge branch \u0027master\u0027 into add-search-patient","messageBody":"","fileTypesAndContributionMap":{}},{"hash":"3a92207797b1307833decfc776c38352c7ab4752","isMergeCommit":true,"messageTitle":"Merge branch \u0027master\u0027 of https://github.com/Golddirio/tp","messageBody":"","fileTypesAndContributionMap":{}},{"hash":"228636851e7b9850d3691028f38e3a776ab2f997","isMergeCommit":false,"messageTitle":"Further modify the test","messageBody":"","fileTypesAndContributionMap":{"test-code":{"insertions":14,"deletions":3}}},{"hash":"6a3e8977c5dcaef66fbd7a8ec854c468aeb4bab3","isMergeCommit":false,"messageTitle":"Fix Codecov incomplete tests","messageBody":"","fileTypesAndContributionMap":{"test-code":{"insertions":14,"deletions":0}}},{"hash":"178259fdf340268d1235d423d6547634125084bf","isMergeCommit":false,"messageTitle":"Fix tests","messageBody":"","fileTypesAndContributionMap":{"test-code":{"insertions":1,"deletions":1}}},{"hash":"fd53e63f5144115c086ad860c50ccc864152cfb7","isMergeCommit":false,"messageTitle":"Fix tests for assert true","messageBody":"","fileTypesAndContributionMap":{"test-code":{"insertions":1,"deletions":1}}},{"hash":"16a6304c20d80710bbf149f8e9dda5853834632e","isMergeCommit":true,"messageTitle":"Merge branch \u0027master\u0027 of https://github.com/Golddirio/tp","messageBody":"","fileTypesAndContributionMap":{}},{"hash":"e1a49d9ff4ee9a9592c80f4a6a64d30d1f76ddc7","isMergeCommit":false,"messageTitle":"Complete find command","messageBody":"","fileTypesAndContributionMap":{"functional-code":{"insertions":4,"deletions":2},"docs":{"insertions":4,"deletions":2}}}]},{"date":"2025-03-19T00:00:00","commitResults":[{"hash":"27a99e7b82fbc5c5597fc9e778fb613a0e1e72d1","isMergeCommit":false,"messageTitle":"Add filter note by title","messageBody":"","fileTypesAndContributionMap":{"functional-code":{"insertions":141,"deletions":0},"test-code":{"insertions":89,"deletions":0}}},{"hash":"984cc4433325340637052c6ad90fd671c21ebe80","isMergeCommit":false,"messageTitle":"Fix checkstyle errors","messageBody":"","fileTypesAndContributionMap":{"functional-code":{"insertions":25,"deletions":19}}},{"hash":"bb997e9a3a9fddb6085fae8bf4f44460f8152189","isMergeCommit":false,"messageTitle":"Fix checkstyle errors again","messageBody":"","fileTypesAndContributionMap":{"functional-code":{"insertions":1,"deletions":1}}},{"hash":"633c7e71d690493460608235cc64b2f4e0f8c6ef","isMergeCommit":false,"messageTitle":"Fix checkstyle errors again","messageBody":"","fileTypesAndContributionMap":{"functional-code":{"insertions":1,"deletions":1}}},{"hash":"9187e9752b8113811911d735ef854d98c6d93682","isMergeCommit":false,"messageTitle":"Fix checkstyle errors again","messageBody":"","fileTypesAndContributionMap":{"test-code":{"insertions":8,"deletions":17}}},{"hash":"b67dc6ac02a1fb7987a4330b9f4fde19438c7241","isMergeCommit":false,"messageTitle":"Fix bug in test script","messageBody":"","fileTypesAndContributionMap":{"test-code":{"insertions":1,"deletions":1}}},{"hash":"0d8646984856bbdb002c07f0dcfa2bb66af9f6a2","isMergeCommit":false,"messageTitle":"Fix bug in test script","messageBody":"","fileTypesAndContributionMap":{"test-code":{"insertions":1,"deletions":1}}},{"hash":"e89f9983ecea0d795f4652d1c3a6d694ebe4e85c","isMergeCommit":false,"messageTitle":"Add more tests","messageBody":"","fileTypesAndContributionMap":{"test-code":{"insertions":33,"deletions":12}}},{"hash":"e2797c72f51abb980ae18161fd33613562441ed3","isMergeCommit":false,"messageTitle":"Add more tests","messageBody":"","fileTypesAndContributionMap":{"test-code":{"insertions":18,"deletions":12}}},{"hash":"eebe3f86a9751184c16aee28452c0fb30fb798eb","isMergeCommit":false,"messageTitle":"Fix checkstyle","messageBody":"","fileTypesAndContributionMap":{"test-code":{"insertions":2,"deletions":2}}},{"hash":"3199b843982d3d6d133320b1f05933d61e7143d0","isMergeCommit":false,"messageTitle":"Modify tests","messageBody":"","fileTypesAndContributionMap":{"test-code":{"insertions":3,"deletions":3}}},{"hash":"9ffcd8385294c2486d6836d6564bc12d188cbbca","isMergeCommit":false,"messageTitle":"Modify tests","messageBody":"","fileTypesAndContributionMap":{"test-code":{"insertions":1,"deletions":16}}},{"hash":"4d23b14cf70560c6886673e3431beec0ca49b55c","isMergeCommit":false,"messageTitle":"Modify tests","messageBody":"","fileTypesAndContributionMap":{"test-code":{"insertions":0,"deletions":13}}},{"hash":"fb304aafce6fb662e6c94f0110d92491acf9aaff","isMergeCommit":false,"messageTitle":"Modify tests","messageBody":"","fileTypesAndContributionMap":{"test-code":{"insertions":44,"deletions":2}}},{"hash":"cd241c702823b2574fea21641f3492e708e71e67","isMergeCommit":false,"messageTitle":"Fix checkstyle error","messageBody":"","fileTypesAndContributionMap":{"test-code":{"insertions":5,"deletions":2}}},{"hash":"6797117307babb52f5a61c3cf48808aadc53f6b5","isMergeCommit":false,"messageTitle":"Fix checkstyle error","messageBody":"","fileTypesAndContributionMap":{"test-code":{"insertions":1,"deletions":2}}},{"hash":"719a5bb8d1c80e43a6028032b17eef03f5ea2a1a","isMergeCommit":false,"messageTitle":"Fix test bugs","messageBody":"","fileTypesAndContributionMap":{"test-code":{"insertions":3,"deletions":10}}},{"hash":"d361a3838c344291f545960fa7a72f19dc3d9431","isMergeCommit":false,"messageTitle":"Fix checkstyle error","messageBody":"","fileTypesAndContributionMap":{"test-code":{"insertions":1,"deletions":1}}},{"hash":"2b2bb5833c7c103c2e0bd50f6d674d9a528804c0","isMergeCommit":false,"messageTitle":"Fix test error","messageBody":"","fileTypesAndContributionMap":{"test-code":{"insertions":5,"deletions":4}}},{"hash":"f79791c59dd07dfeb8440d8794f0aa2b53f84e1d","isMergeCommit":false,"messageTitle":"Fix checkstyle error","messageBody":"","fileTypesAndContributionMap":{"test-code":{"insertions":0,"deletions":1}}}]},{"date":"2025-03-20T00:00:00","commitResults":[{"hash":"886b22aa767a8e1ddda482b5c71f959ecc1927c4","isMergeCommit":true,"messageTitle":"Merge pull request #56 from Fieash/invalid-command-notes","messageBody":"Add warning when note to add is invalid","fileTypesAndContributionMap":{}},{"hash":"82cfdee0942f4e7d5021547561d01463eb8c3386","isMergeCommit":true,"messageTitle":"Merge pull request #60 from benedictleejr/enhance-commandBox-UI","messageBody":"Enhance command box UI","fileTypesAndContributionMap":{}}]},{"date":"2025-03-26T00:00:00","commitResults":[{"hash":"b48b357ce169e5c0388c3024f247db5e32c0b6af","isMergeCommit":false,"messageTitle":"Change filternote to noteDisplayPanel","messageBody":"","fileTypesAndContributionMap":{"functional-code":{"insertions":66,"deletions":7}}},{"hash":"b4d2bccc1877e60426c2f73166571acfe69732e9","isMergeCommit":false,"messageTitle":"Fix checkstyle errors","messageBody":"","fileTypesAndContributionMap":{"functional-code":{"insertions":0,"deletions":1}}}]},{"date":"2025-03-27T00:00:00","commitResults":[{"hash":"c485dffa9ef0c4ff5cfd453ea12959f8060c3200","isMergeCommit":false,"messageTitle":"Add the undo/redo commands","messageBody":"","fileTypesAndContributionMap":{"functional-code":{"insertions":299,"deletions":27}}},{"hash":"75d91997b30c1616dfb1b0dc6ad6a9a9565b911e","isMergeCommit":false,"messageTitle":"Fix checkstyle errors","messageBody":"","fileTypesAndContributionMap":{"functional-code":{"insertions":1,"deletions":1}}},{"hash":"e7b8741b73061744e18db2c809d2a5ebdde10db7","isMergeCommit":false,"messageTitle":"Fix checkstyle errors","messageBody":"","fileTypesAndContributionMap":{"functional-code":{"insertions":26,"deletions":6}}},{"hash":"6f52775673a4dfb8722364e6a965aa9581e55bb8","isMergeCommit":false,"messageTitle":"Add methods in AddCommandTest","messageBody":"","fileTypesAndContributionMap":{"test-code":{"insertions":20,"deletions":0}}},{"hash":"54b6b94b0bb91d6994489940be6806406d84e00d","isMergeCommit":true,"messageTitle":"Merge pull request #84 from benedictleejr/prettify-user-guide","messageBody":"Fix Neurosync Relases link","fileTypesAndContributionMap":{}},{"hash":"e66e7d94a0c4588a44eb02a5763e5bf669cd8182","isMergeCommit":true,"messageTitle":"Merge branch \u0027master\u0027 into undo-redo","messageBody":"","fileTypesAndContributionMap":{}}]},{"date":"2025-03-28T00:00:00","commitResults":[{"hash":"496211d83429fdca8ae9260aa47383b9f9a68973","isMergeCommit":false,"messageTitle":"Add Note in ModelClassDiagram","messageBody":"","fileTypesAndContributionMap":{"docs":{"insertions":3,"deletions":0}}},{"hash":"6077e576d143b1ef88418b95eb59fdde70729549","isMergeCommit":false,"messageTitle":"Simplify the undo/redo","messageBody":"","fileTypesAndContributionMap":{"functional-code":{"insertions":61,"deletions":97},"test-code":{"insertions":1,"deletions":6}}},{"hash":"83afd18ee253a2df70e54a7eda61ea11dd33bd22","isMergeCommit":false,"messageTitle":"Fix checkstyle error","messageBody":"","fileTypesAndContributionMap":{"functional-code":{"insertions":9,"deletions":1}}}]},{"date":"2025-04-02T00:00:00","commitResults":[{"hash":"e4cbf743304751020d94829b21443695e194dedd","isMergeCommit":false,"messageTitle":"Add tests for undo/redo","messageBody":"","fileTypesAndContributionMap":{"functional-code":{"insertions":4,"deletions":1},"test-code":{"insertions":216,"deletions":0}}},{"hash":"21979c762699de8247079a1cf309f61f36d4979d","isMergeCommit":false,"messageTitle":"Add Javadoc comment","messageBody":"","fileTypesAndContributionMap":{"functional-code":{"insertions":7,"deletions":0}}}]},{"date":"2025-04-03T00:00:00","commitResults":[{"hash":"8f111e46413f17c1f7f678197e528fbeb7ee0f43","isMergeCommit":false,"messageTitle":"Fix alpha bugs","messageBody":"","fileTypesAndContributionMap":{"functional-code":{"insertions":7,"deletions":5}}},{"hash":"50cd74e6c8d22b47b3102329e4db319baa7b4bfc","isMergeCommit":false,"messageTitle":"Add more fix of bugs","messageBody":"","fileTypesAndContributionMap":{"functional-code":{"insertions":6,"deletions":5}}}]},{"date":"2025-04-04T00:00:00","commitResults":[{"hash":"3fa4c667ce215b49f6fae60d5d994d6268e22184","isMergeCommit":false,"messageTitle":"Update UG","messageBody":"","fileTypesAndContributionMap":{"docs":{"insertions":37,"deletions":10}}},{"hash":"7491fcb75a85ab63cd903cd9cd2fa314788da798","isMergeCommit":true,"messageTitle":"Merge branch \u0027master\u0027 into UG-update","messageBody":"","fileTypesAndContributionMap":{}},{"hash":"0a100ed105d6276be711ae44636c3dcaf0626d4f","isMergeCommit":false,"messageTitle":"Update DG","messageBody":"","fileTypesAndContributionMap":{"docs":{"insertions":7,"deletions":5}}}]},{"date":"2025-04-05T00:00:00","commitResults":[{"hash":"cc12b4d0f23faab4550d6778cadd95f81c72d6ef","isMergeCommit":true,"messageTitle":"Merge pull request #171 from Golddirio/UG-update","messageBody":"Update UG","fileTypesAndContributionMap":{}},{"hash":"bb24755b80fe8e686580f5ff6b7646dbc6eaf709","isMergeCommit":true,"messageTitle":"Merge pull request #172 from Golddirio/DG-update-Alice","messageBody":"Update DG","fileTypesAndContributionMap":{}}]}],"danplatypus30":[{"date":"2025-03-05T00:00:00","commitResults":[{"hash":"86e11409e2be93baed6c8fae0cdd61f7bf400d4b","isMergeCommit":false,"messageTitle":"Add Daniel Photo to About Us Page","messageBody":"","fileTypesAndContributionMap":{"docs":{"insertions":5,"deletions":5}}},{"hash":"100b5564fde1de67830242e2c9bc9120c0365bf0","isMergeCommit":true,"messageTitle":"Merge pull request #10 from benedictleejr/A-update-README","messageBody":"A+B: Update readme \u0026 site-wide settings","fileTypesAndContributionMap":{}},{"hash":"cb70289ea88f1d5dcc5c5ca95314b7f839cbec73","isMergeCommit":false,"messageTitle":"Update Developers Guide","messageBody":"","fileTypesAndContributionMap":{"docs":{"insertions":78,"deletions":8}}}]},{"date":"2025-03-06T00:00:00","commitResults":[{"hash":"bdc0d190adc8b276924b9eb9fe678b7e011ba4d9","isMergeCommit":true,"messageTitle":"Merge branch \u0027master\u0027 into UpdateAboutUs","messageBody":"","fileTypesAndContributionMap":{}},{"hash":"19a4de8f6ce598f2fd7f5eeb8423e3e82f918267","isMergeCommit":true,"messageTitle":"Merge branch \u0027master\u0027 into UpdateAboutUs","messageBody":"","fileTypesAndContributionMap":{}},{"hash":"8c18cbc386b6c7b23a0bc382ea49c27d6fea886a","isMergeCommit":false,"messageTitle":"Update About Us pages Benedict and Daniel","messageBody":"","fileTypesAndContributionMap":{"docs":{"insertions":49,"deletions":3}}},{"hash":"e73c86be5debf5b98f00c51b84e87a340b72f75d","isMergeCommit":true,"messageTitle":"Merge pull request #17 from AndreChia/branch-Andre-AboutUs","messageBody":"Add Andre details to AboutUs page","fileTypesAndContributionMap":{}},{"hash":"bc0c95338adb9a72b04607e7036f2adc5224a0ee","isMergeCommit":true,"messageTitle":"Merge pull request #18 from Fieash/add-photo","messageBody":"Add yu zhang profile photo","fileTypesAndContributionMap":{}},{"hash":"fb3689ec5808ccff22b55d2e1e88e74ccb45d2d0","isMergeCommit":true,"messageTitle":"Merge pull request #24 from Golddirio/update-aboutUs-page","messageBody":"Update AboutUs page","fileTypesAndContributionMap":{}}]},{"date":"2025-03-07T00:00:00","commitResults":[{"hash":"98f3fb1b12c57ffc3a8ecdc62946f90ef3c32cda","isMergeCommit":true,"messageTitle":"Merge pull request #28 from AndreChia/branch-Andre-AboutUs","messageBody":"Fix AboutUs.md and Developer Guide","fileTypesAndContributionMap":{}}]},{"date":"2025-03-10T00:00:00","commitResults":[{"hash":"7caff8f412dc7954b23c6f41546ec6d3de96dc8c","isMergeCommit":false,"messageTitle":"Update All Files Changing Persons to Patients","messageBody":"Made changes to both UI and backend classnames.\n","fileTypesAndContributionMap":{"functional-code":{"insertions":485,"deletions":478},"other":{"insertions":145,"deletions":145},"docs":{"insertions":72,"deletions":72},"test-code":{"insertions":742,"deletions":738}}},{"hash":"9361ba3df1fc327d01981ef6da1056af689b0bed","isMergeCommit":false,"messageTitle":"Fix Checkstyle Errors","messageBody":"Unused import on PatientListPanel.java.\n","fileTypesAndContributionMap":{"functional-code":{"insertions":0,"deletions":1}}}]},{"date":"2025-03-11T00:00:00","commitResults":[{"hash":"6f8bf3de3b6d453b5d1300573231d8b9049fd44b","isMergeCommit":true,"messageTitle":"Merge pull request #40 from Golddirio/fix-bugs-after-renaming","messageBody":"Rename the person directory","fileTypesAndContributionMap":{}},{"hash":"92c867b176319e7db62df3afaf2964abc5f5a762","isMergeCommit":true,"messageTitle":"Merge pull request #41 from Golddirio/add-search-patient","messageBody":"Modify find feature","fileTypesAndContributionMap":{}}]},{"date":"2025-03-12T00:00:00","commitResults":[{"hash":"76d78dd5600c0aa94235982587d62531fa1b74bc","isMergeCommit":true,"messageTitle":"Merge pull request #44 from benedictleejr/add-patient-notes","messageBody":"Add patient notes","fileTypesAndContributionMap":{}}]},{"date":"2025-03-13T00:00:00","commitResults":[{"hash":"cb1af0e3cfcced836a0a85fcfb78aca5b5966ebe","isMergeCommit":true,"messageTitle":"Merge pull request #52 from AndreChia/branch-Andre-View-Notes","messageBody":"Add View Notes Command and Functionality","fileTypesAndContributionMap":{}}]},{"date":"2025-03-20T00:00:00","commitResults":[{"hash":"7f7ca58b00ec9473e55386c46c2d3445efaececc","isMergeCommit":false,"messageTitle":"Add Edit Note command","messageBody":"","fileTypesAndContributionMap":{"functional-code":{"insertions":191,"deletions":1},"test-code":{"insertions":117,"deletions":0}}},{"hash":"1ed42bc5f2f7ac6c25063e5e0bacd5d06a8f6e00","isMergeCommit":false,"messageTitle":"Fix checkstyle errors","messageBody":"","fileTypesAndContributionMap":{"functional-code":{"insertions":0,"deletions":1}}},{"hash":"47c69fa93ab95ea4538f40b82d483b97a8a9622f","isMergeCommit":true,"messageTitle":"Merge pull request #65 from AndreChia/branch-Andre-Ui","messageBody":"Revamp of NeuroSync UI and Enhanced viewnotes Command Look","fileTypesAndContributionMap":{}},{"hash":"cfc88e084d287fba97ba1dae27c7eea65c5a7d15","isMergeCommit":false,"messageTitle":"Update User Guide","messageBody":"Added Guides for View, Filter, Add, Edit, Delete commands for notes.\n\nChanged \"address book\" terms to \"app\" universally in the app. We want to move away from AB3.\n","fileTypesAndContributionMap":{"functional-code":{"insertions":39,"deletions":39},"docs":{"insertions":71,"deletions":7},"test-code":{"insertions":6,"deletions":6}}},{"hash":"589dbe43e2dbc13547ae265c4d4cd558b3f577b5","isMergeCommit":false,"messageTitle":"Edit Address Book references to App","messageBody":"We want to move away from AB3 references.\n","fileTypesAndContributionMap":{"functional-code":{"insertions":1,"deletions":1}}},{"hash":"c26aa12d22ae7078ac6cecb40bdd3f3deb6000a3","isMergeCommit":true,"messageTitle":"Merge pull request #62 from Fieash/delete-note","messageBody":"Add the deletenote command","fileTypesAndContributionMap":{}},{"hash":"0fdc10b62bee87a50368909c1c1dc97875dcf3fe","isMergeCommit":true,"messageTitle":"Merge pull request #67 from danplatypus30/AddNotesToUserGuide","messageBody":"Add notes to user guide","fileTypesAndContributionMap":{}},{"hash":"0e3e6e30f15eabf555cc4a9991a5999e4ffbd37e","isMergeCommit":false,"messageTitle":"Edit Gradle Build File name to NeuroSync","messageBody":"","fileTypesAndContributionMap":{"other":{"insertions":1,"deletions":1}}},{"hash":"0555a8de9e95223acac03248da9bad36e3b9cf58","isMergeCommit":true,"messageTitle":"Merge pull request #68 from danplatypus30/master","messageBody":"Edit Gradle Build File name to NeuroSync","tags":["v1.3"],"fileTypesAndContributionMap":{}}]},{"date":"2025-03-26T00:00:00","commitResults":[{"hash":"f833b348248183bc0249cb27a9b0ede0cda31007","isMergeCommit":true,"messageTitle":"Merge pull request #74 from AndreChia/branch-UserGuide","messageBody":"Updated UserGuide.md","fileTypesAndContributionMap":{}},{"hash":"d1f923d3b68da8b59c3be6e17b064d6869f58f7f","isMergeCommit":false,"messageTitle":"Update Website Pages","messageBody":"","fileTypesAndContributionMap":{"docs":{"insertions":6,"deletions":6}}},{"hash":"7ccd18989d3e702cfef1cc4b95631c49c2fe4740","isMergeCommit":false,"messageTitle":"Update CSS","messageBody":"","fileTypesAndContributionMap":{"other":{"insertions":1,"deletions":1},"docs":{"insertions":1,"deletions":1}}},{"hash":"0715d8ed799b5da628bc21694b62aa7979817e73","isMergeCommit":false,"messageTitle":"Update CSS again","messageBody":"","fileTypesAndContributionMap":{"docs":{"insertions":1,"deletions":1}}},{"hash":"651ae0ef241a4866ce34bf576441eca5ede77310","isMergeCommit":false,"messageTitle":"Fix issue with User Guide missing from header","messageBody":"","fileTypesAndContributionMap":{"docs":{"insertions":5,"deletions":0}}},{"hash":"025f9cbdf0399f43e4bd7c91851f17d89fc6454d","isMergeCommit":true,"messageTitle":"Merge branch \u0027master\u0027 into EditWebsitePages","messageBody":"","fileTypesAndContributionMap":{}},{"hash":"2e01b40a0c26a2a5f0210014a890aa095120d569","isMergeCommit":true,"messageTitle":"Merge pull request #80 from danplatypus30/EditWebsitePages","messageBody":"Fix website pages","fileTypesAndContributionMap":{}}]},{"date":"2025-03-27T00:00:00","commitResults":[{"hash":"87b325d43092631ca05c482d22e7b492d911542e","isMergeCommit":true,"messageTitle":"Merge pull request #82 from benedictleejr/prettify-user-guide","messageBody":"Prettify user guide","fileTypesAndContributionMap":{}},{"hash":"cf2bf5e75d65c7d26e8861ece37957c14faab5ad","isMergeCommit":false,"messageTitle":"Move repeated static messages to Messages.java","messageBody":"","fileTypesAndContributionMap":{"functional-code":{"insertions":26,"deletions":26},"test-code":{"insertions":6,"deletions":5}}},{"hash":"5c04149f73b2079d77303fdca5ec82702e83748c","isMergeCommit":true,"messageTitle":"Merge branch \u0027master\u0027 into UpdateStaticMessages","messageBody":"","fileTypesAndContributionMap":{}},{"hash":"c6a9d27d63d0d2953cdc44d93dbb928bda5b2cde","isMergeCommit":false,"messageTitle":"Remove Whitespaces in FilterNoteCommand.java","messageBody":"There were whitespaces after settling merge conflicts","fileTypesAndContributionMap":{"functional-code":{"insertions":1,"deletions":1}}},{"hash":"3d9c272d42d088e0f098c34c3d032a2fbdd35ab2","isMergeCommit":true,"messageTitle":"Merge pull request #73 from Fieash/v2-delete-note-tests","messageBody":"Add tests for DeleteNoteCommand","fileTypesAndContributionMap":{}},{"hash":"7513040cbd12d6105d8177cccac7142548139608","isMergeCommit":true,"messageTitle":"Merge pull request #86 from benedictleejr/update-storageClassDiagram","messageBody":"Update Storage Class Diagram to include notes and patient","fileTypesAndContributionMap":{}},{"hash":"b4b1350fba6d6e9d489202a5eb0c210e33d2a0a9","isMergeCommit":true,"messageTitle":"Merge pull request #83 from AndreChia/branch-Andre-Improve-Ui","messageBody":"Enhance Notes Display: Add \u0027viewnotes all\u0027 and Improve UI/UX","fileTypesAndContributionMap":{}},{"hash":"4c71fddf0cd17d3e2ab137408db2f3d97f0f8789","isMergeCommit":true,"messageTitle":"Merge branch \u0027master\u0027 into UpdateStaticMessages","messageBody":"","fileTypesAndContributionMap":{}},{"hash":"97804d5c062ba6b962ad50a36d71980e083f0f6d","isMergeCommit":false,"messageTitle":"Fix Checkstyle Errors","messageBody":"","fileTypesAndContributionMap":{"functional-code":{"insertions":0,"deletions":2},"test-code":{"insertions":4,"deletions":5}}},{"hash":"8c9446ed7af9a18a8e237bf87a324ff6e5b8d9b5","isMergeCommit":true,"messageTitle":"Merge branch \u0027UpdateStaticMessages\u0027 of https://github.com/danplatypus30/tp into UpdateStaticMessages","messageBody":"","fileTypesAndContributionMap":{}}]},{"date":"2025-03-28T00:00:00","commitResults":[{"hash":"5750e8d287f9e28507150e761ddaa601e99d9d85","isMergeCommit":false,"messageTitle":"Remove Email from Model and Renamed User as Psychiatrist","messageBody":"","fileTypesAndContributionMap":{"docs":{"insertions":1,"deletions":3}}},{"hash":"5d5f11b7ec4ce51c740c4d15a1934294f12f44d9","isMergeCommit":true,"messageTitle":"Merge pull request #99 from danplatypus30/EditUMLDiagrams","messageBody":"Remove Email from Model and Renamed User as Psychiatrist","fileTypesAndContributionMap":{}},{"hash":"2dc2d38d85f71361a7b4d95c794d97f8f7229baf","isMergeCommit":false,"messageTitle":"Add AddNote Sequence Diagram to Developers Guide","messageBody":"","fileTypesAndContributionMap":{"docs":{"insertions":77,"deletions":0}}},{"hash":"7ba67a074ec7e2b008ccdce1e890a165daed7759","isMergeCommit":false,"messageTitle":"Add Line Breaks for better visualization","messageBody":"","fileTypesAndContributionMap":{"docs":{"insertions":2,"deletions":0}}},{"hash":"70d53dd1426e1032747061ceec24dd1dbabc342a","isMergeCommit":true,"messageTitle":"Merge pull request #101 from danplatypus30/EditUMLDiagrams","messageBody":"Add AddNote Sequence Diagram to Developers Guide","fileTypesAndContributionMap":{}}]},{"date":"2025-03-29T00:00:00","commitResults":[{"hash":"5514c63a1c345a3cac492bc2530cf1ed74f2b714","isMergeCommit":false,"messageTitle":"Remove Email","messageBody":"Halfway done, updated a few UML diagrams, including exporting to png and replacing the images.\n","fileTypesAndContributionMap":{"functional-code":{"insertions":26,"deletions":191},"docs":{"insertions":15,"deletions":23},"test-code":{"insertions":39,"deletions":227}}},{"hash":"7654292b6813dd3b76ebdbccafaf5000171451f8","isMergeCommit":false,"messageTitle":"Remove Email Continued","messageBody":"Continued from previous commit, removed all traces of email from code\n","fileTypesAndContributionMap":{"test-code":{"insertions":19,"deletions":69}}},{"hash":"e73cfcb452db6c77e81d21a3ffefc649a90a040b","isMergeCommit":false,"messageTitle":"Fix Checkstyle and Test Errors","messageBody":"","fileTypesAndContributionMap":{"test-code":{"insertions":1,"deletions":1}}}]},{"date":"2025-04-01T00:00:00","commitResults":[{"hash":"87cfe89ace122ab35a3dcf24ffd12300f882cd7e","isMergeCommit":true,"messageTitle":"Merge pull request #102 from Golddirio/refine-undo-redo","messageBody":"Simplify the undo/redo","fileTypesAndContributionMap":{}},{"hash":"25e3dcb72847e0adafc7701608293f80391e7c9e","isMergeCommit":true,"messageTitle":"Merge pull request #108 from benedictleejr/user-guide-improvements","messageBody":"UG improvements made during our team call","fileTypesAndContributionMap":{}},{"hash":"450a123d4492aa51930faf9a224b232bd26e4797","isMergeCommit":true,"messageTitle":"Merge branch \u0027master\u0027 of https://github.com/AY2425S2-CS2103T-F13-1/tp into RemoveEmail","messageBody":"","fileTypesAndContributionMap":{}},{"hash":"a69d9684f37d4ddadf53c7102e60c4b7dea0c61c","isMergeCommit":true,"messageTitle":"Merge pull request #103 from danplatypus30/RemoveEmail","messageBody":"Remove Email from the Whole App","fileTypesAndContributionMap":{}},{"hash":"ae73a1b7567c80e34364761693498924c850897e","isMergeCommit":false,"messageTitle":"Update Size of ResultsDisplayPlaceholder","messageBody":"","fileTypesAndContributionMap":{"functional-code":{"insertions":1,"deletions":1}}},{"hash":"2a852c468e8f92f9d5fd1f7ea23e31b386727c24","isMergeCommit":false,"messageTitle":"Update Height for ResultsDisplayPlaceHolder","messageBody":"","fileTypesAndContributionMap":{"functional-code":{"insertions":1,"deletions":1}}},{"hash":"6a2d212f1aff831429c2643ee310deba1f97e365","isMergeCommit":true,"messageTitle":"Merge pull request #109 from danplatypus30/IncreaseResultsDisplay","messageBody":"Increase results display","fileTypesAndContributionMap":{}},{"hash":"9e8972402c3256aed29958cd2eafb51c60a66aae","isMergeCommit":false,"messageTitle":"Add Screenshots of Each Command to UserGuide","messageBody":"","fileTypesAndContributionMap":{"docs":{"insertions":31,"deletions":51}}},{"hash":"0b11bbdeb6e553d2649203f78f506538fc4312e3","isMergeCommit":false,"messageTitle":"Add Labels for Extra Screenshots","messageBody":"","fileTypesAndContributionMap":{"docs":{"insertions":15,"deletions":0}}},{"hash":"9c4e6ec5e558f5a798ba01f07a38fd8b24514534","isMergeCommit":true,"messageTitle":"Merge pull request #111 from danplatypus30/UpdateDG","messageBody":"Add Screenshots to User Guide","fileTypesAndContributionMap":{}},{"hash":"60728a9a84a340cef4a183f98e36602c73a8ddd7","isMergeCommit":false,"messageTitle":"Fix certain screenshots cropped wrongly","messageBody":"","fileTypesAndContributionMap":{"functional-code":{"insertions":1,"deletions":1}}},{"hash":"faab5eab8e113992aa602f3553fa4bf43d16dda9","isMergeCommit":true,"messageTitle":"Merge pull request #112 from danplatypus30/UpdateDG","messageBody":"Fix certain screenshots cropped wrongly","fileTypesAndContributionMap":{}},{"hash":"3f431df81a2bf0972b12278bbe8d785565cdcbd6","isMergeCommit":false,"messageTitle":"Fix mistake in table of contents","messageBody":"","fileTypesAndContributionMap":{"docs":{"insertions":1,"deletions":1}}},{"hash":"9a16447a1505b6714d6b9bb23d49f77366b5b844","isMergeCommit":true,"messageTitle":"Merge pull request #113 from danplatypus30/UpdateDG","messageBody":"Fix mistake in table of contents","fileTypesAndContributionMap":{}}]},{"date":"2025-04-02T00:00:00","commitResults":[{"hash":"79c95df56821e80a8e63a313248df80f11b31a82","isMergeCommit":true,"messageTitle":"Merge pull request #119 from benedictleejr/userguide-draft-v2","messageBody":"Userguide draft v2","fileTypesAndContributionMap":{}},{"hash":"821b209e0ea2f4a3fbfd332a7ea8e6be587d4291","isMergeCommit":true,"messageTitle":"Merge pull request #125 from AndreChia/tests/ImproveViewNoteTestsCoverage","messageBody":"Improve view note tests coverage","fileTypesAndContributionMap":{}}]},{"date":"2025-04-03T00:00:00","commitResults":[{"hash":"233346482653ca4e83c22ddf6c7938aa35b76afb","isMergeCommit":true,"messageTitle":"Merge pull request #135 from AndreChia/feature/DateFormatting","messageBody":"Update DateTimeFormat in NotesDisplayPanel","fileTypesAndContributionMap":{}},{"hash":"9448c405b134c49ca904895382a61120abcdf649","isMergeCommit":false,"messageTitle":"Update Input Validations","messageBody":"Name now allows certain special characters including s/o, d/o\n\nFix some bugs with wrong error messages on EditNoteCommand, DeleteNotecommand, FilterNoteCommand\n","fileTypesAndContributionMap":{"functional-code":{"insertions":24,"deletions":21},"test-code":{"insertions":1,"deletions":6}}},{"hash":"0862081cc7ba4341ce0e1d39cbd01eb12af59126","isMergeCommit":false,"messageTitle":"Rearrange DG","messageBody":"Also added name constraints into User Guide\n","fileTypesAndContributionMap":{"docs":{"insertions":127,"deletions":129}}},{"hash":"614f20e9bec7f80cc3a45c84c1090391ea6ac5f6","isMergeCommit":false,"messageTitle":"Update DG","messageBody":"","fileTypesAndContributionMap":{"docs":{"insertions":57,"deletions":2}}},{"hash":"fb2834e80be1d38be8cbd60cdadcb61f0a718f00","isMergeCommit":true,"messageTitle":"Merge pull request #139 from benedictleejr/userguide-finaldraft","messageBody":"User Guide Final Draft Improvements - Ben\u0027s Section","fileTypesAndContributionMap":{}},{"hash":"3030a2a08e129eb9a6dbad500546601633f3e6f1","isMergeCommit":true,"messageTitle":"Merge branch \u0027master\u0027 of https://github.com/AY2425S2-CS2103T-F13-1/tp into RearrangeDG","messageBody":"","fileTypesAndContributionMap":{}},{"hash":"ff7e01e333a033bf33f1dfeab09d65ac61248595","isMergeCommit":false,"messageTitle":"Fix Checkstyle Errors","messageBody":"","fileTypesAndContributionMap":{"docs":{"insertions":7,"deletions":5}}},{"hash":"71ab7521911ff379b64d52d51048f6b7e684cbce","isMergeCommit":true,"messageTitle":"Merge pull request #155 from danplatypus30/RearrangeDG","messageBody":"Rearrange dg","fileTypesAndContributionMap":{}},{"hash":"0577e219216417e6df10361d23565186c4d37edf","isMergeCommit":false,"messageTitle":"Remove Email from DG","messageBody":"","fileTypesAndContributionMap":{"docs":{"insertions":0,"deletions":1}}},{"hash":"3d44c19fc8501c0ad0fc21b6f9a66b2dc104f680","isMergeCommit":true,"messageTitle":"Merge pull request #156 from danplatypus30/RearrangeDG","messageBody":"Remove Email from DG","fileTypesAndContributionMap":{}},{"hash":"4892f5c3f14a3a5d9af0b0274ffdfd28466801d8","isMergeCommit":false,"messageTitle":"Update Table of Contents","messageBody":"","fileTypesAndContributionMap":{"docs":{"insertions":17,"deletions":16}}},{"hash":"773a863e768a9f155162e5d5fb33a9d021c176e0","isMergeCommit":true,"messageTitle":"Merge pull request #157 from danplatypus30/master","messageBody":"Update Table of Contents","fileTypesAndContributionMap":{}},{"hash":"b224495f3fed5e9c71bd924dda90bd962f76f258","isMergeCommit":false,"messageTitle":"Update DG and Fix bugs for EditNoteCommand","messageBody":"","fileTypesAndContributionMap":{"functional-code":{"insertions":4,"deletions":1},"docs":{"insertions":29,"deletions":8}}},{"hash":"107627b0f690fd78d525944caad8ab69417a24fa","isMergeCommit":true,"messageTitle":"Merge branch \u0027master\u0027 of https://github.com/AY2425S2-CS2103T-F13-1/tp into RearrangeDG","messageBody":"","fileTypesAndContributionMap":{}},{"hash":"1ec174cda9489b899c39d3e21e025d86c3c6232c","isMergeCommit":true,"messageTitle":"Merge pull request #158 from danplatypus30/RearrangeDG","messageBody":"Rearrange DG and Fixed Bugs in EditNoteCommand","fileTypesAndContributionMap":{}},{"hash":"b73f3a3ce56cbf8023bf9867f19a91be2af2953e","isMergeCommit":true,"messageTitle":"Merge pull request #160 from Fieash/deletenote-bugfix","messageBody":"Fix unclear error in deletenote","fileTypesAndContributionMap":{}},{"hash":"f51b1271a98567272b4b15cfcf7ae510981f34af","isMergeCommit":true,"messageTitle":"Merge pull request #159 from Golddirio/fix-bug","messageBody":"Fix alpha bugs","fileTypesAndContributionMap":{}},{"hash":"9fc28dd2d7c5cb9479f0c01500dc759ce8ac7f56","isMergeCommit":false,"messageTitle":"Fix some minor standardization issues","messageBody":"Clean up DG\n","fileTypesAndContributionMap":{"functional-code":{"insertions":5,"deletions":3},"docs":{"insertions":0,"deletions":12}}}]},{"date":"2025-04-04T00:00:00","commitResults":[{"hash":"0a38363c8ada91fc50d8a8b483f6f84a428717b5","isMergeCommit":false,"messageTitle":"Add Use Cases for DG","messageBody":"","fileTypesAndContributionMap":{"docs":{"insertions":83,"deletions":0}}},{"hash":"f34ff66c861312bb890a49e064edf246aecbb614","isMergeCommit":true,"messageTitle":"Merge pull request #168 from AndreChia/docs/Update-Developer-Guide","messageBody":"Updated DeveloperGuide.md to include Tests and Manual Tests in the Appendix and Update ViewNotesSequenceDiagram","fileTypesAndContributionMap":{}},{"hash":"cc7ace7232c71b1c2039ba4a9646c2161af4399a","isMergeCommit":true,"messageTitle":"Merge branch \u0027master\u0027 of https://github.com/AY2425S2-CS2103T-F13-1/tp into RearrangeDG","messageBody":"","fileTypesAndContributionMap":{}},{"hash":"ee4cfce97ac1832fa5cfc2d490742247ddcb8c47","isMergeCommit":false,"messageTitle":"Add line divider before appendix","messageBody":"","fileTypesAndContributionMap":{"docs":{"insertions":2,"deletions":0}}},{"hash":"35a77630caf5d26adc5c0fa46503e9244b46264a","isMergeCommit":true,"messageTitle":"Merge pull request #169 from danplatypus30/RearrangeDG","messageBody":"Add Use Cases for DG","fileTypesAndContributionMap":{}},{"hash":"4e5a83d06aea4e388acb5ef3ce83308832e1e51e","isMergeCommit":false,"messageTitle":"Updated table of contents and inserted more back-to-top links","messageBody":"","fileTypesAndContributionMap":{"docs":{"insertions":12,"deletions":5}}},{"hash":"461098d15717f8aadd9aaa2d69a92d4dd76c831d","isMergeCommit":true,"messageTitle":"Merge pull request #170 from danplatypus30/RearrangeDG","messageBody":"Update table of contents and inserted more back-to-top links","fileTypesAndContributionMap":{}}]}],"Fieash":[{"date":"2025-03-06T00:00:00","commitResults":[{"hash":"03b62e7328d5d178ddd76ca04b09ca8491923015","isMergeCommit":false,"messageTitle":"add details of yu zhang to the AboutUs page","messageBody":"","fileTypesAndContributionMap":{"docs":{"insertions":105,"deletions":59}}},{"hash":"0cb4581b82216738f6da3f6b1cf0604aa508a713","isMergeCommit":true,"messageTitle":"Merge pull request #16 from danplatypus30/updateDeveloperGuide","messageBody":"Update Developers Guide","fileTypesAndContributionMap":{}},{"hash":"bcf35255ae865abae36758e37e552f84af53d6bf","isMergeCommit":false,"messageTitle":"Modify AboutUs.md and yuzhangWong.md pages to use LF instead of CRLF","messageBody":"","fileTypesAndContributionMap":{"docs":{"insertions":105,"deletions":105}}}]},{"date":"2025-03-13T00:00:00","commitResults":[{"hash":"20a92e9e56fa83898c0cdce0ee2b99ea27f7666e","isMergeCommit":false,"messageTitle":"Add note tite and content when adding or modifying data","messageBody":"","fileTypesAndContributionMap":{"functional-code":{"insertions":11,"deletions":0}}},{"hash":"15ec1d2050f01d371c5fc062b32da89d0298fe40","isMergeCommit":false,"messageTitle":"Modify import statement to fit checkstyle","messageBody":"","fileTypesAndContributionMap":{"functional-code":{"insertions":1,"deletions":1}}},{"hash":"50c7d1b3329f20b6aa0c68d26bc2900e630355bf","isMergeCommit":false,"messageTitle":"Modify import of note to before patient","messageBody":"","fileTypesAndContributionMap":{"functional-code":{"insertions":1,"deletions":1}}}]},{"date":"2025-03-14T00:00:00","commitResults":[{"hash":"57c72018f07f0d2f1b4d26c7c51105ac8b0a9346","isMergeCommit":false,"messageTitle":"Add warning when note to add is invalid","messageBody":"","fileTypesAndContributionMap":{"functional-code":{"insertions":81,"deletions":0}}},{"hash":"3b9fd943ac1c12ed0fcdc63fa0ba2a8561a9438f","isMergeCommit":false,"messageTitle":"Modify the invalid command description to be clearer","messageBody":"","fileTypesAndContributionMap":{"functional-code":{"insertions":4,"deletions":1}}},{"hash":"663bae36b47600031fe3f8f88b971fe9bf4d5fd6","isMergeCommit":false,"messageTitle":"Remove unused imports","messageBody":"","fileTypesAndContributionMap":{"functional-code":{"insertions":0,"deletions":6}}},{"hash":"5b2fb3cbeda80144e692330cdb998ffc9b1ff63f","isMergeCommit":false,"messageTitle":"Shorten lines to meet checkstyle","messageBody":"","fileTypesAndContributionMap":{"functional-code":{"insertions":12,"deletions":4}}},{"hash":"5e4fb0670cacf606cc7baefa5e38968a3704ed31","isMergeCommit":false,"messageTitle":"Remove dead code","messageBody":"","fileTypesAndContributionMap":{"functional-code":{"insertions":3,"deletions":14}}},{"hash":"b59b7469ae4de2b8e776d3ec103d279f4a20acd2","isMergeCommit":false,"messageTitle":"Remove trailing whitespace","messageBody":"","fileTypesAndContributionMap":{"functional-code":{"insertions":0,"deletions":1}}}]},{"date":"2025-03-20T00:00:00","commitResults":[{"hash":"8a12a9ccdc6ea0f28d81bad46c13a9dba7feed2c","isMergeCommit":true,"messageTitle":"Merge pull request #59 from Golddirio/filter-note","messageBody":"Add filter note by title","fileTypesAndContributionMap":{}},{"hash":"a321995323870316befa9de04804929a41a6eb30","isMergeCommit":false,"messageTitle":"added the deletenote command","messageBody":"","fileTypesAndContributionMap":{"functional-code":{"insertions":176,"deletions":1},"docs":{"insertions":2,"deletions":0}}},{"hash":"ae10d3973a2e7e63c24c86dbc24c2d5aaded9902","isMergeCommit":false,"messageTitle":"Merge filternote command into deletenote command branch","messageBody":"","fileTypesAndContributionMap":{"functional-code":{"insertions":266,"deletions":20},"test-code":{"insertions":116,"deletions":0}}},{"hash":"1820888cf492ec4a654751ac578ec7074f3be17f","isMergeCommit":true,"messageTitle":"Resolve merge conflicts locally, modify CRLF to LF","messageBody":"","fileTypesAndContributionMap":{}},{"hash":"5255831ca9c4568c24ac8ae12a99af1cbd97d9a3","isMergeCommit":false,"messageTitle":"Fix checkstyle issues","messageBody":"","fileTypesAndContributionMap":{"functional-code":{"insertions":14,"deletions":7}}},{"hash":"b94f49fae1448e9a99561c48a91613ce39f9ae7e","isMergeCommit":false,"messageTitle":"Fix checkstyle issues on imports and commas","messageBody":"","fileTypesAndContributionMap":{"functional-code":{"insertions":4,"deletions":4}}},{"hash":"1e6f3d3cfe6b1095b26ed10807aee11c304412e1","isMergeCommit":false,"messageTitle":"Fix checkstyle issues on import","messageBody":"","fileTypesAndContributionMap":{"functional-code":{"insertions":1,"deletions":1}}},{"hash":"896990c466b7fe87b941407140d72094a0f35aee","isMergeCommit":false,"messageTitle":"Add DeleteNoteCommandParserTest","messageBody":"","fileTypesAndContributionMap":{"test-code":{"insertions":53,"deletions":0}}},{"hash":"c54c0700f1ab6081f52b02754bc48c2078b62250","isMergeCommit":false,"messageTitle":"Remove unused imports","messageBody":"","fileTypesAndContributionMap":{"test-code":{"insertions":0,"deletions":2}}},{"hash":"308547e09570673aeb732a9b39c575d9a7465e94","isMergeCommit":false,"messageTitle":"Remove redundant code","messageBody":"","fileTypesAndContributionMap":{"test-code":{"insertions":7,"deletions":8}}}]},{"date":"2025-03-26T00:00:00","commitResults":[{"hash":"373189abf48372f31c4f85d9d29ea375d5eba681","isMergeCommit":false,"messageTitle":"Refactor DeleteNoteCommand","messageBody":"","fileTypesAndContributionMap":{"functional-code":{"insertions":14,"deletions":1},"test-code":{"insertions":5,"deletions":0}}},{"hash":"6e3f86109e24fce60cdfde3b769f860f4ffdf39b","isMergeCommit":false,"messageTitle":"Add DeleteNoteCommandTest","messageBody":"","fileTypesAndContributionMap":{"test-code":{"insertions":51,"deletions":0}}},{"hash":"d7434112febea3f0f90183b166314aaa62a45c88","isMergeCommit":false,"messageTitle":"Use LF instead of CLRF","messageBody":"","fileTypesAndContributionMap":{"test-code":{"insertions":42,"deletions":42}}},{"hash":"be0233f39556c64b769c03d4e354e54b620fe733","isMergeCommit":false,"messageTitle":"Add newline to EOF","messageBody":"","fileTypesAndContributionMap":{"test-code":{"insertions":1,"deletions":1}}},{"hash":"558350e1dc93fc5f6bf5061a6a91df5bfd5ec211","isMergeCommit":true,"messageTitle":"Merge pull request #78 from danplatypus30/EditWebsitePages","messageBody":"Update Website Pages","fileTypesAndContributionMap":{}},{"hash":"552c5905ea4e3f64a01a5a3d231cd74043b88dd6","isMergeCommit":false,"messageTitle":"Remove execute_validIndexAndTitle_success test case","messageBody":"","fileTypesAndContributionMap":{"functional-code":{"insertions":1,"deletions":1},"test-code":{"insertions":20,"deletions":21}}}]},{"date":"2025-03-27T00:00:00","commitResults":[{"hash":"83d8b4475100f96bc680b3ece537b01b2db88567","isMergeCommit":false,"messageTitle":"Add patientWithNoNotes failure test","messageBody":"","fileTypesAndContributionMap":{"functional-code":{"insertions":0,"deletions":3},"test-code":{"insertions":11,"deletions":0}}},{"hash":"744bbbda64f2b43142d00f9d6caabd0c8c3911c0","isMergeCommit":false,"messageTitle":"Remove unused import","messageBody":"","fileTypesAndContributionMap":{"functional-code":{"insertions":0,"deletions":1}}},{"hash":"60db0a470051796ddc677e562181fadd82c67845","isMergeCommit":false,"messageTitle":"Fix checkstyle issue","messageBody":"","fileTypesAndContributionMap":{"test-code":{"insertions":1,"deletions":1}}},{"hash":"62507c6f8438bbc6167a8ce74713a52821489d9a","isMergeCommit":false,"messageTitle":"Add tests for DeleteNoteCommand","messageBody":"","fileTypesAndContributionMap":{"test-code":{"insertions":28,"deletions":0}}},{"hash":"04e1eecabae427e25127a0bcde567e4709993ec1","isMergeCommit":false,"messageTitle":"Remove unused imports","messageBody":"","fileTypesAndContributionMap":{"test-code":{"insertions":0,"deletions":9}}},{"hash":"6714a075143c36aa7b160f06e746ed3e66a3a04c","isMergeCommit":false,"messageTitle":"Add tests for invalid patient notes","messageBody":"","fileTypesAndContributionMap":{"test-code":{"insertions":19,"deletions":1}}},{"hash":"7eb520a903c8354b6d77b0b0cbb88ae2ce910228","isMergeCommit":false,"messageTitle":"Remove unused imports","messageBody":"","fileTypesAndContributionMap":{"test-code":{"insertions":0,"deletions":1}}}]},{"date":"2025-03-29T00:00:00","commitResults":[{"hash":"79f52205ec93ecc1960626cedb4c86692896d9fc","isMergeCommit":false,"messageTitle":"Add deletenote sequence diagram","messageBody":"","fileTypesAndContributionMap":{"docs":{"insertions":70,"deletions":0}}},{"hash":"ae431ab6855eb0616af3a1c9d2c8f9484ca9f62c","isMergeCommit":false,"messageTitle":"Update developer guide","messageBody":"","fileTypesAndContributionMap":{"docs":{"insertions":7,"deletions":0}}}]},{"date":"2025-04-02T00:00:00","commitResults":[{"hash":"e45962b0d3ee3e65354f725df7a05399c6114899","isMergeCommit":false,"messageTitle":"Add page breaks","messageBody":"","fileTypesAndContributionMap":{"docs":{"insertions":10,"deletions":1}}},{"hash":"d783a85dc0c98bb00d2042fb5eeea95fe1f1f627","isMergeCommit":true,"messageTitle":"Merge pull request #114 from Fieash/format-userguide","messageBody":"Add page breaks","fileTypesAndContributionMap":{}},{"hash":"7b03a66798471c05e08c772985765e58f771b339","isMergeCommit":false,"messageTitle":"Modify line breaks","messageBody":"","fileTypesAndContributionMap":{"docs":{"insertions":21,"deletions":17}}},{"hash":"14e0c92d88e1d585daa74d980194487af2c2baa9","isMergeCommit":false,"messageTitle":"Modify line breaks","messageBody":"","fileTypesAndContributionMap":{"docs":{"insertions":21,"deletions":17}}},{"hash":"4775095104361f6a0ead79a4ed58370a9a4f33cc","isMergeCommit":true,"messageTitle":"Merge pull request #124 from Fieash/v2-format-userguide","messageBody":"Modify page breaks to ensure clearer and more consistent page formatting","fileTypesAndContributionMap":{}},{"hash":"eea2b65623d39951444f8415585fcb1ccd23472f","isMergeCommit":false,"messageTitle":"Modify page breaks","messageBody":"","fileTypesAndContributionMap":{"docs":{"insertions":3,"deletions":1}}},{"hash":"b47c596c2736c9434dcc7611a72b45e49ec4a170","isMergeCommit":true,"messageTitle":"Merge pull request #126 from Fieash/v3-format-userguide","messageBody":"Modify page breaks","fileTypesAndContributionMap":{}},{"hash":"0fa8579fb31472339997b351ac0747723cce590f","isMergeCommit":false,"messageTitle":"Remove empty page","messageBody":"","fileTypesAndContributionMap":{"docs":{"insertions":0,"deletions":6}}},{"hash":"4c9910863187225bd42905667bdb43e6014fc250","isMergeCommit":true,"messageTitle":"Merge pull request #128 from Fieash/v4-format-userguide","messageBody":"Remove empty page","fileTypesAndContributionMap":{}}]},{"date":"2025-04-03T00:00:00","commitResults":[{"hash":"5b8d0ca46485c61613b77b25c8f3028515cef467","isMergeCommit":true,"messageTitle":"Merge remote-tracking branch \u0027upstream/master\u0027","messageBody":"","fileTypesAndContributionMap":{}},{"hash":"b5e40252c89a38504db502b81184fad32c29f48a","isMergeCommit":true,"messageTitle":"Merge remote-tracking branch \u0027upstream/master\u0027","messageBody":"","fileTypesAndContributionMap":{}},{"hash":"c0b207c36df2db8fcbb100ef710c2ca49c580aac","isMergeCommit":true,"messageTitle":"Merge changes from upstream","messageBody":"","fileTypesAndContributionMap":{}},{"hash":"c1fe52e155d9c11f96e1971ba299479ae5324a64","isMergeCommit":false,"messageTitle":"Fix deletenote command bug","messageBody":"","fileTypesAndContributionMap":{"functional-code":{"insertions":4,"deletions":2}}},{"hash":"f23b743d6a73dbe3b183e5dc163bb592ee302846","isMergeCommit":false,"messageTitle":"Fix response message bug","messageBody":"","fileTypesAndContributionMap":{"functional-code":{"insertions":1,"deletions":1}}}]},{"date":"2025-04-04T00:00:00","commitResults":[{"hash":"f018b9cc6f41abbea0db821758d9f3dbbe64553d","isMergeCommit":false,"messageTitle":"Fix user guide formatting","messageBody":"","fileTypesAndContributionMap":{"docs":{"insertions":9,"deletions":13}}},{"hash":"c5482c54fb4f9bee791df34b5e93c2e61c0a78a7","isMergeCommit":true,"messageTitle":"Merge pull request #165 from Fieash/v5-format-userguide","messageBody":"Fix user guide formatting","fileTypesAndContributionMap":{}},{"hash":"38fc48aa86b5b5fffaa76a6bc6974b1273af724e","isMergeCommit":false,"messageTitle":"Fix user guide table of contents","messageBody":"","fileTypesAndContributionMap":{"docs":{"insertions":3,"deletions":3}}},{"hash":"e3f7f4eea3522fafb92625be1732a789abf7a235","isMergeCommit":true,"messageTitle":"Merge pull request #166 from Fieash/v6-format-userguide","messageBody":"Fix user guide table of contents","fileTypesAndContributionMap":{}},{"hash":"e6cff454e2e1a0a3f1e5b5f8694e46b53e5b2eb2","isMergeCommit":false,"messageTitle":"Fix user guide table of contents","messageBody":"","fileTypesAndContributionMap":{"docs":{"insertions":17,"deletions":17}}},{"hash":"a4eac18d0af0cbbd8559fde4956f9819852950c2","isMergeCommit":true,"messageTitle":"Merge pull request #167 from Fieash/v7-format-userguide","messageBody":"Fix user guide table of contents","fileTypesAndContributionMap":{}}]}],"AndreChia":[{"date":"2025-03-06T00:00:00","commitResults":[{"hash":"ab103ec1facaf0c21ae4b5df7fb48dd6b49404e0","isMergeCommit":true,"messageTitle":"Merge remote-tracking branch \u0027upstream/master\u0027","messageBody":"","fileTypesAndContributionMap":{}},{"hash":"d248339ddcc17739c1ddbe7df3b60cae87da0fc7","isMergeCommit":false,"messageTitle":"Add Andre About Us details","messageBody":"","fileTypesAndContributionMap":{"docs":{"insertions":67,"deletions":9}}},{"hash":"e2ace7a71a532bf6ddd7820b6ca96c7b6cae28d9","isMergeCommit":true,"messageTitle":"Merge pull request #21 from danplatypus30/UpdateAboutUs","messageBody":"Update About Us","fileTypesAndContributionMap":{}},{"hash":"1252e4f44839bb46a56b4edcc7df632a33e2884a","isMergeCommit":true,"messageTitle":"Fix merge conflicts for About Us","messageBody":"","fileTypesAndContributionMap":{}}]},{"date":"2025-03-07T00:00:00","commitResults":[{"hash":"1eb0ff835bf9eb6d516625055c4eb9e0a81038ab","isMergeCommit":false,"messageTitle":"Fix AboutUs.md and Developer Guide","messageBody":"","fileTypesAndContributionMap":{"docs":{"insertions":106,"deletions":120}}}]},{"date":"2025-03-13T00:00:00","commitResults":[{"hash":"5078d2b3ed75ecca2147a1088cdbd8ebb0f45044","isMergeCommit":false,"messageTitle":"Add view notes function","messageBody":"","fileTypesAndContributionMap":{"functional-code":{"insertions":110,"deletions":7}}},{"hash":"ed7af60d788125cd06c3af6f988a08906d25c8d2","isMergeCommit":false,"messageTitle":"Improve UI readability for View Notes","messageBody":"","fileTypesAndContributionMap":{"functional-code":{"insertions":41,"deletions":21}}},{"hash":"70eb0f0a5de1a162ee874c27e22b2bddffc1a978","isMergeCommit":false,"messageTitle":"Resolve checkstyle issues","messageBody":"","fileTypesAndContributionMap":{"functional-code":{"insertions":0,"deletions":1}}},{"hash":"2bf352a0cfc1723ca51ed6a963fa34ed6f827656","isMergeCommit":false,"messageTitle":"Add and improve unit tests to view notes functionality","messageBody":"","fileTypesAndContributionMap":{"test-code":{"insertions":6,"deletions":0}}},{"hash":"33fda21d4b767dba0c209c7e85cfac95e3fbb158","isMergeCommit":false,"messageTitle":"Fix checkstyle issues","messageBody":"","fileTypesAndContributionMap":{"functional-code":{"insertions":25,"deletions":9},"test-code":{"insertions":184,"deletions":13}}},{"hash":"6e50859eda194b53fab5cabbd53627025f06ba39","isMergeCommit":false,"messageTitle":"Resolve CI/CD issues","messageBody":"","fileTypesAndContributionMap":{"other":{"insertions":1,"deletions":0},"test-code":{"insertions":7,"deletions":7}}},{"hash":"4e0edf9f2fca22468f9548e10e2ea1a765c1aa15","isMergeCommit":false,"messageTitle":"Fix CI/CD issue","messageBody":"","fileTypesAndContributionMap":{"test-code":{"insertions":7,"deletions":6}}},{"hash":"9336fc92009efad98bf7d9fb7c7a91c6d3366d8f","isMergeCommit":false,"messageTitle":"Remove method causing CI/CD issue","messageBody":"","fileTypesAndContributionMap":{"test-code":{"insertions":0,"deletions":17}}},{"hash":"18a88e5541cdfbd2003d23d77cac0f6adf816219","isMergeCommit":false,"messageTitle":"Fix CI/CD issues","messageBody":"","fileTypesAndContributionMap":{"test-code":{"insertions":17,"deletions":12}}},{"hash":"1a6db97457a5873db9afa8cee62eec93b7c7e00e","isMergeCommit":false,"messageTitle":"Remove PatientCardTest.java","messageBody":"","fileTypesAndContributionMap":{"test-code":{"insertions":0,"deletions":46}}},{"hash":"ed1a9bdb3db661cdbb18060b45c26df60821d9e7","isMergeCommit":false,"messageTitle":"Add unit test coverage for PatientCard.java and PatientListPanel.java","messageBody":"","fileTypesAndContributionMap":{"test-code":{"insertions":105,"deletions":0}}},{"hash":"b579fcd2902d06dbaa8ecd3b30b4ef83810e2fa1","isMergeCommit":false,"messageTitle":"Modified gradle.properties to use headless for CI/CD checks","messageBody":"","fileTypesAndContributionMap":{"other":{"insertions":2,"deletions":1}}},{"hash":"d8a2de7c0784497b83fe061be28b44a9943e868a","isMergeCommit":false,"messageTitle":"Remove Ui Tests only logic tests included","messageBody":"","fileTypesAndContributionMap":{"functional-code":{"insertions":2,"deletions":0},"test-code":{"insertions":2,"deletions":0}}},{"hash":"6356fb9beab1dc769a40183ecd5487172bf67882","isMergeCommit":false,"messageTitle":"Resolve checkstyle issues","messageBody":"","fileTypesAndContributionMap":{"functional-code":{"insertions":126,"deletions":5},"other":{"insertions":1,"deletions":1},"test-code":{"insertions":71,"deletions":55}}},{"hash":"b15d2e118295bfb06e537e6ee182257118ec3e0c","isMergeCommit":false,"messageTitle":"Fix assertion issue","messageBody":"","fileTypesAndContributionMap":{"test-code":{"insertions":13,"deletions":5}}},{"hash":"e2ba1512ae5cebda3ca63b7ba6d37e569c307950","isMergeCommit":false,"messageTitle":"Update build.gradle","messageBody":"","fileTypesAndContributionMap":{"other":{"insertions":0,"deletions":1}}},{"hash":"5f3b47506707492bbba7ddfff52c99f8b5fe8541","isMergeCommit":false,"messageTitle":"Update gradle.properties","messageBody":"","fileTypesAndContributionMap":{"other":{"insertions":0,"deletions":1}}},{"hash":"b41c3223bbffc3ee3a19cef5d67d3ecee5774c38","isMergeCommit":true,"messageTitle":"Merge pull request #55 from Fieash/feedback-notes","messageBody":"Add note tite and content when adding or modifying data","fileTypesAndContributionMap":{}}]},{"date":"2025-03-20T00:00:00","commitResults":[{"hash":"56c47087fd15f1919dc43993386ac9756318e313","isMergeCommit":false,"messageTitle":"Improve UI styling","messageBody":"","fileTypesAndContributionMap":{"functional-code":{"insertions":0,"deletions":0}}},{"hash":"198135ef31c28f6f62e74d9f5b60a4712e3496a9","isMergeCommit":false,"messageTitle":"Improve UI and look of application","messageBody":"","fileTypesAndContributionMap":{"functional-code":{"insertions":355,"deletions":71},"test-code":{"insertions":1,"deletions":1}}},{"hash":"3680d3ae0a49f6d86ddf442aa16b2ad51d43952c","isMergeCommit":false,"messageTitle":"Fix Ui changes","messageBody":"","fileTypesAndContributionMap":{"functional-code":{"insertions":14,"deletions":0}}},{"hash":"e9fbede06ffd91a0b9fffb4ac74daff02da856f0","isMergeCommit":true,"messageTitle":"Resolve merge conflicts","messageBody":"","fileTypesAndContributionMap":{}},{"hash":"a433a3b81d5cdd520684cdcbc6671748355f0f3c","isMergeCommit":false,"messageTitle":"Improve Ui styling","messageBody":"","fileTypesAndContributionMap":{"functional-code":{"insertions":304,"deletions":80}}},{"hash":"72796c8d4fb2a93828aac980a08c35e7479cb554","isMergeCommit":true,"messageTitle":"Resolve merge conflicts","messageBody":"","fileTypesAndContributionMap":{}},{"hash":"8659efe25b6a23f69e3d710e20f84ba20645ad3a","isMergeCommit":true,"messageTitle":"Resolve merge conflicts","messageBody":"","fileTypesAndContributionMap":{}},{"hash":"acfd67f1db85e43a4fb322a66440b775d0655e36","isMergeCommit":false,"messageTitle":"Fix tests that were failing","messageBody":"","fileTypesAndContributionMap":{"functional-code":{"insertions":3,"deletions":3},"test-code":{"insertions":3,"deletions":2}}},{"hash":"a0dc843fdb952b9a1a47dae9d10b4026b802e527","isMergeCommit":true,"messageTitle":"Merge branch \u0027branch-Andre-Ui\u0027 Keep master up to date","messageBody":"","fileTypesAndContributionMap":{}},{"hash":"2bbac5b2276d5e496d06542f80d3089e34e343d3","isMergeCommit":true,"messageTitle":"Merge pull request #66 from danplatypus30/AddUpdateNote","messageBody":"Add Edit Note command","fileTypesAndContributionMap":{}}]},{"date":"2025-03-25T00:00:00","commitResults":[{"hash":"93d157d2f0d71e0b8e121dd4182ac97050dc30a7","isMergeCommit":true,"messageTitle":"Resolve merge conflict","messageBody":"","fileTypesAndContributionMap":{}},{"hash":"dbacb974e671db0048e55e0bcf16bb09e2442dab","isMergeCommit":false,"messageTitle":"Update UserGuide.md","messageBody":"","fileTypesAndContributionMap":{"docs":{"insertions":94,"deletions":219}}}]},{"date":"2025-03-26T00:00:00","commitResults":[{"hash":"2f39809a1aa99c6b32a8bd2268aecc5aefaaa1bc","isMergeCommit":false,"messageTitle":"Add additional details for UserGuide.md","messageBody":"","fileTypesAndContributionMap":{"docs":{"insertions":16,"deletions":17}}}]},{"date":"2025-03-27T00:00:00","commitResults":[{"hash":"bb80a82e10a8b60dd9229201e648b67f4d7a8bf3","isMergeCommit":true,"messageTitle":"Merge pull request #72 from Golddirio/change-displaypanel-filternote","messageBody":"Change filternote to noteDisplayPanel","fileTypesAndContributionMap":{}},{"hash":"e247f6fa3bce9aa7e02210243e0780496c1998ea","isMergeCommit":false,"messageTitle":"Revamped Ui for ViewNotes, Add \u0027viewnotes all\u0027 command and Improve Ui for tags","messageBody":"","fileTypesAndContributionMap":{"functional-code":{"insertions":480,"deletions":166},"other":{"insertions":849,"deletions":0},"docs":{"insertions":10,"deletions":2},"test-code":{"insertions":106,"deletions":63}}},{"hash":"9f5292edf22477e8d44cbe08404234585ab7675e","isMergeCommit":false,"messageTitle":"Remove bin directory from git","messageBody":"","fileTypesAndContributionMap":{"other":{"insertions":0,"deletions":849}}},{"hash":"c22bfc3d6e420198b80e94be6854ae7670676f90","isMergeCommit":true,"messageTitle":"Resolve merge conflicts in UserGuide.md by adding \u0027viewnotes all\u0027","messageBody":"","fileTypesAndContributionMap":{}},{"hash":"61341bcdb2b32f9e06a66dd7b69d0f766d6f4fdf","isMergeCommit":true,"messageTitle":"Merge pull request #87 from Golddirio/undo-redo","messageBody":"Add the undo/redo commands","fileTypesAndContributionMap":{}},{"hash":"816a4f82fac5f28b78b6635835feb4830055e0d1","isMergeCommit":true,"messageTitle":"Merge pull request #85 from danplatypus30/UpdateStaticMessages","messageBody":"Move repeated static messages to Messages.java","tags":["v1.4"],"fileTypesAndContributionMap":{}}]},{"date":"2025-03-31T00:00:00","commitResults":[{"hash":"253b034351331c6cd5313db12c78e0f7dda982c9","isMergeCommit":true,"messageTitle":"Merge pull request #105 from Fieash/delete-note-diagram","messageBody":"Add deletenote sequence diagram","fileTypesAndContributionMap":{}},{"hash":"4b9738046f298648535ba129256680808d6c2124","isMergeCommit":false,"messageTitle":"Add ViewNoteSequenceDiagram.puml and image in docs","messageBody":"","fileTypesAndContributionMap":{"docs":{"insertions":49,"deletions":0}}},{"hash":"ac0ddfe4ac024792973687a5dc2241cb34b363b1","isMergeCommit":true,"messageTitle":"Merge pull request #106 from AndreChia/branch-Andre-UML","messageBody":"Add ViewNoteSequenceDiagram.puml and image in docs","fileTypesAndContributionMap":{}},{"hash":"a9cca4692b7f021f88e30341275271ec13b07338","isMergeCommit":false,"messageTitle":"Add newline at EOF for ViewNoteSequenceDiagram.puml","messageBody":"","fileTypesAndContributionMap":{"docs":{"insertions":1,"deletions":1}}},{"hash":"a993a7517615af8291a8f737cb3abb7a42b0d740","isMergeCommit":true,"messageTitle":"Merge pull request #107 from AndreChia/branch-Andre-UML","messageBody":"Add newline at EOF for ViewNoteSequenceDiagram.puml","fileTypesAndContributionMap":{}}]},{"date":"2025-04-02T00:00:00","commitResults":[{"hash":"c5e1012bf5559587e69872d6b3a91d8235aaa653","isMergeCommit":false,"messageTitle":"Update DeveloperGuide.md","messageBody":"","fileTypesAndContributionMap":{"docs":{"insertions":477,"deletions":346}}},{"hash":"0d342bc3d11b4abcbe17cf9e150296ee76855732","isMergeCommit":false,"messageTitle":"Add test coverage for ViewNotesCommand and ViewNotesCommandParser","messageBody":"","fileTypesAndContributionMap":{"functional-code":{"insertions":39,"deletions":12},"docs":{"insertions":1,"deletions":1},"test-code":{"insertions":70,"deletions":12}}},{"hash":"ce98766ebcafdad9636b9e9ce9f6a39d7701884e","isMergeCommit":false,"messageTitle":"Resolve checkstyle error","messageBody":"","fileTypesAndContributionMap":{"docs":{"insertions":1,"deletions":1}}}]},{"date":"2025-04-03T00:00:00","commitResults":[{"hash":"a37386525625c2104d43a55e6249a10f75cdd5a1","isMergeCommit":false,"messageTitle":"Update DateTimeFormat in NotesDisplayPanel","messageBody":"","fileTypesAndContributionMap":{"functional-code":{"insertions":3,"deletions":1}}},{"hash":"0613ce77620ab73a2c99bf8db7c6b0fe1a9dd830","isMergeCommit":true,"messageTitle":"Merge pull request #136 from danplatypus30/AddInputValidations","messageBody":"Update Input Validations","fileTypesAndContributionMap":{}},{"hash":"a8bafc77c7f8a8d41afff07a071250da75bcaa13","isMergeCommit":true,"messageTitle":"Merge branch \u0027master\u0027 into code-cleanup","messageBody":"","fileTypesAndContributionMap":{}},{"hash":"2d1c3e69aea4e56955288041bb75f8ece43440e3","isMergeCommit":true,"messageTitle":"Merge pull request #161 from benedictleejr/code-cleanup","messageBody":"Code cleanup","fileTypesAndContributionMap":{}}]},{"date":"2025-04-04T00:00:00","commitResults":[{"hash":"1a00fb28f3fea51b8b038ac6bb0bd53c385f7610","isMergeCommit":false,"messageTitle":"Update DeveloperGuide.md and ViewNotesSequenceDiagram","messageBody":"","fileTypesAndContributionMap":{"docs":{"insertions":213,"deletions":49}}}]}],"benedictleejr":[{"date":"2025-03-05T00:00:00","commitResults":[{"hash":"88a0c3b3f473ee072f111f297f813141d4ce1c60","isMergeCommit":false,"messageTitle":"Add my own details to About Us page","messageBody":"","fileTypesAndContributionMap":{"docs":{"insertions":52,"deletions":6}}},{"hash":"ed9e8feb42be1f6ed057ea30608f7c7e2aa53b55","isMergeCommit":false,"messageTitle":"Update README page to match NeuroSync","messageBody":"","fileTypesAndContributionMap":{"docs":{"insertions":15,"deletions":12}}},{"hash":"a7e1daa8a6e78cd93a7d49423b30919f116c97cd","isMergeCommit":false,"messageTitle":"Update site-wide settings","messageBody":"","fileTypesAndContributionMap":{"other":{"insertions":2,"deletions":2}}}]},{"date":"2025-03-06T00:00:00","commitResults":[{"hash":"1893e2221cacf66ebcb6c19af429ced88672b00e","isMergeCommit":true,"messageTitle":"Merge pull request #9 from benedictleejr/edit-About-Us","messageBody":"Add Benedict\u0027s details to About Us page","fileTypesAndContributionMap":{}},{"hash":"9668bd2840e17431883756acf5af011355a8bc46","isMergeCommit":true,"messageTitle":"Merge pull request #12 from danplatypus30/UpdateAboutUs","messageBody":"Add Daniel Details to About Us Page","fileTypesAndContributionMap":{}}]},{"date":"2025-03-08T00:00:00","commitResults":[{"hash":"aa0a2da84aebb53f6e7d59dadc824add6846a77d","isMergeCommit":false,"messageTitle":"Fix naming issues for AboutUs","messageBody":"","fileTypesAndContributionMap":{"docs":{"insertions":6,"deletions":7}}},{"hash":"ac5537b93ca3748fa79936dc608d23470163069f","isMergeCommit":true,"messageTitle":"Merge pull request #32 from benedictleejr/fix-website-adapted","messageBody":"Fix naming issues for AboutUs","fileTypesAndContributionMap":{}},{"hash":"9b2340ca97ef4adf12f3fa8d681f70f5cebcfbfd","isMergeCommit":false,"messageTitle":"Fix naming convention in AboutUs","messageBody":"","fileTypesAndContributionMap":{"docs":{"insertions":4,"deletions":4}}},{"hash":"527c26c1e1cf7207ee0fbe05c1c01632dfb5df4b","isMergeCommit":true,"messageTitle":"Merge pull request #33 from benedictleejr/fix-website-adapted","messageBody":"Fix naming convention in AboutUs","fileTypesAndContributionMap":{}}]},{"date":"2025-03-12T00:00:00","commitResults":[{"hash":"0d13fdaf164ece700815cb132ae347fbbd97cb19","isMergeCommit":false,"messageTitle":"Add note class, enable patient to store note and fix tests","messageBody":"","fileTypesAndContributionMap":{"functional-code":{"insertions":87,"deletions":2},"test-code":{"insertions":1,"deletions":1}}},{"hash":"30c72094c5018cd8edd35484d4a1b3dffe6d760e","isMergeCommit":false,"messageTitle":"Create note command and hook it into application","messageBody":"","fileTypesAndContributionMap":{"functional-code":{"insertions":45,"deletions":0},"test-code":{"insertions":52,"deletions":0}}},{"hash":"c077a0f4065fc6ba0159b9adf64ff2a0412285ab","isMergeCommit":false,"messageTitle":"Add parsing and note command functionality, and updated tests","messageBody":"","fileTypesAndContributionMap":{"functional-code":{"insertions":98,"deletions":14},"test-code":{"insertions":121,"deletions":31}}},{"hash":"9678a0f27dade8bbcb7ca83aacf9d432e3622cb3","isMergeCommit":false,"messageTitle":"Update UI with placeholders, in preparation for full integration","messageBody":"","fileTypesAndContributionMap":{"functional-code":{"insertions":4,"deletions":2}}},{"hash":"47841c607f5145029205ecd3f5766e25327ba2ae","isMergeCommit":false,"messageTitle":"Update storage to handle notes and patients properly, and fixed all failing tests","messageBody":"","fileTypesAndContributionMap":{"functional-code":{"insertions":126,"deletions":13},"other":{"insertions":23,"deletions":7},"test-code":{"insertions":144,"deletions":28}}},{"hash":"0503db6a7d4423fdffe5b7ced1ea6c402f3d09ef","isMergeCommit":false,"messageTitle":"Update UI to show new notes. Basic functionality for adding notes achieved!","messageBody":"","fileTypesAndContributionMap":{"functional-code":{"insertions":51,"deletions":5}}},{"hash":"52be1d80a9c435142e91cc2fdc1ed81df1f6628e","isMergeCommit":false,"messageTitle":"Fix trailing whitespace issue","messageBody":"","fileTypesAndContributionMap":{"functional-code":{"insertions":1,"deletions":1}}},{"hash":"4f590c0622c147957455b629981db1d38eed70f7","isMergeCommit":false,"messageTitle":"Fix checkstyle violations","messageBody":"","fileTypesAndContributionMap":{"test-code":{"insertions":6,"deletions":2}}},{"hash":"0d0844dbdaba04e79af030088e4a9cfeed4a80bc","isMergeCommit":true,"messageTitle":"Merge pull request #42 from Golddirio/modify-find-command","messageBody":"Modify find command","fileTypesAndContributionMap":{}}]},{"date":"2025-03-19T00:00:00","commitResults":[{"hash":"ad06c8359d8f4d03668cfabf9279cc3dbab7f8f3","isMergeCommit":false,"messageTitle":"Add text wrap and dynamic resizing functionality for command box","messageBody":"","fileTypesAndContributionMap":{"functional-code":{"insertions":133,"deletions":20}}},{"hash":"a3022a68f582224aeab7bd4d8dc0c94eca438278","isMergeCommit":false,"messageTitle":"Remove dead code","messageBody":"","fileTypesAndContributionMap":{"functional-code":{"insertions":0,"deletions":14}}},{"hash":"294b2c20792c8f33492f42e33e095b6b1cd06b2a","isMergeCommit":false,"messageTitle":"Remove trailing whitespace","messageBody":"","fileTypesAndContributionMap":{"functional-code":{"insertions":1,"deletions":1}}}]},{"date":"2025-03-26T00:00:00","commitResults":[{"hash":"95c18fb6971cf8b4785f00c4d49a385124b35857","isMergeCommit":false,"messageTitle":"Prettify user guide","messageBody":"","fileTypesAndContributionMap":{"docs":{"insertions":115,"deletions":90}}},{"hash":"4026e51300dc539ba70fd4c77260e472f8cfd974","isMergeCommit":false,"messageTitle":"Add search bar and fix navigation","messageBody":"","fileTypesAndContributionMap":{"docs":{"insertions":33,"deletions":56}}},{"hash":"9ecca0cc41c2b3f58bed31ded6c1016f428e2a98","isMergeCommit":false,"messageTitle":"Fix navbar and command table formatting","messageBody":"","fileTypesAndContributionMap":{"docs":{"insertions":246,"deletions":27}}},{"hash":"7831fe65e4fa9e43e384e4ddc8f79ee46e62031d","isMergeCommit":false,"messageTitle":"Add id for table of contents","messageBody":"","fileTypesAndContributionMap":{"docs":{"insertions":1,"deletions":1}}},{"hash":"5b93ed837bce4adf441ae95feff2ce3f9f54d450","isMergeCommit":false,"messageTitle":"Fix formatting of nav labels","messageBody":"","fileTypesAndContributionMap":{"docs":{"insertions":30,"deletions":1}}}]},{"date":"2025-03-27T00:00:00","commitResults":[{"hash":"37a409709aa84fb7b3ce713bb7dc1aa12d423cb6","isMergeCommit":false,"messageTitle":"Add tech stack, acknowledgements and contact/support sections","messageBody":"","fileTypesAndContributionMap":{"docs":{"insertions":23,"deletions":1}}},{"hash":"6406a6ba5877e0c7f707de783ba5d1b65c133198","isMergeCommit":false,"messageTitle":"Add back to top navigation aids for new sections","messageBody":"","fileTypesAndContributionMap":{"docs":{"insertions":8,"deletions":0}}},{"hash":"e158f185bd653d17c419bb4fbdda7dcbf24a9d00","isMergeCommit":false,"messageTitle":"Limit search to only items in table of contents","messageBody":"","fileTypesAndContributionMap":{"docs":{"insertions":7,"deletions":3}}},{"hash":"d8c54fb6cddf92fe9ab9af956bd4d605c63af4a6","isMergeCommit":false,"messageTitle":"Add line breaks to improve formatting","messageBody":"","fileTypesAndContributionMap":{"docs":{"insertions":12,"deletions":12}}},{"hash":"a419d937fae060b55e485ea5c3e4ca2b1103b017","isMergeCommit":false,"messageTitle":"Add all commands to table of contents, with working clickable links","messageBody":"","fileTypesAndContributionMap":{"docs":{"insertions":8,"deletions":1}}},{"hash":"399c936c53202a97b0e057cbe6b1ea4573e8bd27","isMergeCommit":false,"messageTitle":"Fix Neurosync Relases link","messageBody":"","fileTypesAndContributionMap":{"docs":{"insertions":1,"deletions":1}}},{"hash":"56b6e53345cb96a151927ced0ae9acdb4c0d40c2","isMergeCommit":false,"messageTitle":"Updae Storage Class Diagram to include notes and patient","messageBody":"","fileTypesAndContributionMap":{"docs":{"insertions":3,"deletions":1}}},{"hash":"6cc571524555de2cea8ac083c5f53eeda4e10bd9","isMergeCommit":false,"messageTitle":"Fix checkstyle issues","messageBody":"","fileTypesAndContributionMap":{"docs":{"insertions":6,"deletions":6}}},{"hash":"4e4e248580fbadae5fb80a5d64a26ec5b154f408","isMergeCommit":false,"messageTitle":"Add note and relationships","messageBody":"","fileTypesAndContributionMap":{"docs":{"insertions":11,"deletions":5}}},{"hash":"4d24bfb8a20a38da419ff2549469cba9ee35c2cc","isMergeCommit":false,"messageTitle":"Fix checkstyle issues","messageBody":"","fileTypesAndContributionMap":{"docs":{"insertions":4,"deletions":4}}},{"hash":"57092d3a09deed90a11eda82907045f6f2205263","isMergeCommit":false,"messageTitle":"Enable assertions in gradle file","messageBody":"","fileTypesAndContributionMap":{"other":{"insertions":4,"deletions":0}}}]},{"date":"2025-03-28T00:00:00","commitResults":[{"hash":"9e54e4386c0c71a6548a9a1a700344c797375816","isMergeCommit":true,"messageTitle":"Merge pull request #97 from Golddirio/update-ModelClassDiagram","messageBody":"Add Note in ModelClassDiagram","fileTypesAndContributionMap":{}}]},{"date":"2025-03-31T00:00:00","commitResults":[{"hash":"dd5b36f8d1ed0c9af999387e77523b11a981db43","isMergeCommit":false,"messageTitle":"Add hyperlinks and examples to table of content","messageBody":"","fileTypesAndContributionMap":{"docs":{"insertions":96,"deletions":90}}},{"hash":"7fd312205c5ae43b83d86e7e82fd6fe6296de587","isMergeCommit":false,"messageTitle":"Add undo/redo to table of contents","messageBody":"","fileTypesAndContributionMap":{"docs":{"insertions":2,"deletions":0}}},{"hash":"dfc602443402154628084e5e88bc935c85c958de","isMergeCommit":false,"messageTitle":"Add warning message about duplicate patient names not being allowed","messageBody":"","fileTypesAndContributionMap":{"docs":{"insertions":1,"deletions":1}}}]},{"date":"2025-04-02T00:00:00","commitResults":[{"hash":"d867f38d94c76cc4d9abdce02da2a57a78277907","isMergeCommit":false,"messageTitle":"Add one-line descriptions to all commands","messageBody":"","fileTypesAndContributionMap":{"docs":{"insertions":4,"deletions":1}}},{"hash":"95b33eb0ecaf70f8f286de779b420999906fb880","isMergeCommit":false,"messageTitle":"Add page break","messageBody":"","fileTypesAndContributionMap":{"docs":{"insertions":1,"deletions":0}}},{"hash":"901123345d602c720e4acebf8672f239f62d8569","isMergeCommit":false,"messageTitle":"Move page break for edit notes","messageBody":"","fileTypesAndContributionMap":{"docs":{"insertions":2,"deletions":1}}},{"hash":"03b4dcfff704fe42ceb5b48906ce37899adfe01e","isMergeCommit":false,"messageTitle":"Add page break before clear all data command","messageBody":"","fileTypesAndContributionMap":{"docs":{"insertions":1,"deletions":0}}},{"hash":"63b125552ae7bd65095aad73331856b8f9d59dbc","isMergeCommit":false,"messageTitle":"Add space","messageBody":"","fileTypesAndContributionMap":{"docs":{"insertions":1,"deletions":0}}},{"hash":"1be779684418086bf1b1e0a2db1fc62fd1ee6b05","isMergeCommit":false,"messageTitle":"Remove email and try to make table of contents fit in one page","messageBody":"","fileTypesAndContributionMap":{"docs":{"insertions":1,"deletions":2}}},{"hash":"4080f6f37d812b4a7f8da3f6370218d32ba24ba6","isMergeCommit":false,"messageTitle":"Make ToC fit on one page","messageBody":"","fileTypesAndContributionMap":{"docs":{"insertions":0,"deletions":5}}},{"hash":"a5a1f3aed0950e30392011577641dfb46ddef0a6","isMergeCommit":false,"messageTitle":"Insert sample use screenshot, and move ToC to its own page","messageBody":"","fileTypesAndContributionMap":{"docs":{"insertions":7,"deletions":0}}},{"hash":"3840d202011a9f132dc822706e40c4a52768d24b","isMergeCommit":false,"messageTitle":"Update screenshot on readme front page","messageBody":"","fileTypesAndContributionMap":{"docs":{"insertions":1,"deletions":1}}},{"hash":"f462e2916092e446fe4294d637581ab0a00d09fb","isMergeCommit":false,"messageTitle":"Update docs landing page screenshot","messageBody":"","fileTypesAndContributionMap":{"docs":{"insertions":1,"deletions":1}}},{"hash":"44d53c2eef61266d19d18b8b672a392027b460ae","isMergeCommit":false,"messageTitle":"Add hyperlink to undo, and add page break within adding a note section","messageBody":"","fileTypesAndContributionMap":{"docs":{"insertions":2,"deletions":1}}}]},{"date":"2025-04-03T00:00:00","commitResults":[{"hash":"79e00f7f2bc3d19935cc8953da6924ef338118b7","isMergeCommit":false,"messageTitle":"Move core features section up","messageBody":"","fileTypesAndContributionMap":{"docs":{"insertions":8,"deletions":11}}},{"hash":"b02e9ea34d11b3a15a07bfbc22f0f476ea605352","isMergeCommit":false,"messageTitle":"Divide Table of Contents Commands section into subsections","messageBody":"","fileTypesAndContributionMap":{"docs":{"insertions":22,"deletions":14}}},{"hash":"8837881ec5f4c62544c8ead756dfc685052e3a8b","isMergeCommit":false,"messageTitle":"Add back the CLI format notes from AB3","messageBody":"","fileTypesAndContributionMap":{"docs":{"insertions":25,"deletions":0}}},{"hash":"71dfee51a0a8caa3231646e84b2e8eba79e33259","isMergeCommit":false,"messageTitle":"Edit bolding to make it more intentional, add hyperlinks between sections, and rewrite some descriptions","messageBody":"","fileTypesAndContributionMap":{"docs":{"insertions":14,"deletions":13}}},{"hash":"ce8fc596ea293bdb833c64bca58d8ce08655b796","isMergeCommit":true,"messageTitle":"Merge pull request #115 from Golddirio/undo/redo-tests","messageBody":"Add tests for undo/redo","fileTypesAndContributionMap":{}},{"hash":"edb97975538ed8cb36591a3f8cc06b24c417f6ea","isMergeCommit":false,"messageTitle":"Change examples in command format notes to match our use case","messageBody":"","fileTypesAndContributionMap":{"docs":{"insertions":2,"deletions":2}}},{"hash":"0d276f3e3856e75b622c899fe4ef15c4544a7bc1","isMergeCommit":false,"messageTitle":"Add duplicate note title checking","messageBody":"","fileTypesAndContributionMap":{"functional-code":{"insertions":39,"deletions":7}}},{"hash":"ea3068520e5452ffee9a490cfad2e6ecd3b97d4b","isMergeCommit":false,"messageTitle":"Add tests for duplicate checking of note titles","messageBody":"","fileTypesAndContributionMap":{"functional-code":{"insertions":5,"deletions":2},"test-code":{"insertions":37,"deletions":1}}},{"hash":"acb79a0f3bc54eae8c5a57b8c928fd56d84e7683","isMergeCommit":false,"messageTitle":"Add unit tests for note and make valid definition stricter","messageBody":"","fileTypesAndContributionMap":{"functional-code":{"insertions":4,"deletions":1},"test-code":{"insertions":20,"deletions":0}}},{"hash":"e24740322431ccc3135e87977a4946e279bc705d","isMergeCommit":false,"messageTitle":"Add string formatting to error message","messageBody":"","fileTypesAndContributionMap":{"functional-code":{"insertions":5,"deletions":1}}},{"hash":"8c35e6c712c7bf1186f4271f63cbec57ea7f60cf","isMergeCommit":false,"messageTitle":"Add proper formatting to filternote error message","messageBody":"","fileTypesAndContributionMap":{"functional-code":{"insertions":1,"deletions":1}}},{"hash":"193a24f1f0a9c124a6400404836bb5a568632b46","isMergeCommit":false,"messageTitle":"Fixes checkstyle and adds Javadoc information","messageBody":"","fileTypesAndContributionMap":{"functional-code":{"insertions":7,"deletions":4}}},{"hash":"a1df5b055858b5885e98558dd87b77b2e9d38431","isMergeCommit":false,"messageTitle":"Fix checkstyle error in NoteCommand.java","messageBody":"","fileTypesAndContributionMap":{"functional-code":{"insertions":1,"deletions":1}}},{"hash":"62be2fc835b35f142cafdaefd451cea5a4f97147","isMergeCommit":false,"messageTitle":"Fix Javadoc tag ordering error","messageBody":"","fileTypesAndContributionMap":{"functional-code":{"insertions":7,"deletions":5}}},{"hash":"d50c281d7b7207c34d8dbf1c7d742c0b700fa14e","isMergeCommit":false,"messageTitle":"Fix issue #140","messageBody":"","fileTypesAndContributionMap":{"functional-code":{"insertions":1,"deletions":1}}},{"hash":"7699543dfce896d395afbedf32bfa927e11e45ee","isMergeCommit":false,"messageTitle":"Fix duplicate tags with different casings issue, resolves issue #162","messageBody":"","fileTypesAndContributionMap":{"functional-code":{"insertions":19,"deletions":1}}},{"hash":"886a8b09732310aabd5cddb2ffe5e92d57191639","isMergeCommit":false,"messageTitle":"Fix issue #162 by only accepting the first of each tagname","messageBody":"","fileTypesAndContributionMap":{"functional-code":{"insertions":8,"deletions":6},"test-code":{"insertions":48,"deletions":0}}},{"hash":"ad189c942f13b7a0056422ed4a9586d2e9fe37bf","isMergeCommit":false,"messageTitle":"Fix failing testcase","messageBody":"","fileTypesAndContributionMap":{"test-code":{"insertions":0,"deletions":7}}},{"hash":"a0b2ff95fff6fc0fff6b5871dfa1a807ee8068bc","isMergeCommit":true,"messageTitle":"Merge pull request #163 from danplatypus30/RearrangeDG","messageBody":"Fix some minor standardization issues","fileTypesAndContributionMap":{}},{"hash":"12a3b43148ae6a957618d439a52c4fb73d118100","isMergeCommit":false,"messageTitle":"Fix UG formatting","messageBody":"","fileTypesAndContributionMap":{"docs":{"insertions":2,"deletions":8}}},{"hash":"1d516f8e027c49604104e710439f12b78722d6f5","isMergeCommit":false,"messageTitle":"Add breaks","messageBody":"","fileTypesAndContributionMap":{"docs":{"insertions":3,"deletions":3}}},{"hash":"1a6afb1e7513a9d0fad8b05249e1237aa60c8835","isMergeCommit":true,"messageTitle":"Merge pull request #164 from benedictleejr/master","messageBody":"Fix UG formatting","tags":["v1.5"],"fileTypesAndContributionMap":{}}]}]},"authorFileTypeContributionMap":{"Golddirio":{"docs":89,"functional-code":492,"test-code":362},"danplatypus30":{"docs":471,"functional-code":735,"test-code":961,"other":2},"Fieash":{"docs":142,"functional-code":242,"test-code":145},"AndreChia":{"docs":679,"functional-code":1163,"test-code":369},"benedictleejr":{"docs":387,"functional-code":526,"test-code":363,"other":6}},"authorContributionVariance":{"Golddirio":10047.156,"danplatypus30":195372.11,"Fieash":14069.272,"AndreChia":186551.8,"benedictleejr":27152.023},"authorDisplayNameMap":{"Golddirio":"CS2103T-F13-1 JIN ..IYUE","danplatypus30":"CS2103T-F13-1 DANI.. HAO","Fieash":"CS2103T-F13-1 WONG..HANG","AndreChia":"CS2103T-F13-1 CHIA..NDRE","benedictleejr":"CS2103T-F13-1 LEE ..DICT"}}
