{"authorDailyContributionsMap":{"botosek":[{"date":"2025-02-21","commitResults":[{"hash":"00479f612f6e47e6f633540561c04f7730c02986","isMergeCommit":false,"messageTitle":"Update README.md","messageBody":"","fileTypesAndContributionMap":{"docs":{"insertions":3,"deletions":0}}},{"hash":"17925ac859bfb78db8b1dfb6f2834ccfbbbdb638","isMergeCommit":false,"messageTitle":"Display the Codecov badge","messageBody":"","fileTypesAndContributionMap":{"docs":{"insertions":1,"deletions":2}}}]},{"date":"2025-03-02","commitResults":[{"hash":"a8c2a2e00554f33933f7584ec7d274df30996d28","isMergeCommit":false,"messageTitle":"Update About Us with Sean\u0027s details","messageBody":"","fileTypesAndContributionMap":{"docs":{"insertions":8,"deletions":8}}}]},{"date":"2025-03-03","commitResults":[{"hash":"11525b6af9e8d52223b742ee7db867452e1dee16","isMergeCommit":true,"messageTitle":"Merge pull request #22 from xenyeo/about-us","messageBody":"Update AboutUs with Yiwen\u0027s details","fileTypesAndContributionMap":{}}]},{"date":"2025-03-10","commitResults":[{"hash":"edc08b1296a19e2a7758185c47df13e4fdd38070","isMergeCommit":true,"messageTitle":"Merge pull request #28 from deberinoo/branch-Add-Image","messageBody":"Added Deborah\u0027s portfolio","fileTypesAndContributionMap":{}},{"hash":"92d0894d60d749d0f4195f158299e5d0423b10db","isMergeCommit":true,"messageTitle":"Merge pull request #29 from deberinoo/branch-DG","messageBody":"Update use cases in DG","fileTypesAndContributionMap":{}},{"hash":"64bdd23e1fbdc8d67c5a9f3bd9d5a27771062d4b","isMergeCommit":true,"messageTitle":"Merge pull request #31 from dnardnar/update-NFRs","messageBody":"NFRs DG updates","fileTypesAndContributionMap":{}},{"hash":"6ad33c6bf68f25a0b9385e633f4ab4501701228c","isMergeCommit":false,"messageTitle":"Update Glossary","messageBody":"","fileTypesAndContributionMap":{"docs":{"insertions":3,"deletions":0}}}]},{"date":"2025-03-11","commitResults":[{"hash":"6c94aa294eeec081b3b3cce3a0692e5a923073f0","isMergeCommit":false,"messageTitle":"Remove address field from Person","messageBody":"","fileTypesAndContributionMap":{"functional-code":{"insertions":18,"deletions":154},"test-code":{"insertions":77,"deletions":263}}}]},{"date":"2025-03-12","commitResults":[{"hash":"d888703fc90281939546ef658abb50c14a047d19","isMergeCommit":false,"messageTitle":"Add Parent Phone field","messageBody":"","fileTypesAndContributionMap":{"functional-code":{"insertions":85,"deletions":28},"test-code":{"insertions":153,"deletions":83}}},{"hash":"8dd9c139a10453515774b16040232b362778486b","isMergeCommit":false,"messageTitle":"Clean ui code","messageBody":"","fileTypesAndContributionMap":{"functional-code":{"insertions":0,"deletions":3}}},{"hash":"d0e33c20b56b609b5adc07e4f57bce19743dca9d","isMergeCommit":false,"messageTitle":"Fix checkstyle issues","messageBody":"","fileTypesAndContributionMap":{"functional-code":{"insertions":4,"deletions":3}}}]},{"date":"2025-03-14","commitResults":[{"hash":"40405948f35a85b821136626320a3c7df10da801","isMergeCommit":true,"messageTitle":"Merge pull request #41 from xenyeo/update-tags","messageBody":"Update model components for tags","fileTypesAndContributionMap":{}}]},{"date":"2025-03-20","commitResults":[{"hash":"5913851fa9389e08f5243b33f30ded30ab1b2c40","isMergeCommit":true,"messageTitle":"Merge branch \u0027master\u0027 into update-tags","messageBody":"","fileTypesAndContributionMap":{}},{"hash":"7d5e1269b9c30370bcafe20826a4f8c12bf90bcf","isMergeCommit":true,"messageTitle":"Merge pull request #57 from xenyeo/update-tags","messageBody":"Display all current unique tags","fileTypesAndContributionMap":{}},{"hash":"dd9bfbf8bc2a46f21cad55427c4ce87e5593f97c","isMergeCommit":false,"messageTitle":"Update tag to UG","messageBody":"","fileTypesAndContributionMap":{"functional-code":{"insertions":0,"deletions":1},"docs":{"insertions":11,"deletions":0}}},{"hash":"6c88de64f92320e2d1864c1f06c50dd6850efd80","isMergeCommit":false,"messageTitle":"Add Schedule command to UG","messageBody":"","fileTypesAndContributionMap":{"docs":{"insertions":12,"deletions":0}}},{"hash":"891973468a9292369072de86b5b1d0b96fb09a5d","isMergeCommit":false,"messageTitle":"Update AboutUs","messageBody":"","fileTypesAndContributionMap":{"docs":{"insertions":11,"deletions":11}}}]},{"date":"2025-03-24","commitResults":[{"hash":"cc2670f87d2d9f894ced111b66c94f1b6b3a732c","isMergeCommit":true,"messageTitle":"Merge pull request #68 from deberinoo/branch-session-ui","messageBody":"Add ui for sessions","fileTypesAndContributionMap":{}},{"hash":"d198c11a1529591b19067d11d2bc1fad6e87dbaf","isMergeCommit":false,"messageTitle":"Attempt add undo command","messageBody":"","fileTypesAndContributionMap":{"functional-code":{"insertions":67,"deletions":0}}},{"hash":"4d3effe79e3040c2e3529808304f7813bc33e7b6","isMergeCommit":false,"messageTitle":"Reattempt add Undo Command","messageBody":"","fileTypesAndContributionMap":{"functional-code":{"insertions":119,"deletions":24}}}]},{"date":"2025-03-25","commitResults":[{"hash":"3177de525efb89993ded8f520e4219adaccd5216","isMergeCommit":false,"messageTitle":"Add Undo Command","messageBody":"","fileTypesAndContributionMap":{"functional-code":{"insertions":24,"deletions":10},"other":{"insertions":9,"deletions":9}}},{"hash":"e99317c1d53cb1f424b902297f85d53d1154a6ed","isMergeCommit":true,"messageTitle":"Merge pull request #85 from xenyeo/filter-tags","messageBody":"Filter students based on tags","fileTypesAndContributionMap":{}},{"hash":"681e45ed9ac15df15d617eaf9b7649ee74b8590a","isMergeCommit":true,"messageTitle":"Merge branch \u0027master\u0027 into branch-Add-UndoCommand","messageBody":"","fileTypesAndContributionMap":{}}]},{"date":"2025-03-26","commitResults":[{"hash":"39a51d168c7b25034d080d2f37887f49993c0803","isMergeCommit":true,"messageTitle":"Merge pull request #87 from botosek/branch-Add-UndoCommand","messageBody":"Branch add undo command","fileTypesAndContributionMap":{}},{"hash":"51a4e00be8b897be423ceb15adbff3eb42c6c1b7","isMergeCommit":false,"messageTitle":"Add Redo Command","messageBody":"User will be able to re-execute the previous known command with the redo\ncommand.\n","fileTypesAndContributionMap":{"functional-code":{"insertions":67,"deletions":16}}}]},{"date":"2025-03-27","commitResults":[{"hash":"93be19d01d8d1db153918026eb6576d3e07407f7","isMergeCommit":true,"messageTitle":"Merge pull request #89 from dnardnar/improve-remind-2","messageBody":"improve-remind","fileTypesAndContributionMap":{}},{"hash":"89b087df21a7d378d15833feebb2a6082c1922af","isMergeCommit":false,"messageTitle":"Add Undo and Redo to UG","messageBody":"","fileTypesAndContributionMap":{"docs":{"insertions":52,"deletions":32}}}]},{"date":"2025-04-01","commitResults":[{"hash":"39b323bf5335d517b38120c281c367b7c397241e","isMergeCommit":true,"messageTitle":"Merge pull request #113 from xenyeo/tags-testcases","messageBody":"Add testcases for tags","fileTypesAndContributionMap":{}},{"hash":"bcbdded3974582ceab65a5616cbd1d28a130da70","isMergeCommit":false,"messageTitle":"Add Switch command","messageBody":"","fileTypesAndContributionMap":{"functional-code":{"insertions":135,"deletions":7},"other":{"insertions":4,"deletions":0}}},{"hash":"26cd775039384b9f4d745b063fae4a10ba71dcb5","isMergeCommit":true,"messageTitle":"Merge pull request #121 from xenyeo/feature-UG-update","messageBody":"Update UG (Features) for tags ","fileTypesAndContributionMap":{}},{"hash":"c3a8be8cb731849acdc16a3038ef9411c9196b88","isMergeCommit":true,"messageTitle":"Merge pull request #122 from xenyeo/quickstart-UG-update","messageBody":"Update UG (Quick Start) for tags ","fileTypesAndContributionMap":{}},{"hash":"2ed4384eee42c95cbeeadc3ee65bc43dc5d402d0","isMergeCommit":true,"messageTitle":"Merge pull request #123 from xenyeo/summary-UG-update","messageBody":"Update UG (Command Summary) for tags ","fileTypesAndContributionMap":{}},{"hash":"36228531adc66cae9aedf044cdd1b50173f09e04","isMergeCommit":true,"messageTitle":"Merge pull request #124 from xenyeo/fix-case-insensitivity","messageBody":"Ignore tags case-insensitivity","fileTypesAndContributionMap":{}}]},{"date":"2025-04-02","commitResults":[{"hash":"17169827e17055b75de89ce25e702d7d6ace64d9","isMergeCommit":false,"messageTitle":"Fix Checkstyle issues","messageBody":"","fileTypesAndContributionMap":{"functional-code":{"insertions":56,"deletions":60},"test-code":{"insertions":58,"deletions":14}}},{"hash":"06ba1233ee2bbf3dd4ee4b98c59060a421d7681f","isMergeCommit":true,"messageTitle":"Merge branch \u0027master\u0027 into branch-Add-TabSwitching","messageBody":"","fileTypesAndContributionMap":{}},{"hash":"aa15d3a2b0b23eb0a718907754a9ede618f1b34f","isMergeCommit":false,"messageTitle":"Fix line endings","messageBody":"","fileTypesAndContributionMap":{"test-code":{"insertions":415,"deletions":415}}},{"hash":"212a7bd7f6a2f550fca40826247832251392d150","isMergeCommit":false,"messageTitle":"Fix more checkstyle issues","messageBody":"","fileTypesAndContributionMap":{"functional-code":{"insertions":0,"deletions":8},"test-code":{"insertions":15,"deletions":9}}}]},{"date":"2025-04-03","commitResults":[{"hash":"34fcecaa22d414fb4e458239dbbb98d48f34b9a6","isMergeCommit":false,"messageTitle":"Add test cases for Redo, Undo and Switch","messageBody":"","fileTypesAndContributionMap":{"functional-code":{"insertions":15,"deletions":0},"test-code":{"insertions":162,"deletions":0}}},{"hash":"8d5e1f14132e0c28bfdde2a46a8c4c86d38d0905","isMergeCommit":false,"messageTitle":"Fix cheeckstyle issues","messageBody":"","fileTypesAndContributionMap":{"functional-code":{"insertions":3,"deletions":1},"test-code":{"insertions":2,"deletions":7}}},{"hash":"389393f80d4a8bb220b788dad00f457da8593b34","isMergeCommit":false,"messageTitle":"Add tests for logic manager and addressbook parser","messageBody":"","fileTypesAndContributionMap":{"test-code":{"insertions":20,"deletions":0}}},{"hash":"fbadab15c9cdced09ce4ec0cb0d552eaa0eb3ee8","isMergeCommit":true,"messageTitle":"Merge pull request #139 from dnardnar/update-uml-remind","messageBody":"feat(modelclassdiagram): add Reminder class to UML diagram","fileTypesAndContributionMap":{}},{"hash":"1cd927042a3aa98f57ad72fe6e91232338aee8c2","isMergeCommit":true,"messageTitle":"Merge pull request #136 from dnardnar/fixing-remind-alpha","messageBody":"fix(remindcommandparser): prevent preamble and disallow non-future dates","fileTypesAndContributionMap":{}},{"hash":"a948ec24be83e5c0db7d008afd9f1a74bc26e02a","isMergeCommit":true,"messageTitle":"Merge pull request #145 from tadacheng/branch-fit-eduease","messageBody":"Update UG to use EduEase images","fileTypesAndContributionMap":{}},{"hash":"62798656464226d2f4fce363d847502f37879606","isMergeCommit":true,"messageTitle":"Merge pull request #148 from xenyeo/update-model-component","messageBody":"Update model component for tags","fileTypesAndContributionMap":{}},{"hash":"17ae176cc415b5b56333248dc1280bdea7b0b41f","isMergeCommit":false,"messageTitle":"Fix redo command implementation","messageBody":"","fileTypesAndContributionMap":{"functional-code":{"insertions":17,"deletions":42},"docs":{"insertions":12,"deletions":1},"test-code":{"insertions":20,"deletions":18}}},{"hash":"a87611b9cda4d0b0b6737116c6543d7f3c58d42f","isMergeCommit":false,"messageTitle":"Updated DG and fixed checkstyle","messageBody":"","fileTypesAndContributionMap":{"functional-code":{"insertions":0,"deletions":12},"docs":{"insertions":4,"deletions":1},"test-code":{"insertions":2,"deletions":4}}},{"hash":"06024b7805947c8a68c0b5b8f6025f5cfbfc3854","isMergeCommit":false,"messageTitle":"Updated DG","messageBody":"","fileTypesAndContributionMap":{"docs":{"insertions":88,"deletions":33}}},{"hash":"b7cfa351b1f8da74b3b96f9b8585b3b9d43c5fb9","isMergeCommit":false,"messageTitle":"Fix DG","messageBody":"","fileTypesAndContributionMap":{"docs":{"insertions":1,"deletions":1}}},{"hash":"7de7668a5cd213ac46452994999a06ab3099fe28","isMergeCommit":true,"messageTitle":"Merge pull request #160 from xenyeo/update-portfolio","messageBody":"Update portfolio","fileTypesAndContributionMap":{}},{"hash":"17a144e136d7cf25aa39ffdb22a3a016b64b0d2e","isMergeCommit":false,"messageTitle":"Modify Undo/Redo in DG","messageBody":"","fileTypesAndContributionMap":{"docs":{"insertions":20,"deletions":26}}},{"hash":"44225ca239a4828104ace84295fe50b1517c8c97","isMergeCommit":false,"messageTitle":"Update botosek.md","messageBody":"","fileTypesAndContributionMap":{"docs":{"insertions":7,"deletions":13}}},{"hash":"b9f14be54b7b3e898bff3c8d6987cb9aa6e3e16c","isMergeCommit":false,"messageTitle":"Fix styling in DG","messageBody":"","fileTypesAndContributionMap":{"docs":{"insertions":25,"deletions":27}}},{"hash":"ae231a10d3bcc88c15da236102dcbb4fe119a278","isMergeCommit":true,"messageTitle":"Merge pull request #165 from xenyeo/fix-tags-command","messageBody":"Fix issues for no tags found","fileTypesAndContributionMap":{}},{"hash":"2a5a4ca199b9e95586520e09bb3e6f81443208af","isMergeCommit":true,"messageTitle":"Merge pull request #163 from xenyeo/add-intructions-for-tags-command","messageBody":"Add instructions for tags testing in dg","fileTypesAndContributionMap":{}},{"hash":"818078d3a9d1b25e5023524be62eec0d72ff0910","isMergeCommit":true,"messageTitle":"Merge pull request #168 from dnardnar/update-DG-testguide","messageBody":"Update Developer Guide test guide","fileTypesAndContributionMap":{}},{"hash":"065476cb4f8f8389799b2b4b55fd4e20fef3ed54","isMergeCommit":false,"messageTitle":"Standardize appendix","messageBody":"","fileTypesAndContributionMap":{"docs":{"insertions":142,"deletions":103}}},{"hash":"a109b030620aa77b601070de0c6c972f910d9638","isMergeCommit":false,"messageTitle":"Fix format issues","messageBody":"","fileTypesAndContributionMap":{"docs":{"insertions":113,"deletions":132}}},{"hash":"b44db93ec95cf8b2c06b799536187b981b3f14fc","isMergeCommit":false,"messageTitle":"Fix minor issue","messageBody":"","fileTypesAndContributionMap":{"docs":{"insertions":1,"deletions":1}}},{"hash":"85881131a6d3cdeffd2f07a046277353908a81b4","isMergeCommit":true,"messageTitle":"Merge pull request #173 from botosek/update-Appendix","messageBody":"Fix format issues","tags":["v1.5"],"fileTypesAndContributionMap":{}}]}],"tadacheng":[{"date":"2025-02-25","commitResults":[{"hash":"c14537ece690acbdb9dd4b574a00517aa24d6551","isMergeCommit":false,"messageTitle":"Add Dan Cheng\u0027s details to AboutUs.md","messageBody":"","fileTypesAndContributionMap":{"docs":{"insertions":4,"deletions":4}}},{"hash":"61c703931e9189d4f062d2b2c09d67a6dd9f890c","isMergeCommit":false,"messageTitle":"Create placeholder portfolio tadacheng.md Add portfolio link to AboutUs.md","messageBody":"","fileTypesAndContributionMap":{"docs":{"insertions":47,"deletions":1}}}]},{"date":"2025-03-03","commitResults":[{"hash":"34ccf1bb6ac08e9cf21a1e981d2892e9f0318f38","isMergeCommit":true,"messageTitle":"Fix merge conflicts","messageBody":"","fileTypesAndContributionMap":{}},{"hash":"8b419dfd7df2052d1829669909fb2dd9812f0743","isMergeCommit":true,"messageTitle":"Merge pull request #8 from tadacheng/branch-add-dc-details","messageBody":"Update AboutUs with Dan Cheng\u0027s info","fileTypesAndContributionMap":{}},{"hash":"249dca3c9719c232551ad86bc7bba4c44cf6139e","isMergeCommit":true,"messageTitle":"Merge pull request #7 from deberinoo/branch-About-Us","messageBody":"Update AboutUs with Deborah\u0027s info","fileTypesAndContributionMap":{}}]},{"date":"2025-03-09","commitResults":[{"hash":"227fa56b280e66695858e7fb5d607d33ce574dd1","isMergeCommit":false,"messageTitle":"Update Readme page to match EduEase","messageBody":"","fileTypesAndContributionMap":{"other":{"insertions":2,"deletions":2},"docs":{"insertions":12,"deletions":10}}}]},{"date":"2025-03-10","commitResults":[{"hash":"1b93dcf68d937cfd329342f626baf53cd1225470","isMergeCommit":true,"messageTitle":"Merge pull request #32 from botosek/branch-UpdateGlossary","messageBody":"Update Glossary","fileTypesAndContributionMap":{}},{"hash":"a817149dad13511c8c806f47d24a42dddd1dc4ef","isMergeCommit":false,"messageTitle":"Update docs/index.md to match EduEase","messageBody":"","fileTypesAndContributionMap":{"docs":{"insertions":7,"deletions":6}}},{"hash":"4ae00d822138e3b752dc4e4324098d3b99701cc3","isMergeCommit":true,"messageTitle":"Merge pull request #34 from tadacheng/branch-update-website","messageBody":"Update docs/index.md to match EduEase","fileTypesAndContributionMap":{}}]},{"date":"2025-03-12","commitResults":[{"hash":"5060aeb61c0da90f501f9f492aeedd21eccbbf74","isMergeCommit":true,"messageTitle":"Merge pull request #35 from botosek/branch-RefactorPersonClass","messageBody":"Refactor Person Class","fileTypesAndContributionMap":{}}]},{"date":"2025-03-13","commitResults":[{"hash":"513ff48cf95e6cea201fee811b348e5d7f4ce46d","isMergeCommit":false,"messageTitle":"Update GUI display of ListCommand","messageBody":"","fileTypesAndContributionMap":{"functional-code":{"insertions":394,"deletions":21}}}]},{"date":"2025-03-16","commitResults":[{"hash":"bc25f62f529fa53a89d3f99368179ba047bb4adb","isMergeCommit":false,"messageTitle":"Add notes feature","messageBody":"Added\n* New UI region part for notes\n* NoteCommand and NoteCommandParser\n","fileTypesAndContributionMap":{"functional-code":{"insertions":290,"deletions":14},"test-code":{"insertions":14,"deletions":9}}},{"hash":"9e309ffbf3bcfd01ebaf9ec90f861eeb23a88037","isMergeCommit":false,"messageTitle":"Update Documentation and added Tests","messageBody":"","fileTypesAndContributionMap":{"functional-code":{"insertions":5,"deletions":2},"docs":{"insertions":42,"deletions":13},"test-code":{"insertions":217,"deletions":1}}},{"hash":"b5847df8a81c70d754d8c233bcf4a9b9749e5706","isMergeCommit":false,"messageTitle":"Update UserGuide with Note feature","messageBody":"","fileTypesAndContributionMap":{"docs":{"insertions":23,"deletions":0},"test-code":{"insertions":11,"deletions":14}}}]},{"date":"2025-03-17","commitResults":[{"hash":"2fbe941e78030769efa07ad95f4fe2d229c367e7","isMergeCommit":false,"messageTitle":"Fix check style errors","messageBody":"","fileTypesAndContributionMap":{"functional-code":{"insertions":2,"deletions":2},"docs":{"insertions":11,"deletions":11}}}]},{"date":"2025-03-20","commitResults":[{"hash":"7c95d8a510e1411199c53ee760bdaef521f44933","isMergeCommit":true,"messageTitle":"Merge pull request #65 from dnardnar/fix-remind","messageBody":"Fix remind tab","fileTypesAndContributionMap":{}},{"hash":"8de19ab72d9b3e3247bdc7a7ac16b430632b096a","isMergeCommit":false,"messageTitle":"Update GUI to fix notes and reminder covering each other","messageBody":"","fileTypesAndContributionMap":{"functional-code":{"insertions":30,"deletions":39}}},{"hash":"41a3ef228f60c5a8049fd243d3a3d99390c92253","isMergeCommit":false,"messageTitle":"Fix Check style \u0026 Tests","messageBody":"","fileTypesAndContributionMap":{"functional-code":{"insertions":85,"deletions":86},"test-code":{"insertions":30,"deletions":13}}},{"hash":"7f72bd71ba2fa606787d0346e92741679399fee8","isMergeCommit":false,"messageTitle":"Fix prohibited \\r\\n line ending, use \\n instead error","messageBody":"","fileTypesAndContributionMap":{"functional-code":{"insertions":810,"deletions":810},"docs":{"insertions":1,"deletions":1},"test-code":{"insertions":248,"deletions":248}}},{"hash":"7d92f410fd4991f69c0fce47b5dfe8fe0076b07f","isMergeCommit":false,"messageTitle":"Add Javadocs for Session class","messageBody":"","fileTypesAndContributionMap":{"functional-code":{"insertions":4,"deletions":0}}}]},{"date":"2025-03-24","commitResults":[{"hash":"60e149cb5d042b4516e762ad7f17ff2f5c3fbc6e","isMergeCommit":false,"messageTitle":"Update note prefix to fit EduEase prefix format","messageBody":"","fileTypesAndContributionMap":{"functional-code":{"insertions":3,"deletions":3},"docs":{"insertions":8,"deletions":8}}},{"hash":"8a8a86549d3f763462a8ccb28b4529e0fc9c2753","isMergeCommit":false,"messageTitle":"Add CommandWithConfirmation interface","messageBody":"Implemented by\n* ClearCommand\n","fileTypesAndContributionMap":{"functional-code":{"insertions":68,"deletions":4}}},{"hash":"f50cf1aeefe23163367a1ceb30e238d6a9e8348f","isMergeCommit":false,"messageTitle":"Fix check style and remove unused methods","messageBody":"","fileTypesAndContributionMap":{"functional-code":{"insertions":12,"deletions":29},"test-code":{"insertions":6,"deletions":5}}},{"hash":"007383e083c6413546cf64fb86c011c6a0d4bea8","isMergeCommit":false,"messageTitle":"Added clear feature to user stories","messageBody":"","fileTypesAndContributionMap":{"docs":{"insertions":1,"deletions":0}}},{"hash":"e243eb5debf850b0040d42b0659745893ce95269","isMergeCommit":false,"messageTitle":"Fix checkstyle in WhiteTheme.css","messageBody":"","fileTypesAndContributionMap":{"functional-code":{"insertions":1,"deletions":1}}}]},{"date":"2025-03-25","commitResults":[{"hash":"e14b799d1066966cafb4fbb149ff601eec0c8f4c","isMergeCommit":true,"messageTitle":"Merge pull request #82 from deberinoo/master","messageBody":"Add schedule cancel command, improve session display","fileTypesAndContributionMap":{}}]},{"date":"2025-03-27","commitResults":[{"hash":"a53423d80a6ba9e72984bcb7f160da09edc23b33","isMergeCommit":true,"messageTitle":"Merge pull request #101 from botosek/branch-Add-UndoAndRedo-UG","messageBody":"Add Undo and Redo to UG","fileTypesAndContributionMap":{}},{"hash":"e087648a33cc4b721d6825a55fa62f4f28eb34cc","isMergeCommit":true,"messageTitle":"Merge pull request #98 from dnardnar/fixing-codestyle","messageBody":"Fixing codestyle","tags":["v1.4"],"fileTypesAndContributionMap":{}},{"hash":"947a1214c48e9965aa579049e65afb3beff57d15","isMergeCommit":false,"messageTitle":"Fix Checkstyle errors","messageBody":"","fileTypesAndContributionMap":{"test-code":{"insertions":5,"deletions":7}}},{"hash":"89f5420e38f339c93dd33b96e135cd050724e9ed","isMergeCommit":false,"messageTitle":"Enable assertions in gradle","messageBody":"","fileTypesAndContributionMap":{"other":{"insertions":4,"deletions":0}}},{"hash":"c1e9948900282acea8017f1e1b9cf5b10b3c700a","isMergeCommit":false,"messageTitle":"Fix tests","messageBody":"","fileTypesAndContributionMap":{"test-code":{"insertions":6,"deletions":6}}}]},{"date":"2025-03-30","commitResults":[{"hash":"b8c1148524e318f5354c1137ab4b74ba636e0ab4","isMergeCommit":false,"messageTitle":"Update UG and DG on CommandWithConfirmation","messageBody":"","fileTypesAndContributionMap":{"docs":{"insertions":89,"deletions":2}}}]},{"date":"2025-04-01","commitResults":[{"hash":"81677e6502c5e5bd6f5509a2b46eb76a414d5c4a","isMergeCommit":false,"messageTitle":"Update UG for information changed from AB3","messageBody":"Updated\n* Help url\n* Add command examples\n","fileTypesAndContributionMap":{"functional-code":{"insertions":3,"deletions":3},"docs":{"insertions":12,"deletions":8}}},{"hash":"49969c7b2d9acd8430a85a2d3c7c536658029850","isMergeCommit":true,"messageTitle":"Merge pull request #127 from deberinoo/branch-edit-ug","messageBody":"Update edit schedule in UG","fileTypesAndContributionMap":{}}]},{"date":"2025-04-03","commitResults":[{"hash":"eda0076c539232fccab225b1a64c762376cd55ea","isMergeCommit":false,"messageTitle":"Update UG to use EduEase images","messageBody":"","fileTypesAndContributionMap":{"functional-code":{"insertions":12,"deletions":12},"docs":{"insertions":3,"deletions":3}}},{"hash":"c5110fc04b5b2584eb5e97c4d01fd2bec5a27628","isMergeCommit":false,"messageTitle":"Add test coverage","messageBody":"","fileTypesAndContributionMap":{"test-code":{"insertions":60,"deletions":0}}},{"hash":"7ce8eb720e1de3d8eca9fc6a1145f0a9caed4427","isMergeCommit":false,"messageTitle":"Fix checkstyle","messageBody":"","fileTypesAndContributionMap":{"test-code":{"insertions":5,"deletions":4}}},{"hash":"0f1c15f902c26d7f67e199ba4d645260a1ce6baf","isMergeCommit":false,"messageTitle":"Update tadacheng.md with changes from v1.3 till now","messageBody":"","fileTypesAndContributionMap":{"docs":{"insertions":7,"deletions":8}}},{"hash":"6f84364b8634ca4c8dfd9b8f63fc07c96cd72044","isMergeCommit":true,"messageTitle":"Merge pull request #159 from dnardnar/update-DG-remind","messageBody":"update Developer Guide for Remind","fileTypesAndContributionMap":{}},{"hash":"89e5d8613a5d519726b6d6df7e286f36b8077d00","isMergeCommit":false,"messageTitle":"Update manual testing for note in DG","messageBody":"","fileTypesAndContributionMap":{"docs":{"insertions":21,"deletions":2}}},{"hash":"419f51cf165478968d178cd29f6c766dbd0b8db9","isMergeCommit":true,"messageTitle":"Merge branch \u0027master\u0027 into branch-update-portfolio","messageBody":"* master:\n  Add new line at EOF\n  Fix DG\n  Update portfolio\n  Updated DG\n  Updated DG and fixed checkstyle\n  update Developer Guide for Remind\n  Fix redo command implementation\n  Update deberinoo.md and DG\n  Add better error messages for schedule edit, cancel\n  Improve invalid index message in schedule edit, cancel\n","fileTypesAndContributionMap":{}},{"hash":"3e0dfb782ba33a4f5cf3d7c4310c248c42829928","isMergeCommit":true,"messageTitle":"Merge pull request #166 from botosek/update-DG","messageBody":"Update dg","fileTypesAndContributionMap":{}}]},{"date":"2025-04-05","commitResults":[{"hash":"b542066a9a3d14bb092f13a363e33343b735b522","isMergeCommit":true,"messageTitle":"Merge pull request #251 from deberinoo/bugs-schedule","messageBody":"Fix schedule commands in UG, improved response message","fileTypesAndContributionMap":{}},{"hash":"9e81da59e98d872e41789467e0832a76086d38c1","isMergeCommit":false,"messageTitle":"Fix PE-D bugs relating to documentation","messageBody":"","fileTypesAndContributionMap":{"docs":{"insertions":15,"deletions":5}}},{"hash":"47ecc70518e8380874441d49f5213fbe180afcaf","isMergeCommit":false,"messageTitle":"Fix minor code issues","messageBody":"","fileTypesAndContributionMap":{"functional-code":{"insertions":2,"deletions":2}}}]}],"deberinoo":[{"date":"2025-02-25","commitResults":[{"hash":"d42aab5f16f23e0a267c5144523b65ae8e3711c8","isMergeCommit":false,"messageTitle":"Update AboutUs with Deborah\u0027s info","messageBody":"","fileTypesAndContributionMap":{"docs":{"insertions":7,"deletions":6}}}]},{"date":"2025-03-03","commitResults":[{"hash":"928c3061aba1b93c2117730a430a1b59311b69fe","isMergeCommit":true,"messageTitle":"Merge branch \u0027master\u0027 into branch-About-Us","messageBody":"","fileTypesAndContributionMap":{}}]},{"date":"2025-03-10","commitResults":[{"hash":"0a8cfe52b4cbd2383c48a15b7fa0c3f2710b5c44","isMergeCommit":true,"messageTitle":"Merge pull request #27 from xenyeo/user-related-UG-update","messageBody":"Update user related information in DG","fileTypesAndContributionMap":{}},{"hash":"ddf7c811b079770b0867f02e7b2af1d9c3d391ab","isMergeCommit":false,"messageTitle":"Added Deborah\u0027s portfolio","messageBody":"","fileTypesAndContributionMap":{"docs":{"insertions":46,"deletions":1}}},{"hash":"b1a3864927eca3a0403b9c4083992deb1c8d8cf0","isMergeCommit":false,"messageTitle":"Update use cases in DG","messageBody":"","fileTypesAndContributionMap":{"docs":{"insertions":136,"deletions":10}}}]},{"date":"2025-03-13","commitResults":[{"hash":"53128a8f95f35374417860b5d282befe92bf4e32","isMergeCommit":true,"messageTitle":"Merge pull request #43 from dnardnar/add-reminder-command","messageBody":"Adding Remind Command","fileTypesAndContributionMap":{}},{"hash":"fc020e3f635b47711242911a51c1bac1b0d45ae2","isMergeCommit":false,"messageTitle":"Add validation for Phone model","messageBody":"","fileTypesAndContributionMap":{"functional-code":{"insertions":16,"deletions":3}}},{"hash":"dd8f3f75768d9c46f9a0d107c56d42dea87f8858","isMergeCommit":false,"messageTitle":"Add validation for phone model","messageBody":"","fileTypesAndContributionMap":{"functional-code":{"insertions":17,"deletions":3}}}]},{"date":"2025-03-17","commitResults":[{"hash":"cbfd2c67d094de0f3acaa5615f3abf8ecc3cf5b8","isMergeCommit":true,"messageTitle":"Merge pull request #47 from tadacheng/branch-add-notes","messageBody":"Add notes feature","fileTypesAndContributionMap":{}},{"hash":"db7ca3ddb2ae324ebe47d0ba9da3306c6eb7ccf1","isMergeCommit":true,"messageTitle":"Merge branch \u0027AY2425S2-CS2103-F09-2:master\u0027 into branch-Add-Validation","messageBody":"","fileTypesAndContributionMap":{}},{"hash":"980a1e7729288deee63cc7ec4b797cb814605adf","isMergeCommit":true,"messageTitle":"Merge pull request #44 from deberinoo/branch-Add-Validation","messageBody":"Add validation for phone model","fileTypesAndContributionMap":{}},{"hash":"816e76b4df0d413bd83a1dbf13c68e7840fdb8e6","isMergeCommit":false,"messageTitle":"Implement dynamic command alias resolution","messageBody":"","fileTypesAndContributionMap":{"functional-code":{"insertions":44,"deletions":1}}},{"hash":"3998e85c366b41b94c584b5f6c21b089b307b78a","isMergeCommit":false,"messageTitle":"Merge branch \u0027master\u0027 of https://github.com/deberinoo/tp","messageBody":"","fileTypesAndContributionMap":{"functional-code":{"insertions":532,"deletions":15},"docs":{"insertions":76,"deletions":24},"test-code":{"insertions":235,"deletions":10}}},{"hash":"96dd56fdbbb16c78fc66916d89e206041e1ae840","isMergeCommit":true,"messageTitle":"Merge branch \u0027master\u0027 of https://github.com/deberinoo/tp","messageBody":"","fileTypesAndContributionMap":{}},{"hash":"8fb0e06169e755875aa64e839e7bb9f6a4046e01","isMergeCommit":false,"messageTitle":"Add Schedule session","messageBody":"","fileTypesAndContributionMap":{"functional-code":{"insertions":807,"deletions":395},"test-code":{"insertions":231,"deletions":206}}}]},{"date":"2025-03-20","commitResults":[{"hash":"0fdeae50e410a079d5cd5a2e7dec8785357f52d9","isMergeCommit":true,"messageTitle":"Merge pull request #56 from dnardnar/improve-remind","messageBody":"Improve remind","fileTypesAndContributionMap":{}}]},{"date":"2025-03-22","commitResults":[{"hash":"7646725d8d9b7d17bf18aaac6f96a523aee4118f","isMergeCommit":false,"messageTitle":"Add ui for sessions","messageBody":"","fileTypesAndContributionMap":{"functional-code":{"insertions":65,"deletions":54},"test-code":{"insertions":6,"deletions":10}}},{"hash":"119b2a36b4cb9292a7971df6ddb13d44f3203997","isMergeCommit":false,"messageTitle":"Add tabs for better navigation, organisation","messageBody":"","fileTypesAndContributionMap":{"functional-code":{"insertions":170,"deletions":53}}}]},{"date":"2025-03-24","commitResults":[{"hash":"fee877854e9ae06423c0932a6802d5b273085be7","isMergeCommit":false,"messageTitle":"Add schedule cancel command","messageBody":"","fileTypesAndContributionMap":{"functional-code":{"insertions":115,"deletions":9},"other":{"insertions":12,"deletions":6},"test-code":{"insertions":6,"deletions":5}}},{"hash":"cba0cd5ad2376876fa8981741fa8a4a1242d72dd","isMergeCommit":false,"messageTitle":"Fix checkstyle errors","messageBody":"","fileTypesAndContributionMap":{"functional-code":{"insertions":3,"deletions":4}}},{"hash":"5bb748d7960986edef7344627e54b4a5a437d81c","isMergeCommit":false,"messageTitle":"Fix checkstyle errors","messageBody":"","fileTypesAndContributionMap":{"functional-code":{"insertions":96,"deletions":1}}},{"hash":"86228ad57604f24c98dd376ee613a05c9beca739","isMergeCommit":true,"messageTitle":"Merge branch \u0027master\u0027 into branch-schedule-cancel","messageBody":"","fileTypesAndContributionMap":{}},{"hash":"1cd8bd6fea79b20ef432f337a8b8205aac28e17b","isMergeCommit":false,"messageTitle":"Resolve conflicts after merge","messageBody":"","fileTypesAndContributionMap":{"functional-code":{"insertions":0,"deletions":3},"test-code":{"insertions":2,"deletions":4}}},{"hash":"e1a15e59f50a3898452c03ece25db68b58ba950a","isMergeCommit":false,"messageTitle":"Display sessions in chrono order with index","messageBody":"","fileTypesAndContributionMap":{"functional-code":{"insertions":9,"deletions":2}}},{"hash":"bc11e34607ebaefec2fcbdee8706c40ded12b114","isMergeCommit":false,"messageTitle":"Fix session index mismatch during cancellation","messageBody":"","fileTypesAndContributionMap":{"functional-code":{"insertions":9,"deletions":4}}},{"hash":"f14ed204f44a24a7e10f8ed69be9184fd758a42c","isMergeCommit":true,"messageTitle":"Merge pull request #80 from tadacheng/branch-update-note-prefix","messageBody":"Update note prefix to fit EduEase prefix format","fileTypesAndContributionMap":{}},{"hash":"36f4d49dbbde968e2d0669c52e10581854c84278","isMergeCommit":true,"messageTitle":"Merge pull request #81 from tadacheng/branch-stop-gap-command","messageBody":"Add confirmation alert to prevent accidental command","fileTypesAndContributionMap":{}},{"hash":"cd4434a542bc1134a3fa2259a53f308bb9474349","isMergeCommit":false,"messageTitle":"Add edit schedule command","messageBody":"","fileTypesAndContributionMap":{"functional-code":{"insertions":296,"deletions":3},"test-code":{"insertions":5,"deletions":0}}}]},{"date":"2025-03-25","commitResults":[{"hash":"1fba936df12ff1a5bbb1bb8f11fbab2684d00577","isMergeCommit":true,"messageTitle":"Merge branch \u0027deberinoo-branch-schedule-chronological\u0027","messageBody":"","fileTypesAndContributionMap":{}},{"hash":"116e457d80c979946a97886d381bd1422a3c61f4","isMergeCommit":true,"messageTitle":"Merge remote-tracking branch \u0027upstream/master\u0027","messageBody":"","fileTypesAndContributionMap":{}},{"hash":"70eadf9830b5627e4a93c792d2d6dc615ed0bf99","isMergeCommit":true,"messageTitle":"Merge branch \u0027master\u0027 into branch-session-edit2","messageBody":"","fileTypesAndContributionMap":{}}]},{"date":"2025-03-27","commitResults":[{"hash":"e39f420a0bf9e2093aee30ba36d0bc0a569f55ca","isMergeCommit":false,"messageTitle":"Added tests for ScheduleCommand","messageBody":"","fileTypesAndContributionMap":{"test-code":{"insertions":152,"deletions":0}}},{"hash":"abe6451b9af294c309dc519bdb0301cbc6d97827","isMergeCommit":false,"messageTitle":"Add missing tests","messageBody":"","fileTypesAndContributionMap":{"test-code":{"insertions":39,"deletions":20}}},{"hash":"39e498acb264736b526eac04c0c571cbbd77662d","isMergeCommit":false,"messageTitle":"Add sequence diagram for Schedule","messageBody":"","fileTypesAndContributionMap":{"docs":{"insertions":78,"deletions":0}}},{"hash":"95ea79f79b3b8dddb768637eb6475ac4276cc141","isMergeCommit":false,"messageTitle":"Update DG and UG with Schedule features","messageBody":"","fileTypesAndContributionMap":{"docs":{"insertions":94,"deletions":1}}},{"hash":"dee433bad2e76b7e9b539453104f9f7857cd76e1","isMergeCommit":true,"messageTitle":"Merge branch \u0027master\u0027 into branch-test","messageBody":"","fileTypesAndContributionMap":{}}]},{"date":"2025-03-31","commitResults":[{"hash":"5fedb7faac8a03172a98001e608afb86ee0fbd6f","isMergeCommit":true,"messageTitle":"Merge branch \u0027master\u0027 into branch-test","messageBody":"","fileTypesAndContributionMap":{}},{"hash":"b0ad0205271bdab84e035bfbd18e911d0eeab043","isMergeCommit":false,"messageTitle":"Reverted RemindCommandTest.java to match main","messageBody":"","fileTypesAndContributionMap":{"test-code":{"insertions":229,"deletions":229}}},{"hash":"a54d41d2a9e3f20ba6edf9249497d69303467f9f","isMergeCommit":false,"messageTitle":"Fix checkstyle errors","messageBody":"","fileTypesAndContributionMap":{"docs":{"insertions":4,"deletions":4},"test-code":{"insertions":3,"deletions":3}}},{"hash":"4ef53a3628e61c9ce77a6192e2f8189c2ebf0fdd","isMergeCommit":true,"messageTitle":"Merge branch \u0027AY2425S2-CS2103-F09-2:master\u0027 into branch-test","messageBody":"","fileTypesAndContributionMap":{}},{"hash":"f512a627e2a44672ec81c8092d3db929b105a176","isMergeCommit":false,"messageTitle":"Delete extra method in AddCommandTest","messageBody":"","fileTypesAndContributionMap":{"test-code":{"insertions":0,"deletions":5}}},{"hash":"af5f0891b5d50817ca79ba24d591d060c42ec2e2","isMergeCommit":true,"messageTitle":"Merge branch \u0027branch-test\u0027 of https://github.com/deberinoo/tp into branch-test","messageBody":"","fileTypesAndContributionMap":{}},{"hash":"2d6c60464625d2552e6a60b5d74d60674bdf7fa0","isMergeCommit":false,"messageTitle":"Fix import issues","messageBody":"","fileTypesAndContributionMap":{"test-code":{"insertions":16,"deletions":21}}},{"hash":"3253db7b6a855dfa8533808cc63cd41e2968bcd8","isMergeCommit":false,"messageTitle":"Fix checkstyle errors","messageBody":"","fileTypesAndContributionMap":{"docs":{"insertions":1,"deletions":1},"test-code":{"insertions":1,"deletions":1}}},{"hash":"852b2b416b2bac492dd8c95c2fca106159e54f35","isMergeCommit":false,"messageTitle":"Fix import ordering","messageBody":"","fileTypesAndContributionMap":{"test-code":{"insertions":6,"deletions":5}}}]},{"date":"2025-04-01","commitResults":[{"hash":"decbf9be0f50d4cfa23c411c96e9766b04d7c163","isMergeCommit":true,"messageTitle":"Merge pull request #111 from deberinoo/branch-test","messageBody":"Add tests and update UG, DG","fileTypesAndContributionMap":{}},{"hash":"2c78271bfbc1fc03bbb1c79c46e624461e0af6dc","isMergeCommit":false,"messageTitle":"Update edit schedule in UG","messageBody":"","fileTypesAndContributionMap":{"docs":{"insertions":1,"deletions":1}}}]},{"date":"2025-04-02","commitResults":[{"hash":"ea4f3e4c87b04e1c382a259b91550065d5c3e00d","isMergeCommit":false,"messageTitle":"Add validation for session dates, duration","messageBody":"","fileTypesAndContributionMap":{"functional-code":{"insertions":30,"deletions":9}}},{"hash":"ef942590ed198db7ba53c9ef9d2c04cc6a17cf79","isMergeCommit":false,"messageTitle":"Fix imports","messageBody":"","fileTypesAndContributionMap":{"functional-code":{"insertions":8,"deletions":7}}},{"hash":"dd7a4e59a91186096b34c3ae0608e7696de77318","isMergeCommit":false,"messageTitle":"Add tests for schedule comand parser","messageBody":"","fileTypesAndContributionMap":{"test-code":{"insertions":111,"deletions":0}}},{"hash":"02c0569bc8e16b379c910dabd11ffb4a69fd4838","isMergeCommit":false,"messageTitle":"Fix checkstyle errors","messageBody":"","fileTypesAndContributionMap":{"docs":{"insertions":3,"deletions":3},"test-code":{"insertions":1,"deletions":1}}},{"hash":"7a81d4904b55a92835a6af0541841743a97ef49f","isMergeCommit":false,"messageTitle":"Fix checkstyle for imports","messageBody":"","fileTypesAndContributionMap":{"test-code":{"insertions":9,"deletions":8}}},{"hash":"97b89e44d77c9175fda5840e9c92516c51db0718","isMergeCommit":false,"messageTitle":"Improve invalid index message in schedule edit, cancel","messageBody":"","fileTypesAndContributionMap":{"functional-code":{"insertions":45,"deletions":9}}}]},{"date":"2025-04-03","commitResults":[{"hash":"554d0b364f627b0f9681a8bf26273d4c0b09346f","isMergeCommit":false,"messageTitle":"Add better error messages for schedule edit, cancel","messageBody":"","fileTypesAndContributionMap":{"functional-code":{"insertions":10,"deletions":4},"test-code":{"insertions":181,"deletions":0}}},{"hash":"320d0bc417b762e8ba53ddd674757d8a3246c2e7","isMergeCommit":false,"messageTitle":"Update deberinoo.md and DG","messageBody":"","fileTypesAndContributionMap":{"docs":{"insertions":27,"deletions":23}}},{"hash":"6250256713f12e3055625bf356a210c0bb9f7f9a","isMergeCommit":false,"messageTitle":"Improve readability of schedule sequence diagram in DG","messageBody":"","fileTypesAndContributionMap":{"docs":{"insertions":1,"deletions":1}}},{"hash":"c01f2201b2a16067e51de7461d6198288c23b2b6","isMergeCommit":true,"messageTitle":"Merge pull request #174 from tadacheng/master","messageBody":"Update site-header content","fileTypesAndContributionMap":{}}]},{"date":"2025-04-05","commitResults":[{"hash":"f57dccfc14f9406af6ef24c31a3151c7f4731604","isMergeCommit":false,"messageTitle":"Fix schedule commands in UG, improved response message","messageBody":"","fileTypesAndContributionMap":{"functional-code":{"insertions":3,"deletions":4},"docs":{"insertions":7,"deletions":4}}},{"hash":"9cdbc343793daaa63720f06988812f7c9f106139","isMergeCommit":true,"messageTitle":"Merge pull request #252 from tadacheng/branch-fix-ped-bugs","messageBody":"Fix ped bugs","fileTypesAndContributionMap":{}}]}],"dnardnar":[{"date":"2025-02-26","commitResults":[{"hash":"1590db2bde8abf1b11f9da6d57a66d433e5b4c92","isMergeCommit":false,"messageTitle":"docs: update About Us details and add philiphew.md to team directory","messageBody":"","fileTypesAndContributionMap":{"docs":{"insertions":50,"deletions":5}}}]},{"date":"2025-03-04","commitResults":[{"hash":"fc70fe33dce2b97cff0f7ffb3df14a8414454e1e","isMergeCommit":true,"messageTitle":"Merge branch \u0027master\u0027 into add-philip-AboutUs","messageBody":"","fileTypesAndContributionMap":{}},{"hash":"31dfba5ede65bd07ce5c979f5d50868598e79b11","isMergeCommit":true,"messageTitle":"Merge pull request #12 from dnardnar/add-philip-AboutUs","messageBody":"Update AboutUs with Philip\u0027s info","fileTypesAndContributionMap":{}}]},{"date":"2025-03-10","commitResults":[{"hash":"2453e4b742b64c3ef7f95f4022f42671f6bdb8a6","isMergeCommit":false,"messageTitle":"feat: Update non-functional requirements in documentation","messageBody":"","fileTypesAndContributionMap":{"docs":{"insertions":4,"deletions":0}}}]},{"date":"2025-03-13","commitResults":[{"hash":"019ce9d9f0ae8667a3f0df418311d5a437c2f9ad","isMergeCommit":false,"messageTitle":"feat: Implement and enhance RemindCommand functionality","messageBody":"- Created the `RemindCommand` class to set reminders for events.\n- Hooked `RemindCommand` into the application by adding it to the command parser.\n- Updated `RemindCommand` to throw exceptions when input validation fails.\n- Enhanced `RemindCommand` to accept parameters for name, event, date, and time.\n- Added parsing logic to handle user input using `ArgumentMultimap`.\n\nThis commit introduces the foundation for the `RemindCommand` and ensures it is fully integrated into the application with robust input handling.\n","fileTypesAndContributionMap":{"functional-code":{"insertions":121,"deletions":0}}}]},{"date":"2025-03-18","commitResults":[{"hash":"960fd74dd798794e9e37a5e01ec943170424cd48","isMergeCommit":true,"messageTitle":"Merge pull request #50 from deberinoo/branch-command-alias-optimization","messageBody":"Refactor command alias handling for dynamic resolution","fileTypesAndContributionMap":{}},{"hash":"72deca67de9cc0f3450a0ae490210c44d5860e71","isMergeCommit":true,"messageTitle":"Merge pull request #53 from deberinoo/branch-schedule","messageBody":"Add schedule feature to manage session scheduling","fileTypesAndContributionMap":{}}]},{"date":"2025-03-19","commitResults":[{"hash":"2b91b61a10b436fc57c176796802a6ff7f9c6335","isMergeCommit":false,"messageTitle":"feat(reminders): integrate reminders with UI by adding reminder panel","messageBody":"- Added a reminder panel to enhance user interaction with reminders.\n- Integrated the reminder feature into the application\u0027s user interface.\n- Improved accessibility and visibility of reminders for better usability.\n","fileTypesAndContributionMap":{"functional-code":{"insertions":230,"deletions":31}}},{"hash":"05ac895b8763afe72d3816bf3b4ff01fb7a4b365","isMergeCommit":true,"messageTitle":"Merge branch \u0027master\u0027 into improve-remind","messageBody":"","fileTypesAndContributionMap":{}}]},{"date":"2025-03-20","commitResults":[{"hash":"ffc38aab139389b41a7b95fc0d8d4e24c65d89c6","isMergeCommit":false,"messageTitle":"Fix reminder functionality: Removed remind function from sample data util and resized reminder tab.","messageBody":"","fileTypesAndContributionMap":{"functional-code":{"insertions":18,"deletions":29}}},{"hash":"1dfb4c83bce1815ec3d85f207e137fcea3be4ced","isMergeCommit":true,"messageTitle":"Merge pull request #67 from tadacheng/branch-update-gui","messageBody":"Branch update gui","tags":["v1.3"],"fileTypesAndContributionMap":{}}]},{"date":"2025-03-26","commitResults":[{"hash":"814b01cb32967d4c3d86b9d5b17920d2ca01175c","isMergeCommit":false,"messageTitle":"Refactor RemindCommandParser to use ParserUtil and add tests for Remind-related classes","messageBody":"","fileTypesAndContributionMap":{"functional-code":{"insertions":6,"deletions":3},"test-code":{"insertions":407,"deletions":1}}}]},{"date":"2025-03-27","commitResults":[{"hash":"0a47dbc653744fa3dd2fcdb4b996779b1d34236e","isMergeCommit":true,"messageTitle":"Merge pull request #91 from botosek/branch-Add-RedoCommand","messageBody":"Add Redo Command","fileTypesAndContributionMap":{}},{"hash":"9ff84a270b12277d391e263461c3e477ce54794e","isMergeCommit":false,"messageTitle":"check and enforce code style compliance","messageBody":"","fileTypesAndContributionMap":{"functional-code":{"insertions":8,"deletions":12},"test-code":{"insertions":31,"deletions":8}}},{"hash":"7a6b91524b58ad58ddd25e1fd6231de66eb8bca3","isMergeCommit":false,"messageTitle":"check and enforce code style compliance","messageBody":"","fileTypesAndContributionMap":{"test-code":{"insertions":415,"deletions":415}}}]},{"date":"2025-03-30","commitResults":[{"hash":"60099b118fb17e887235df8458eb65cede36bf7b","isMergeCommit":true,"messageTitle":"Merge pull request #103 from tadacheng/branch-follow-ci","messageBody":"Enable assertions in gradle","fileTypesAndContributionMap":{}}]},{"date":"2025-04-02","commitResults":[{"hash":"39c3eb7dd0a872c5fd0c5edf0978200e7602cce7","isMergeCommit":false,"messageTitle":"Update user guide with Remind feature","messageBody":"","fileTypesAndContributionMap":{"docs":{"insertions":18,"deletions":3}}},{"hash":"bf1656957781da1c4d56ab42cce3c56fe03ca284","isMergeCommit":false,"messageTitle":"fix(remindcommandparser): prevent preamble and disallow non-future dates","messageBody":"","fileTypesAndContributionMap":{"functional-code":{"insertions":16,"deletions":2},"test-code":{"insertions":54,"deletions":4}}},{"hash":"9687393f4d9837acc139ac5a68db297d2c58ec23","isMergeCommit":false,"messageTitle":"feat(modelclassdiagram): add Reminder class to UML diagram","messageBody":"","fileTypesAndContributionMap":{"docs":{"insertions":3,"deletions":1}}}]},{"date":"2025-04-03","commitResults":[{"hash":"27e202a5e67c87e750324bf4c8d04d5969f1c271","isMergeCommit":true,"messageTitle":"Merge pull request #143 from deberinoo/branch-schedule-prevent-past","messageBody":"Add validation for session dates, duration","fileTypesAndContributionMap":{}},{"hash":"752034dfcb8196145326c667d57f8a386359e5dc","isMergeCommit":false,"messageTitle":"update Developer Guide for Remind","messageBody":"","fileTypesAndContributionMap":{"docs":{"insertions":6,"deletions":5}}},{"hash":"14a6749baf7e0a7128a25a8da7e4180b7990981f","isMergeCommit":false,"messageTitle":"docs: update Developer Guide test guide","messageBody":"","fileTypesAndContributionMap":{"docs":{"insertions":88,"deletions":3}}},{"hash":"5c5e031bcd032594f3030da0ee746a4706702d4e","isMergeCommit":true,"messageTitle":"Merge pull request #172 from botosek/update-Appendix","messageBody":"Standardize appendix","fileTypesAndContributionMap":{}},{"hash":"8b3bc2acc348fdf4dd0203edbb80fcfa91ca5713","isMergeCommit":true,"messageTitle":"Merge pull request #171 from deberinoo/branch-DG","messageBody":"Improve readability of schedule sequence diagram in DG","fileTypesAndContributionMap":{}}]}],"xenyeo":[{"date":"2025-03-03","commitResults":[{"hash":"ed3699a7793d9570b93daf95afc83dff675a4da4","isMergeCommit":false,"messageTitle":"Update AboutUs with Yiwen\u0027s details","messageBody":"","fileTypesAndContributionMap":{"docs":{"insertions":11,"deletions":10}}},{"hash":"4522c52302293d801c5a6543e0b66c3f8d7c8bd3","isMergeCommit":true,"messageTitle":"Merge pull request #16 from botosek/branch-add-profilephoto","messageBody":"Add Sean\u0027s profile photo","fileTypesAndContributionMap":{}},{"hash":"0e6d3f94411a4018b7abef48efb4540d7bc40d35","isMergeCommit":true,"messageTitle":"Merge pull request #10 from dnardnar/add-philip-info","messageBody":"Add Philip\u0027s photo","fileTypesAndContributionMap":{}},{"hash":"49616908a0e04d18c764f912c5e0977a7bd1e380","isMergeCommit":true,"messageTitle":"Merge branch \u0027master\u0027 into branch-Add-AboutUs","messageBody":"","fileTypesAndContributionMap":{}},{"hash":"d93382842afd4fd79fd512137d8dd61885304ba7","isMergeCommit":true,"messageTitle":"Merge pull request #17 from botosek/branch-Add-AboutUs","messageBody":"Update About Us with Sean\u0027s details","fileTypesAndContributionMap":{}}]},{"date":"2025-03-10","commitResults":[{"hash":"01699f62265092e25accc246e4b1f42697600b41","isMergeCommit":false,"messageTitle":"Update user related information in DG","messageBody":"","fileTypesAndContributionMap":{"docs":{"insertions":38,"deletions":13}}},{"hash":"490f4a61ba196f472bd8cccba671b8e64b2bfdc6","isMergeCommit":true,"messageTitle":"Merge pull request #26 from tadacheng/branch-update-readme-v1.1","messageBody":"Update Readme page to match EduEase","fileTypesAndContributionMap":{}}]},{"date":"2025-03-13","commitResults":[{"hash":"0fd6cf6c5c115465761a815eefbda77eaf42e4c3","isMergeCommit":false,"messageTitle":"Update model components for tags","messageBody":"","fileTypesAndContributionMap":{"functional-code":{"insertions":113,"deletions":1}}},{"hash":"bd8f3ab50ccc0a39f03160e0550a1ccd8674067d","isMergeCommit":false,"messageTitle":"Update test for AddressBook","messageBody":"","fileTypesAndContributionMap":{"test-code":{"insertions":7,"deletions":0}}},{"hash":"c21ca4e6da2eb5158e668e3cc27c480003f6446c","isMergeCommit":true,"messageTitle":"Merge pull request #39 from tadacheng/branch-update-list","messageBody":"Update GUI display of ListCommand","fileTypesAndContributionMap":{}}]},{"date":"2025-03-19","commitResults":[{"hash":"3b765acd8fcc477014c237b1097caa96bddc18be","isMergeCommit":false,"messageTitle":"Add tags command to list out all used tags","messageBody":"","fileTypesAndContributionMap":{"functional-code":{"insertions":60,"deletions":3}}},{"hash":"8c35b0d41cb4c1560b588b67e0dc7b89abc678a0","isMergeCommit":false,"messageTitle":"Display tags in alphabetical order","messageBody":"","fileTypesAndContributionMap":{"functional-code":{"insertions":31,"deletions":8}}}]},{"date":"2025-03-20","commitResults":[{"hash":"ac643df1beaa3bad6466dac3fd87eb7598939e24","isMergeCommit":false,"messageTitle":"Update tags to match edit command","messageBody":"","fileTypesAndContributionMap":{"functional-code":{"insertions":19,"deletions":0}}},{"hash":"fde0924b745008238ca249ec9b1f51f4b49a96f1","isMergeCommit":true,"messageTitle":"Merge pull request #60 from botosek/branch-AddTagtoUG","messageBody":"Update tag to UG","fileTypesAndContributionMap":{}},{"hash":"9ed83d878ed8707f051bd16915b5d70b9b3d23ac","isMergeCommit":true,"messageTitle":"Merge pull request #62 from botosek/branch-AddTagtoUG","messageBody":"Add Schedule command to UG","fileTypesAndContributionMap":{}},{"hash":"9cfaf71ea808b1f5c2ac3bb1f8a68b7987146f69","isMergeCommit":true,"messageTitle":"Merge pull request #64 from botosek/branch-AddTagtoUG","messageBody":"Update AboutUs","fileTypesAndContributionMap":{}}]},{"date":"2025-03-25","commitResults":[{"hash":"0a105ea2a7d9089da5eaf01bb0055a545beaf302","isMergeCommit":false,"messageTitle":"Filter contact based on tag","messageBody":"","fileTypesAndContributionMap":{"functional-code":{"insertions":109,"deletions":13}}},{"hash":"e5b49f97dc0203984f8cd9e0e19c3a92cd38b38b","isMergeCommit":false,"messageTitle":"Update model component in developer guide","messageBody":"","fileTypesAndContributionMap":{"docs":{"insertions":6,"deletions":10}}},{"hash":"2bbeb97e06bb9834c5fd22c7ebd187ed867fffbb","isMergeCommit":true,"messageTitle":"Merge pull request #83 from deberinoo/branch-session-edit2","messageBody":"Add edit schedule command","fileTypesAndContributionMap":{}}]},{"date":"2025-03-31","commitResults":[{"hash":"ce4188e7f31f17ba19cd70f6c41a61ff7fab3a9e","isMergeCommit":true,"messageTitle":"Merge pull request #106 from tadacheng/branch-update-uml","messageBody":"Update UG and DG on CommandWithConfirmation","fileTypesAndContributionMap":{}}]},{"date":"2025-04-01","commitResults":[{"hash":"f64b9a3fa0cf741e16fb0eb1decf14c80217ed97","isMergeCommit":false,"messageTitle":"Add testcases for tags","messageBody":"","fileTypesAndContributionMap":{"functional-code":{"insertions":46,"deletions":36},"test-code":{"insertions":376,"deletions":0}}},{"hash":"fe356c1d7626c81dd2f51169001d2c4257ac2ee3","isMergeCommit":false,"messageTitle":"Update checkstyle","messageBody":"","fileTypesAndContributionMap":{"functional-code":{"insertions":2,"deletions":2},"docs":{"insertions":2,"deletions":2},"test-code":{"insertions":3,"deletions":3}}},{"hash":"d3c9a8f970ddf15ee9b1c5e0802a5fc0ed6cffb7","isMergeCommit":false,"messageTitle":"Remove unuse import","messageBody":"","fileTypesAndContributionMap":{"functional-code":{"insertions":0,"deletions":1}}},{"hash":"76e501a88f59bc1b32dac832ab6bcdcb4e786c32","isMergeCommit":false,"messageTitle":"Update checkstyle for test files","messageBody":"","fileTypesAndContributionMap":{"test-code":{"insertions":25,"deletions":25}}},{"hash":"7559e52f48a8c4fd253318986225f880dd66f9e5","isMergeCommit":false,"messageTitle":"Update checkstyle for AddressBookParserTest","messageBody":"","fileTypesAndContributionMap":{"test-code":{"insertions":4,"deletions":6}}},{"hash":"aa068db244fb45505d5a74c68d983947873d3878","isMergeCommit":true,"messageTitle":"Merge pull request #118 from tadacheng/branch-fix-alphabug","messageBody":"Update UG for information changed from AB3","fileTypesAndContributionMap":{}},{"hash":"5d896514e0eb7663b20c57f4e6b3641bb89e8b54","isMergeCommit":false,"messageTitle":"Update tags feature in ug","messageBody":"","fileTypesAndContributionMap":{"docs":{"insertions":11,"deletions":2}}},{"hash":"32ceeb68f0865be40acae1a0499594320682280b","isMergeCommit":false,"messageTitle":"Update tag summary in ug","messageBody":"","fileTypesAndContributionMap":{"docs":{"insertions":1,"deletions":1}}},{"hash":"cc33a50152decd2ab1889897c9b0f1d170a40c79","isMergeCommit":false,"messageTitle":"Add case insensitivity statement","messageBody":"","fileTypesAndContributionMap":{"docs":{"insertions":2,"deletions":2}}},{"hash":"497882809487a815f8625ba564061b4a93db71aa","isMergeCommit":false,"messageTitle":"Update quick start for tags","messageBody":"","fileTypesAndContributionMap":{"docs":{"insertions":1,"deletions":1}}},{"hash":"0d9106fc83c0fbf1f52ce24da39bd00580ec5fe1","isMergeCommit":false,"messageTitle":"Update feature ug","messageBody":"","fileTypesAndContributionMap":{"docs":{"insertions":3,"deletions":3}}},{"hash":"d8b0ca8e28f37cfd37ad6ecf773ef4587af34dc6","isMergeCommit":false,"messageTitle":"Add case-insensitivity to tag filtering","messageBody":"","fileTypesAndContributionMap":{"functional-code":{"insertions":7,"deletions":4}}},{"hash":"0c50395203c5368cb6f42fd75da6f60e5c1b6bc1","isMergeCommit":false,"messageTitle":"Add test cases for case-insensitivity","messageBody":"","fileTypesAndContributionMap":{"test-code":{"insertions":66,"deletions":0}}},{"hash":"7edb86200001814da742a61c07ac6f54915d175b","isMergeCommit":false,"messageTitle":"Add new line at EOF","messageBody":"","fileTypesAndContributionMap":{"functional-code":{"insertions":1,"deletions":1}}},{"hash":"b9b27952ee4309670ced7f7532f66fb73029cab2","isMergeCommit":false,"messageTitle":"Update tags command for ug","messageBody":"","fileTypesAndContributionMap":{"docs":{"insertions":5,"deletions":4}}}]},{"date":"2025-04-03","commitResults":[{"hash":"4dc59814546cacbbb698a385c13aa7ccbba26bfa","isMergeCommit":true,"messageTitle":"Merge pull request #135 from dnardnar/adding-remind-UG","messageBody":"Update user guide with Remind feature","fileTypesAndContributionMap":{}},{"hash":"7c72e1a68c3e4a8af71922edb74d1b4cf8688497","isMergeCommit":false,"messageTitle":"Update uml diagram","messageBody":"","fileTypesAndContributionMap":{"docs":{"insertions":16,"deletions":41}}},{"hash":"40c9e54b36c40963cc7542cf01a067a58c34c48d","isMergeCommit":true,"messageTitle":"Merge pull request #126 from botosek/branch-Add-TabSwitching","messageBody":"Add Switch command","fileTypesAndContributionMap":{}},{"hash":"9d1b6817c01689af430d3724d8ea0c93df325d50","isMergeCommit":true,"messageTitle":"Merge pull request #153 from deberinoo/branch-schedule-msg","messageBody":"Improve index message in schedule edit, cancel","fileTypesAndContributionMap":{}},{"hash":"aef259412e59eeb15e64b727dc4eae43ba56f2ef","isMergeCommit":false,"messageTitle":"Update portfolio","messageBody":"","fileTypesAndContributionMap":{"docs":{"insertions":11,"deletions":25}}},{"hash":"b907e1ae8de66fbf4ce8355a95e6ff6fd4ece7df","isMergeCommit":false,"messageTitle":"Add new line at EOF","messageBody":"","fileTypesAndContributionMap":{"docs":{"insertions":1,"deletions":1}}},{"hash":"8e83f1e298427b47db403826dea6e61d6f413981","isMergeCommit":true,"messageTitle":"Merge pull request #158 from botosek/Fix-Redo","messageBody":"Fix redo command implementation","fileTypesAndContributionMap":{}},{"hash":"37ee6037abfba74558c930a0cb9db7b6723817f6","isMergeCommit":true,"messageTitle":"Merge pull request #157 from tadacheng/branch-update-portfolio","messageBody":"Update tadacheng.md with changes from v1.3 till now","fileTypesAndContributionMap":{}},{"hash":"47cc89e9905929c9e84ceff8f9e4e1e0920119cf","isMergeCommit":false,"messageTitle":"Add instructions for tags command","messageBody":"","fileTypesAndContributionMap":{"docs":{"insertions":29,"deletions":12}}},{"hash":"f6f3eb3a1b27afcb768febea14cecf8b8a232fea","isMergeCommit":false,"messageTitle":"Add more descriptive message to handle no tags found","messageBody":"","fileTypesAndContributionMap":{"functional-code":{"insertions":7,"deletions":1},"test-code":{"insertions":12,"deletions":0}}},{"hash":"fede0e89147a65fe5812e995a8b3ead39fa53905","isMergeCommit":true,"messageTitle":"Merge pull request #162 from tadacheng/branch-update-portfolio","messageBody":"Add manual testing for note feature","fileTypesAndContributionMap":{}},{"hash":"1a567acd686be41e24962003dcac2588726b4caf","isMergeCommit":false,"messageTitle":"Add new line at EOF","messageBody":"","fileTypesAndContributionMap":{"docs":{"insertions":1,"deletions":1}}}]}]},"authorFileTypeContributionMap":{"botosek":{"docs":324,"functional-code":433,"test-code":357,"other":4},"tadacheng":{"docs":219,"functional-code":757,"test-code":319,"other":7},"deberinoo":{"docs":309,"functional-code":1069,"test-code":468},"dnardnar":{"docs":123,"functional-code":318,"test-code":468},"xenyeo":{"docs":87,"functional-code":319,"test-code":459}},"authorContributionVariance":{"botosek":55321.797,"tadacheng":137914.78,"deberinoo":161137.52,"dnardnar":22322.514,"xenyeo":10372.562},"authorDisplayNameMap":{"botosek":"CS2103-F09-2 SEAN..KIAT","tadacheng":"CS2103-F09-2 TANG..HENG","deberinoo":"CS2103-F09-2 LU Y..ORAH","dnardnar":"CS2103-F09-2 PHIL.. HEW","xenyeo":"CS2103-F09-2 YEO .. WEN"}}
