{"authorDailyContributionsMap":{"curiousfun88":[{"date":"2025-03-05T00:00:00","commitResults":[{"hash":"dc905fe04e374a450610991e2d12195a74f63203","isMergeCommit":false,"messageTitle":"Add aboutus edits","messageBody":"","fileTypesAndContributionMap":{"docs":{"insertions":5,"deletions":5}}},{"hash":"b4fd2993c7711ce8005717d2c540c698ab32b2a4","isMergeCommit":false,"messageTitle":"Update Build Status Link edits","messageBody":"","fileTypesAndContributionMap":{"docs":{"insertions":1,"deletions":1}}}]},{"date":"2025-03-06T00:00:00","commitResults":[{"hash":"c7b389235ab49d6a324b2a7df93c32fa0b47a60a","isMergeCommit":false,"messageTitle":"Add DG edits v1.1","messageBody":"","fileTypesAndContributionMap":{"docs":{"insertions":23,"deletions":15}}},{"hash":"789d1a6c08856b4cfd5bd86012c0a12c5b1a2100","isMergeCommit":true,"messageTitle":"Merge pull request #13 from curiousfun88/update-aboutus-page","messageBody":"Update AboutUs page","fileTypesAndContributionMap":{}}]},{"date":"2025-03-18T00:00:00","commitResults":[{"hash":"56a6d19ba0e61f0612333ff7b46252aa3b64c379","isMergeCommit":false,"messageTitle":"Add delete-client-command edits","messageBody":"","fileTypesAndContributionMap":{"functional-code":{"insertions":80,"deletions":39},"other":{"insertions":28,"deletions":28},"test-code":{"insertions":7,"deletions":15}}},{"hash":"1d3ac97f76cc948b36fbb4387d4dfa6ac0a4233b","isMergeCommit":false,"messageTitle":"add gradle edits","messageBody":"","fileTypesAndContributionMap":{"functional-code":{"insertions":69,"deletions":0},"other":{"insertions":2,"deletions":2}}},{"hash":"b85af453fc57c6ba6252cecb7c8dd297a16cc892","isMergeCommit":true,"messageTitle":"Merge branch \u0027master\u0027 of https://github.com/AY2425S2-CS2103T-W12-2/tp into delete-client-command","messageBody":"","fileTypesAndContributionMap":{}},{"hash":"faf7cbeb46de108243c9ac5818d4e9a15ae61b0e","isMergeCommit":false,"messageTitle":"add delete-client-command edits","messageBody":"","fileTypesAndContributionMap":{"functional-code":{"insertions":4,"deletions":88},"test-code":{"insertions":11,"deletions":2}}},{"hash":"76ff1ffebd35e8e840e80b47d4d7c52927324579","isMergeCommit":false,"messageTitle":"add delete-client-command debug edit","messageBody":"","fileTypesAndContributionMap":{"test-code":{"insertions":1,"deletions":1}}},{"hash":"86fc4344e435102e55469e1b44bd7189310408b7","isMergeCommit":true,"messageTitle":"Merge pull request #55 from curiousfun88/delete-client-command","messageBody":"Delete client command","fileTypesAndContributionMap":{}}]},{"date":"2025-03-20T00:00:00","commitResults":[{"hash":"073b364a552b609c88256b7dc3ebd9f3e770a70c","isMergeCommit":false,"messageTitle":"add customise-codebase-v2 edits","messageBody":"","fileTypesAndContributionMap":{"functional-code":{"insertions":297,"deletions":905},"other":{"insertions":114,"deletions":114},"test-code":{"insertions":523,"deletions":1211}}}]},{"date":"2025-03-26T00:00:00","commitResults":[{"hash":"3e14272aa3cadba014754b188fe3b5be61739ccc","isMergeCommit":false,"messageTitle":"Add tutorial edits","messageBody":"","fileTypesAndContributionMap":{"test-code":{"insertions":12,"deletions":1}}}]},{"date":"2025-03-27T00:00:00","commitResults":[{"hash":"0b75a72c07c6046c71aa5120fe07271faee83283","isMergeCommit":true,"messageTitle":"Merge pull request #87 from sciphi-123/add-policy-command","messageBody":"Add policy command","fileTypesAndContributionMap":{}},{"hash":"e23adf89e219317abd86ebda2e6423f26e37a57f","isMergeCommit":true,"messageTitle":"Merge branch \u0027master\u0027 of https://github.com/AY2425S2-CS2103T-W12-2/tp","messageBody":"","fileTypesAndContributionMap":{}},{"hash":"19f0bb7a3acb527fec3d64a51e93fd7119ad03a3","isMergeCommit":false,"messageTitle":"add delete policy command edits","messageBody":"","fileTypesAndContributionMap":{"functional-code":{"insertions":162,"deletions":0},"test-code":{"insertions":229,"deletions":0}}},{"hash":"3234f3322446085fc25e9bbaa7db78d5bc42e9f5","isMergeCommit":false,"messageTitle":"delete newspaces edits","messageBody":"","fileTypesAndContributionMap":{"test-code":{"insertions":0,"deletions":12}}},{"hash":"bed76df5a6d5bb6e4412bd5322c801ee9b9a5532","isMergeCommit":false,"messageTitle":"add debug edits","messageBody":"","fileTypesAndContributionMap":{"test-code":{"insertions":6,"deletions":0}}},{"hash":"c434895c3cf5f30eea6fbb0887a7b242e1adcb6e","isMergeCommit":true,"messageTitle":"Merge branch \u0027master\u0027 into delete-policy-command","messageBody":"","fileTypesAndContributionMap":{}},{"hash":"77902f002c6bd89b921e09109d86145e634ab5ba","isMergeCommit":true,"messageTitle":"Merge pull request #90 from curiousfun88/delete-policy-command","messageBody":"Delete policy command","fileTypesAndContributionMap":{}},{"hash":"b3a3b3e4450cfd83a87cd5f5b4763f8c41f8fb9d","isMergeCommit":false,"messageTitle":"add enable assertions edit","messageBody":"","fileTypesAndContributionMap":{"other":{"insertions":5,"deletions":0}}},{"hash":"f366854c3c2073d051949368cb31df23a96d4b1f","isMergeCommit":true,"messageTitle":"Merge pull request #92 from curiousfun88/delete-policy-command","messageBody":"Enable Assertions in build.gradle file","fileTypesAndContributionMap":{}}]},{"date":"2025-03-31T00:00:00","commitResults":[{"hash":"3d3de0ae47504dbaaaf205646b0e60cef2230e0b","isMergeCommit":true,"messageTitle":"Merge pull request #94 from Sean-G-Han/update-dg-add-prioritycommand","messageBody":"Add priority command UMLs into DG","fileTypesAndContributionMap":{}},{"hash":"5a5038a18acffeaae9ca77711b4c2566493eb0fb","isMergeCommit":false,"messageTitle":"add dg minor uml edits","messageBody":"","fileTypesAndContributionMap":{"docs":{"insertions":12,"deletions":12}}},{"hash":"93d268c99ed20de999f9d246689dcdf94fc61bab","isMergeCommit":true,"messageTitle":"Merge pull request #96 from curiousfun88/update-dg-make-minor-uml-edits","messageBody":"add DG minor UML edits","fileTypesAndContributionMap":{}},{"hash":"2b466fc73776d8a77b4174671e096b15922e8e96","isMergeCommit":false,"messageTitle":"add UI minor edits","messageBody":"","fileTypesAndContributionMap":{"functional-code":{"insertions":3,"deletions":3},"other":{"insertions":1,"deletions":0},"test-code":{"insertions":1,"deletions":1}}}]},{"date":"2025-04-01T00:00:00","commitResults":[{"hash":"7cf690fa85df57952b2378baa5faf4c3ca121fb5","isMergeCommit":false,"messageTitle":"revamp ui and css edits","messageBody":"","fileTypesAndContributionMap":{"functional-code":{"insertions":8,"deletions":9},"other":{"insertions":40,"deletions":33}}},{"hash":"fc45e27003e9bd054deed17d947edc10d9745dc5","isMergeCommit":true,"messageTitle":"Merge branch \u0027master\u0027 into add-UI-changes","messageBody":"","fileTypesAndContributionMap":{}},{"hash":"862aba1561e926523078dc5a9c1873749c537ef7","isMergeCommit":true,"messageTitle":"Merge pull request #100 from curiousfun88/add-UI-changes","messageBody":"Revamp UI, CSS and Design of WealthVault ","fileTypesAndContributionMap":{}},{"hash":"af695aa3c65208c96863cbc807928c8e3dffba85","isMergeCommit":false,"messageTitle":"add alpha-bug corrections","messageBody":"","fileTypesAndContributionMap":{"functional-code":{"insertions":40,"deletions":54}}},{"hash":"c15a03e4b526a1c7aecbf6e96a3878ccec905650","isMergeCommit":false,"messageTitle":"add minor test edits","messageBody":"","fileTypesAndContributionMap":{"test-code":{"insertions":35,"deletions":0}}},{"hash":"1e32dc944b8aa38e692e7aa33e1b14ea717f9d2d","isMergeCommit":false,"messageTitle":"add minor checkstyle correction","messageBody":"","fileTypesAndContributionMap":{"test-code":{"insertions":0,"deletions":1}}},{"hash":"7d430af2b951bf9bdc211b2cb3b656e22fc0d041","isMergeCommit":false,"messageTitle":"add some tests","messageBody":"","fileTypesAndContributionMap":{"test-code":{"insertions":111,"deletions":16}}},{"hash":"30046156655ee7a2e618f78fe3c3a691a1ab3456","isMergeCommit":true,"messageTitle":"Merge pull request #120 from curiousfun88/add-alpha-bug-edits","messageBody":"add alpha-bug corrections and UI enhancements ","fileTypesAndContributionMap":{}}]},{"date":"2025-04-02T00:00:00","commitResults":[{"hash":"51f694060fdd57608cb666ab433c05151856f5b4","isMergeCommit":false,"messageTitle":"add solve UI bug edits","messageBody":"","fileTypesAndContributionMap":{"functional-code":{"insertions":1,"deletions":1}}},{"hash":"ae2baf9bb182dbcde5dd980c5ba07e083bd706d7","isMergeCommit":true,"messageTitle":"Merge pull request #126 from curiousfun88/add-alpha-bug-edits","messageBody":"Change addressbook footer to wealthvault ","fileTypesAndContributionMap":{}},{"hash":"0f78094a6338525f6c4a4577f1f27de8662239f1","isMergeCommit":false,"messageTitle":"add minor edits","messageBody":"","fileTypesAndContributionMap":{"functional-code":{"insertions":0,"deletions":4}}},{"hash":"266329f1e17d99bf691ccf909416217469edb1cf","isMergeCommit":false,"messageTitle":"add minor dg edits","messageBody":"","fileTypesAndContributionMap":{"docs":{"insertions":25,"deletions":25}}},{"hash":"e99517c64896e6261ce8c0d20e37d89e8d3ad8d2","isMergeCommit":true,"messageTitle":"Merge branch \u0027master\u0027 of https://github.com/AY2425S2-CS2103T-W12-2/tp into add-alpha-bug-edits","messageBody":"","fileTypesAndContributionMap":{}},{"hash":"580ccd0e3e2f565e4dd4c32ffc2567a06f52f029","isMergeCommit":true,"messageTitle":"Merge pull request #130 from sciphi-123/add-alpha-bug-edits","messageBody":"Add alpha bug edits","fileTypesAndContributionMap":{}},{"hash":"9f7b1930c00eb468996cda0e34eb86526ffdeae7","isMergeCommit":false,"messageTitle":"add ug dg edits","messageBody":"","fileTypesAndContributionMap":{"functional-code":{"insertions":0,"deletions":1},"docs":{"insertions":72,"deletions":29}}}]},{"date":"2025-04-03T00:00:00","commitResults":[{"hash":"a446c4b80a45d545308abfef3e8c965f179d44de","isMergeCommit":false,"messageTitle":"add command word edits","messageBody":"","fileTypesAndContributionMap":{"functional-code":{"insertions":1,"deletions":1}}},{"hash":"e64fe555b0c7b9ca2f35ea48820c2ac33f51fc70","isMergeCommit":false,"messageTitle":"add minor test edits","messageBody":"","fileTypesAndContributionMap":{"test-code":{"insertions":7,"deletions":0}}},{"hash":"ba0d8bb0ddfe1efb430eb081e56a3bc0ab09a27b","isMergeCommit":false,"messageTitle":"add checkstyle edits","messageBody":"","fileTypesAndContributionMap":{"test-code":{"insertions":1,"deletions":1}}},{"hash":"d942f7703f1c457a9eb61e9150293cb2a177cad5","isMergeCommit":false,"messageTitle":"add test edits","messageBody":"","fileTypesAndContributionMap":{"test-code":{"insertions":25,"deletions":7}}},{"hash":"8c2be605ec4eee179e03f8cb2e40cc39f929ef66","isMergeCommit":true,"messageTitle":"Merge branch \u0027master\u0027 of https://github.com/AY2425S2-CS2103T-W12-2/tp into add-alpha-bug-edits","messageBody":"","fileTypesAndContributionMap":{}},{"hash":"bf394ad0fcb6897af9c28393ddd6479c31eef59a","isMergeCommit":false,"messageTitle":"add bug corrections and refine edge case","messageBody":"","fileTypesAndContributionMap":{"functional-code":{"insertions":20,"deletions":11},"test-code":{"insertions":0,"deletions":1}}},{"hash":"661a197f59a8fa2aec56f74091c373971acbd657","isMergeCommit":false,"messageTitle":"add tests","messageBody":"","fileTypesAndContributionMap":{"test-code":{"insertions":8,"deletions":0}}},{"hash":"844489ba93c9beedecf48f20193d2c21d255f75d","isMergeCommit":false,"messageTitle":"add tag test edits","messageBody":"","fileTypesAndContributionMap":{"test-code":{"insertions":17,"deletions":0}}},{"hash":"76363739c2ee3cfdcf1ed89fd4a699300390633e","isMergeCommit":true,"messageTitle":"Merge branch \u0027master\u0027 of https://github.com/AY2425S2-CS2103T-W12-2/tp into add-ug-dg-edits","messageBody":"","fileTypesAndContributionMap":{}}]},{"date":"2025-04-04T00:00:00","commitResults":[{"hash":"9760d2df9fb0ed1815fac955a36aef772c08d490","isMergeCommit":false,"messageTitle":"add UG and DG edits","messageBody":"","fileTypesAndContributionMap":{"functional-code":{"insertions":2,"deletions":2},"docs":{"insertions":10,"deletions":7}}},{"hash":"dbede532729e46c65492690938b58937f3d16656","isMergeCommit":false,"messageTitle":"add minor edits","messageBody":"","fileTypesAndContributionMap":{"test-code":{"insertions":0,"deletions":25}}},{"hash":"dbf39a07fc24cb0748161202e457b2a98e64f0a1","isMergeCommit":true,"messageTitle":"Merge pull request #142 from curiousfun88/add-ug-dg-edits","messageBody":"Update UG and error message of Phone","fileTypesAndContributionMap":{}},{"hash":"2dc10f20bad03ce63a92070f724a8c2f0e58efab","isMergeCommit":true,"messageTitle":"Merge pull request #150 from curiousfun88/add-alpha-bug-edits","messageBody":"Allow phone field to accommodate whitespaces and correct edge cases ","fileTypesAndContributionMap":{}}]}],"sciphi-123":[{"date":"2025-03-05T00:00:00","commitResults":[{"hash":"e238c39aef5f98b0f0a74ac45b35e8d4615dd3cc","isMergeCommit":false,"messageTitle":"Add details to AboutUs","messageBody":"","fileTypesAndContributionMap":{"docs":{"insertions":4,"deletions":4}}}]},{"date":"2025-03-06T00:00:00","commitResults":[{"hash":"29d694b4f94330ca8652cfed0ca9747e58ddaa59","isMergeCommit":true,"messageTitle":"Merge pull request #12 from sciphi-123/update-aboutus-page","messageBody":"Update AboutUs page","fileTypesAndContributionMap":{}}]},{"date":"2025-03-11T00:00:00","commitResults":[{"hash":"efd4f3e80a3e54c021ab248a111a426dcdc435e6","isMergeCommit":false,"messageTitle":"Add use cases to DG","messageBody":"","fileTypesAndContributionMap":{"docs":{"insertions":57,"deletions":23}}}]},{"date":"2025-03-18T00:00:00","commitResults":[{"hash":"67640461a82830207e0db44310e14b884931a31f","isMergeCommit":false,"messageTitle":"Customise codebase","messageBody":"","fileTypesAndContributionMap":{"functional-code":{"insertions":584,"deletions":2},"test-code":{"insertions":687,"deletions":1}}},{"hash":"c2806fd848c1d62a3b8c118a3b3e46ce3a26c7ba","isMergeCommit":false,"messageTitle":"Make minor edits","messageBody":"","fileTypesAndContributionMap":{"functional-code":{"insertions":2,"deletions":2},"test-code":{"insertions":50,"deletions":50}}},{"hash":"dffacfecffb38e6fea8e08339d366c851f452f76","isMergeCommit":false,"messageTitle":"Add checkstyle edits","messageBody":"","fileTypesAndContributionMap":{"functional-code":{"insertions":53,"deletions":4},"other":{"insertions":2,"deletions":2},"test-code":{"insertions":10,"deletions":8}}},{"hash":"307eb91a3832f3845dea7ba1c44c329e54f52b6e","isMergeCommit":true,"messageTitle":"Merge pull request #54 from sciphi-123/customise-codebase","messageBody":"Customise codebase","fileTypesAndContributionMap":{}}]},{"date":"2025-03-19T00:00:00","commitResults":[{"hash":"3115d425e9cb3660327eb37f02268c147128044f","isMergeCommit":false,"messageTitle":"Add edits","messageBody":"","fileTypesAndContributionMap":{"other":{"insertions":39,"deletions":39}}},{"hash":"9492d41c981e01e85f9a684c6f8c846b1a9207f2","isMergeCommit":false,"messageTitle":"Add edits","messageBody":"","fileTypesAndContributionMap":{"functional-code":{"insertions":5,"deletions":5},"test-code":{"insertions":11,"deletions":10}}},{"hash":"0338ec9d4e25f2785ce8815a674695523750bcf0","isMergeCommit":true,"messageTitle":"Merge branch \u0027master\u0027 of https://github.com/AY2425S2-CS2103T-W12-2/tp into add-client-command","messageBody":"","fileTypesAndContributionMap":{}},{"hash":"e3fd1229cc73ccebc460fde262d2debfe85e856a","isMergeCommit":false,"messageTitle":"Add minor updates","messageBody":"","fileTypesAndContributionMap":{"functional-code":{"insertions":5,"deletions":5}}},{"hash":"ac0e5388092d1247522cd396f0dcad9ff634ad26","isMergeCommit":true,"messageTitle":"Merge pull request #61 from sciphi-123/add-client-command","messageBody":"Add client command","fileTypesAndContributionMap":{}}]},{"date":"2025-03-20T00:00:00","commitResults":[{"hash":"b5a50719ab522b45f1ea1001230589d677f026e4","isMergeCommit":true,"messageTitle":"Merge pull request #63 from curiousfun88/customise-v2","messageBody":"Customise-codebase-v2 (Change Person to Client) ","fileTypesAndContributionMap":{}},{"hash":"3589d5086f8ae8899b1e5357483be7f397b886a5","isMergeCommit":false,"messageTitle":"Make some changes to UI","messageBody":"","fileTypesAndContributionMap":{"functional-code":{"insertions":5,"deletions":5}}},{"hash":"c9671a03c0a470b2d18fdb55b4c9458b361e01cd","isMergeCommit":false,"messageTitle":"Make minor edits","messageBody":"","fileTypesAndContributionMap":{"functional-code":{"insertions":5,"deletions":5}}},{"hash":"a6c1f8edeb741107606ec1964f96acd4544d29fa","isMergeCommit":false,"messageTitle":"Edit message for list command","messageBody":"","fileTypesAndContributionMap":{"functional-code":{"insertions":1,"deletions":1}}},{"hash":"d4bbd49fb4a1eaaaeaf95d87441f90f346f13dae","isMergeCommit":false,"messageTitle":"Make text edits","messageBody":"","fileTypesAndContributionMap":{"functional-code":{"insertions":5,"deletions":5}}},{"hash":"840b1e984d86e416320df7a684a396d80c8e3db2","isMergeCommit":false,"messageTitle":"Make slight edits","messageBody":"","fileTypesAndContributionMap":{"test-code":{"insertions":9,"deletions":9}}},{"hash":"696b1b64301d4e6e347e924818627be09435fae0","isMergeCommit":false,"messageTitle":"Make some small changes","messageBody":"","fileTypesAndContributionMap":{"functional-code":{"insertions":38,"deletions":38}}},{"hash":"abd064c520b126b6ad861f28e0f1d0a7fc604fa9","isMergeCommit":true,"messageTitle":"Merge pull request #64 from sciphi-123/customise-v3","messageBody":"Make some changes to UI","fileTypesAndContributionMap":{}}]},{"date":"2025-03-26T00:00:00","commitResults":[{"hash":"a59049b5cbdd9d3a8ea569e1e384b3ea67ee77e4","isMergeCommit":true,"messageTitle":"Merge pull request #71 from Sean-G-Han/update-find-to-find-tags","messageBody":"Add improved find commands","fileTypesAndContributionMap":{}},{"hash":"fe3962843f967f6116686bc3c0e593c7da3a852d","isMergeCommit":true,"messageTitle":"Merge pull request #73 from Sean-G-Han/refactor-prioirty-tag","messageBody":"Refactor priority tag","fileTypesAndContributionMap":{}}]},{"date":"2025-03-27T00:00:00","commitResults":[{"hash":"201502231d0c03cd698ad5514ba2d00160a6ab5e","isMergeCommit":false,"messageTitle":"Add policy command","messageBody":"","fileTypesAndContributionMap":{"functional-code":{"insertions":176,"deletions":16},"test-code":{"insertions":214,"deletions":0}}},{"hash":"944d07913089aabb9291bd863f514bf4ea63175c","isMergeCommit":false,"messageTitle":"Make small edit","messageBody":"","fileTypesAndContributionMap":{"test-code":{"insertions":18,"deletions":1}}},{"hash":"a17719d83251e9a27878d6c8a62dd0a8396bc741","isMergeCommit":false,"messageTitle":"Add test case for AddPolicyCommand","messageBody":"","fileTypesAndContributionMap":{"functional-code":{"insertions":3,"deletions":2},"test-code":{"insertions":12,"deletions":0}}},{"hash":"14c4a9da2aa0b88b8ddf2b150392be02014182c2","isMergeCommit":false,"messageTitle":"Make minor edits","messageBody":"","fileTypesAndContributionMap":{"functional-code":{"insertions":6,"deletions":4}}},{"hash":"8a4346c9ee240958eddfb75b6822fd7fe1010d57","isMergeCommit":false,"messageTitle":"Make slight edit to sample","messageBody":"","fileTypesAndContributionMap":{"functional-code":{"insertions":0,"deletions":3}}},{"hash":"206eb091374b2b70f5694363ec3800de2dd30a1c","isMergeCommit":false,"messageTitle":"Make minor edit to sample","messageBody":"","fileTypesAndContributionMap":{"functional-code":{"insertions":1,"deletions":7}}}]},{"date":"2025-03-31T00:00:00","commitResults":[{"hash":"432678def029ebafb27057a7001ae3e7796aaa92","isMergeCommit":false,"messageTitle":"Make some UML edits","messageBody":"","fileTypesAndContributionMap":{"docs":{"insertions":28,"deletions":28}}},{"hash":"94d5cad21661a599f096fa985d8f00d22daa35c5","isMergeCommit":true,"messageTitle":"Merge pull request #95 from sciphi-123/update_dg-make-minor-uml-edits","messageBody":"Make some UML edits","fileTypesAndContributionMap":{}}]},{"date":"2025-04-01T00:00:00","commitResults":[{"hash":"78520bdd5e2de778895b04d7a1f90c97780a691a","isMergeCommit":false,"messageTitle":"Edit Name class and other minor changes","messageBody":"","fileTypesAndContributionMap":{"functional-code":{"insertions":82,"deletions":20},"test-code":{"insertions":49,"deletions":56}}},{"hash":"92f0ea7d66c673a4e51cce053110674520923762","isMergeCommit":false,"messageTitle":"Add further edits to Name class","messageBody":"","fileTypesAndContributionMap":{"functional-code":{"insertions":2,"deletions":3},"test-code":{"insertions":45,"deletions":3}}},{"hash":"a114a54406d44dbe70d0228e722e23f6bdaa8418","isMergeCommit":false,"messageTitle":"Make more edits to Name class","messageBody":"","fileTypesAndContributionMap":{"functional-code":{"insertions":2,"deletions":2},"test-code":{"insertions":11,"deletions":65}}},{"hash":"a9326263a4c880a2cf13cdd01e285568cdde1ee4","isMergeCommit":false,"messageTitle":"Edit Name and add test cases","messageBody":"","fileTypesAndContributionMap":{"functional-code":{"insertions":5,"deletions":58},"test-code":{"insertions":38,"deletions":0}}},{"hash":"69d628ff4f4c724f25446235748c3901e9ec7796","isMergeCommit":false,"messageTitle":"Modify test cases","messageBody":"","fileTypesAndContributionMap":{"test-code":{"insertions":14,"deletions":43}}},{"hash":"5b259fd918b9392aea7279372058a3c73410cfa7","isMergeCommit":true,"messageTitle":"Merge pull request #101 from sciphi-123/add-alpha-bug-edits","messageBody":"Add alpha bug edits","fileTypesAndContributionMap":{}},{"hash":"24d24c43e7809b3fa3379ba16ceabaf9b9c6dd22","isMergeCommit":false,"messageTitle":"Edit Phone class","messageBody":"","fileTypesAndContributionMap":{"functional-code":{"insertions":23,"deletions":6},"test-code":{"insertions":22,"deletions":1}}},{"hash":"9a71c6788c6fc459ae0b1ac197e7f3c38cbe00b4","isMergeCommit":false,"messageTitle":"Edit Address class","messageBody":"","fileTypesAndContributionMap":{"functional-code":{"insertions":10,"deletions":3},"test-code":{"insertions":28,"deletions":0}}},{"hash":"34e181337bf789c0df1e7b8b343c748ccc8c77bf","isMergeCommit":true,"messageTitle":"Merge branch \u0027master\u0027 of https://github.com/AY2425S2-CS2103T-W12-2/tp into add-alpha-bug-edits","messageBody":"","fileTypesAndContributionMap":{}},{"hash":"879f22adaf7f596dcbff6c685c0c0599c7c88895","isMergeCommit":false,"messageTitle":"Edit AddPolicyCommand","messageBody":"","fileTypesAndContributionMap":{"functional-code":{"insertions":20,"deletions":5},"test-code":{"insertions":50,"deletions":1}}},{"hash":"91472afc2dcd5181c75ac2a7a366139db166c431","isMergeCommit":false,"messageTitle":"Edit AddClient and make further minor edits","messageBody":"","fileTypesAndContributionMap":{"functional-code":{"insertions":13,"deletions":3},"test-code":{"insertions":1,"deletions":1}}},{"hash":"a10de22d2390093156eca5e3d50dfeabc703f5d4","isMergeCommit":false,"messageTitle":"Add test cases","messageBody":"","fileTypesAndContributionMap":{"functional-code":{"insertions":1,"deletions":0},"test-code":{"insertions":15,"deletions":2}}},{"hash":"a2a3755e9dad9f6de009f978cd944840b4786a00","isMergeCommit":true,"messageTitle":"Merge pull request #119 from sciphi-123/add-alpha-bug-edits","messageBody":"Make further edits to several classes","fileTypesAndContributionMap":{}}]},{"date":"2025-04-02T00:00:00","commitResults":[{"hash":"2e80112a213e0dba92b2aad96fe417e5be55d2e8","isMergeCommit":true,"messageTitle":"Merge pull request #121 from Sean-G-Han/allow-for-optional-phone-and-emails","messageBody":"Add optional phone and emails","fileTypesAndContributionMap":{}},{"hash":"60ca4aeb64ba446899ea74be7b65afe7df218703","isMergeCommit":false,"messageTitle":"Create error message template","messageBody":"","fileTypesAndContributionMap":{"functional-code":{"insertions":5,"deletions":3},"test-code":{"insertions":9,"deletions":4}}},{"hash":"68d3c33746533b61b4a435c19efc25927243ff91","isMergeCommit":true,"messageTitle":"Merge pull request #129 from sciphi-123/add-alpha-bug-edits","messageBody":"Create error message template","fileTypesAndContributionMap":{}},{"hash":"0492f0a76afda95c70d163b4c30650edd3e371f2","isMergeCommit":false,"messageTitle":"Add new message for missing field","messageBody":"","fileTypesAndContributionMap":{"functional-code":{"insertions":13,"deletions":4},"test-code":{"insertions":5,"deletions":4}}},{"hash":"0c71c7e4a7fa824f720478e41228ae694e759f7b","isMergeCommit":false,"messageTitle":"Make minor edit","messageBody":"","fileTypesAndContributionMap":{"functional-code":{"insertions":1,"deletions":1}}},{"hash":"354016a67fa94aa12ed3f6d3b289c241aa15d376","isMergeCommit":true,"messageTitle":"Merge pull request #131 from curiousfun88/add-ug-dg-edits","messageBody":"Add UG DG updates","fileTypesAndContributionMap":{}}]},{"date":"2025-04-03T00:00:00","commitResults":[{"hash":"23ffa2e4f126306e26aef07782f8279ad4eb187a","isMergeCommit":false,"messageTitle":"Edit error messages and fields","messageBody":"","fileTypesAndContributionMap":{"functional-code":{"insertions":99,"deletions":28},"test-code":{"insertions":0,"deletions":1}}},{"hash":"bdf12bba12c85649c7b4292419f17e6fd99688f2","isMergeCommit":false,"messageTitle":"Edit allowable fields and error messages","messageBody":"","fileTypesAndContributionMap":{"functional-code":{"insertions":101,"deletions":53},"test-code":{"insertions":29,"deletions":11}}},{"hash":"13aca1f2fa6eb9d535c946144aac299517561a28","isMergeCommit":false,"messageTitle":"Add further edits to error messages","messageBody":"","fileTypesAndContributionMap":{"functional-code":{"insertions":45,"deletions":30},"test-code":{"insertions":43,"deletions":48}}},{"hash":"feb491cb75e92ba54c03c0c02e017e054eb00ec4","isMergeCommit":true,"messageTitle":"Merge pull request #143 from sciphi-123/add-alpha-bug-edits","messageBody":"Edit error messages and fields","fileTypesAndContributionMap":{}},{"hash":"bafc239cfc68017017b5c39e5d2731f2719d9b50","isMergeCommit":false,"messageTitle":"Add edits to UG","messageBody":"","fileTypesAndContributionMap":{"functional-code":{"insertions":2,"deletions":2},"docs":{"insertions":134,"deletions":68}}},{"hash":"7bd8ae9954230de91674440296564c7ed1f0ead9","isMergeCommit":false,"messageTitle":"Make minor edits","messageBody":"","fileTypesAndContributionMap":{"functional-code":{"insertions":8,"deletions":5},"docs":{"insertions":24,"deletions":18}}},{"hash":"46b69b1fb16329b6aa003259ee51adb72efbcc79","isMergeCommit":false,"messageTitle":"Add test case","messageBody":"","fileTypesAndContributionMap":{"test-code":{"insertions":10,"deletions":4}}},{"hash":"00f1ccb1b6f800cefbc3755c5d083618aa9ba134","isMergeCommit":true,"messageTitle":"Merge pull request #147 from sciphi-123/master","messageBody":"Make UG edits","fileTypesAndContributionMap":{}}]},{"date":"2025-04-04T00:00:00","commitResults":[{"hash":"e8c3121b08cfd17339f563c3e85d5e455110b7a8","isMergeCommit":false,"messageTitle":"Add minor edits to error messages","messageBody":"","fileTypesAndContributionMap":{"functional-code":{"insertions":8,"deletions":3},"test-code":{"insertions":1,"deletions":1}}},{"hash":"9ff1229cdf6817332ce0031db6cc4b476b635708","isMergeCommit":false,"messageTitle":"Make some edits to UG","messageBody":"","fileTypesAndContributionMap":{"functional-code":{"insertions":1,"deletions":1},"docs":{"insertions":17,"deletions":5},"test-code":{"insertions":2,"deletions":1}}},{"hash":"6aeba9578d698ff9205a92ce5a703fdd883446ac","isMergeCommit":true,"messageTitle":"Merge pull request #157 from sciphi-123/add-alpha-bug-edits","messageBody":"Add minor edits to error messages","fileTypesAndContributionMap":{}},{"hash":"ed42aef06438a85af2ff3b844e005bcebb53606d","isMergeCommit":false,"messageTitle":"Add minor edits to UG","messageBody":"","fileTypesAndContributionMap":{"docs":{"insertions":4,"deletions":8}}},{"hash":"9f5cf4779fc567e70ffacc5d52cf3ac9c8da24cf","isMergeCommit":false,"messageTitle":"Make some UG edits","messageBody":"","fileTypesAndContributionMap":{"docs":{"insertions":2,"deletions":2}}},{"hash":"fd7bb1cc5da53f38be5e1de31a6549308c8d7cf2","isMergeCommit":true,"messageTitle":"Merge pull request #158 from sciphi-123/add-alpha-bug-edits","messageBody":"Add minor edits to UG","fileTypesAndContributionMap":{}}]}],"J4Joshua":[{"date":"2025-03-06T00:00:00","commitResults":[{"hash":"e8ab2e4510db8f342fb787484d98c147070b3188","isMergeCommit":false,"messageTitle":"add joshua\u0027s aboutme and photo","messageBody":"","fileTypesAndContributionMap":{"docs":{"insertions":48,"deletions":2}}},{"hash":"77fb3da26556fb664e58e95e09f0a9a2b69eb698","isMergeCommit":true,"messageTitle":"Merge pull request #37 from J4Joshua/branch-profile","messageBody":"Update Aboutus page for Joshua","fileTypesAndContributionMap":{}}]},{"date":"2025-03-20T00:00:00","commitResults":[{"hash":"8a61e1cbc4f9385b3f7ecdd4f07db0df9bdf352d","isMergeCommit":false,"messageTitle":"add update command","messageBody":"","fileTypesAndContributionMap":{"functional-code":{"insertions":150,"deletions":0}}},{"hash":"eaabb4b9d3c707090b20bf1ac0b89ce08958a7ca","isMergeCommit":false,"messageTitle":"update AboutUs","messageBody":"","fileTypesAndContributionMap":{"docs":{"insertions":1,"deletions":1}}},{"hash":"063a48383108c2d2788b135c01e895b3e04504a4","isMergeCommit":false,"messageTitle":"fix checkstyle","messageBody":"","fileTypesAndContributionMap":{"functional-code":{"insertions":7,"deletions":10}}},{"hash":"af8295ce6c83e5eb456161866dbf58f8fc1f958f","isMergeCommit":false,"messageTitle":"Add tests","messageBody":"","fileTypesAndContributionMap":{"test-code":{"insertions":249,"deletions":0}}},{"hash":"b57f6f342170d00cfb8efa3f18541e6390d8d0bd","isMergeCommit":false,"messageTitle":"Add tests","messageBody":"","fileTypesAndContributionMap":{"test-code":{"insertions":74,"deletions":0}}},{"hash":"3ad303d5a963a3f5a4912d490f7cea758322e7ed","isMergeCommit":true,"messageTitle":"Merge pull request #68 from J4Joshua/master","messageBody":"Add Update Command","fileTypesAndContributionMap":{}}]},{"date":"2025-03-24T00:00:00","commitResults":[{"hash":"093177a9f0231a58cdf94ab6d0f51a761fee7bd9","isMergeCommit":false,"messageTitle":"fix update","messageBody":"","fileTypesAndContributionMap":{"functional-code":{"insertions":4,"deletions":9}}},{"hash":"371af9010d65b23c410cbf5607a3d0369321f9b0","isMergeCommit":false,"messageTitle":"fix update","messageBody":"","fileTypesAndContributionMap":{"functional-code":{"insertions":4,"deletions":4},"test-code":{"insertions":1,"deletions":4}}},{"hash":"317d1f0af5bf2fd1ac083cf2a934842516fd68ec","isMergeCommit":true,"messageTitle":"Merge pull request #75 from J4Joshua/master","messageBody":"fix update","fileTypesAndContributionMap":{}}]},{"date":"2025-03-27T00:00:00","commitResults":[{"hash":"66d3b25e59c0564aa1b3f7c04df362d98d949eb8","isMergeCommit":false,"messageTitle":"fix phonelength","messageBody":"","fileTypesAndContributionMap":{"functional-code":{"insertions":1,"deletions":1},"test-code":{"insertions":2,"deletions":1}}},{"hash":"ca17e0af496473e20a09283ceaf31fee085a0c7f","isMergeCommit":false,"messageTitle":"fix","messageBody":"","fileTypesAndContributionMap":{"functional-code":{"insertions":1,"deletions":1}}},{"hash":"1f83b547086d2956cdfd0a8c787f926ca3686537","isMergeCommit":true,"messageTitle":"Merge pull request #93 from J4Joshua/branch-fix-phonelength","messageBody":"fix bug - made maximum phone length 13","tags":["v1.4"],"fileTypesAndContributionMap":{}}]},{"date":"2025-04-01T00:00:00","commitResults":[{"hash":"ce341abb0ff7d203e3168cabdb374196c862b071","isMergeCommit":false,"messageTitle":"uml","messageBody":"","fileTypesAndContributionMap":{"docs":{"insertions":38,"deletions":0}}},{"hash":"262c28c3dbb93e4c687e005ac3d932277838211d","isMergeCommit":false,"messageTitle":"add uml","messageBody":"","fileTypesAndContributionMap":{"docs":{"insertions":26,"deletions":12}}},{"hash":"2ba8be2bc21f07f77fcceac1ed788b800f1b63c3","isMergeCommit":false,"messageTitle":"add uml dg","messageBody":"","fileTypesAndContributionMap":{"docs":{"insertions":20,"deletions":0}}},{"hash":"d19790721cb08747fdb32e724490a737e209373b","isMergeCommit":false,"messageTitle":"fix error","messageBody":"","fileTypesAndContributionMap":{"docs":{"insertions":13,"deletions":13}}}]},{"date":"2025-04-02T00:00:00","commitResults":[{"hash":"768e4ea7102ee108d180ef6b111e0ea36fc6da6a","isMergeCommit":false,"messageTitle":"add sortpriority","messageBody":"","fileTypesAndContributionMap":{"functional-code":{"insertions":51,"deletions":1},"test-code":{"insertions":48,"deletions":1}}},{"hash":"078977811d63d5aa2cf59fa5cd70c18af2e275ac","isMergeCommit":false,"messageTitle":"add uml","messageBody":"","fileTypesAndContributionMap":{"docs":{"insertions":15,"deletions":8}}},{"hash":"3828bc6766ee82d1dd66e481c0e4e4f4c17b94d5","isMergeCommit":false,"messageTitle":"add uml","messageBody":"","fileTypesAndContributionMap":{"docs":{"insertions":1,"deletions":1}}},{"hash":"9d18d0dd1ebe81e9c6df7c45dc8847f5d4e1f2ba","isMergeCommit":true,"messageTitle":"Merge pull request #122 from J4Joshua/branch-new-sortpriority","messageBody":"Add sortpriority command","fileTypesAndContributionMap":{}},{"hash":"881b8c8e55927adea850272e5038bd4e340f5399","isMergeCommit":true,"messageTitle":"Merge pull request #118 from J4Joshua/branch-uml","messageBody":"Add uml and dg for SortPriority","fileTypesAndContributionMap":{}}]},{"date":"2025-04-03T00:00:00","commitResults":[{"hash":"ba6092eacfeeeab312515b0e1afd1fe8057f909b","isMergeCommit":false,"messageTitle":"fix update","messageBody":"","fileTypesAndContributionMap":{"functional-code":{"insertions":101,"deletions":48},"docs":{"insertions":50,"deletions":2},"test-code":{"insertions":57,"deletions":13}}},{"hash":"322f68eee8fbf30ae9b5630dd987fa3cfa5719ba","isMergeCommit":false,"messageTitle":"fix checkstyle","messageBody":"","fileTypesAndContributionMap":{"functional-code":{"insertions":4,"deletions":3},"test-code":{"insertions":15,"deletions":15}}},{"hash":"eb5c35914d37ae79958fb39465528db69f133c39","isMergeCommit":false,"messageTitle":"fix tests","messageBody":"","fileTypesAndContributionMap":{"test-code":{"insertions":96,"deletions":62}}},{"hash":"56ab3123b863647728ab073b853cdaac0866da3c","isMergeCommit":false,"messageTitle":"add more tests","messageBody":"","fileTypesAndContributionMap":{"test-code":{"insertions":99,"deletions":0}}},{"hash":"5ac6f2d61b8ac82d869d67fe0a30085b011e5d07","isMergeCommit":true,"messageTitle":"Merge pull request #144 from J4Joshua/branch-update-fix","messageBody":"fix update command to allow only certain fields","fileTypesAndContributionMap":{}}]},{"date":"2025-04-04T00:00:00","commitResults":[{"hash":"e9052e84e6b9f01f711f0f79ed9cabb20b1b6da4","isMergeCommit":false,"messageTitle":"fix edit","messageBody":"","fileTypesAndContributionMap":{"functional-code":{"insertions":10,"deletions":36},"test-code":{"insertions":90,"deletions":73}}},{"hash":"5fc60ebf1ed7059d4d7b05685b969bfc6260dbf9","isMergeCommit":false,"messageTitle":"fix guides","messageBody":"","fileTypesAndContributionMap":{"docs":{"insertions":7,"deletions":9}}},{"hash":"36ef756099d95e1a2686b07353cd5e25218e008d","isMergeCommit":false,"messageTitle":"fix guides","messageBody":"","fileTypesAndContributionMap":{"docs":{"insertions":14,"deletions":0}}},{"hash":"9472bf9837d73e7d9c788ff1ae05927cec417f63","isMergeCommit":true,"messageTitle":"Merge branch \u0027master\u0027 into branch-edit-fix","messageBody":"","fileTypesAndContributionMap":{}},{"hash":"f26280dc329021cb1a0ab0a9e9a92c7413279022","isMergeCommit":true,"messageTitle":"Merge pull request #152 from J4Joshua/branch-edit-fix","messageBody":"fix edit command","fileTypesAndContributionMap":{}}]}],"FooNicholas":[{"date":"2025-03-06T00:00:00","commitResults":[{"hash":"a033de16db627ab94864fc56756799ef06e83c4e","isMergeCommit":false,"messageTitle":"Update AboutUs page for Nicholas","messageBody":"","fileTypesAndContributionMap":{"docs":{"insertions":50,"deletions":4}}},{"hash":"79e485eebf62b8c4d36d3a2ed9fb0ea34799a95e","isMergeCommit":true,"messageTitle":"Merge pull request #32 from FooNicholas/branch-AboutUs","messageBody":"Update AboutUs page for Nicholas","fileTypesAndContributionMap":{}}]},{"date":"2025-03-13T00:00:00","commitResults":[{"hash":"e4d8bf5bb4f1b828402d8ec5e9832d88436ddcbb","isMergeCommit":false,"messageTitle":"Add Glossary to DG","messageBody":"","fileTypesAndContributionMap":{"docs":{"insertions":17,"deletions":2}}},{"hash":"449b159ea2f0beda9ff636b8972abc84ec334c21","isMergeCommit":true,"messageTitle":"Merge pull request #46 from FooNicholas/Glossary-DG","messageBody":"Add Glossary to DG","fileTypesAndContributionMap":{}}]},{"date":"2025-03-20T00:00:00","commitResults":[{"hash":"c11f50245ae4cf0d0c5933896f66802b95e159aa","isMergeCommit":false,"messageTitle":"Add and Refactor for FindClientCommand","messageBody":"","fileTypesAndContributionMap":{"functional-code":{"insertions":3,"deletions":3},"other":{"insertions":33,"deletions":32},"docs":{"insertions":1,"deletions":1},"test-code":{"insertions":4,"deletions":4}}},{"hash":"a5f5d4dac6c09889b8d9af3cbec056d95d04387d","isMergeCommit":false,"messageTitle":"Edit UserGuide for Refactored Commands","messageBody":"","fileTypesAndContributionMap":{"docs":{"insertions":18,"deletions":18}}},{"hash":"b58a08a2a493378c05a315ea4522972c28be8ed6","isMergeCommit":true,"messageTitle":"Merge pull request #67 from FooNicholas/branch-FindClientCommand","messageBody":"Merge Branch-FindClientCommand","fileTypesAndContributionMap":{}}]},{"date":"2025-03-27T00:00:00","commitResults":[{"hash":"5b25abcd6da548710bd0323d33df0929bf549f15","isMergeCommit":false,"messageTitle":"Add Sort Client Feature","messageBody":"","fileTypesAndContributionMap":{"functional-code":{"insertions":50,"deletions":0},"test-code":{"insertions":62,"deletions":0}}},{"hash":"5cf992f0a64aa367b4ce82425e07d07cd3f7c20f","isMergeCommit":false,"messageTitle":"Update SortCommand.java","messageBody":"","fileTypesAndContributionMap":{"functional-code":{"insertions":2,"deletions":2}}},{"hash":"cd47c965856517c9c8f19eaec92cbfad014d28ab","isMergeCommit":true,"messageTitle":"Resolve Merge Conflict with Add Policy Command","messageBody":"","fileTypesAndContributionMap":{}},{"hash":"13191a0de878bbbb766dd71d732ad49c4e4567ed","isMergeCommit":false,"messageTitle":"Add minor documentation and message fix","messageBody":"","fileTypesAndContributionMap":{"functional-code":{"insertions":2,"deletions":2}}},{"hash":"151068be66c0de0659722ccc12f81c1915bd3768","isMergeCommit":true,"messageTitle":"Update local branch with Github PR edit","messageBody":"Fast forward local branch to remote\n","fileTypesAndContributionMap":{}},{"hash":"33f4855d0484ca9824a4fe75c3482a045ee5f8d4","isMergeCommit":true,"messageTitle":"Merge pull request #89 from FooNicholas/branch-SortCommand","messageBody":"Add Sort Client Feature","fileTypesAndContributionMap":{}}]},{"date":"2025-04-01T00:00:00","commitResults":[{"hash":"96561b487721ce2d21631336e4a27ceb2384b819","isMergeCommit":false,"messageTitle":"Add SortSequenceDiagram UML","messageBody":"","fileTypesAndContributionMap":{"docs":{"insertions":53,"deletions":0}}},{"hash":"31589b0f3447557208c25a65cdfc5fd560c1bf6d","isMergeCommit":true,"messageTitle":"Merge pull request #99 from FooNicholas/SortSequenceDiagram","messageBody":"Add SortSequenceDiagram UML","fileTypesAndContributionMap":{}}]},{"date":"2025-04-02T00:00:00","commitResults":[{"hash":"9cd7124588905a9ea96ad0aff283adcb0d061ec5","isMergeCommit":false,"messageTitle":"Change URL for help command","messageBody":"","fileTypesAndContributionMap":{"functional-code":{"insertions":1,"deletions":1}}},{"hash":"44c87a964c1adf3e3269ad834d8a558c52d93a23","isMergeCommit":false,"messageTitle":"Add mutiple client deletion to DeleteClient Command","messageBody":"","fileTypesAndContributionMap":{"functional-code":{"insertions":56,"deletions":18},"docs":{"insertions":83,"deletions":75},"test-code":{"insertions":72,"deletions":21}}},{"hash":"05a8dbb393c59eca64908de0d1f47f41e163f9dc","isMergeCommit":true,"messageTitle":"Merge pull request #133 from FooNicholas/branch-HelpBugfix","messageBody":"Change URL for Help Command","fileTypesAndContributionMap":{}},{"hash":"5fec54737dce1f4719bcfde2c2094e0ecaff6f0d","isMergeCommit":true,"messageTitle":"Update branch-DeleteCommandMultiple with master changes","messageBody":"","fileTypesAndContributionMap":{}},{"hash":"bc2fcfcac0d4888b19f2485b2732b315fcff0a77","isMergeCommit":false,"messageTitle":"Add changes to UG regarding multiple deletions","messageBody":"","fileTypesAndContributionMap":{"docs":{"insertions":13,"deletions":13}}}]},{"date":"2025-04-03T00:00:00","commitResults":[{"hash":"f78668c4891d6ad21ccd428c019226733838bab4","isMergeCommit":false,"messageTitle":"Seperate DeleteClient and DeleteClientMult commands","messageBody":"","fileTypesAndContributionMap":{"functional-code":{"insertions":158,"deletions":56},"docs":{"insertions":36,"deletions":24},"test-code":{"insertions":242,"deletions":72}}},{"hash":"0bc0d4f8094625326cd584a7190e2a72b9f19f4c","isMergeCommit":false,"messageTitle":"Add parameter seperator for user error prevention","messageBody":"","fileTypesAndContributionMap":{"functional-code":{"insertions":21,"deletions":19},"docs":{"insertions":21,"deletions":21},"test-code":{"insertions":15,"deletions":7}}},{"hash":"1b1a22a563a5c7a40b74b8c545b24326ab1c7617","isMergeCommit":true,"messageTitle":"Update branch-DeleteCommandMultiple with master updates","messageBody":"","fileTypesAndContributionMap":{}},{"hash":"08fb143e6e2a91202c804190bcafaf7374f37cc4","isMergeCommit":false,"messageTitle":"Add updates to commands on UserGuide","messageBody":"","fileTypesAndContributionMap":{"docs":{"insertions":31,"deletions":31}}},{"hash":"b8652cfc7fccf3e3d7d0bf29315934ed0dea538a","isMergeCommit":true,"messageTitle":"Update branch-DeleteCommandMultiple with master UG changes","messageBody":"","fileTypesAndContributionMap":{}},{"hash":"5efad7d5c3446b54e2262d5cf3f88525bf08be08","isMergeCommit":false,"messageTitle":"Add minor edits to UG and DG","messageBody":"","fileTypesAndContributionMap":{"docs":{"insertions":721,"deletions":661}}},{"hash":"80d0b8370e3f6df514816d896231b02321ed4641","isMergeCommit":false,"messageTitle":"Change line endings to UNIX","messageBody":"","fileTypesAndContributionMap":{"docs":{"insertions":610,"deletions":610}}},{"hash":"fb693586ddcc617ef75a677129131c1f6e4fbb75","isMergeCommit":true,"messageTitle":"Merge pull request #134 from FooNicholas/branch-DeleteCommandMultiple","messageBody":"Merge branch delete multiple client command","tags":["v1.5"],"fileTypesAndContributionMap":{}}]}],"Sean-G-Han":[{"date":"2025-03-06T00:00:00","commitResults":[{"hash":"3326f70bde7f6ee1f63be1f697d781ae5e298439","isMergeCommit":false,"messageTitle":"Update AboutUs","messageBody":"","fileTypesAndContributionMap":{"docs":{"insertions":50,"deletions":4}}},{"hash":"242955ccae53b77bffddd8116ff377610dc8e92f","isMergeCommit":false,"messageTitle":"Revert \"Update AboutUs\"","messageBody":"This reverts commit 3326f70bde7f6ee1f63be1f697d781ae5e298439.\n","fileTypesAndContributionMap":{"docs":{"insertions":4,"deletions":50}}},{"hash":"39414e9f30e5d107a44ee1ca418a024370129ce8","isMergeCommit":false,"messageTitle":"Update AboutUs page","messageBody":"","fileTypesAndContributionMap":{"docs":{"insertions":3,"deletions":3}}},{"hash":"f782d6535ca931cbc43bf0f3e56f2c6cb390c0c7","isMergeCommit":true,"messageTitle":"Merge pull request #36 from Sean-G-Han/update-aboutus","messageBody":"Update AboutUs page","fileTypesAndContributionMap":{}}]},{"date":"2025-03-09T00:00:00","commitResults":[{"hash":"bd6ec34f1569f1d400d0766c72568ff2fc2c8e84","isMergeCommit":false,"messageTitle":"Add Priority Command","messageBody":"Command currently only prints \"Trial\"\n","fileTypesAndContributionMap":{"functional-code":{"insertions":20,"deletions":9}}},{"hash":"35185c54750a43c789a017c1b0b6f28a4b1db7fe","isMergeCommit":false,"messageTitle":"Update PriorityCommand and AddressBookParser to accept parameters","messageBody":"","fileTypesAndContributionMap":{"functional-code":{"insertions":70,"deletions":3}}},{"hash":"a276f1440d20d7afc33dc32f7038d456885e4848","isMergeCommit":false,"messageTitle":"Fix Check style errors","messageBody":"","fileTypesAndContributionMap":{"functional-code":{"insertions":13,"deletions":6}}},{"hash":"8765dcd6d2d6a973eda5fd56e49c726b7532a9b1","isMergeCommit":false,"messageTitle":"Add new test for PriorityCommandParser and AddressBookParser","messageBody":"","fileTypesAndContributionMap":{"test-code":{"insertions":32,"deletions":0}}},{"hash":"71bea969a77195df89966605740e8b48bf70a374","isMergeCommit":false,"messageTitle":"Implement priority command","messageBody":"","fileTypesAndContributionMap":{"functional-code":{"insertions":55,"deletions":4}}},{"hash":"efc534124075b76d648e8a70d7b95288c6010e60","isMergeCommit":false,"messageTitle":"Update priority command to be able to toggle priority","messageBody":"","fileTypesAndContributionMap":{"functional-code":{"insertions":14,"deletions":4}}},{"hash":"a76a0eede8d0317ad4574d36a4051056fd4bf39b","isMergeCommit":false,"messageTitle":"Add test for Priority Command","messageBody":"Also fixed small bug where VALID_TAG_FRIEND was set to \"friend\" instead of \"friends\"\n","fileTypesAndContributionMap":{"functional-code":{"insertions":2,"deletions":6},"test-code":{"insertions":42,"deletions":1}}},{"hash":"631559104fd8519b480328e53cd24e60c3efc8b8","isMergeCommit":false,"messageTitle":"Fix success message to be more accurate to purpose","messageBody":"","fileTypesAndContributionMap":{"functional-code":{"insertions":1,"deletions":1}}},{"hash":"289d929021ff382dbe3d7140431c3b2a7f134b87","isMergeCommit":false,"messageTitle":"Add extra test cases for CoderCov","messageBody":"","fileTypesAndContributionMap":{"test-code":{"insertions":12,"deletions":0}}},{"hash":"8b67e5d9c59d981a2bbd3036d50a39fb60a844e9","isMergeCommit":false,"messageTitle":"Fix Checkstyle","messageBody":"","fileTypesAndContributionMap":{"test-code":{"insertions":0,"deletions":3}}},{"hash":"5cc46eb2c4e391e2f37ff581d08754a7ae894cc2","isMergeCommit":false,"messageTitle":"Add more test cases for PriorityCommand","messageBody":"","fileTypesAndContributionMap":{"test-code":{"insertions":39,"deletions":1}}}]},{"date":"2025-03-11T00:00:00","commitResults":[{"hash":"50eee474c1009a0cf237322a99df152e20fee59c","isMergeCommit":false,"messageTitle":"Add colour specifically to Priority tag","messageBody":"Also added feature where priority tag always appear first amongst tags\n","fileTypesAndContributionMap":{"functional-code":{"insertions":10,"deletions":2}}}]},{"date":"2025-03-13T00:00:00","commitResults":[{"hash":"e8351139d263e6a46e30dec221793f324cc87540","isMergeCommit":false,"messageTitle":"Update README.md","messageBody":"","fileTypesAndContributionMap":{"docs":{"insertions":14,"deletions":10}}},{"hash":"7acf1be8118f087dd6d1b90640bd6f23897eca59","isMergeCommit":true,"messageTitle":"Merge pull request #42 from sciphi-123/dg-add-use-cases","messageBody":"Add use cases to DG","fileTypesAndContributionMap":{}},{"hash":"88ec6692e53cc63227b41a790582040a429078a3","isMergeCommit":true,"messageTitle":"Merge pull request #34 from curiousfun88/update-dg-v1.1","messageBody":"Add target user profile, value proposition and user stories to DG","fileTypesAndContributionMap":{}},{"hash":"3b8e8117515ea7e039611a003d81bf75e1caf405","isMergeCommit":true,"messageTitle":"Merge pull request #19 from curiousfun88/update-README","messageBody":"Update Build Status Links and acknowledgement information ","fileTypesAndContributionMap":{}},{"hash":"e698a3f3e52c36bc8531fbf6e105b8567964dd9f","isMergeCommit":true,"messageTitle":"Merge pull request #44 from Sean-G-Han/update-project-list-page-task-a4","messageBody":"Update README.me for Task 4","fileTypesAndContributionMap":{}},{"hash":"f780a7735767e3c3c9386d87f99286bec4c449a4","isMergeCommit":false,"messageTitle":"Update site wide settings","messageBody":"","fileTypesAndContributionMap":{"docs":{"insertions":8,"deletions":9}}},{"hash":"4fc4e170a2af8776f8e49e519bb8718780f23486","isMergeCommit":false,"messageTitle":"Fix whitespaces","messageBody":"","fileTypesAndContributionMap":{"docs":{"insertions":7,"deletions":7}}},{"hash":"6d1b59a65cc040d105dc5c1e45848b8e3b1f7f3d","isMergeCommit":true,"messageTitle":"Merge pull request #45 from Sean-G-Han/update-site-wide-settings","messageBody":"Update site wide settings","fileTypesAndContributionMap":{}},{"hash":"e8e20a2b717e71b42371f94d3bf61783b0192203","isMergeCommit":true,"messageTitle":"Merge pull request #40 from Sean-G-Han/mark-priority-command","messageBody":"Mark priority command","fileTypesAndContributionMap":{}}]},{"date":"2025-03-17T00:00:00","commitResults":[{"hash":"c3fd0400b3a3d53d6f211299f83bdc26786423d4","isMergeCommit":false,"messageTitle":"Fix priority command for better code standard","messageBody":"","fileTypesAndContributionMap":{"functional-code":{"insertions":32,"deletions":13}}},{"hash":"439b5be4c3f18f62f6e62e3aae66f3e1aa403d6a","isMergeCommit":false,"messageTitle":"Fix repeated code in Priority command","messageBody":"","fileTypesAndContributionMap":{"test-code":{"insertions":16,"deletions":19}}},{"hash":"48f6d5fdaac00a666ac0e2053b04fc83f6ccc509","isMergeCommit":false,"messageTitle":"Fix checkstyle error","messageBody":"","fileTypesAndContributionMap":{"test-code":{"insertions":0,"deletions":4}}}]},{"date":"2025-03-18T00:00:00","commitResults":[{"hash":"440eb86bcccc82487e4699c15b17d626b0c730b0","isMergeCommit":true,"messageTitle":"Merge pull request #53 from Sean-G-Han/refactor-priority-command","messageBody":"Refactor priority command","fileTypesAndContributionMap":{}}]},{"date":"2025-03-20T00:00:00","commitResults":[{"hash":"a6b7819fa4d48be0958b6a861200b8254c83b6d2","isMergeCommit":false,"messageTitle":"Update UserGuide","messageBody":"","fileTypesAndContributionMap":{"docs":{"insertions":15,"deletions":1}}},{"hash":"be5876ff67a397df38193000c361e4c52629a4ba","isMergeCommit":true,"messageTitle":"Merge pull request #69 from Sean-G-Han/add-priority-to-UG","messageBody":"Update UserGuide","tags":["v1.3"],"fileTypesAndContributionMap":{}}]},{"date":"2025-03-21T00:00:00","commitResults":[{"hash":"c9d20c52323c9c8b499ed42c6182e56741aff9c8","isMergeCommit":false,"messageTitle":"Update findclient to include tags","messageBody":"","fileTypesAndContributionMap":{"functional-code":{"insertions":69,"deletions":33},"test-code":{"insertions":102,"deletions":14}}}]},{"date":"2025-03-23T00:00:00","commitResults":[{"hash":"44d36d3479a487774792dbbccf07b0a66216cdef","isMergeCommit":false,"messageTitle":"Add new PriorityTag class","messageBody":"","fileTypesAndContributionMap":{"functional-code":{"insertions":47,"deletions":8}}},{"hash":"a372569a52ff1bbfd5be840806b00640c7c04bb5","isMergeCommit":false,"messageTitle":"Refactor ClientCard for better readability","messageBody":"","fileTypesAndContributionMap":{"functional-code":{"insertions":37,"deletions":7}}},{"hash":"c0395d4a6e294e37dd1b47ed964eacd2e9257039","isMergeCommit":false,"messageTitle":"Remove magic value \"Priority\"","messageBody":"","fileTypesAndContributionMap":{"functional-code":{"insertions":4,"deletions":2}}},{"hash":"7c779ba41bc163eb0df9c5ea517460757bec6143","isMergeCommit":false,"messageTitle":"Add test for TagFactory","messageBody":"","fileTypesAndContributionMap":{"test-code":{"insertions":22,"deletions":0}}},{"hash":"0d4e6105716ca5283f7ca51c2688f0f3742772bd","isMergeCommit":false,"messageTitle":"Add test for PriorityTag","messageBody":"","fileTypesAndContributionMap":{"test-code":{"insertions":26,"deletions":0}}},{"hash":"30b81cda4324018d453591ccd0bc37b69012c326","isMergeCommit":false,"messageTitle":"Revert ClientCard","messageBody":"","fileTypesAndContributionMap":{"functional-code":{"insertions":18,"deletions":35}}},{"hash":"b13c879c91eab38d3823bfb90354ad48758e5acf","isMergeCommit":false,"messageTitle":"Refactor ClientCard","messageBody":"","fileTypesAndContributionMap":{"functional-code":{"insertions":15,"deletions":20}}},{"hash":"fd0607c822615ee65ab231c011b115f779f86565","isMergeCommit":false,"messageTitle":"Revert ClientCard","messageBody":"","fileTypesAndContributionMap":{"functional-code":{"insertions":10,"deletions":18}}},{"hash":"99ef3a7b4262e57b7dd9c0b0a7c89868a3d121b8","isMergeCommit":false,"messageTitle":"Add more tests","messageBody":"","fileTypesAndContributionMap":{"test-code":{"insertions":12,"deletions":0}}},{"hash":"47c88443160d3f74cd7300ab4e537a95aff5daa7","isMergeCommit":false,"messageTitle":"Update edit command such that CLI command is now editclient","messageBody":"","fileTypesAndContributionMap":{"functional-code":{"insertions":1,"deletions":1}}},{"hash":"a46220fa3db7ca58b7ea09b7f38fcc6145e2798b","isMergeCommit":false,"messageTitle":"Update test function","messageBody":"","fileTypesAndContributionMap":{"test-code":{"insertions":9,"deletions":3}}},{"hash":"7fde46b91a1f4fd240ee12c352eab859b49bf7e4","isMergeCommit":false,"messageTitle":"Update strings in edit command","messageBody":"","fileTypesAndContributionMap":{"functional-code":{"insertions":2,"deletions":2}}},{"hash":"b501f6502467bb1225d98dd0f06119665794ebc0","isMergeCommit":false,"messageTitle":"Update text","messageBody":"","fileTypesAndContributionMap":{"functional-code":{"insertions":2,"deletions":2}}},{"hash":"6ea807970b85184111b90682d8acd3846cf9b3ee","isMergeCommit":false,"messageTitle":"Revert ClientCard even more","messageBody":"","fileTypesAndContributionMap":{"functional-code":{"insertions":2,"deletions":3}}},{"hash":"c71943db11de1b2039584a802938a707f732edb8","isMergeCommit":false,"messageTitle":"Revert changes made to FindCommand","messageBody":"","fileTypesAndContributionMap":{"functional-code":{"insertions":8,"deletions":8},"test-code":{"insertions":14,"deletions":14}}},{"hash":"77c873f95c0e7f6eccbcfd4865cd3d7a8054c0bf","isMergeCommit":false,"messageTitle":"Add ContainsAllKeywordPredicate to function as the AND operator","messageBody":"","fileTypesAndContributionMap":{"functional-code":{"insertions":32,"deletions":5}}},{"hash":"0105fcb0c850c37cb1c9597777dce9d13cde2e2b","isMergeCommit":false,"messageTitle":"Update Testcases","messageBody":"","fileTypesAndContributionMap":{"functional-code":{"insertions":8,"deletions":4},"test-code":{"insertions":93,"deletions":5}}}]},{"date":"2025-03-24T00:00:00","commitResults":[{"hash":"1e3b2dcfd50688681608d48912065eadeccbff8e","isMergeCommit":false,"messageTitle":"Revert changes made to editcommand","messageBody":"","fileTypesAndContributionMap":{"functional-code":{"insertions":3,"deletions":3}}},{"hash":"46fdd4cca0e809df9e8ed99b193c4c221c528e85","isMergeCommit":false,"messageTitle":"Add improved findcommands based on new predicates","messageBody":"","fileTypesAndContributionMap":{"functional-code":{"insertions":156,"deletions":0}}},{"hash":"f142b40eaa5ea3868e92e1b2707097e4add2074b","isMergeCommit":false,"messageTitle":"Add testcases","messageBody":"","fileTypesAndContributionMap":{"functional-code":{"insertions":8,"deletions":0},"test-code":{"insertions":248,"deletions":0}}},{"hash":"01514426e55835aa15b6101813cc41af1dd1b358","isMergeCommit":false,"messageTitle":"Add missing testcases for addressbook parser","messageBody":"","fileTypesAndContributionMap":{"test-code":{"insertions":20,"deletions":0}}},{"hash":"f194ec2d961074713cfb4788ece729277a4b6238","isMergeCommit":false,"messageTitle":"Update UG to include improved find commands","messageBody":"","fileTypesAndContributionMap":{"docs":{"insertions":58,"deletions":19}}}]},{"date":"2025-03-26T00:00:00","commitResults":[{"hash":"1228fe1e27d0be834db6deef70162aa9a2b184ee","isMergeCommit":false,"messageTitle":"Fix missing abstract keyword","messageBody":"","fileTypesAndContributionMap":{"functional-code":{"insertions":1,"deletions":1}}},{"hash":"e4feb27c656231731f464298ba194f8cb1442611","isMergeCommit":false,"messageTitle":"Refactor ClientCard","messageBody":"","fileTypesAndContributionMap":{"functional-code":{"insertions":39,"deletions":8}}},{"hash":"8ab0d77c218d37372f1692488cadf2858bf86b26","isMergeCommit":false,"messageTitle":"Removed useless constructor in PriorityTag","messageBody":"","fileTypesAndContributionMap":{"functional-code":{"insertions":0,"deletions":4},"test-code":{"insertions":0,"deletions":11}}},{"hash":"b7f1bf43f9c063e46bd656234575a9dfd5f39cd4","isMergeCommit":false,"messageTitle":"Revert \"Refactor ClientCard\"","messageBody":"This reverts commit e4feb27c656231731f464298ba194f8cb1442611.\n","fileTypesAndContributionMap":{"functional-code":{"insertions":8,"deletions":39}}},{"hash":"a1c40666869e9d6861c22a370ac6c306c8bb58b0","isMergeCommit":false,"messageTitle":"Reapply \"Refactor ClientCard\"","messageBody":"This reverts commit b7f1bf43f9c063e46bd656234575a9dfd5f39cd4.\n","fileTypesAndContributionMap":{"functional-code":{"insertions":39,"deletions":8}}},{"hash":"20c0d011facffaa605fff7eb7b2a60530c7745c2","isMergeCommit":false,"messageTitle":"Fix typo and grammar error","messageBody":"","fileTypesAndContributionMap":{"functional-code":{"insertions":7,"deletions":7}}},{"hash":"32a3f09c9e1aba03375a8ad94403e4329c82273b","isMergeCommit":false,"messageTitle":"Update predicates to readability","messageBody":"","fileTypesAndContributionMap":{"functional-code":{"insertions":19,"deletions":13}}}]},{"date":"2025-03-30T00:00:00","commitResults":[{"hash":"caff2bb6ae4f8fea0f1b804e0eea78893c47254a","isMergeCommit":false,"messageTitle":"Add priority command UMLs into DG","messageBody":"","fileTypesAndContributionMap":{"docs":{"insertions":242,"deletions":0}}},{"hash":"9ce65112f50ca9b219e4baab5e7e2ca00275ea36","isMergeCommit":false,"messageTitle":"Add extra line below new puml files","messageBody":"","fileTypesAndContributionMap":{"docs":{"insertions":4,"deletions":4}}}]},{"date":"2025-04-01T00:00:00","commitResults":[{"hash":"37bb5b7e5806610d323f34a801640f23eecc81aa","isMergeCommit":false,"messageTitle":"Add optional phone and emails","messageBody":"","fileTypesAndContributionMap":{"functional-code":{"insertions":5,"deletions":2}}},{"hash":"1c23a9e0a50d7be8c3c297df673ed5a05efa7a5f","isMergeCommit":false,"messageTitle":"Add more testcases for email and phone","messageBody":"","fileTypesAndContributionMap":{"test-code":{"insertions":2,"deletions":0}}},{"hash":"3ab1d39040cb9b63c352a52163e92cac3fabf954","isMergeCommit":false,"messageTitle":"Update phone testcases","messageBody":"","fileTypesAndContributionMap":{"test-code":{"insertions":9,"deletions":0}}}]},{"date":"2025-04-02T00:00:00","commitResults":[{"hash":"0aa4cc17b20c9bf6854a0f4fc94d478cbb5fa706","isMergeCommit":false,"messageTitle":"Update priority to allow for a string of indexes","messageBody":"","fileTypesAndContributionMap":{"functional-code":{"insertions":54,"deletions":15},"docs":{"insertions":52,"deletions":0},"test-code":{"insertions":57,"deletions":9}}},{"hash":"1aad35216048c8e8ce31e36dec206c74dc4c3b37","isMergeCommit":false,"messageTitle":"Remove Test.puml","messageBody":"","fileTypesAndContributionMap":{"docs":{"insertions":0,"deletions":52}}},{"hash":"edac044d55a2c34e9be2a4e839a7d37391e46052","isMergeCommit":false,"messageTitle":"Update exception messages of findany and findall to be more clear","messageBody":"","fileTypesAndContributionMap":{"functional-code":{"insertions":9,"deletions":5}}},{"hash":"e3bdded12d58dc06bdfcac5c03bd4452b09118be","isMergeCommit":false,"messageTitle":"Fix checkstyle import","messageBody":"","fileTypesAndContributionMap":{"functional-code":{"insertions":0,"deletions":1}}},{"hash":"3c895f687b4d0a61107796c139500547b0ff0285","isMergeCommit":false,"messageTitle":"Update testcase","messageBody":"","fileTypesAndContributionMap":{"test-code":{"insertions":6,"deletions":4}}},{"hash":"b91826f08b621a76e693f560d236e19b7bced7dd","isMergeCommit":false,"messageTitle":"Update DG for priority and find commands","messageBody":"","fileTypesAndContributionMap":{"docs":{"insertions":30,"deletions":11}}}]},{"date":"2025-04-03T00:00:00","commitResults":[{"hash":"0d3a8022cabda94afcdfb8f5f87603c3383e6390","isMergeCommit":false,"messageTitle":"Update error messages in priority command","messageBody":"","fileTypesAndContributionMap":{"functional-code":{"insertions":2,"deletions":2},"test-code":{"insertions":6,"deletions":6}}},{"hash":"8946e0708bbfe9d6ff36fceb618caeebd52c16b0","isMergeCommit":true,"messageTitle":"Merge pull request #132 from Sean-G-Han/improved-priority","messageBody":"Update priority to allow for a string of indexes","fileTypesAndContributionMap":{}},{"hash":"6cb01f15851a8b5ca2d57758d728957238c4159c","isMergeCommit":true,"messageTitle":"Merge pull request #139 from Sean-G-Han/update-dg","messageBody":"Update UG for priority and find commands","fileTypesAndContributionMap":{}},{"hash":"a5abff9f8334f6d64a9572ad17c430f82d4d6360","isMergeCommit":true,"messageTitle":"Merge branch \u0027master\u0027 into fix-findall-and-findany-exception-messages","messageBody":"","fileTypesAndContributionMap":{}},{"hash":"a0c81c0d2c2b42476282fa895d373ddce433543f","isMergeCommit":true,"messageTitle":"Merge pull request #136 from Sean-G-Han/fix-findall-and-findany-exception-messages","messageBody":"Update exception messages of findany and findall to be more clear","fileTypesAndContributionMap":{}},{"hash":"306f38bd61dfa8cd3d6bc265b2c6f302fca33835","isMergeCommit":false,"messageTitle":"Update error messages of priority command","messageBody":"","fileTypesAndContributionMap":{"functional-code":{"insertions":21,"deletions":14},"docs":{"insertions":17,"deletions":9},"test-code":{"insertions":3,"deletions":1}}},{"hash":"c9f2b7fdda94319b2ced323813c80cc648a6676a","isMergeCommit":false,"messageTitle":"Add testcases","messageBody":"","fileTypesAndContributionMap":{"test-code":{"insertions":5,"deletions":0}}},{"hash":"d71de54bc747f0d94b128338b7209d033b8f4ce3","isMergeCommit":true,"messageTitle":"Merge branch \u0027master\u0027 into update-priority-error-messages","messageBody":"","fileTypesAndContributionMap":{}},{"hash":"71831e686c22cb7d5dc5a5cd3fd32768c1488722","isMergeCommit":false,"messageTitle":"Update Sequence Diagram in DG for Priority","messageBody":"","fileTypesAndContributionMap":{"docs":{"insertions":22,"deletions":28}}},{"hash":"8f349c183b800f3c6710d5c17a2ec169c1061198","isMergeCommit":false,"messageTitle":"Change Person to Client","messageBody":"","fileTypesAndContributionMap":{"docs":{"insertions":17,"deletions":16}}},{"hash":"e0ea59bebb1b416b496bc468e9d0e080ad593e90","isMergeCommit":true,"messageTitle":"Merge branch \u0027master\u0027 into update-priority-error-messages","messageBody":"","fileTypesAndContributionMap":{}},{"hash":"fd70c5de2d4532cf7737c395f2ccafae0c4ea8d4","isMergeCommit":false,"messageTitle":"Update DG","messageBody":"","fileTypesAndContributionMap":{"docs":{"insertions":158,"deletions":49}}}]},{"date":"2025-04-04T00:00:00","commitResults":[{"hash":"d4e762b08ffb46b579cef00fc6d4a96bba5c3b0d","isMergeCommit":true,"messageTitle":"Merge branch \u0027master\u0027 into update-dg-priority-1","messageBody":"","fileTypesAndContributionMap":{}},{"hash":"d17bbabff23e9b3560065e169bd5e75ae7b6aa51","isMergeCommit":true,"messageTitle":"Merge pull request #151 from Sean-G-Han/update-dg-priority-1","messageBody":"Update dg","fileTypesAndContributionMap":{}},{"hash":"bd880271380eed0e051fab03dd12235d378f221a","isMergeCommit":true,"messageTitle":"Merge pull request #146 from Sean-G-Han/update-priority-error-messages","messageBody":"Update error messages of priority command","fileTypesAndContributionMap":{}},{"hash":"74f2e62229b77ce6481ddab569a175b75e9cf200","isMergeCommit":false,"messageTitle":"Update DG","messageBody":"","fileTypesAndContributionMap":{"docs":{"insertions":101,"deletions":1}}},{"hash":"a2ef4442fdcfd8308cce79fedcc05c57dbd33ef0","isMergeCommit":false,"messageTitle":"Remove sections of old UG","messageBody":"","fileTypesAndContributionMap":{"docs":{"insertions":0,"deletions":32}}},{"hash":"068c3bb4233993cf7994b28ec975b7ed36630e90","isMergeCommit":false,"messageTitle":"Fix typos","messageBody":"","fileTypesAndContributionMap":{"docs":{"insertions":14,"deletions":14}}},{"hash":"1aade5e6bf9e105b2fbd7a07029e9ccf0c4f51c4","isMergeCommit":true,"messageTitle":"Merge branch \u0027master\u0027 into Update-DG-2","messageBody":"","fileTypesAndContributionMap":{}},{"hash":"c87c3c5f9379e3f8302196947047a1f1e1da8638","isMergeCommit":false,"messageTitle":"Removed traces of findclient","messageBody":"","fileTypesAndContributionMap":{"docs":{"insertions":2,"deletions":2}}},{"hash":"355a184859814cb52917b3a1745d89ba950d75ab","isMergeCommit":true,"messageTitle":"Merge branch \u0027master\u0027 into Update-DG-2","messageBody":"","fileTypesAndContributionMap":{}},{"hash":"dc3f773184a0bca5043904950685ade38a210cd9","isMergeCommit":true,"messageTitle":"Merge pull request #153 from Sean-G-Han/Update-DG-2","messageBody":"Update DG and UG","fileTypesAndContributionMap":{}},{"hash":"260378b96bd1fc0482c300b60b8d4a0dab594dc4","isMergeCommit":false,"messageTitle":"Revert \"Update DG and UG\"","messageBody":"","fileTypesAndContributionMap":{"docs":{"insertions":38,"deletions":107}}},{"hash":"ca7f9257e585ae9347d1a4bee2589df29eeb752d","isMergeCommit":true,"messageTitle":"Merge pull request #154 from AY2425S2-CS2103T-W12-2/revert-153-Update-DG-2","messageBody":"Revert \"Update DG and UG\"","fileTypesAndContributionMap":{}},{"hash":"e154e2ee302f31b2c396b40b0dbdbfad583d8ead","isMergeCommit":false,"messageTitle":"Revert \"Revert \"Update DG and UG\"\"","messageBody":"","fileTypesAndContributionMap":{"docs":{"insertions":107,"deletions":38}}},{"hash":"b10a8123015b344a4c79d0c2ad6e4cde369ebe95","isMergeCommit":true,"messageTitle":"Merge pull request #155 from AY2425S2-CS2103T-W12-2/revert-154-revert-153-Update-DG-2","messageBody":"Revert \"Revert \"Update DG and UG\"\"","fileTypesAndContributionMap":{}},{"hash":"c0c763f80ba3aab0bf0914803fe5d469d258d493","isMergeCommit":true,"messageTitle":"Merge pull request #156 from Sean-G-Han/Update-DG-3","messageBody":"Removed traces of findclient from UG","fileTypesAndContributionMap":{}}]}]},"authorFileTypeContributionMap":{"curiousfun88":{"docs":100,"functional-code":541,"test-code":892,"other":6},"sciphi-123":{"docs":157,"functional-code":895,"test-code":831,"other":2},"J4Joshua":{"docs":189,"functional-code":256,"test-code":637},"FooNicholas":{"docs":308,"functional-code":206,"test-code":302},"Sean-G-Han":{"docs":534,"functional-code":538,"test-code":652}},"authorContributionVariance":{"curiousfun88":231874.3,"sciphi-123":72294.59,"J4Joshua":13740.324,"FooNicholas":256649.1,"Sean-G-Han":22507.877},"authorDisplayNameMap":{"curiousfun88":"CS2103T-W12-2 LAE ..STYN","sciphi-123":"CS2103T-W12-2 BEK ..HUAN","J4Joshua":"CS2103T-W12-2 JOSH.. JIE","FooNicholas":"CS2103T-W12-2 FOO ..OLAS","Sean-G-Han":"CS2103T-W12-2 TAN .. HAN"}}
