{"authorDailyContributionsMap":{"jensenhuangyankai":[{"date":"2025-03-06T00:00:00","commitResults":[{"hash":"8e27e06651d43c8e3afe2f7e415e9629ad0062f3","isMergeCommit":true,"messageTitle":"Merge pull request #13 from bhavinaa/add-bhavina-photo","messageBody":"Fix Issue 10: Add profile photo for bhavina","fileTypesAndContributionMap":{}},{"hash":"12ec727e10e86b405c426ae02b1b9dc2aa034063","isMergeCommit":false,"messageTitle":"Update aboutUs","messageBody":"","fileTypesAndContributionMap":{"docs":{"insertions":4,"deletions":5}}}]},{"date":"2025-03-13T00:00:00","commitResults":[{"hash":"29576c1834eaccc41d03afe28d3eacf6612381f5","isMergeCommit":false,"messageTitle":"Add weddingOverview","messageBody":"","fileTypesAndContributionMap":{"functional-code":{"insertions":82,"deletions":3},"other":{"insertions":382,"deletions":0}}},{"hash":"91d2b5677f408d3b0f60b2cc849c7a13b1a1257e","isMergeCommit":false,"messageTitle":"Add tests","messageBody":"","fileTypesAndContributionMap":{"functional-code":{"insertions":20,"deletions":17},"test-code":{"insertions":75,"deletions":0}}},{"hash":"bcfc584e8df683bc9d42a24b306b068225551f4e","isMergeCommit":false,"messageTitle":"Remove .vscode from Git tracking","messageBody":"","fileTypesAndContributionMap":{"other":{"insertions":0,"deletions":382}}}]},{"date":"2025-03-25T00:00:00","commitResults":[{"hash":"03030340bc7f0ace2762e9f871c0c1c5d7abd268","isMergeCommit":false,"messageTitle":"Fix SampleDataUtil.java initialisation","messageBody":"","fileTypesAndContributionMap":{"functional-code":{"insertions":14,"deletions":6}}},{"hash":"1c67a497efa3b1aa27e461414b51d9ebbd1969f1","isMergeCommit":false,"messageTitle":"Fix basic GUI","messageBody":"","fileTypesAndContributionMap":{"functional-code":{"insertions":148,"deletions":74}}},{"hash":"2cbc4610d1257e9d3ec54b06d80b0b10be7bba0b","isMergeCommit":false,"messageTitle":"Fix logic issues","messageBody":"","fileTypesAndContributionMap":{"functional-code":{"insertions":44,"deletions":46}}},{"hash":"79aa37336beadd2d5b9aeeb5371452d79011082f","isMergeCommit":false,"messageTitle":"Fix checkstyle","messageBody":"","fileTypesAndContributionMap":{"functional-code":{"insertions":408,"deletions":130}}},{"hash":"193b06038ed2cd9f83931246a008de86931f6f2d","isMergeCommit":false,"messageTitle":"Fix basic GUI","messageBody":"","fileTypesAndContributionMap":{"functional-code":{"insertions":14,"deletions":11}}},{"hash":"7dffae41e6a0891081d3b78507cfa6a0065416d0","isMergeCommit":false,"messageTitle":"Fix logic issues","messageBody":"","fileTypesAndContributionMap":{"functional-code":{"insertions":35,"deletions":55}}},{"hash":"8d6673ac822363cc9afa856a0839ee09fdaba5de","isMergeCommit":false,"messageTitle":"Fix checkstyle","messageBody":"","fileTypesAndContributionMap":{"functional-code":{"insertions":6,"deletions":5}}}]},{"date":"2025-03-27T00:00:00","commitResults":[{"hash":"81bf696fc2fa3f009dbe7b69a94aa32c4fbc3023","isMergeCommit":false,"messageTitle":"Add trivial commit","messageBody":"","fileTypesAndContributionMap":{"functional-code":{"insertions":1,"deletions":1}}},{"hash":"3f543bbdd7adf68c95df21b9dc7b5df00514c055","isMergeCommit":true,"messageTitle":"Merge pull request #114 from jensenhuangyankai/Add-trivial-PR","messageBody":"Add trivial commit","fileTypesAndContributionMap":{}}]},{"date":"2025-03-31T00:00:00","commitResults":[{"hash":"4544f1a609667f86f5051ac024350e1b828153ba","isMergeCommit":true,"messageTitle":"Merge pull request #116 from josejhkim/branch-refactor-wedding","messageBody":"Branch refactor wedding","fileTypesAndContributionMap":{}},{"hash":"77768ad0081b7c235c0ac838f4fbd50d122e3ea7","isMergeCommit":false,"messageTitle":"Add table GUI","messageBody":"","fileTypesAndContributionMap":{"functional-code":{"insertions":194,"deletions":18}}},{"hash":"cc2bdffdbd6bb76e5a8bec1d9a7bd690a083ec18","isMergeCommit":false,"messageTitle":"Add slight improvement on GUI","messageBody":"","fileTypesAndContributionMap":{"functional-code":{"insertions":353,"deletions":56}}},{"hash":"d3a942acff423e06993eb06e8766a0eb393c6056","isMergeCommit":false,"messageTitle":"Add UI improvement","messageBody":"","fileTypesAndContributionMap":{"functional-code":{"insertions":391,"deletions":57},"test-code":{"insertions":11,"deletions":0}}},{"hash":"f92d8c9536c2b21508841de30ba4b5050ad985a1","isMergeCommit":false,"messageTitle":"Fix checkstyle","messageBody":"","fileTypesAndContributionMap":{"functional-code":{"insertions":16,"deletions":16},"docs":{"insertions":2,"deletions":2}}},{"hash":"fe22751eed79f1d7afbe2ac2d65f7fdbbc23f276","isMergeCommit":false,"messageTitle":"Remove useless function","messageBody":"","fileTypesAndContributionMap":{"functional-code":{"insertions":0,"deletions":8}}}]},{"date":"2025-04-03T00:00:00","commitResults":[{"hash":"f117391a52b20f47163d2db0c34b7d12cd24d98b","isMergeCommit":false,"messageTitle":"Fix minor visibility bug","messageBody":"","fileTypesAndContributionMap":{"functional-code":{"insertions":1,"deletions":1}}},{"hash":"c5d106641336bcb903c4122e23286fb00e6df32a","isMergeCommit":false,"messageTitle":"Remove comments","messageBody":"","fileTypesAndContributionMap":{"functional-code":{"insertions":0,"deletions":13}}},{"hash":"a00486518ab15e32141250205ea7f46b815bb1c9","isMergeCommit":false,"messageTitle":"Fix checkstyle","messageBody":"","fileTypesAndContributionMap":{"functional-code":{"insertions":3,"deletions":0}}},{"hash":"da0ba31fe0495bb5d0e9aab132e6f0ce4a5307a3","isMergeCommit":true,"messageTitle":"Merge pull request #181 from jonzyyyy/alpha-bugs","messageBody":"Alpha bugs","tags":["v1.5"],"fileTypesAndContributionMap":{}}]},{"date":"2025-04-04T00:00:00","commitResults":[{"hash":"7406e5447bd36e2239e6f071cbf954847b7640af","isMergeCommit":false,"messageTitle":"Add trivial tests","messageBody":"","fileTypesAndContributionMap":{"test-code":{"insertions":161,"deletions":0}}}]},{"date":"2025-04-06T00:00:00","commitResults":[{"hash":"da6fe1d4710da986e950095d8e07e6d0c505c886","isMergeCommit":true,"messageTitle":"Merge pull request #272 from josejhkim/branch-Fix-PE-Bugs","messageBody":"Fix broken links in the document","fileTypesAndContributionMap":{}}]}],"kaungzinye":[{"date":"2025-03-06T00:00:00","commitResults":[{"hash":"164e3ad879f7ec4b92b5a13ce5442fa335bf6021","isMergeCommit":true,"messageTitle":"Merge pull request #21 from jensenhuangyankai/Add-Photo","messageBody":"Fixes AY2425S2-CS2103T-F12-3/tp#20","fileTypesAndContributionMap":{}},{"hash":"b91b8f7db357958d62e9590187a35f604e744199","isMergeCommit":false,"messageTitle":"Add Kaung AboutUs","messageBody":"","fileTypesAndContributionMap":{"docs":{"insertions":52,"deletions":6}}},{"hash":"09571c17d86b3faf4fbf5b46a904cb27c4091856","isMergeCommit":true,"messageTitle":"Merge branch \u0027master\u0027 into Update-AboutUs","messageBody":"","fileTypesAndContributionMap":{}},{"hash":"7e9fa8681355446340ba56a1981139bbbf8bf29a","isMergeCommit":true,"messageTitle":"Merge pull request #24 from jensenhuangyankai/Update-AboutUs","messageBody":"Fixes #19 Update Jensen\u0027s AboutUs page","fileTypesAndContributionMap":{}}]},{"date":"2025-03-11T00:00:00","commitResults":[{"hash":"6b727961a1f3dabc6680405cc9ec1dd521863427","isMergeCommit":false,"messageTitle":"Add Guest, RSVP and Dietary Restriction Class. Implemented addGuest, removeGuest, createWedding,deleteWedding, setWedding and seeRSVPList commands","messageBody":"","fileTypesAndContributionMap":{"functional-code":{"insertions":850,"deletions":3}}},{"hash":"1a266fb26d1f2fce784e150e448b2c422c26c6fe","isMergeCommit":false,"messageTitle":"Add Unit Tests For createWedding, removeWedding, createWedding, setWedding, seeRSVPList, addGuest, removeGuest and Developer Guide","messageBody":"","fileTypesAndContributionMap":{"functional-code":{"insertions":190,"deletions":94},"other":{"insertions":23,"deletions":17},"docs":{"insertions":103,"deletions":68},"test-code":{"insertions":317,"deletions":0}}}]},{"date":"2025-03-12T00:00:00","commitResults":[{"hash":"da051f872404f09c350ac7daa18fb435980da831","isMergeCommit":false,"messageTitle":"Add test coverage","messageBody":"","fileTypesAndContributionMap":{"functional-code":{"insertions":127,"deletions":21},"test-code":{"insertions":773,"deletions":2}}},{"hash":"ef1caa74bf5fa8d1249a6578e29f6ffe6026718e","isMergeCommit":true,"messageTitle":"Merge branch \u0027AY2425S2-CS2103T-F12-3:master\u0027 into guest-branch","messageBody":"","fileTypesAndContributionMap":{}},{"hash":"a318431df1dea9b349800af151b977ab28739772","isMergeCommit":false,"messageTitle":"Fix Checkstyle","messageBody":"","fileTypesAndContributionMap":{"functional-code":{"insertions":4,"deletions":8},"test-code":{"insertions":31,"deletions":30}}}]},{"date":"2025-03-13T00:00:00","commitResults":[{"hash":"39907f035c7d8e6403de50b5f282ab21234f206e","isMergeCommit":false,"messageTitle":"FixAddGuestCommand message usage text","messageBody":"","fileTypesAndContributionMap":{"functional-code":{"insertions":7,"deletions":5}}},{"hash":"ab2489436ec2f5922922fc323094eb8f02d5d274","isMergeCommit":true,"messageTitle":"Fixes #28, #29, #30, #31, #32, #33","messageBody":"Fixes #28, #29, #30, #31, #32, #33","fileTypesAndContributionMap":{}}]},{"date":"2025-03-20T00:00:00","commitResults":[{"hash":"2ffdd4b3fca9291dba7049240dc495107ef86c41","isMergeCommit":false,"messageTitle":" Fix #65, #70","messageBody":"","fileTypesAndContributionMap":{"functional-code":{"insertions":32,"deletions":24},"other":{"insertions":27,"deletions":27},"test-code":{"insertions":4,"deletions":26}}},{"hash":"41c700607653959afeb4007c7e01f2f693ee09a3","isMergeCommit":false,"messageTitle":"Remove Command","messageBody":"","fileTypesAndContributionMap":{"functional-code":{"insertions":0,"deletions":32}}},{"hash":"3223820baaaff3132511a6e5d4476cdcbfad70ea","isMergeCommit":false,"messageTitle":"Add command","messageBody":"","fileTypesAndContributionMap":{"functional-code":{"insertions":32,"deletions":0}}},{"hash":"fd8a65082ffaebacff78b1183bdfdfcadcc13116","isMergeCommit":false,"messageTitle":"Add more test coverage for changed lines to Dietary Restrictions","messageBody":"","fileTypesAndContributionMap":{"test-code":{"insertions":25,"deletions":0}}}]},{"date":"2025-03-21T00:00:00","commitResults":[{"hash":"c5b96faf97fdfa4b2a52677240908ac3dd08d388","isMergeCommit":false,"messageTitle":"Refactor Person with attributes from Guest","messageBody":"","fileTypesAndContributionMap":{"functional-code":{"insertions":337,"deletions":968},"docs":{"insertions":6,"deletions":6},"test-code":{"insertions":167,"deletions":422}}},{"hash":"df2e4fedb1e22ed2d04c79aa531ed3a618476bd5","isMergeCommit":false,"messageTitle":"Adapted some of RSVPList into UniquePersonList directly, fix AddCommandTest","messageBody":"","fileTypesAndContributionMap":{"functional-code":{"insertions":12,"deletions":35},"test-code":{"insertions":2,"deletions":1}}},{"hash":"bb4edae39234f18848b1b9f7b2258f6e603b8064","isMergeCommit":false,"messageTitle":"Fix AddCommand to check for person inside wedding","messageBody":"","fileTypesAndContributionMap":{"functional-code":{"insertions":1,"deletions":1},"test-code":{"insertions":11,"deletions":7}}}]},{"date":"2025-03-22T00:00:00","commitResults":[{"hash":"62ac1fa94d9b365993fdac0db145e2a1fb8dad55","isMergeCommit":false,"messageTitle":"Change Table field in Person class to Optional\u003cTable\u003e","messageBody":"","fileTypesAndContributionMap":{"functional-code":{"insertions":15,"deletions":8},"test-code":{"insertions":36,"deletions":16}}},{"hash":"bfde4f51e2d54ee911675a706bd07af1182da3b1","isMergeCommit":false,"messageTitle":"Removed wedding from ModelManager, placed it in addressbook instead, fixes required","messageBody":"","fileTypesAndContributionMap":{"functional-code":{"insertions":9,"deletions":19},"test-code":{"insertions":31,"deletions":37}}},{"hash":"ddc07764fe60dbb8338510ee7c9a2480c72e3643","isMergeCommit":true,"messageTitle":"Merge pull request #85 from kaungzinye/refactor-guest-branch","messageBody":"Successfully refactored Guest to become Person, removing all references of Guest.\n\nNow in the process of fixing wedding by putting it as a field in AB3 instead of a field in ModelManager.\n\nHelp required","fileTypesAndContributionMap":{}},{"hash":"d0940306f54fc76e59fc0b9f3e86c679bce295ad","isMergeCommit":false,"messageTitle":"Fix Optional\u003cTable\u003e string output","messageBody":"","fileTypesAndContributionMap":{"functional-code":{"insertions":28,"deletions":26},"test-code":{"insertions":32,"deletions":42}}},{"hash":"6f814bae954e2d6c263f0a81dab3d5767cd30270","isMergeCommit":false,"messageTitle":"Fix AddCommandParser","messageBody":"","fileTypesAndContributionMap":{"functional-code":{"insertions":1,"deletions":1},"test-code":{"insertions":9,"deletions":32}}},{"hash":"e2f78c5cfca65b9a61964a97433cdec146ff1870","isMergeCommit":false,"messageTitle":"Fix addWedding and addGuestToTable tests","messageBody":"","fileTypesAndContributionMap":{"test-code":{"insertions":33,"deletions":31}}},{"hash":"5ba9aff7705283ff5aacca293c8b50d3b2db3ff2","isMergeCommit":false,"messageTitle":"Fix setWedding Test by diabling as wedding is alr automatically set","messageBody":"","fileTypesAndContributionMap":{"test-code":{"insertions":11,"deletions":11}}},{"hash":"d5f1c2562124c24b7aa8f298ab6af0273faa41ae","isMergeCommit":false,"messageTitle":"Fix Add CommandTest","messageBody":"","fileTypesAndContributionMap":{"test-code":{"insertions":2,"deletions":2}}},{"hash":"f2dc5a1867042de5fbcf511379f656837bf07910","isMergeCommit":true,"messageTitle":"Fix #86, #87, #88, #90, #92, #93","messageBody":"Additional Bug Fixes","fileTypesAndContributionMap":{}},{"hash":"7f5ff53a9cba1f2cdd90bc2eb0afbc75842b775e","isMergeCommit":false,"messageTitle":"Fix Checkstyle","messageBody":"","fileTypesAndContributionMap":{"functional-code":{"insertions":11,"deletions":19},"test-code":{"insertions":126,"deletions":187}}},{"hash":"1b48be94a8f7aa28124c065743504ffafcf1faa5","isMergeCommit":true,"messageTitle":"Merge pull request #95 from kaungzinye/master","messageBody":"Fix Checkstyle","fileTypesAndContributionMap":{}}]},{"date":"2025-03-31T00:00:00","commitResults":[{"hash":"5bd983d2a46b824d9f70426765515c5400d50eba","isMergeCommit":true,"messageTitle":"Merge pull request #142 from jensenhuangyankai/Add-GUI-tables","messageBody":"Add tables gui","fileTypesAndContributionMap":{}},{"hash":"859c1d0ef51d71d2ab77a670e0c8ea923a21d033","isMergeCommit":false,"messageTitle":"Standardise command names","messageBody":"","fileTypesAndContributionMap":{"functional-code":{"insertions":9,"deletions":9},"other":{"insertions":2,"deletions":2},"test-code":{"insertions":7,"deletions":7}}}]},{"date":"2025-04-01T00:00:00","commitResults":[{"hash":"d03a19accc72509460f7eb5c6f89a807e5da4caa","isMergeCommit":false,"messageTitle":"Change tableId/ to tid/","messageBody":"","fileTypesAndContributionMap":{"functional-code":{"insertions":0,"deletions":4}}},{"hash":"ef73f80cc8e2683462f84a9ab7f5033d74df9a8f","isMergeCommit":false,"messageTitle":"Change tableId/ to tid/","messageBody":"","fileTypesAndContributionMap":{"functional-code":{"insertions":1,"deletions":1}}},{"hash":"fade2c621f4c920c4cb9d41363dcb9ab335b7b7c","isMergeCommit":false,"messageTitle":"Add prefix for createwedding parsing and fix error message for table Id","messageBody":"","fileTypesAndContributionMap":{"functional-code":{"insertions":8,"deletions":5},"test-code":{"insertions":11,"deletions":3}}},{"hash":"57eec97cb9575a7f1653ab23d202495e1fdc0bc9","isMergeCommit":false,"messageTitle":"Fix Invalid rsvp message","messageBody":"","fileTypesAndContributionMap":{"functional-code":{"insertions":2,"deletions":1}}},{"hash":"dfdb505cad5719aca52782b2c1d7f8aa8b297d61","isMergeCommit":false,"messageTitle":"Fix checkstyle","messageBody":"","fileTypesAndContributionMap":{"test-code":{"insertions":1,"deletions":1}}},{"hash":"4b8e6ef10f89857e0eeaca8378a0aa12cdc2eb80","isMergeCommit":false,"messageTitle":"Add Coverage For CreateWeddingCommandParser","messageBody":"","fileTypesAndContributionMap":{"test-code":{"insertions":6,"deletions":0}}}]},{"date":"2025-04-02T00:00:00","commitResults":[{"hash":"56266d19063cdbbcbe56c115c51a099803325a11","isMergeCommit":false,"messageTitle":"Add Duplicate Table Error Message","messageBody":"","fileTypesAndContributionMap":{"functional-code":{"insertions":5,"deletions":1},"test-code":{"insertions":26,"deletions":0}}}]},{"date":"2025-04-03T00:00:00","commitResults":[{"hash":"89621b79bc725cc2b873b11daa749f30afa55703","isMergeCommit":true,"messageTitle":"Merge pull request #167 from josejhkim/master","messageBody":"Fix bug with adding person without setting wedding first","fileTypesAndContributionMap":{}},{"hash":"fb9d815fb749f079302955089351224fc3f3a55c","isMergeCommit":false,"messageTitle":"Fix delete wedding syntax and add exception to adding person with no wedding set","messageBody":"","fileTypesAndContributionMap":{"functional-code":{"insertions":25,"deletions":11},"test-code":{"insertions":65,"deletions":3}}},{"hash":"5d41413dd23b7278e657579695f6a512d0732e57","isMergeCommit":false,"messageTitle":"Add Coverage","messageBody":"","fileTypesAndContributionMap":{"functional-code":{"insertions":4,"deletions":3},"test-code":{"insertions":14,"deletions":2}}},{"hash":"d7fc59ce59250210652968837435ee96a193ece7","isMergeCommit":false,"messageTitle":"Fix deleteWedding error message","messageBody":"","fileTypesAndContributionMap":{"test-code":{"insertions":4,"deletions":3}}},{"hash":"cf211c26ad80ccaebb4b29e97562f15845a789de","isMergeCommit":false,"messageTitle":"Fix createWedding example doesn\u0027t reflect actual formatting","messageBody":"","fileTypesAndContributionMap":{"functional-code":{"insertions":4,"deletions":1}}},{"hash":"813b23401ff767ddf63ef1bad72c7e9f253a8790","isMergeCommit":false,"messageTitle":"Fix addTable command example has a typo","messageBody":"","fileTypesAndContributionMap":{"functional-code":{"insertions":1,"deletions":1}}},{"hash":"25773e882023537f7da7a5bf3d8c191f68ee432e","isMergeCommit":true,"messageTitle":"Merge branch \u0027master\u0027 into fix-bugs-branch","messageBody":"","fileTypesAndContributionMap":{}},{"hash":"ee0a38f77edfb9d33bf1bac033efd3cac2307dba","isMergeCommit":false,"messageTitle":"Update addPerson to be consistent","messageBody":"","fileTypesAndContributionMap":{"functional-code":{"insertions":7,"deletions":3},"test-code":{"insertions":14,"deletions":1}}},{"hash":"d4cc3431bb100b9dd9add75abca68d22cd6a1c5d","isMergeCommit":false,"messageTitle":"Remove GetRsvpList Command","messageBody":"","fileTypesAndContributionMap":{"functional-code":{"insertions":0,"deletions":55},"test-code":{"insertions":0,"deletions":84}}},{"hash":"66412f43bd7ab1b79187a0d99a74c5e54b319b69","isMergeCommit":true,"messageTitle":"Merge pull request #178 from kaungzinye/fix-bugs-branch","messageBody":"fix #177","fileTypesAndContributionMap":{}},{"hash":"8c94bd192e6d6ee2e36e7b64ed4e31bf5ea645de","isMergeCommit":true,"messageTitle":"Merge pull request #179 from jensenhuangyankai/Minor-bugfixes","messageBody":"Minor bugfixes","fileTypesAndContributionMap":{}},{"hash":"ab98138c709abfed27e097523378a205e5fcf6f3","isMergeCommit":false,"messageTitle":"Update UML for AddressBook","messageBody":"","fileTypesAndContributionMap":{"docs":{"insertions":17,"deletions":9}}},{"hash":"6eb96e6882a2d58228f2c778fc5d27e6de559cbe","isMergeCommit":false,"messageTitle":"Fix scheckstyle","messageBody":"","fileTypesAndContributionMap":{"docs":{"insertions":7,"deletions":7}}},{"hash":"0cd188874863eb0bae6f69ae670dbb90ce7eba9f","isMergeCommit":false,"messageTitle":"Fix checkstyle","messageBody":"","fileTypesAndContributionMap":{"docs":{"insertions":1,"deletions":1}}},{"hash":"1cf97dc6145e57721f48e795ead59bdec9e794c4","isMergeCommit":true,"messageTitle":"Merge pull request #180 from kaungzinye/update-UG-branch","messageBody":"Update UML for AddressBook","fileTypesAndContributionMap":{}}]},{"date":"2025-04-05T00:00:00","commitResults":[{"hash":"39fa784436ea5467ddf818e5396d086a13f71002","isMergeCommit":true,"messageTitle":"Merge pull request #264 from jonzyyyy/More-UG-Issues","messageBody":"Fixes more ug issues","fileTypesAndContributionMap":{}}]},{"date":"2025-04-06T00:00:00","commitResults":[{"hash":"a0257c2b83caa02513f5674fe2103bb749a24b57","isMergeCommit":true,"messageTitle":"Merge pull request #266 from jonzyyyy/remove-filter-noArgs","messageBody":"Improves filterPersons to handle invalid values","fileTypesAndContributionMap":{}}]}],"bhavinaa":[{"date":"2025-03-06T00:00:00","commitResults":[{"hash":"875274c9299c7878929ffc71c4a3254c6b80c2e0","isMergeCommit":false,"messageTitle":"Fixes #16: Update About Us for Bhavina","messageBody":"","fileTypesAndContributionMap":{"docs":{"insertions":11,"deletions":0}}},{"hash":"9dad65bcfc42f4a9294975cea502927254c0106b","isMergeCommit":true,"messageTitle":"Merge pull request #4 from josejhkim/branch-Update-AboutUs","messageBody":"Update Jose\u0027s details on AboutUs","fileTypesAndContributionMap":{}}]},{"date":"2025-03-13T00:00:00","commitResults":[{"hash":"3d06c298061765b25e9f4661ce43430a428b7ecd","isMergeCommit":false,"messageTitle":"Add the table class","messageBody":"","fileTypesAndContributionMap":{"functional-code":{"insertions":65,"deletions":0}}},{"hash":"17b2a1996e3820de434f06be65833ec6b1ac04e1","isMergeCommit":false,"messageTitle":"Implement the Table Class","messageBody":"","fileTypesAndContributionMap":{"functional-code":{"insertions":120,"deletions":5}}},{"hash":"d5877dcee49c640ceca5dc08105e627c1e50199d","isMergeCommit":false,"messageTitle":"Delete Unncessary Command","messageBody":"","fileTypesAndContributionMap":{"functional-code":{"insertions":0,"deletions":34}}},{"hash":"270fe7b2b157334cf619e843d9c84cc4d13d5dd6","isMergeCommit":false,"messageTitle":"Fix the checkstyle","messageBody":"","fileTypesAndContributionMap":{"functional-code":{"insertions":102,"deletions":4}}},{"hash":"3dfac4b750aceedfe5c4b0cb4c5ce022e91d6005","isMergeCommit":false,"messageTitle":"Add Unit Tests for the Table class","messageBody":"","fileTypesAndContributionMap":{"test-code":{"insertions":155,"deletions":0}}},{"hash":"096c6a0c607a16eec7d119e0efa0a8788e602ed5","isMergeCommit":false,"messageTitle":"Fix checkstyle","messageBody":"","fileTypesAndContributionMap":{"test-code":{"insertions":1,"deletions":37}}},{"hash":"90fd662c45634690074504ac2b89eaafaaff268d","isMergeCommit":false,"messageTitle":"Update the test cases","messageBody":"","fileTypesAndContributionMap":{"test-code":{"insertions":17,"deletions":0}}},{"hash":"fc5d96f746ec0961fd7e53bfd35c302ccd847330","isMergeCommit":false,"messageTitle":"Update the Table Class","messageBody":"","fileTypesAndContributionMap":{"functional-code":{"insertions":0,"deletions":13}}},{"hash":"45d81307037accecbabf78fe00c9015282bb6c62","isMergeCommit":false,"messageTitle":"Remove Unecessary classes","messageBody":"","fileTypesAndContributionMap":{"functional-code":{"insertions":0,"deletions":8},"test-code":{"insertions":0,"deletions":5}}},{"hash":"80440343b10678079e02c41872280adcf91ed504","isMergeCommit":false,"messageTitle":"Remove the Table Storage Class","messageBody":"","fileTypesAndContributionMap":{"functional-code":{"insertions":0,"deletions":43},"test-code":{"insertions":0,"deletions":25}}},{"hash":"62085263984c751a9e08eb7425505ccb41822c45","isMergeCommit":true,"messageTitle":"Merge pull request #49 from josejhkim/branch-Edit-Guest-Info","messageBody":"Create a basic class for edit guest command","fileTypesAndContributionMap":{}}]},{"date":"2025-03-17T00:00:00","commitResults":[{"hash":"444eb0ff73893d1a494b6583327c27bfd5272b3e","isMergeCommit":false,"messageTitle":"Implement the Table Commands","messageBody":"","fileTypesAndContributionMap":{"functional-code":{"insertions":525,"deletions":69},"test-code":{"insertions":153,"deletions":145}}},{"hash":"782bd7bf26b6b29a74fb7bf3352d6d8ef2cd27de","isMergeCommit":false,"messageTitle":"Implement Table Parser","messageBody":"","fileTypesAndContributionMap":{"functional-code":{"insertions":1,"deletions":1}}},{"hash":"e995a935f397debcf85322c9f0c4f094af0aa9c0","isMergeCommit":false,"messageTitle":"Update the Parser","messageBody":"","fileTypesAndContributionMap":{"functional-code":{"insertions":1,"deletions":1}}},{"hash":"89f4d85ad8bb42dc7cb49b9dcdd514cdedfa1a49","isMergeCommit":true,"messageTitle":"Merge branch \u0027ImplementTableCommands\u0027","messageBody":"","fileTypesAndContributionMap":{}}]},{"date":"2025-03-18T00:00:00","commitResults":[{"hash":"0a79ee858bb82baf41c2e69f7f9d152daf9c491b","isMergeCommit":false,"messageTitle":"Fix the Table and the Wedding Storage","messageBody":"","fileTypesAndContributionMap":{"functional-code":{"insertions":517,"deletions":213}}}]},{"date":"2025-03-19T00:00:00","commitResults":[{"hash":"ef0a528ffd0fc6b80e86b2d981aa425d6920bce5","isMergeCommit":false,"messageTitle":"Add JavaDocs","messageBody":"","fileTypesAndContributionMap":{"functional-code":{"insertions":92,"deletions":44}}},{"hash":"ec91cadc6d1f1c531c1a066a2fb9fc2be1c46c14","isMergeCommit":false,"messageTitle":"Made the List immutable","messageBody":"","fileTypesAndContributionMap":{"functional-code":{"insertions":208,"deletions":226}}},{"hash":"ee2693a02578de307651e37dd27ef8999326c264","isMergeCommit":false,"messageTitle":"Fix checkstyle errors","messageBody":"","fileTypesAndContributionMap":{"functional-code":{"insertions":226,"deletions":52}}},{"hash":"98dcb0d9646f8441b98ced25e6c862b3f9942616","isMergeCommit":false,"messageTitle":"Fix checkstyle","messageBody":"","fileTypesAndContributionMap":{"functional-code":{"insertions":0,"deletions":9},"test-code":{"insertions":136,"deletions":114}}},{"hash":"d3bcd58236a4c1233b459ed0a8818d670eafebf8","isMergeCommit":false,"messageTitle":"Fix Broken Test Cases","messageBody":"","fileTypesAndContributionMap":{"functional-code":{"insertions":50,"deletions":20},"test-code":{"insertions":70,"deletions":59}}}]},{"date":"2025-03-20T00:00:00","commitResults":[{"hash":"e88c5f9d12eb7c785f5b24c6aada2750ff9eb879","isMergeCommit":true,"messageTitle":"Merge branch \u0027master\u0027 into branch-Add-Guests-To-Tables","messageBody":"","fileTypesAndContributionMap":{}},{"hash":"c95a25a7682aee525714e4a0e2e0865f814c44cd","isMergeCommit":true,"messageTitle":"Merge pull request #74 from josejhkim/branch-Add-Guests-To-Tables","messageBody":"Add commands for adding and deleting guests to and from tables","fileTypesAndContributionMap":{}},{"hash":"30660abf414da4c4dd1aca4ec77ddcae89f7feba","isMergeCommit":true,"messageTitle":"Merge pull request #73 from jonzyyyy/update-UG-branch","messageBody":"Updates UserGuide to match WeddingHero","fileTypesAndContributionMap":{}}]},{"date":"2025-03-27T00:00:00","commitResults":[{"hash":"401ae58713a637dd90458ed2ee054ac468f75ded","isMergeCommit":false,"messageTitle":"Add the TableTests","messageBody":"","fileTypesAndContributionMap":{"test-code":{"insertions":93,"deletions":0}}},{"hash":"1dec93a07c807d4d1b26cd83eb4c8518d9a79821","isMergeCommit":false,"messageTitle":"Add tableTest class","messageBody":"","fileTypesAndContributionMap":{"test-code":{"insertions":4,"deletions":0}}},{"hash":"526942d189d4a0bac989893174a493a23b98f796","isMergeCommit":true,"messageTitle":"Merge pull request #109 from josejhkim/branch-refactor-wedding","messageBody":"Branch refactor wedding\n\n#Fixes 107, 104, 101","fileTypesAndContributionMap":{}},{"hash":"89d205cc5f42404342e5307c1f5a4213a37880f3","isMergeCommit":true,"messageTitle":"Remove conflict files","messageBody":"","fileTypesAndContributionMap":{}},{"hash":"7e1e4765cca235337942a490b245972f6881ed0b","isMergeCommit":false,"messageTitle":"Add Table Tests","messageBody":"","fileTypesAndContributionMap":{"functional-code":{"insertions":3,"deletions":2},"test-code":{"insertions":261,"deletions":6}}}]},{"date":"2025-03-31T00:00:00","commitResults":[{"hash":"2a743523ca6afb945fb7bb926efa4c81dc9e4cb4","isMergeCommit":false,"messageTitle":"Update the table parsing logic","messageBody":"","fileTypesAndContributionMap":{"functional-code":{"insertions":128,"deletions":21},"test-code":{"insertions":154,"deletions":15}}},{"hash":"1b1077aee1ef318077d6b9881a6807e5486467ce","isMergeCommit":true,"messageTitle":"Merge pull request #141 from josejhkim/branch-refactor-wedding","messageBody":"Branch refactor wedding","fileTypesAndContributionMap":{}},{"hash":"1bda692fdeecb6fd5d804b117b1549e31e2c3203","isMergeCommit":false,"messageTitle":"Fix Checkstyle","messageBody":"","fileTypesAndContributionMap":{"functional-code":{"insertions":0,"deletions":2},"test-code":{"insertions":43,"deletions":47}}},{"hash":"2a9231ecd3c10befea35e5d898bb55d1e6a309b7","isMergeCommit":true,"messageTitle":"Fix conflict","messageBody":"","fileTypesAndContributionMap":{}},{"hash":"499f072cac9b0f9fcaa7ad118dc693e04204b19b","isMergeCommit":false,"messageTitle":"Improve on getTables Parser","messageBody":"","fileTypesAndContributionMap":{"functional-code":{"insertions":11,"deletions":7},"test-code":{"insertions":8,"deletions":0}}},{"hash":"7beaf96d44135e270c6f003fa7b14f9954b4adab","isMergeCommit":true,"messageTitle":"Resolve conflicts","messageBody":"","fileTypesAndContributionMap":{}},{"hash":"3bcfe7cd441d18b7fb2fbea4be735d42209673ab","isMergeCommit":false,"messageTitle":"Fix Bug in GUI","messageBody":"","fileTypesAndContributionMap":{"functional-code":{"insertions":13,"deletions":2}}}]},{"date":"2025-04-02T00:00:00","commitResults":[{"hash":"bd922deec80c30cbf146cf4fae4103b6ca91aedc","isMergeCommit":true,"messageTitle":"Merge branch \u0027master\u0027 into branch-refactor-wedding","messageBody":"","fileTypesAndContributionMap":{}},{"hash":"31368f399ae40944f0cdd6906a2b28aec6016d0f","isMergeCommit":false,"messageTitle":"Update AddTableCommand.java","messageBody":"","fileTypesAndContributionMap":{"functional-code":{"insertions":4,"deletions":8}}},{"hash":"a97f26647395cea9311d3f836a76906688ad6d4f","isMergeCommit":false,"messageTitle":"Fix Broken Parser Test","messageBody":"","fileTypesAndContributionMap":{"test-code":{"insertions":5,"deletions":5}}},{"hash":"1e51658fcecbc47146473c669e1f5afe4322e82a","isMergeCommit":true,"messageTitle":"Merge pull request #158 from bhavinaa/fix/broken-test-parser","messageBody":"Fix Broken Parser Test","fileTypesAndContributionMap":{}},{"hash":"005a14218968e5034b41be91674bb3aaef574bdb","isMergeCommit":false,"messageTitle":"Update AddTableCommand.java","messageBody":"","fileTypesAndContributionMap":{"functional-code":{"insertions":0,"deletions":2}}},{"hash":"057a2e1f00316adaa61205ff0e0f2de04ae16a59","isMergeCommit":true,"messageTitle":"Merge pull request #149 from josejhkim/branch-refactor-wedding","messageBody":"Fix bug with deleting a table with guests assigned to it","fileTypesAndContributionMap":{}}]},{"date":"2025-04-03T00:00:00","commitResults":[{"hash":"eef45c59b04b82b38e1a0be940cce14970c135b6","isMergeCommit":true,"messageTitle":"Merge pull request #160 from kaungzinye/fix-bugs-branch","messageBody":"fix #128","fileTypesAndContributionMap":{}},{"hash":"2e9fd865f7c548dc8214ab0fe839a41b121de6cb","isMergeCommit":false,"messageTitle":"Improve Testing and Parsing for FindTable","messageBody":"","fileTypesAndContributionMap":{"functional-code":{"insertions":46,"deletions":33},"test-code":{"insertions":77,"deletions":0}}},{"hash":"c35ac3874442f97f1c4c1aeb1bce14d15386b07c","isMergeCommit":false,"messageTitle":"Improve addTable class","messageBody":"","fileTypesAndContributionMap":{"functional-code":{"insertions":65,"deletions":72},"test-code":{"insertions":136,"deletions":40}}},{"hash":"28ce4b9d291cb7251f711064f551963e34f38fc9","isMergeCommit":false,"messageTitle":"Improve addTable parsing consistency","messageBody":"","fileTypesAndContributionMap":{"functional-code":{"insertions":0,"deletions":1},"test-code":{"insertions":1,"deletions":1}}},{"hash":"59fdccb7fe625c49a7493fdcb56a8fbc886e9fd0","isMergeCommit":false,"messageTitle":"Improve Error Messages","messageBody":"","fileTypesAndContributionMap":{"functional-code":{"insertions":26,"deletions":24},"test-code":{"insertions":101,"deletions":61}}},{"hash":"6b97d653ce03af5e3c7225cf6395d4894474b450","isMergeCommit":false,"messageTitle":"Fix null-pointer in AddPersonToTable","messageBody":"","fileTypesAndContributionMap":{"functional-code":{"insertions":44,"deletions":8}}},{"hash":"5e9342a0fe67a4a299e1cd73ba9dbc4f7a13a322","isMergeCommit":false,"messageTitle":"Improve Test Coverage","messageBody":"","fileTypesAndContributionMap":{"test-code":{"insertions":378,"deletions":117}}}]},{"date":"2025-04-04T00:00:00","commitResults":[{"hash":"b82a2457d0adbb19bc8ef2806799cb1ab91c1995","isMergeCommit":false,"messageTitle":"Update UG","messageBody":"","fileTypesAndContributionMap":{"docs":{"insertions":339,"deletions":85}}},{"hash":"20695f0b31cb10b4b2a30d06c1e2b5511a9cd63f","isMergeCommit":true,"messageTitle":"Merge branch \u0027master\u0027 into fix/update-UG","messageBody":"","fileTypesAndContributionMap":{}},{"hash":"38741e3f48afb4da9e66e50655a380e7aad9fa5d","isMergeCommit":false,"messageTitle":"Update UserGuide.md","messageBody":"","fileTypesAndContributionMap":{"docs":{"insertions":3,"deletions":1}}},{"hash":"5cdfe16ab016d066763d4ca14822dd6f2a39a321","isMergeCommit":true,"messageTitle":"Merge pull request #182 from bhavinaa/fix/update-UG","messageBody":"Update UG","fileTypesAndContributionMap":{}},{"hash":"fa90dd1b5d3af31c19116fe80ebbad318cba5d1e","isMergeCommit":false,"messageTitle":"Improve Test Coverage","messageBody":"","fileTypesAndContributionMap":{"docs":{"insertions":27,"deletions":25},"test-code":{"insertions":121,"deletions":0}}},{"hash":"90ddcf0ec8687d30e75bfc3af836728eb31f6cf4","isMergeCommit":true,"messageTitle":"Merge branch \u0027fix/update-UG\u0027 of github.com:bhavinaa/tp into fix/update-UG","messageBody":"","fileTypesAndContributionMap":{}},{"hash":"7066fd30e725e9c0a944dac3c27048d485ac9bfb","isMergeCommit":false,"messageTitle":"Improve Abstraction in Table Class","messageBody":"","fileTypesAndContributionMap":{"functional-code":{"insertions":69,"deletions":59},"docs":{"insertions":31,"deletions":59},"test-code":{"insertions":4,"deletions":4}}}]},{"date":"2025-04-05T00:00:00","commitResults":[{"hash":"e6354be5f3dff34b364441f86db6bcbc59a64146","isMergeCommit":true,"messageTitle":"Merge pull request #262 from jonzyyyy/Fix-PED-UG","messageBody":"Fixes some UG formatting issues","fileTypesAndContributionMap":{}}]}],"jonzyyyy":[{"date":"2025-03-06T00:00:00","commitResults":[{"hash":"371138fbf3fa2312edee14a097f9a8ff97d616a4","isMergeCommit":false,"messageTitle":"Add Jonathan\u0027s information to AboutUs.md","messageBody":"","fileTypesAndContributionMap":{"docs":{"insertions":4,"deletions":4}}},{"hash":"84ffea35ee8a6beb2e54ea3cce011cf2e018a9cf","isMergeCommit":false,"messageTitle":"Add Jonathan\u0027s information to AboutUs.md","messageBody":"","fileTypesAndContributionMap":{"docs":{"insertions":1,"deletions":4}}},{"hash":"595676f0f1a5b9f4d9963bc6912a48ef25c0b23a","isMergeCommit":false,"messageTitle":"Fix typo in AboutUs.md","messageBody":"","fileTypesAndContributionMap":{"docs":{"insertions":3,"deletions":3}}}]},{"date":"2025-03-14T00:00:00","commitResults":[{"hash":"5ef965f144820f143a7afd82545ecdfb8a29d44b","isMergeCommit":false,"messageTitle":"Add filterGuestCommand and filterGuestParser to filter guests","messageBody":"","fileTypesAndContributionMap":{"functional-code":{"insertions":165,"deletions":5},"other":{"insertions":5,"deletions":4},"test-code":{"insertions":21,"deletions":12}}},{"hash":"92bca08942aca0b10163ba2413f215993da42f1f","isMergeCommit":false,"messageTitle":"Edit syntax errors causing checkstyle to fail","messageBody":"","fileTypesAndContributionMap":{"functional-code":{"insertions":60,"deletions":34}}},{"hash":"da7eef998d65a146eb5a264d2c6381656364036c","isMergeCommit":false,"messageTitle":"Improve minor syntaxes","messageBody":"","fileTypesAndContributionMap":{"functional-code":{"insertions":8,"deletions":2}}}]},{"date":"2025-03-20T00:00:00","commitResults":[{"hash":"bd862944569030ed7494b7faa54d1f339eb571f1","isMergeCommit":false,"messageTitle":"Updates the introduction, add and delete guest commands","messageBody":"","fileTypesAndContributionMap":{"docs":{"insertions":45,"deletions":34}}},{"hash":"8de665167c3ae8db82c9cf100cc3b0d71e24a635","isMergeCommit":false,"messageTitle":"Add CreateWedding to userGuide","messageBody":"","fileTypesAndContributionMap":{"docs":{"insertions":16,"deletions":0}}},{"hash":"fc1d01f35b014694068f5c96319eda0985d099d7","isMergeCommit":true,"messageTitle":"Merge pull request #71 from kaungzinye/tutorial-adding-command","messageBody":"Fix #65, $70","fileTypesAndContributionMap":{}},{"hash":"30dc718977102d456c40d7f5a78fe4ce7ffa2c9d","isMergeCommit":false,"messageTitle":"Add Setting a wedding to userguide","messageBody":"","fileTypesAndContributionMap":{"docs":{"insertions":16,"deletions":0}}},{"hash":"af51fd0a400854651966f6e061a2355613693133","isMergeCommit":false,"messageTitle":"Add Wedding Overview to userguide","messageBody":"","fileTypesAndContributionMap":{"docs":{"insertions":14,"deletions":0}}},{"hash":"4c5128629c7ea122091727ec19570ebbedad14c0","isMergeCommit":false,"messageTitle":"Adds add table command to userguide","messageBody":"","fileTypesAndContributionMap":{"docs":{"insertions":17,"deletions":0}}},{"hash":"0e153660e0e591b9c41e00709808bd4839af2c50","isMergeCommit":false,"messageTitle":"Adds delete table and table list command to userguide","messageBody":"","fileTypesAndContributionMap":{"docs":{"insertions":28,"deletions":0}}},{"hash":"53f38029c65e7d566b1ef260509cf9ce820a0d6d","isMergeCommit":false,"messageTitle":"Adds finding a table to userguide","messageBody":"","fileTypesAndContributionMap":{"docs":{"insertions":18,"deletions":4}}},{"hash":"a212c76e8bebcd1272b227e82b6f8a4c16e744a1","isMergeCommit":false,"messageTitle":"Adds show RSVP list to userguide","messageBody":"","fileTypesAndContributionMap":{"docs":{"insertions":12,"deletions":4}}},{"hash":"7f37b778d3323fe48a4ebce566fdfdf4f390301e","isMergeCommit":false,"messageTitle":"Corrects syntax errors and removes unecessary functions","messageBody":"","fileTypesAndContributionMap":{"docs":{"insertions":6,"deletions":53}}},{"hash":"e68aa7472eb8b84b0e01337d6cc08ca2ad11c5a6","isMergeCommit":false,"messageTitle":"Update table at the end of UserGuide","messageBody":"","fileTypesAndContributionMap":{"docs":{"insertions":9,"deletions":7}}},{"hash":"fe8fa3226afbd67230c0bdbdb61d74e902354c27","isMergeCommit":false,"messageTitle":"Fixed some Userguide formatting issues","messageBody":"","fileTypesAndContributionMap":{"docs":{"insertions":17,"deletions":11}}},{"hash":"952bdb6f5c68c1197edc305c7447652a571504c5","isMergeCommit":false,"messageTitle":"Update minor tweaks in syntaxing","messageBody":"","fileTypesAndContributionMap":{"functional-code":{"insertions":0,"deletions":1},"docs":{"insertions":5,"deletions":9}}},{"hash":"5068d24dc6f87c74298de25c66067e1821667f5f","isMergeCommit":false,"messageTitle":"Update userstory table and add relevant MSS","messageBody":"","fileTypesAndContributionMap":{"docs":{"insertions":99,"deletions":38}}},{"hash":"4bff0345a9f292ce7bd3e95b3a72bca836fa4668","isMergeCommit":false,"messageTitle":"Adds more MSS to Developer Guide","messageBody":"","fileTypesAndContributionMap":{"docs":{"insertions":17,"deletions":32}}},{"hash":"a02c246a5d596a7e5d1f962895c45573de2417f2","isMergeCommit":false,"messageTitle":"Adds MSS for tables in DeveloperGuide","messageBody":"","fileTypesAndContributionMap":{"docs":{"insertions":175,"deletions":157}}},{"hash":"026ea2dabc9eaeeeec89abe2e8c0742c44e87741","isMergeCommit":false,"messageTitle":"Adds relevant NFRs and removed AB3s","messageBody":"","fileTypesAndContributionMap":{"docs":{"insertions":94,"deletions":18}}}]},{"date":"2025-03-23T00:00:00","commitResults":[{"hash":"d2cccd1db237add46b3835580ab947f87e5259c8","isMergeCommit":false,"messageTitle":"Modified filter guest function","messageBody":"","fileTypesAndContributionMap":{"functional-code":{"insertions":8,"deletions":10},"other":{"insertions":0,"deletions":0}}},{"hash":"fe1cb4d56015ffdb48b17210b8edbdda4d9f4c30","isMergeCommit":false,"messageTitle":"adds kaungs changes","messageBody":"","fileTypesAndContributionMap":{"functional-code":{"insertions":163,"deletions":122},"test-code":{"insertions":13,"deletions":19}}},{"hash":"a762a5447c2e3e9d388ee1f284716ce56e93c018","isMergeCommit":true,"messageTitle":"Merge branch \u0027jose-pr-branch\u0027 into refactor-branch","messageBody":"Includes change of structure based on Jose\u0027s changes\n","fileTypesAndContributionMap":{}},{"hash":"b1497fa7deaa1b1bc4e058f036bbea0ca5a9a8dd","isMergeCommit":false,"messageTitle":"Move RSVP and Dietary Restriction out of category","messageBody":"","fileTypesAndContributionMap":{"functional-code":{"insertions":25,"deletions":17},"test-code":{"insertions":4,"deletions":0}}}]},{"date":"2025-03-24T00:00:00","commitResults":[{"hash":"8a8978fef9f3cdf2784be9ff38fa7eed12badb0d","isMergeCommit":false,"messageTitle":"Add tests to RSVP and dietary restriction filter","messageBody":"","fileTypesAndContributionMap":{"test-code":{"insertions":87,"deletions":0}}},{"hash":"20a80f0857bdd4e0ed3751988297ebb32c66cd32","isMergeCommit":false,"messageTitle":"Adds test for filterGuest functionality","messageBody":"","fileTypesAndContributionMap":{"functional-code":{"insertions":51,"deletions":20},"test-code":{"insertions":205,"deletions":5}}},{"hash":"256feb87f86061f68053bcebadf160a7c9c4a64a","isMergeCommit":false,"messageTitle":"Add JavaDoc comments and removes unecessary imports","messageBody":"","fileTypesAndContributionMap":{"functional-code":{"insertions":10,"deletions":1},"test-code":{"insertions":0,"deletions":3}}},{"hash":"794bd5ed572bf99573db6daf13940d7974f54dc7","isMergeCommit":true,"messageTitle":"Incorporates Jose\u0027s changes","messageBody":"","fileTypesAndContributionMap":{}},{"hash":"dfdcaac912b284d1f0d119e5388c6fdc8845e517","isMergeCommit":true,"messageTitle":"Merge pull request #102 from josejhkim/branch-refactor-wedding","messageBody":"Change structure to support multiple weddings inside an AddressBook","fileTypesAndContributionMap":{}},{"hash":"c03b959ae144b815f1d5c266b500581bb13ec91a","isMergeCommit":false,"messageTitle":"Fixes checkstyle errors","messageBody":"","fileTypesAndContributionMap":{"functional-code":{"insertions":449,"deletions":85}}},{"hash":"e69f6c279b98095193a38b5f8ed16634986eb780","isMergeCommit":false,"messageTitle":"Fix checkstyle for tests","messageBody":"","fileTypesAndContributionMap":{"test-code":{"insertions":144,"deletions":151}}}]},{"date":"2025-03-25T00:00:00","commitResults":[{"hash":"e493579e26f9cd807d1a1413350b8f4d0f9616e2","isMergeCommit":false,"messageTitle":"Modified filter guest function","messageBody":"","fileTypesAndContributionMap":{"functional-code":{"insertions":8,"deletions":10},"other":{"insertions":0,"deletions":0}}},{"hash":"13aa9597db6eeb923b37aa20aa6093c145b7c1fc","isMergeCommit":false,"messageTitle":"adds kaungs changes","messageBody":"","fileTypesAndContributionMap":{"functional-code":{"insertions":162,"deletions":120},"test-code":{"insertions":96,"deletions":17}}},{"hash":"b3529fc841f090d65bb8a52b4a9c3d3591c3b723","isMergeCommit":false,"messageTitle":"Move RSVP and Dietary Restriction out of category","messageBody":"","fileTypesAndContributionMap":{"functional-code":{"insertions":25,"deletions":17},"test-code":{"insertions":4,"deletions":0}}},{"hash":"1918b097f56ee5c739686969a06b9f271da064c0","isMergeCommit":false,"messageTitle":"Add tests to RSVP and dietary restriction filter","messageBody":"","fileTypesAndContributionMap":{"test-code":{"insertions":87,"deletions":0}}},{"hash":"816bbed1d96de283cffced4e7618ad9f6db3afb3","isMergeCommit":false,"messageTitle":"Adds test for filterGuest functionality","messageBody":"","fileTypesAndContributionMap":{"functional-code":{"insertions":51,"deletions":20},"test-code":{"insertions":205,"deletions":5}}},{"hash":"07af9218c7b90b3ebf959d329cf45e61e407de86","isMergeCommit":false,"messageTitle":"Add JavaDoc comments and removes unecessary imports","messageBody":"","fileTypesAndContributionMap":{"functional-code":{"insertions":10,"deletions":1},"test-code":{"insertions":0,"deletions":3}}},{"hash":"ceb922dc1897e89b0ad3ffe9d5d5d7acaa090233","isMergeCommit":false,"messageTitle":"Fixes checkstyle errors","messageBody":"","fileTypesAndContributionMap":{"functional-code":{"insertions":206,"deletions":81}}},{"hash":"cb765196f42da560e1c25f6711dd11a76e5745fb","isMergeCommit":false,"messageTitle":"Fix checkstyle for tests","messageBody":"","fileTypesAndContributionMap":{"test-code":{"insertions":144,"deletions":151}}},{"hash":"91ac3c09d58309d050dcdaec92a08645b81ce602","isMergeCommit":false,"messageTitle":"Adds FilterGuestParser implementation","messageBody":"","fileTypesAndContributionMap":{"functional-code":{"insertions":58,"deletions":59},"test-code":{"insertions":5,"deletions":9}}}]},{"date":"2025-03-26T00:00:00","commitResults":[{"hash":"e8fe17c58151b2ecaa75f8771bde2323347cf839","isMergeCommit":true,"messageTitle":"Fetch upstream and merge conflicts","messageBody":"","fileTypesAndContributionMap":{}},{"hash":"9af1067ba37e31145ae1b6173f981a80471f24d1","isMergeCommit":false,"messageTitle":"Fixes FilterGuestParser and implements test","messageBody":"","fileTypesAndContributionMap":{"functional-code":{"insertions":12,"deletions":5},"test-code":{"insertions":53,"deletions":0}}},{"hash":"c318535b52653b2f5b33be6547a291717af6452a","isMergeCommit":false,"messageTitle":"Fixes FilterGuestCommand tests","messageBody":"","fileTypesAndContributionMap":{"test-code":{"insertions":26,"deletions":30}}},{"hash":"ce16c0b08561fb52801e8a5688efef118923f18d","isMergeCommit":false,"messageTitle":"Fixes syntax and checkstyle","messageBody":"","fileTypesAndContributionMap":{"functional-code":{"insertions":39,"deletions":49},"test-code":{"insertions":3,"deletions":10}}},{"hash":"4e44f70ef2e2e4366c41f47da9965fd0df0050ba","isMergeCommit":false,"messageTitle":"Refactors filter parser name and adds it to AddressBookParser","messageBody":"","fileTypesAndContributionMap":{"functional-code":{"insertions":3,"deletions":0},"other":{"insertions":3,"deletions":3}}},{"hash":"11f45c23ce2f0a90cc987c3917e13e7cff473402","isMergeCommit":false,"messageTitle":"Fix syntax","messageBody":"","fileTypesAndContributionMap":{"functional-code":{"insertions":1,"deletions":1}}}]},{"date":"2025-03-27T00:00:00","commitResults":[{"hash":"fd9285032f7271187e0e060bd0591b5c9b470e56","isMergeCommit":false,"messageTitle":"Adds FilterGuest description to Userguide","messageBody":"","fileTypesAndContributionMap":{"docs":{"insertions":18,"deletions":0}}},{"hash":"643349830a2b5ac94dc5ba320ed4f0f7e3b1ed4a","isMergeCommit":false,"messageTitle":"Add FilterGuest to table of commands","messageBody":"","fileTypesAndContributionMap":{"docs":{"insertions":1,"deletions":1}}}]},{"date":"2025-03-31T00:00:00","commitResults":[{"hash":"0b2d977ff3c9ad2dd6f088a7d1434faa47c53902","isMergeCommit":false,"messageTitle":"Adds unfilter functionality with no prefix given","messageBody":"","fileTypesAndContributionMap":{"functional-code":{"insertions":2,"deletions":8},"test-code":{"insertions":3,"deletions":5}}},{"hash":"d395c101a7d18c0a3eb70674e3bfbeb416e06e26","isMergeCommit":false,"messageTitle":"Removes unused import statement","messageBody":"","fileTypesAndContributionMap":{"functional-code":{"insertions":0,"deletions":1}}},{"hash":"0523beed9cb850e80366cfe13f2a7b3ee5b8d942","isMergeCommit":false,"messageTitle":"Fixes addPerson user feedback","messageBody":"","fileTypesAndContributionMap":{"functional-code":{"insertions":1,"deletions":7},"test-code":{"insertions":2,"deletions":10}}}]},{"date":"2025-04-01T00:00:00","commitResults":[{"hash":"0d4b34e0160c9077168a74dc52e51ccfb4a8f6e7","isMergeCommit":true,"messageTitle":"Merge pull request #152 from kaungzinye/fix-bugs-branch","messageBody":"Fix #121, #122, #123, #130","fileTypesAndContributionMap":{}},{"hash":"0152a211e8590064bb7f91390299834978a97f1d","isMergeCommit":false,"messageTitle":"Updates UG with new GUI images","messageBody":"","fileTypesAndContributionMap":{"docs":{"insertions":29,"deletions":26}}},{"hash":"947cd4eafabdeaa49ac932e40947d62bee6cf4c8","isMergeCommit":false,"messageTitle":"Refactors filterGuests to filterPersons","messageBody":"","fileTypesAndContributionMap":{"functional-code":{"insertions":3,"deletions":3},"other":{"insertions":36,"deletions":35},"docs":{"insertions":19,"deletions":13}}},{"hash":"5b23dc3ba0d9d87c78e1e2ebd0771740e7a80b2b","isMergeCommit":false,"messageTitle":"Add test coverage","messageBody":"","fileTypesAndContributionMap":{"test-code":{"insertions":8,"deletions":0}}}]},{"date":"2025-04-02T00:00:00","commitResults":[{"hash":"2f00c94159f0bac43d5bb8cf8ecce51e2524c7c4","isMergeCommit":false,"messageTitle":"Update build.gradle to enable assertions","messageBody":"","fileTypesAndContributionMap":{"other":{"insertions":5,"deletions":0}}}]},{"date":"2025-04-03T00:00:00","commitResults":[{"hash":"875733c0de19af175f9f439f0e9f7dfd2b7c65c2","isMergeCommit":false,"messageTitle":"Update build.gradle","messageBody":"","fileTypesAndContributionMap":{"other":{"insertions":1,"deletions":1}}},{"hash":"9b1fe32deba7a22d529e7b766b7a6ab40b576059","isMergeCommit":false,"messageTitle":"Update build.gradle to meet requirements","messageBody":"","fileTypesAndContributionMap":{"other":{"insertions":5,"deletions":1}}},{"hash":"fc95e0bff207de187d15208f2f2e6fd36be73edb","isMergeCommit":true,"messageTitle":"Updates local repo with upstream","messageBody":"","fileTypesAndContributionMap":{}},{"hash":"8951db5e8ed371c5b38237319eb33abdede6e1f6","isMergeCommit":true,"messageTitle":"Merge pull request #174 from kaungzinye/fix-bugs-branch","messageBody":"fix #150,  #170, #172, #173, #175","fileTypesAndContributionMap":{}},{"hash":"d1d0b22be42572c5d6859733ea27d90f129fb9df","isMergeCommit":true,"messageTitle":"Updates codebase","messageBody":"","fileTypesAndContributionMap":{}},{"hash":"b14bb6c14f88efd652bdb163bede72e0c678c8f1","isMergeCommit":false,"messageTitle":"Update UG intro and command table","messageBody":"","fileTypesAndContributionMap":{"docs":{"insertions":50,"deletions":47}}},{"hash":"7fa8f7a6c16da3a8dfa9588829f559c44cc56dd6","isMergeCommit":false,"messageTitle":"Update UG intro and command table","messageBody":"","fileTypesAndContributionMap":{"docs":{"insertions":14,"deletions":16}}},{"hash":"7dd6abab4a5d4d9d1f0dfb03bbcaffeadf91d627","isMergeCommit":true,"messageTitle":"Merge branch \u0027master\u0027 into alpha-bugs","messageBody":"","fileTypesAndContributionMap":{}}]},{"date":"2025-04-05T00:00:00","commitResults":[{"hash":"ceed87632347447affce51d258a56325ce474ed6","isMergeCommit":false,"messageTitle":"Fixes some UG formatting issues","messageBody":"","fileTypesAndContributionMap":{"docs":{"insertions":37,"deletions":64}}},{"hash":"845b26dcc5d138e935245f0bef07a9414d35efb0","isMergeCommit":false,"messageTitle":"Fixes more errors in UG","messageBody":"","fileTypesAndContributionMap":{"docs":{"insertions":14,"deletions":7}}},{"hash":"6ff07994d1888a67e8bb038c81fd578d740067ff","isMergeCommit":false,"messageTitle":"Fixes more UG issues","messageBody":"","fileTypesAndContributionMap":{"docs":{"insertions":8,"deletions":6}}},{"hash":"838d9a8bd4b6fb10422c97a88feea15539b7afd1","isMergeCommit":false,"messageTitle":"Fixes syntax","messageBody":"","fileTypesAndContributionMap":{"docs":{"insertions":2,"deletions":1}}},{"hash":"23423babce716ec89aedb94b3f640b46de21e5f6","isMergeCommit":false,"messageTitle":"Makes changes to addPerson spec","messageBody":"","fileTypesAndContributionMap":{"docs":{"insertions":3,"deletions":4}}},{"hash":"1baa6eeeda3f7634f6bf94ea39ff65fbe8af8330","isMergeCommit":false,"messageTitle":"Makes filterPersons more clear","messageBody":"","fileTypesAndContributionMap":{"docs":{"insertions":14,"deletions":22}}},{"hash":"d5843c4c83cdd453d6c37d5f6f66d4918d500833","isMergeCommit":false,"messageTitle":"Improves table of content","messageBody":"","fileTypesAndContributionMap":{"docs":{"insertions":36,"deletions":49}}},{"hash":"3771554ba54ac46adbce8a8ee02e185c6b3d7cfa","isMergeCommit":false,"messageTitle":"Adds page break for better pdf formatting","messageBody":"","fileTypesAndContributionMap":{"docs":{"insertions":5,"deletions":0}}},{"hash":"8c0eb4673783d6654354e89b9c7ce611d0372614","isMergeCommit":false,"messageTitle":"Fixes some syntax error","messageBody":"","fileTypesAndContributionMap":{"docs":{"insertions":1,"deletions":2}}},{"hash":"7b7fa3ac0538708629d33a13eaef6bab4a17d3bd","isMergeCommit":false,"messageTitle":"Fixes code formatting within commands","messageBody":"","fileTypesAndContributionMap":{"docs":{"insertions":18,"deletions":36}}},{"hash":"7b218ebae4bb03a661f9490c14dce7ebc01b2a6f","isMergeCommit":false,"messageTitle":"Improves example for deletePerson","messageBody":"","fileTypesAndContributionMap":{"docs":{"insertions":4,"deletions":4}}},{"hash":"e1dfc50bb56ee356f075ee7068a1f6610db71b56","isMergeCommit":false,"messageTitle":"Modifies filterPersons to be clearer","messageBody":"","fileTypesAndContributionMap":{"docs":{"insertions":6,"deletions":2}}},{"hash":"cf8b40a8be4de86e13f0df3b4bd83cbbabf29a94","isMergeCommit":false,"messageTitle":"Adds reference to dietary restrictions","messageBody":"","fileTypesAndContributionMap":{"docs":{"insertions":4,"deletions":5}}},{"hash":"fcb5934d7603772e81bb305890a2ffaf9fe44c4c","isMergeCommit":false,"messageTitle":"Adds more information to filterPersons","messageBody":"","fileTypesAndContributionMap":{"docs":{"insertions":1,"deletions":1}}},{"hash":"829d5fdeae0edb1260d25a2d34d3867d0bcf4722","isMergeCommit":false,"messageTitle":"Adds hyperlinks to filterPersons","messageBody":"","fileTypesAndContributionMap":{"docs":{"insertions":12,"deletions":5}}},{"hash":"17f8e0e4cb56981f73c81e90d7ee8b2bf6054613","isMergeCommit":false,"messageTitle":"Fixes NONE inconsistency","messageBody":"","fileTypesAndContributionMap":{"docs":{"insertions":2,"deletions":2}}},{"hash":"c8ea9f05449ab4b340f6f74ca2a42a3101da0a81","isMergeCommit":false,"messageTitle":"Moves bullet point up","messageBody":"","fileTypesAndContributionMap":{"docs":{"insertions":1,"deletions":1}}}]},{"date":"2025-04-06T00:00:00","commitResults":[{"hash":"21bebd872786e3a79488680144ef468f34c6f860","isMergeCommit":false,"messageTitle":"Improves filterPersons to handle invalid values","messageBody":"","fileTypesAndContributionMap":{"functional-code":{"insertions":23,"deletions":5},"docs":{"insertions":41,"deletions":37},"test-code":{"insertions":30,"deletions":6}}},{"hash":"5ec6526154824c7a3c069747c3c1c3e1818a648b","isMergeCommit":false,"messageTitle":"Made small naming changes","messageBody":"","fileTypesAndContributionMap":{"functional-code":{"insertions":3,"deletions":3},"docs":{"insertions":8,"deletions":8}}},{"hash":"56f85fbd324e97cbf6b24242206cf483078b1c1a","isMergeCommit":false,"messageTitle":"Improve wording for UG","messageBody":"","fileTypesAndContributionMap":{"docs":{"insertions":2,"deletions":2}}},{"hash":"5bf7e927f5fdfd56555936f3fd0cc8312c57bd8c","isMergeCommit":false,"messageTitle":"Updates the list javadoc and userguide","messageBody":"","fileTypesAndContributionMap":{"functional-code":{"insertions":1,"deletions":1},"docs":{"insertions":15,"deletions":0}}},{"hash":"7a20566a106bad5607b486671f693ee564862d9d","isMergeCommit":false,"messageTitle":"Updates wording in userGuide","messageBody":"","fileTypesAndContributionMap":{"docs":{"insertions":9,"deletions":9}}},{"hash":"e5e8ec271eed95948b26230103882104f2520ce5","isMergeCommit":false,"messageTitle":"Fixes minor spacing","messageBody":"","fileTypesAndContributionMap":{"docs":{"insertions":1,"deletions":1}}}]}],"josejhkim":[{"date":"2025-03-06T00:00:00","commitResults":[{"hash":"c4996cd3befc604f198046cbb7cc06a34cf96e9c","isMergeCommit":true,"messageTitle":"Merge branch \u0027switch-docs-to-markbind\u0027","messageBody":"","fileTypesAndContributionMap":{}},{"hash":"f82452eb9677ce5c693ffa441d353a8ad577efee","isMergeCommit":false,"messageTitle":"Change product name in config files","messageBody":"","fileTypesAndContributionMap":{"docs":{"insertions":1,"deletions":1}}},{"hash":"0b22d75968bd4736500ce489e91fa29940c750ca","isMergeCommit":false,"messageTitle":"Add Jose\u0027s details in AboutUs","messageBody":"","fileTypesAndContributionMap":{"docs":{"insertions":5,"deletions":5}}},{"hash":"e43141b54e370e7f77f1cfed56d21856a3f68022","isMergeCommit":true,"messageTitle":"Merge pull request #18 from jonzyyyy/branch-update-AboutUs","messageBody":"Add Jonathan\u0027s info to AboutUs.md","fileTypesAndContributionMap":{}},{"hash":"6e609a88ea08b533590bf85d27d3febaab6f4f40","isMergeCommit":true,"messageTitle":"Merge branch \u0027master\u0027 into update-aboutus-bhavina","messageBody":"","fileTypesAndContributionMap":{}},{"hash":"0c4927199fa971c1041d139c7d0b4b0f316bee76","isMergeCommit":true,"messageTitle":"Merge pull request #17 from bhavinaa/update-aboutus-bhavina","messageBody":"Fixes #16: Update About Us for Bhavina","fileTypesAndContributionMap":{}},{"hash":"11a8e69cf6ff26d49786b3f444d2bcc49eb766ac","isMergeCommit":true,"messageTitle":"Merge pull request #22 from kaungzinye/kaung-aboutus-branch","messageBody":"Add Kaung AboutUs","fileTypesAndContributionMap":{}},{"hash":"7353105f34b6b54ec8ed68ce3af4857136bc05e4","isMergeCommit":false,"messageTitle":"Fix formatting error in AboutUs.md","messageBody":"","fileTypesAndContributionMap":{"docs":{"insertions":1,"deletions":10}}},{"hash":"ac8c199dff3d0809ab729a829b74b08274fc493b","isMergeCommit":true,"messageTitle":"Merge pull request #26 from josejhkim/branch-Fix-AboutUs-Errors","messageBody":"Fix AboutUs formatting issues","fileTypesAndContributionMap":{}}]},{"date":"2025-03-13T00:00:00","commitResults":[{"hash":"5e434fff3edfeaea483a3d5d5f73979ac679b025","isMergeCommit":false,"messageTitle":"Define default constructor for RSVP with no response status","messageBody":"","fileTypesAndContributionMap":{"functional-code":{"insertions":8,"deletions":0}}},{"hash":"db38fe369712b2b6e0ba7de01d1a8ba6d441f6e2","isMergeCommit":false,"messageTitle":"Define default constructor for DietaryRestriction with no restriction","messageBody":"","fileTypesAndContributionMap":{"functional-code":{"insertions":10,"deletions":0}}},{"hash":"327959d6e97bac2213a143e6f762b10ea5d99784","isMergeCommit":false,"messageTitle":"Change constructor parameter order to be consistent with Person","messageBody":"","fileTypesAndContributionMap":{"functional-code":{"insertions":1,"deletions":1}}},{"hash":"68e8ed7547bd2a671e0d2eb298133fad1a1f3006","isMergeCommit":false,"messageTitle":"Create a class for edit guest command","messageBody":"","fileTypesAndContributionMap":{"functional-code":{"insertions":242,"deletions":0}}},{"hash":"58d537223fca5dd86d6ddc1b4fb83a1158307476","isMergeCommit":false,"messageTitle":"Edit test case to reflect new Guest parameter ordering","messageBody":"","fileTypesAndContributionMap":{"test-code":{"insertions":6,"deletions":7}}},{"hash":"85983fbf3f809a0a5d7090ea1c731a8fc25a3013","isMergeCommit":false,"messageTitle":"Edit test case to reflect new Guest parameter ordering","messageBody":"","fileTypesAndContributionMap":{"functional-code":{"insertions":1,"deletions":1},"test-code":{"insertions":10,"deletions":10}}},{"hash":"287271b5db306a5296a3b197c8eb0cce7e478a44","isMergeCommit":true,"messageTitle":"Merge pull request #48 from bhavinaa/feature/add-delete-wedding-tables","messageBody":"Add the Table class and the relevant tests","fileTypesAndContributionMap":{}},{"hash":"d6973816486371d69705eb21c283c5e4fccd58e0","isMergeCommit":true,"messageTitle":"Merge pull request #44 from jensenhuangyankai/Add-weddingOverview","messageBody":"Add wedding overview","fileTypesAndContributionMap":{}}]},{"date":"2025-03-14T00:00:00","commitResults":[{"hash":"536546db450abe6a22528763883eb486cef9d1ed","isMergeCommit":true,"messageTitle":"Merge pull request #50 from jonzyyyy/filter-guests-branch","messageBody":"Add filterGuestCommand and filterGuestParser to filter guests","fileTypesAndContributionMap":{}}]},{"date":"2025-03-20T00:00:00","commitResults":[{"hash":"253fa7e7349ac547e0c8121e9e7fd2b68adb0cdb","isMergeCommit":true,"messageTitle":"Merge pull request #63 from bhavinaa/fix/Immutable-table-class","messageBody":"Fix/immutable table class","fileTypesAndContributionMap":{}},{"hash":"77d47467bfae3e68886045ad07e1b5f636402523","isMergeCommit":false,"messageTitle":"Add a field for Table inside Guest","messageBody":"","fileTypesAndContributionMap":{"functional-code":{"insertions":37,"deletions":28},"test-code":{"insertions":45,"deletions":9}}},{"hash":"48ecc3f43ca4063e172e91904449d54d23a48336","isMergeCommit":false,"messageTitle":"Create method inside Wedding for finding a guest by their name","messageBody":"","fileTypesAndContributionMap":{"functional-code":{"insertions":8,"deletions":0}}},{"hash":"208e0bab6c21008933ab1abec6b05c94b1e52318","isMergeCommit":false,"messageTitle":"Add necessary import statements","messageBody":"","fileTypesAndContributionMap":{"functional-code":{"insertions":2,"deletions":0}}},{"hash":"191bb431bbe658e04de3945248081c0492d6f320","isMergeCommit":false,"messageTitle":"Rename RemoveGuest to DeleteGuest","messageBody":"","fileTypesAndContributionMap":{"functional-code":{"insertions":3,"deletions":3},"other":{"insertions":9,"deletions":9},"test-code":{"insertions":14,"deletions":14}}},{"hash":"d331baa97cf75b8331450de5a08353ee0c3d482d","isMergeCommit":false,"messageTitle":"Create a always-true predicate for Guest","messageBody":"","fileTypesAndContributionMap":{"functional-code":{"insertions":1,"deletions":0}}},{"hash":"da56f3e63145f599438a64562b3c7e04dec910d7","isMergeCommit":false,"messageTitle":"Add more error messages for invalid guest name and table ID","messageBody":"","fileTypesAndContributionMap":{"functional-code":{"insertions":2,"deletions":0}}},{"hash":"08008a1a5e77d8db91d140bf18ed77cd2850c03d","isMergeCommit":false,"messageTitle":"Use RsvpList to store guests for tables instead of a normal List","messageBody":"","fileTypesAndContributionMap":{"functional-code":{"insertions":18,"deletions":18}}},{"hash":"c9c024bb1800dd9a0d675f16ced3cde789a468cd","isMergeCommit":false,"messageTitle":"Create method for parsing table ID as int for commands","messageBody":"","fileTypesAndContributionMap":{"functional-code":{"insertions":11,"deletions":0}}},{"hash":"a622bb802a98c7639a5ac6ce3ba93f856ce5cd2f","isMergeCommit":false,"messageTitle":"Add parsing for adding/deleting a guest to/from a table","messageBody":"","fileTypesAndContributionMap":{"functional-code":{"insertions":9,"deletions":0}}},{"hash":"610f7a6d994ef6365a3fedc83ec931bb2fa7d457","isMergeCommit":false,"messageTitle":"Remove operations that find guest by guest id","messageBody":"","fileTypesAndContributionMap":{"functional-code":{"insertions":0,"deletions":15},"test-code":{"insertions":2,"deletions":24}}},{"hash":"10c8c554ec38972f95fe9f7bd7f42217e3693171","isMergeCommit":false,"messageTitle":"Define a constant for maximum table capacity","messageBody":"","fileTypesAndContributionMap":{"functional-code":{"insertions":1,"deletions":0}}},{"hash":"342888be3fda525d268ab91cc5700570520fd2b3","isMergeCommit":false,"messageTitle":"Define methods for getting and finding guests by name","messageBody":"","fileTypesAndContributionMap":{"functional-code":{"insertions":35,"deletions":11}}},{"hash":"6e9fa930c2c3c43ef245689e292ac044f61ad3fc","isMergeCommit":false,"messageTitle":"Define method for replacing a guest with another","messageBody":"","fileTypesAndContributionMap":{"functional-code":{"insertions":15,"deletions":0}}},{"hash":"457494c4699833e1ba60fd6a7c0673b07a23effc","isMergeCommit":false,"messageTitle":"Replace Optional\u003cTable\u003e with Table and null handling","messageBody":"","fileTypesAndContributionMap":{"functional-code":{"insertions":42,"deletions":23}}},{"hash":"8f4a29bd8190e2a3c72856b3d091391ac7080494","isMergeCommit":false,"messageTitle":"Add \"table\" field for guest\u0027s JSON format","messageBody":"","fileTypesAndContributionMap":{"functional-code":{"insertions":19,"deletions":14}}},{"hash":"cc7537e21a32f390ed7d21da16cfc84014d0641d","isMergeCommit":false,"messageTitle":"Add list of JsonAdaptedGuest for table\u0027s JSON format","messageBody":"","fileTypesAndContributionMap":{"functional-code":{"insertions":18,"deletions":39}}},{"hash":"a92857b9b92c3fd2a0d40e55801e22658c75af46","isMergeCommit":false,"messageTitle":"Remove method call for getting guest ids","messageBody":"","fileTypesAndContributionMap":{"functional-code":{"insertions":6,"deletions":4}}},{"hash":"b731ba9ced0bdb016061a7e9ed72cacf2f5732e7","isMergeCommit":false,"messageTitle":"Add \u0027default\u0027 null table value to represent \"Unassigned\"","messageBody":"","fileTypesAndContributionMap":{"functional-code":{"insertions":1,"deletions":1}}},{"hash":"49efbd0e0de208d932cc0ee0831387e0193238ca","isMergeCommit":false,"messageTitle":"Support deleting guest by entering their name","messageBody":"","fileTypesAndContributionMap":{"functional-code":{"insertions":25,"deletions":22}}},{"hash":"5686c0ed9a82fc57fd0be1946968460985966a10","isMergeCommit":false,"messageTitle":"Replace orElseThrow() with null handling","messageBody":"","fileTypesAndContributionMap":{"functional-code":{"insertions":4,"deletions":2}}},{"hash":"52d2a1708db12fa6bc60119f12e1cf14a4c52bc4","isMergeCommit":false,"messageTitle":"Add AddGuestToTable command","messageBody":"","fileTypesAndContributionMap":{"functional-code":{"insertions":142,"deletions":0}}},{"hash":"97396e18e682af84a7931e66c88d652e49a583b4","isMergeCommit":false,"messageTitle":"Add DeleteGuestFromTable command","messageBody":"","fileTypesAndContributionMap":{"functional-code":{"insertions":136,"deletions":0}}},{"hash":"4bbddc6d7f433faed70e8224c70149c3e62b0b56","isMergeCommit":false,"messageTitle":"Fix typo inside equals() method","messageBody":"","fileTypesAndContributionMap":{"functional-code":{"insertions":1,"deletions":1}}},{"hash":"6799901b3faa3bd391e9751767fe5d6b950ee2f1","isMergeCommit":false,"messageTitle":"Fix typo inside equals() method","messageBody":"","fileTypesAndContributionMap":{"functional-code":{"insertions":1,"deletions":1}}},{"hash":"1a526eacb6499e80ef3493bc827a05d32aaad458","isMergeCommit":false,"messageTitle":"Add early return statement for delete command","messageBody":"","fileTypesAndContributionMap":{"functional-code":{"insertions":1,"deletions":0}}},{"hash":"53005669e61a63b0738a819535c50892319e1b2e","isMergeCommit":false,"messageTitle":"Remove whitespaces for toString() formatting","messageBody":"","fileTypesAndContributionMap":{"functional-code":{"insertions":2,"deletions":2}}},{"hash":"732d50b92f26e1d067086f5ba05aa0022f8c8195","isMergeCommit":false,"messageTitle":"Edit testcases based on new guest fields","messageBody":"","fileTypesAndContributionMap":{"other":{"insertions":11,"deletions":13},"test-code":{"insertions":217,"deletions":5}}},{"hash":"9935fb290748b19c032d14621e5fc7f61c57ca18","isMergeCommit":false,"messageTitle":"Make styling changes to comply with checkstyle","messageBody":"","fileTypesAndContributionMap":{"functional-code":{"insertions":73,"deletions":32},"test-code":{"insertions":6,"deletions":5}}},{"hash":"23b46b3f8d719eb6991da76a845f547648c7eca0","isMergeCommit":false,"messageTitle":"Make styling changes to comply with checkstyle","messageBody":"","fileTypesAndContributionMap":{"test-code":{"insertions":0,"deletions":1}}},{"hash":"30cf52415c67724c4cb6641a08be00650229f2f7","isMergeCommit":true,"messageTitle":"Merge changes from remote branch-Add-Guests-To-Tables","messageBody":"","fileTypesAndContributionMap":{}},{"hash":"ba2e5d529415d13f7447b83a0138b9b80d990749","isMergeCommit":false,"messageTitle":"Make styling changes to comply with checkstyle","messageBody":"","fileTypesAndContributionMap":{"functional-code":{"insertions":0,"deletions":1}}},{"hash":"fa5bf168dcf22a94db172d4bac58ddb42f78dcec","isMergeCommit":false,"messageTitle":"Make styling changes to comply with checkstyle","messageBody":"","fileTypesAndContributionMap":{"test-code":{"insertions":8,"deletions":8}}},{"hash":"697b624bfa83ce3fa906e8a0c74864299c348b59","isMergeCommit":false,"messageTitle":"Update documents to reflect Wedding Hero","messageBody":"","fileTypesAndContributionMap":{"docs":{"insertions":13,"deletions":12}}},{"hash":"c3136f72180784781934e84b7f5c6cd55de1f59f","isMergeCommit":true,"messageTitle":"Merge branch \u0027master\u0027 into branch-Update-Website","messageBody":"","fileTypesAndContributionMap":{}},{"hash":"a5e56ffaa93db9c39f8d4cae24354e4bb242a27d","isMergeCommit":true,"messageTitle":"Merge pull request #76 from jonzyyyy/update-dg-branch","messageBody":"Updates DG for MVP","fileTypesAndContributionMap":{}},{"hash":"7d8405fd0db2e7f43da713107b187c66a48a7c87","isMergeCommit":true,"messageTitle":"Merge branch \u0027master\u0027 into branch-Update-Website","messageBody":"","fileTypesAndContributionMap":{}},{"hash":"7bf05f65af17d1500eeffc0e7853e0299f89bed7","isMergeCommit":false,"messageTitle":"Fix checkstyle issues","messageBody":"","fileTypesAndContributionMap":{"docs":{"insertions":83,"deletions":81}}},{"hash":"260392ab6950219b920fe125fefc9d8fe99e3982","isMergeCommit":true,"messageTitle":"Merge pull request #79 from josejhkim/branch-Update-Website","messageBody":"Update documents to reflect Wedding Hero","tags":["v1.3-MVP"],"fileTypesAndContributionMap":{}}]},{"date":"2025-03-23T00:00:00","commitResults":[{"hash":"156c3f33124acdd10735b582c13b3270d58ede5a","isMergeCommit":false,"messageTitle":"Change structure to support multiple weddings inside an AddressBook","messageBody":"","fileTypesAndContributionMap":{"functional-code":{"insertions":805,"deletions":233},"other":{"insertions":132,"deletions":142},"test-code":{"insertions":18,"deletions":18}}}]},{"date":"2025-03-24T00:00:00","commitResults":[{"hash":"88fd5a1e7cf5aeac2b725197dd8c434c0e0d4a21","isMergeCommit":false,"messageTitle":"Make JsonSerializableAddressBook contain an array of Wedding JSONs","messageBody":"","fileTypesAndContributionMap":{"functional-code":{"insertions":231,"deletions":172},"test-code":{"insertions":159,"deletions":156}}},{"hash":"6592015b89db2cc7afa43fb275505051349defbe","isMergeCommit":false,"messageTitle":"Add method for retrieving ObservableList\u003cTable\u003e inside Logic","messageBody":"","fileTypesAndContributionMap":{"functional-code":{"insertions":32,"deletions":5}}}]},{"date":"2025-03-26T00:00:00","commitResults":[{"hash":"3153670a009f22c1dab4e581572312139b72fdd9","isMergeCommit":true,"messageTitle":"Merge remote-tracking branch \u0027upstream/refactor-wedding-branch\u0027 into branch-refactor-wedding","messageBody":"","fileTypesAndContributionMap":{}},{"hash":"0e2bc1c5d3e7e12dc767932a1e0489d1508d2fc8","isMergeCommit":false,"messageTitle":"Define updateFilteredTableList inside Model","messageBody":"","fileTypesAndContributionMap":{"functional-code":{"insertions":3,"deletions":0},"test-code":{"insertions":10,"deletions":0}}},{"hash":"27f76627f20b795e0ad2bfaab28df7c946e77aa5","isMergeCommit":false,"messageTitle":"Delete the redundant getAllPersons() method","messageBody":"","fileTypesAndContributionMap":{"functional-code":{"insertions":5,"deletions":11}}},{"hash":"dc37d4e1c83b29497ac0ef9feeec55c31b52e80c","isMergeCommit":false,"messageTitle":"Reorder methods for better readability","messageBody":"","fileTypesAndContributionMap":{"functional-code":{"insertions":41,"deletions":46}}},{"hash":"1f108309d03c5b69707d2ffaf38dee2fac86e0b2","isMergeCommit":false,"messageTitle":"Define constants for argument errors on negative ID and capacity","messageBody":"","fileTypesAndContributionMap":{"functional-code":{"insertions":17,"deletions":12}}},{"hash":"e041500f8c295f7b94fce04d0aa0db77a331d52d","isMergeCommit":false,"messageTitle":"Rename methods to use the word \u0027Person\u0027 instead of \u0027Guest\u0027","messageBody":"","fileTypesAndContributionMap":{"functional-code":{"insertions":9,"deletions":10}}},{"hash":"8e514cc35bcf37b118d16b19710ff65532ef4776","isMergeCommit":false,"messageTitle":"Rename methods to use the word \u0027Person\u0027 instead of \u0027Guest\u0027","messageBody":"","fileTypesAndContributionMap":{"functional-code":{"insertions":5,"deletions":5}}},{"hash":"48e3d5a0535981f053a32387fd912457c59c9d2b","isMergeCommit":false,"messageTitle":"Rename method to specify int id usage","messageBody":"","fileTypesAndContributionMap":{"functional-code":{"insertions":1,"deletions":1}}},{"hash":"562a270cdc344b3446515679409ba6cf8922b1d3","isMergeCommit":false,"messageTitle":"Rename method to specify int id usage","messageBody":"","fileTypesAndContributionMap":{"functional-code":{"insertions":1,"deletions":1}}},{"hash":"37f9ae69c35670a9c4c929744b4cc8e5b9ba5903","isMergeCommit":false,"messageTitle":"Create method for getting current table size","messageBody":"","fileTypesAndContributionMap":{"functional-code":{"insertions":4,"deletions":0}}},{"hash":"38dd1fbecfee960641cd3a4b435d6b48bdd41456","isMergeCommit":false,"messageTitle":"Create exception for when adding person to an already full table","messageBody":"","fileTypesAndContributionMap":{"functional-code":{"insertions":10,"deletions":0}}},{"hash":"16edef6600a063f457533fc3a1b837e9d053fcb1","isMergeCommit":false,"messageTitle":"Make addPerson() throw an exception when Table is full","messageBody":"","fileTypesAndContributionMap":{"functional-code":{"insertions":5,"deletions":0}}},{"hash":"bd18b7654761f3bbb9266ec7fae9ecda203e5126","isMergeCommit":false,"messageTitle":"Make deletePerson() throw an exception if the given Person isn\u0027t in the Table","messageBody":"","fileTypesAndContributionMap":{"functional-code":{"insertions":5,"deletions":0}}},{"hash":"41877c3a622df393dafeb1b2ce1ffe37afbabba8","isMergeCommit":false,"messageTitle":"Add non-null checks and internalList updates for methods","messageBody":"","fileTypesAndContributionMap":{"functional-code":{"insertions":60,"deletions":44}}},{"hash":"239572f5b02af52bb682d991da68d1dcf082d5ea","isMergeCommit":false,"messageTitle":"Rename methods to use updated Table method names","messageBody":"","fileTypesAndContributionMap":{"functional-code":{"insertions":5,"deletions":5}}},{"hash":"1f21a9f5e37f00a62712022eff61990e04ad8075","isMergeCommit":false,"messageTitle":"Define method for setting all tables to ones in the given list","messageBody":"","fileTypesAndContributionMap":{"functional-code":{"insertions":33,"deletions":6}}},{"hash":"5fee92fa6d955c1d986356bd815cc16aeefdc1da","isMergeCommit":false,"messageTitle":"Rename overloaded methods inside Model for better distinction","messageBody":"","fileTypesAndContributionMap":{"functional-code":{"insertions":29,"deletions":30},"test-code":{"insertions":14,"deletions":14}}},{"hash":"d391283b48db0939b4a9b22f9c85790b8141cdcf","isMergeCommit":false,"messageTitle":"Define method for getting List of Table inside ReadOnlyAddressBook","messageBody":"","fileTypesAndContributionMap":{"functional-code":{"insertions":3,"deletions":3},"test-code":{"insertions":7,"deletions":0}}},{"hash":"9ebe98211f10e362266abea40d95610c02be05dc","isMergeCommit":false,"messageTitle":"Create exception for when there is no current wedding","messageBody":"","fileTypesAndContributionMap":{"functional-code":{"insertions":7,"deletions":0}}},{"hash":"ec212c15efa3c5fdcf9331d02e1d7d744fc71b86","isMergeCommit":false,"messageTitle":"Add null checking and exceptions","messageBody":"","fileTypesAndContributionMap":{"functional-code":{"insertions":29,"deletions":12}}},{"hash":"4c13740f5154765a6a0dfccf73f6d3985075d632","isMergeCommit":false,"messageTitle":"Remove and rename unused methods","messageBody":"","fileTypesAndContributionMap":{"functional-code":{"insertions":24,"deletions":40},"test-code":{"insertions":1,"deletions":1}}},{"hash":"980aa6541191fefc0220296772a81d7de1dd0ff8","isMergeCommit":false,"messageTitle":"Rename overloaded methods for better clarity","messageBody":"","fileTypesAndContributionMap":{"functional-code":{"insertions":14,"deletions":41}}},{"hash":"3a6e7bd7d1da1bda953aa181dc38b80f5e1fcb23","isMergeCommit":false,"messageTitle":"Reorder method definitions for better readability","messageBody":"","fileTypesAndContributionMap":{"functional-code":{"insertions":30,"deletions":32}}}]},{"date":"2025-03-27T00:00:00","commitResults":[{"hash":"ecbfe33ea6da368863d67b39b004e5a302545b7d","isMergeCommit":false,"messageTitle":"Make Person store table ID instead of direct Table object reference","messageBody":"","fileTypesAndContributionMap":{"functional-code":{"insertions":185,"deletions":130},"test-code":{"insertions":129,"deletions":238}}},{"hash":"40eb43bf4a17ff93ced9f34cf186846f19eae533","isMergeCommit":false,"messageTitle":"Create exception for Person already being seated at a Table","messageBody":"","fileTypesAndContributionMap":{"functional-code":{"insertions":7,"deletions":0}}},{"hash":"622a17d476f2368c0fbe764bdc994d796323788a","isMergeCommit":true,"messageTitle":"Merge changes made to FilterGuestCommand","messageBody":"","fileTypesAndContributionMap":{}},{"hash":"6f941fc088eb5700c6fe0b7e9a9a05b9af4f09e0","isMergeCommit":false,"messageTitle":"Change getCurrentWedding() to return null if there is no current wedding","messageBody":"","fileTypesAndContributionMap":{"test-code":{"insertions":1,"deletions":1}}},{"hash":"4c6ba9f314a8e5200bb2b9f60c3410462749212f","isMergeCommit":false,"messageTitle":"Fix checkstyle errors in main folder","messageBody":"","fileTypesAndContributionMap":{"functional-code":{"insertions":50,"deletions":39}}},{"hash":"746fdd04ce2c3aae32912317ccb418537023ec98","isMergeCommit":false,"messageTitle":"Fix checkstyle errors for tests","messageBody":"","fileTypesAndContributionMap":{"test-code":{"insertions":38,"deletions":44}}},{"hash":"42363ebc7558b5ce1ac6625622d82b322f50a899","isMergeCommit":false,"messageTitle":"Fix checkstyle errors for DG","messageBody":"","fileTypesAndContributionMap":{"docs":{"insertions":6,"deletions":6}}},{"hash":"fc123d4e0296723c0713e5e184aefc6bcee07f50","isMergeCommit":true,"messageTitle":"Merge pull request #113 from jonzyyyy/Fix-UG-Branch","messageBody":"Fix ug branch","fileTypesAndContributionMap":{}},{"hash":"07f1466081b17aa3697f67b49870694210fdb635","isMergeCommit":true,"messageTitle":"Merge pull request #111 from bhavinaa/fix/AddTableTests","messageBody":"Fix/add table tests","tags":["v1.4-Alpha"],"fileTypesAndContributionMap":{}}]},{"date":"2025-03-29T00:00:00","commitResults":[{"hash":"0e4e8944a9a9e4dc39aaaff4d0d2a2fc99a3ac4a","isMergeCommit":false,"messageTitle":"Define function for clearing internalList for \u0027unique lists\u0027","messageBody":"","fileTypesAndContributionMap":{"functional-code":{"insertions":34,"deletions":1}}},{"hash":"4e5d9d4906e943c471032f6de6f034cb88592245","isMergeCommit":false,"messageTitle":"Define an interface for UniqueList for their inner ObservableList","messageBody":"","fileTypesAndContributionMap":{"functional-code":{"insertions":80,"deletions":15}}},{"hash":"81c41774d02e125e9157416e53872654f936c783","isMergeCommit":false,"messageTitle":"Fix issues with displaying items in the GUI by correctly using ObservableList","messageBody":"","fileTypesAndContributionMap":{"functional-code":{"insertions":36,"deletions":15}}},{"hash":"4aa7ef9ac2257e655340597d9a3d6e8242365733","isMergeCommit":false,"messageTitle":"Fix typo in the usage message","messageBody":"","fileTypesAndContributionMap":{"functional-code":{"insertions":1,"deletions":1}}},{"hash":"c4a47ad90367b26189882e774257a8c4c24b855a","isMergeCommit":false,"messageTitle":"Clean up any unnecessary imports and code","messageBody":"","fileTypesAndContributionMap":{"functional-code":{"insertions":45,"deletions":39}}}]},{"date":"2025-03-30T00:00:00","commitResults":[{"hash":"1b5d160609955e9770b765fd7166d0440c7a707e","isMergeCommit":false,"messageTitle":"Fix logic for updating ObservableList","messageBody":"","fileTypesAndContributionMap":{"functional-code":{"insertions":27,"deletions":41},"test-code":{"insertions":17,"deletions":17}}},{"hash":"19fb17ebc8233c652cbb5c0098e75a1d45364b78","isMergeCommit":false,"messageTitle":"Fix checkstyle errors","messageBody":"","fileTypesAndContributionMap":{"functional-code":{"insertions":1,"deletions":21},"test-code":{"insertions":0,"deletions":3}}},{"hash":"c4757cdfad7371693583ff14c424773c5e627a86","isMergeCommit":true,"messageTitle":"Merge branch \u0027master\u0027 of https://github.com/AY2425S2-CS2103T-F12-3/tp into branch-refactor-wedding","messageBody":"","fileTypesAndContributionMap":{}},{"hash":"1dfe7c15bdc72f163583d8952657fb33f0790b74","isMergeCommit":false,"messageTitle":"Fix issues with failing tests","messageBody":"","fileTypesAndContributionMap":{"functional-code":{"insertions":7,"deletions":4},"test-code":{"insertions":8,"deletions":6}}},{"hash":"e53fbbb8ddc009d59540c97a91777b6e9a84616e","isMergeCommit":false,"messageTitle":"Fix checkstyle issues","messageBody":"","fileTypesAndContributionMap":{"test-code":{"insertions":0,"deletions":2}}}]},{"date":"2025-03-31T00:00:00","commitResults":[{"hash":"5aa8d1f1e5424bd59bb2929511b1e18d69eb0f04","isMergeCommit":false,"messageTitle":"Set name to lowercase for equality checking","messageBody":"","fileTypesAndContributionMap":{"functional-code":{"insertions":3,"deletions":1}}},{"hash":"f82a14266ae81b36999f5125aa0d61be073b824b","isMergeCommit":false,"messageTitle":"Fix flaws in the program logic","messageBody":"","fileTypesAndContributionMap":{"functional-code":{"insertions":136,"deletions":47},"test-code":{"insertions":15,"deletions":10}}}]},{"date":"2025-04-01T00:00:00","commitResults":[{"hash":"429900f248fa55f9db7196c292f5f93d4eb54e4e","isMergeCommit":false,"messageTitle":"Fix bug with deleting a table with guests assigned to it","messageBody":"","fileTypesAndContributionMap":{"functional-code":{"insertions":11,"deletions":4}}},{"hash":"d1b7bfbd475f6612695f9c994a4d188093e66091","isMergeCommit":false,"messageTitle":"Fix test cases to catch correct exceptions","messageBody":"","fileTypesAndContributionMap":{"functional-code":{"insertions":7,"deletions":0},"test-code":{"insertions":2,"deletions":1}}},{"hash":"3b31e6a3248cd49f1e00f060b2e776a06e332432","isMergeCommit":false,"messageTitle":"Fix checkstyle issues","messageBody":"","fileTypesAndContributionMap":{"functional-code":{"insertions":1,"deletions":1}}},{"hash":"483d3174a8b57683eba2f4d1594d8baa42b58d2e","isMergeCommit":true,"messageTitle":"Merge pull request #147 from jonzyyyy/improve-filter-branch","messageBody":"Improve filter branch","fileTypesAndContributionMap":{}},{"hash":"a21409920dddf0b3fd153c4a612b161125e4d0a0","isMergeCommit":true,"messageTitle":"Merge pull request #148 from jonzyyyy/fix-addPerson-GUI","messageBody":"Fixes addPerson user feedback","fileTypesAndContributionMap":{}},{"hash":"440afccf97fcb8c7c81bde770dbf1939e005979b","isMergeCommit":true,"messageTitle":"Merge branch \u0027master\u0027 of https://github.com/AY2425S2-CS2103T-F12-3/tp into branch-refactor-wedding","messageBody":"","fileTypesAndContributionMap":{}},{"hash":"330826e1ea0f9a068c0b89b7ff7dee28300cba3d","isMergeCommit":false,"messageTitle":"Fix checkstyle and compilation issues","messageBody":"","fileTypesAndContributionMap":{"functional-code":{"insertions":18,"deletions":18},"test-code":{"insertions":5,"deletions":6}}}]},{"date":"2025-04-02T00:00:00","commitResults":[{"hash":"538fb20e86bc726e35114307cb70b6e4e7918321","isMergeCommit":true,"messageTitle":"Merge pull request #146 from bhavinaa/fix/table-commands-2.0","messageBody":"Fix/table commands 2.0","fileTypesAndContributionMap":{}},{"hash":"44c82d0d0fed3f954133ba1c9fc449b62d5b81ef","isMergeCommit":true,"messageTitle":"Merge pull request #157 from jonzyyyy/update-docs","messageBody":"Refactors filterGuest to FilterPerson","fileTypesAndContributionMap":{}}]},{"date":"2025-04-03T00:00:00","commitResults":[{"hash":"1ed6ffadd1991c7cec0fcf99cb93f6db279ed4e1","isMergeCommit":false,"messageTitle":"Fix bug with adding person without setting wedding first","messageBody":"","fileTypesAndContributionMap":{"functional-code":{"insertions":8,"deletions":0}}},{"hash":"76843ddc30fac137b8a2b2c282e9a3e9e63aeba0","isMergeCommit":false,"messageTitle":"Add badge to display CodeCov","messageBody":"","fileTypesAndContributionMap":{"docs":{"insertions":4,"deletions":3}}},{"hash":"647969309e0d0e34cc1364d74515c6b89c0132c2","isMergeCommit":true,"messageTitle":"Merge pull request #168 from josejhkim/master","messageBody":"Add badge to display CodeCov","fileTypesAndContributionMap":{}},{"hash":"6f68437db4e7f0efbefe4300e8ebb37d99c18bd2","isMergeCommit":true,"messageTitle":"Merge pull request #165 from bhavinaa/fix/improve-test-coverage","messageBody":"Fix/improve-error-messages","fileTypesAndContributionMap":{}},{"hash":"4e558d85793ae381a211caf2f4ed71c01db566fd","isMergeCommit":false,"messageTitle":"Edit help window message","messageBody":"","fileTypesAndContributionMap":{"functional-code":{"insertions":1,"deletions":1}}},{"hash":"75b3df5ca1295c801471277a8c6bea8ee3f14253","isMergeCommit":true,"messageTitle":"Merge pull request #176 from josejhkim/branch-Edit-Help","messageBody":"Edit help window message","fileTypesAndContributionMap":{}}]},{"date":"2025-04-04T00:00:00","commitResults":[{"hash":"77b916d834adffb9c3531a48981bcf62fffec9b4","isMergeCommit":true,"messageTitle":"Merge pull request #183 from jensenhuangyankai/Add-trivial-tests","messageBody":"Add trivial tests","fileTypesAndContributionMap":{}},{"hash":"a47915e2d645f0132846212b1af61d7b0538ad34","isMergeCommit":true,"messageTitle":"Merge pull request #184 from bhavinaa/fix/update-UG","messageBody":"Fix/update ug","fileTypesAndContributionMap":{}}]},{"date":"2025-04-05T00:00:00","commitResults":[{"hash":"c6c9b007e0f7af7ee33e3aed0187b9701e55579b","isMergeCommit":false,"messageTitle":"Change getCurrentWedding() to throw an exception with no current wedding","messageBody":"","fileTypesAndContributionMap":{"functional-code":{"insertions":60,"deletions":37}}},{"hash":"aa892c2c2f7a45d51d77a241513f5c3964297c85","isMergeCommit":false,"messageTitle":"Change clear command result message formatting","messageBody":"","fileTypesAndContributionMap":{"functional-code":{"insertions":1,"deletions":1}}},{"hash":"bc879dad0591cffd0219d020910f89ed55c9c393","isMergeCommit":false,"messageTitle":"Fix issues found in the app from the PE-D","messageBody":"","fileTypesAndContributionMap":{"functional-code":{"insertions":120,"deletions":133},"test-code":{"insertions":13,"deletions":7}}},{"hash":"e121ebc9052b5e05488f76addd4d944bdc03515a","isMergeCommit":false,"messageTitle":"Fix checkstyle issues","messageBody":"","fileTypesAndContributionMap":{"functional-code":{"insertions":6,"deletions":6},"test-code":{"insertions":11,"deletions":43}}}]},{"date":"2025-04-06T00:00:00","commitResults":[{"hash":"012519eb529e021500efe5ded6c9c7570fdb4537","isMergeCommit":false,"messageTitle":"Fix issues found in the app from the PE-D","messageBody":"","fileTypesAndContributionMap":{"functional-code":{"insertions":146,"deletions":165},"test-code":{"insertions":47,"deletions":67}}},{"hash":"b2ab63cf4513a08264b2ee62a68275a9629a9ba8","isMergeCommit":false,"messageTitle":"Fix typo in command","messageBody":"","fileTypesAndContributionMap":{"functional-code":{"insertions":1,"deletions":1}}},{"hash":"9200da791b672cf423004f636fac9a4bb2c137b2","isMergeCommit":false,"messageTitle":"Call getCurrentWedding() before updating the GUI","messageBody":"","fileTypesAndContributionMap":{"functional-code":{"insertions":20,"deletions":7}}},{"hash":"507bd3382f892449dfa3a6837acacbecf4ef86af","isMergeCommit":true,"messageTitle":"Solve merge issues with upstream","messageBody":"","fileTypesAndContributionMap":{}},{"hash":"6b1594760956544c06758a301ef08c6c8b9a2f3d","isMergeCommit":false,"messageTitle":"Update AddPersonToTableCommand.java","messageBody":"","fileTypesAndContributionMap":{"functional-code":{"insertions":11,"deletions":22}}},{"hash":"22a9b4859d6370a0d1ef49b7bc53cad6ad0341ba","isMergeCommit":false,"messageTitle":"Update WeddingOverviewCommand.java","messageBody":"","fileTypesAndContributionMap":{"functional-code":{"insertions":20,"deletions":22}}},{"hash":"d069920388ad0315c8f0cfc96d0a533499066694","isMergeCommit":false,"messageTitle":"Update AddressBook.java","messageBody":"","fileTypesAndContributionMap":{"functional-code":{"insertions":20,"deletions":20}}},{"hash":"f884264b0f2cb23e0a5c1d3a2bdb94c47d798dd9","isMergeCommit":true,"messageTitle":"Merge branch \u0027master\u0027 into branch-Fix-PE-Bugs","messageBody":"","fileTypesAndContributionMap":{}},{"hash":"ba371adce2bf2d88767fb16ada303126130e2c0f","isMergeCommit":true,"messageTitle":"Merge pull request #265 from josejhkim/branch-Fix-PE-Bugs","messageBody":"Branch fix pe bugs","fileTypesAndContributionMap":{}},{"hash":"7d30b2bd204ec9ccf048534dbc1e1123b9a1bbf5","isMergeCommit":false,"messageTitle":"Fix broken links in the document","messageBody":"","fileTypesAndContributionMap":{"docs":{"insertions":4,"deletions":4}}}]}]},"authorFileTypeContributionMap":{"jensenhuangyankai":{"docs":4,"functional-code":1276,"test-code":232},"kaungzinye":{"docs":89,"functional-code":608,"test-code":614},"bhavinaa":{"docs":133,"functional-code":942,"test-code":1219},"jonzyyyy":{"docs":537,"functional-code":457,"test-code":474,"other":10},"josejhkim":{"docs":27,"functional-code":1958,"test-code":559}},"authorContributionVariance":{"jensenhuangyankai":65943.95,"kaungzinye":168979.6,"bhavinaa":112222.76,"jonzyyyy":102854.24,"josejhkim":116915.31},"authorDisplayNameMap":{"jensenhuangyankai":"CS2103T-F12-3 JENS.. KAI","kaungzinye":"CS2103T-F12-3 KAUN..AUNG","bhavinaa":"CS2103T-F12-3 BHAV..UMAR","jonzyyyy":"CS2103T-F12-3 JONA..YANG","josejhkim":"CS2103T-F12-3 KIM ..AEHO"}}
