{"authorDailyContributionsMap":{"nathtiekk":[{"date":"2025-03-10T00:00:00","commitResults":[{"hash":"f99d5b3c53ebf275990692cd6ef88a08d2445763","isMergeCommit":false,"messageTitle":"Update AboutUs.md","messageBody":"","fileTypesAndContributionMap":{"docs":{"insertions":4,"deletions":5}}},{"hash":"8364e49291b7ad5fdcce13a8a5c6f2863e898dc3","isMergeCommit":true,"messageTitle":"Merge pull request #38 from nathtiekk/about-us","messageBody":"Update AboutUs.md","fileTypesAndContributionMap":{}}]},{"date":"2025-03-13T00:00:00","commitResults":[{"hash":"5062a2ade2c61d6292e2b54e39c20f02caf8967f","isMergeCommit":false,"messageTitle":"Skeleton FilterByDateCommandParser","messageBody":"","fileTypesAndContributionMap":{"functional-code":{"insertions":141,"deletions":0},"test-code":{"insertions":145,"deletions":0}}}]},{"date":"2025-03-14T00:00:00","commitResults":[{"hash":"4d27b026f9c3310fc4f22308fe18dbe8d809444f","isMergeCommit":true,"messageTitle":"Merge branch \u0027master\u0027 into FilterByDateCommandParser","messageBody":"","fileTypesAndContributionMap":{}}]},{"date":"2025-03-19T00:00:00","commitResults":[{"hash":"b5539a97cc2dda2bfed8bf6352fe9722e5f03fe1","isMergeCommit":true,"messageTitle":"Merge branch \u0027master\u0027 into FilterByDateCommandParser","messageBody":"","fileTypesAndContributionMap":{}},{"hash":"084a4485d6c72141b97a825ea96d44c4eb73bdd4","isMergeCommit":true,"messageTitle":"Merge branch \u0027master\u0027 into FilterByDateCommandParser","messageBody":"","fileTypesAndContributionMap":{}},{"hash":"7c1d17cb511d1c2b21d992d8cf2535692a4f701a","isMergeCommit":false,"messageTitle":"Create FilterByDateCommandParser without FilterByDateCommandParserTest","messageBody":"","fileTypesAndContributionMap":{"functional-code":{"insertions":27,"deletions":5},"test-code":{"insertions":5,"deletions":8}}},{"hash":"a35c1157635e11f8dc8a5eda695c212ebd624441","isMergeCommit":true,"messageTitle":"Merge branch \u0027master\u0027 into FilterByDateCommandParser","messageBody":"","fileTypesAndContributionMap":{}},{"hash":"703fe962cd0a2917a9c0e2cb8828aeaa55037ad1","isMergeCommit":false,"messageTitle":"Fix checkstyle issues","messageBody":"","fileTypesAndContributionMap":{"functional-code":{"insertions":23,"deletions":8},"test-code":{"insertions":10,"deletions":11}}},{"hash":"073f350a9fa60b90df5857eb9b22807847a65f54","isMergeCommit":true,"messageTitle":"Merge branch \u0027master\u0027 into FilterByDateCommandParser","messageBody":"","fileTypesAndContributionMap":{}},{"hash":"438bded64cd5861f88f0ee4c27a8865fe80f6b91","isMergeCommit":false,"messageTitle":"Add FilterDateCommandParserTest","messageBody":"","fileTypesAndContributionMap":{"functional-code":{"insertions":32,"deletions":15},"test-code":{"insertions":72,"deletions":9}}},{"hash":"2839e547edb098845b5b7c2a39badbbf4f2545fe","isMergeCommit":false,"messageTitle":"Add FilterDateCommandTest","messageBody":"","fileTypesAndContributionMap":{"functional-code":{"insertions":1,"deletions":2},"test-code":{"insertions":101,"deletions":38}}},{"hash":"4459a5a3be039a32c6d18cfb3a224b19a91e5b17","isMergeCommit":false,"messageTitle":"Fix missing code coverage","messageBody":"","fileTypesAndContributionMap":{"test-code":{"insertions":29,"deletions":1}}}]},{"date":"2025-03-20T00:00:00","commitResults":[{"hash":"8d230530a91fea9a85e32d6cb58103d02b5fe80e","isMergeCommit":false,"messageTitle":"Fix logic error in FilterDateCommandParserTest","messageBody":"","fileTypesAndContributionMap":{"test-code":{"insertions":1,"deletions":1}}},{"hash":"803d41ac471753c6f6483cb69695db2232aa4963","isMergeCommit":true,"messageTitle":"Merge pull request #74 from nathtiekk/FilterByDateCommandParser","messageBody":"Create FilterByDateCommandParser and FilterByDateCommand","fileTypesAndContributionMap":{}},{"hash":"00339d1f6b2eff216714ae9f511ad077b5518496","isMergeCommit":false,"messageTitle":"Change App version to 1.3","messageBody":"","fileTypesAndContributionMap":{"functional-code":{"insertions":1,"deletions":1}}},{"hash":"ea2c91b448bc10ef30bcf5c7e090490ab7bcd8a4","isMergeCommit":true,"messageTitle":"Merge pull request #98 from nathtiekk/v1.3","messageBody":"Change App version to 1.3","fileTypesAndContributionMap":{}}]},{"date":"2025-03-27T00:00:00","commitResults":[{"hash":"23330682c6e7b0db4735a44adf380639c5316946","isMergeCommit":false,"messageTitle":"Add show all button","messageBody":"","fileTypesAndContributionMap":{"functional-code":{"insertions":34,"deletions":1},"test-code":{"insertions":6,"deletions":2}}},{"hash":"f0a68ec494d9b64144fb883f14c891cf00d462d3","isMergeCommit":false,"messageTitle":"Add filter information at Renewal Table","messageBody":"","fileTypesAndContributionMap":{"functional-code":{"insertions":47,"deletions":0}}},{"hash":"900bbc71355581132b2303d2c4349d01204844a3","isMergeCommit":true,"messageTitle":"Merge pull request #123 from nathtiekk/UiDateFilter","messageBody":"Add show all button","tags":["v1.4"],"fileTypesAndContributionMap":{}}]},{"date":"2025-04-03T00:00:00","commitResults":[{"hash":"2d0d6044f2b6cf4e6525d147150063c548685961","isMergeCommit":false,"messageTitle":"Add FilterDateCommandClassDiagram","messageBody":"","fileTypesAndContributionMap":{"docs":{"insertions":46,"deletions":0}}},{"hash":"2ca0c5706061c526ca902000b7155c96956c9d61","isMergeCommit":false,"messageTitle":"Add FilterDateCommandSequenceDiagram","messageBody":"","fileTypesAndContributionMap":{"docs":{"insertions":70,"deletions":0}}},{"hash":"676bb4b6373ccd73125141c8c8b4d8b0fbfcd638","isMergeCommit":true,"messageTitle":"Merge branch \u0027master\u0027 into update-guides","messageBody":"","fileTypesAndContributionMap":{}},{"hash":"de292820363211a9abb625473e4b508594aa17eb","isMergeCommit":false,"messageTitle":"Update User and Dev guide","messageBody":"","fileTypesAndContributionMap":{"docs":{"insertions":48,"deletions":2}}},{"hash":"99c54117ebff667cd77522dc9e49a21639da0949","isMergeCommit":false,"messageTitle":"Standardise Date Format","messageBody":"","fileTypesAndContributionMap":{"functional-code":{"insertions":16,"deletions":6},"test-code":{"insertions":23,"deletions":18}}},{"hash":"8b8e7b817c34625a61aec0571afcd2e055d7e07e","isMergeCommit":false,"messageTitle":"Fix trailing whitespace","messageBody":"","fileTypesAndContributionMap":{"functional-code":{"insertions":1,"deletions":1}}}]}],"yuyang011":[{"date":"2025-03-07T00:00:00","commitResults":[{"hash":"8fc35a3e23d1683c2919771b08ba4633a0f5d911","isMergeCommit":false,"messageTitle":"Update AboutUs.md","messageBody":"","fileTypesAndContributionMap":{"docs":{"insertions":5,"deletions":4}}},{"hash":"f497251206ca3452d298fc7a8cd0631a468120e7","isMergeCommit":true,"messageTitle":"Merge pull request #19 from yuyang011/branch-update-about-us","messageBody":"Update About Us Page","fileTypesAndContributionMap":{}},{"hash":"96ab971d7d85f494adab2b7009a2e5b58fc10b98","isMergeCommit":true,"messageTitle":"Merge pull request #24 from yuyang011/branch-photo","messageBody":"Update Yu Yang\u0027s Photo","fileTypesAndContributionMap":{}},{"hash":"f54213214551ef3b62c8b3161c3b41c85a5ff285","isMergeCommit":false,"messageTitle":"Update AboutUs.md","messageBody":"","fileTypesAndContributionMap":{"docs":{"insertions":2,"deletions":2}}}]},{"date":"2025-03-08T00:00:00","commitResults":[{"hash":"dca0ddd038b6dc69421ee723b75bf736c02ac21f","isMergeCommit":false,"messageTitle":"Update README.md","messageBody":"","fileTypesAndContributionMap":{"docs":{"insertions":52,"deletions":11}}}]},{"date":"2025-03-13T00:00:00","commitResults":[{"hash":"bf01826a924a46e61ab60a6565eb85126c762f16","isMergeCommit":true,"messageTitle":"Merge pull request #68 from Jovin-Ang/add-find-phone","messageBody":"Refactor find command to support multiple field search","fileTypesAndContributionMap":{}},{"hash":"7a1524e877f0e4165a8acd49b5c2a46ac1db6fb0","isMergeCommit":false,"messageTitle":"Add policy number field in find command","messageBody":"","fileTypesAndContributionMap":{"functional-code":{"insertions":96,"deletions":6}}},{"hash":"6f3a28e118e52aa1d375ed2e6042e43c3d487695","isMergeCommit":false,"messageTitle":"Update test cases","messageBody":"","fileTypesAndContributionMap":{"functional-code":{"insertions":1,"deletions":1},"test-code":{"insertions":145,"deletions":3}}},{"hash":"ecd0cac72d124fb6db305d3a3c38aff9699a5186","isMergeCommit":false,"messageTitle":"Update test cases","messageBody":"","fileTypesAndContributionMap":{"test-code":{"insertions":4,"deletions":2}}},{"hash":"52f2ede36b74b46fc7eb05f14892e974517079ab","isMergeCommit":false,"messageTitle":"Update typos in code","messageBody":"","fileTypesAndContributionMap":{"functional-code":{"insertions":1,"deletions":1},"test-code":{"insertions":1,"deletions":1}}},{"hash":"ca8baebfc6179464b46ae9ade02edbddac617a73","isMergeCommit":false,"messageTitle":"Update typos in code","messageBody":"","fileTypesAndContributionMap":{"test-code":{"insertions":2,"deletions":2}}},{"hash":"0d2447ccee03df9e02fc4116622887f2da09d156","isMergeCommit":true,"messageTitle":"Merge pull request #73 from yuyang011/branch-find-policy-number","messageBody":"Expand find command to include policy number search","fileTypesAndContributionMap":{}}]},{"date":"2025-03-19T00:00:00","commitResults":[{"hash":"aa3e9e581160c54baa5f2a3f5b0c43c5e79ef68c","isMergeCommit":false,"messageTitle":"Update find email into find command","messageBody":"","fileTypesAndContributionMap":{"functional-code":{"insertions":97,"deletions":3},"docs":{"insertions":5,"deletions":3},"test-code":{"insertions":179,"deletions":8}}},{"hash":"d59b2bf81976df9c16cbaee3d54567327eaccaaa","isMergeCommit":true,"messageTitle":"Merge branch \u0027master\u0027 into branch-find-email","messageBody":"# Conflicts:\n#\tdocs/UserGuide.md\n","fileTypesAndContributionMap":{}},{"hash":"13eff361a65b5f3ffa2ed4c4360156e53658bb01","isMergeCommit":true,"messageTitle":"Merge branch \u0027master\u0027 into branch-find-email","messageBody":"","fileTypesAndContributionMap":{}}]},{"date":"2025-03-20T00:00:00","commitResults":[{"hash":"089497ce430e4055d8dc15d917d2715315ef5335","isMergeCommit":true,"messageTitle":"Merge pull request #92 from yuyang011/branch-find-email","messageBody":"Expand find command to include email search","fileTypesAndContributionMap":{}}]},{"date":"2025-03-26T00:00:00","commitResults":[{"hash":"b056c11ad14118f7dfc7cef92507631a406bf860","isMergeCommit":false,"messageTitle":"Update Model class diagram","messageBody":"","fileTypesAndContributionMap":{"docs":{"insertions":3,"deletions":0}}},{"hash":"e385a13ccde449a046af7036ce7a50cdc4bfb05f","isMergeCommit":false,"messageTitle":"Update model class diagram with note","messageBody":"","fileTypesAndContributionMap":{"docs":{"insertions":3,"deletions":0}}}]},{"date":"2025-03-27T00:00:00","commitResults":[{"hash":"f72942aae95f4ba1cd4947677008c1a17694948e","isMergeCommit":true,"messageTitle":"Merge pull request #119 from yuyang011/branch-update-model-class-diagram","messageBody":"","fileTypesAndContributionMap":{}}]},{"date":"2025-03-31T00:00:00","commitResults":[{"hash":"ac65812a540a37874832faaf45320163a053e35b","isMergeCommit":false,"messageTitle":"Fix find command wrong parameter format message","messageBody":"","fileTypesAndContributionMap":{"functional-code":{"insertions":3,"deletions":3}}}]},{"date":"2025-04-01T00:00:00","commitResults":[{"hash":"3623f3828900b75f72955667598392562642fdbf","isMergeCommit":true,"messageTitle":"Merge pull request #136 from yuyang011/branch-fix-find-command","messageBody":"","fileTypesAndContributionMap":{}}]},{"date":"2025-04-02T00:00:00","commitResults":[{"hash":"595543ed088ec5c1103c9a9595857ecf522824aa","isMergeCommit":false,"messageTitle":"Update developer guide","messageBody":"","fileTypesAndContributionMap":{"docs":{"insertions":6,"deletions":22}}},{"hash":"8e76ed83a88b768ab54e48fc5caf269d05a459d0","isMergeCommit":false,"messageTitle":"Update developer guide","messageBody":"","fileTypesAndContributionMap":{"docs":{"insertions":16,"deletions":0}}}]},{"date":"2025-04-03T00:00:00","commitResults":[{"hash":"c248da55f78c61089dfab99111e7e38815abde48","isMergeCommit":true,"messageTitle":"Merge pull request #159 from yuyang011/branch-update-dg","messageBody":"","fileTypesAndContributionMap":{}},{"hash":"82059a8ab802fb353844b1da6899bf453ede016b","isMergeCommit":true,"messageTitle":"Merge pull request #125 from MakiseKurisuX/branch-userguide-2","messageBody":"","fileTypesAndContributionMap":{}},{"hash":"24001bf9ce18c60e85179a6df93f07cccd1d8720","isMergeCommit":false,"messageTitle":"Update UserGuide.md","messageBody":"","fileTypesAndContributionMap":{"docs":{"insertions":5,"deletions":5}}},{"hash":"6e6518a709064a5e9f60d1e4e55463116eb83b41","isMergeCommit":true,"messageTitle":"Merge pull request #165 from yuyang011/branch-update-userguide","messageBody":"","fileTypesAndContributionMap":{}},{"hash":"a7678efc01f36bd793e9a7ae1c1f4cfe967a59be","isMergeCommit":false,"messageTitle":"Fix find command","messageBody":"","fileTypesAndContributionMap":{"functional-code":{"insertions":3,"deletions":3},"docs":{"insertions":2,"deletions":2}}},{"hash":"c0bf8c8953bfc56ebd0ac0f2e025106b38dcd5ba","isMergeCommit":false,"messageTitle":"Update developer guide","messageBody":"","fileTypesAndContributionMap":{"docs":{"insertions":1,"deletions":1}}},{"hash":"e3bb6422564fb6ad6f6b7561766738ad80cf7aa7","isMergeCommit":true,"messageTitle":"Merge pull request #170 from yuyang011/branch-fix-find","messageBody":"","fileTypesAndContributionMap":{}}]},{"date":"2025-04-05T00:00:00","commitResults":[{"hash":"f2abfc2297ff35392d12ee4edfc5e0343a705231","isMergeCommit":false,"messageTitle":"Update addressbook.jar to InsureBook.jar","messageBody":"","fileTypesAndContributionMap":{"docs":{"insertions":1,"deletions":1}}},{"hash":"13350e915c784975a15cc53d78fe890b72ee4ce8","isMergeCommit":true,"messageTitle":"Merge pull request #217 from yuyang011/branch-fix-jar-name","messageBody":"","fileTypesAndContributionMap":{}}]},{"date":"2025-04-06T00:00:00","commitResults":[{"hash":"75dfe87aa5ffcd74344c7ad574962bccca4629e6","isMergeCommit":false,"messageTitle":"Update UML diagram with PolicyType and RenewalDate","messageBody":"","fileTypesAndContributionMap":{"docs":{"insertions":8,"deletions":0}}},{"hash":"7e154807cd1bc6cf88bf3c97dab12547b8b03e4a","isMergeCommit":false,"messageTitle":"Update font size","messageBody":"","fileTypesAndContributionMap":{"docs":{"insertions":2,"deletions":0}}},{"hash":"44ac6c77eda9a923e8035e53c56b9761fbc3115a","isMergeCommit":true,"messageTitle":"Merge pull request #276 from yuyang011/branch-update-model","messageBody":"","fileTypesAndContributionMap":{}}]}],"Jovin-Ang":[{"date":"2025-02-26T00:00:00","commitResults":[{"hash":"9f87728c2f1601f8640d31ec56f390bd1213ae78","isMergeCommit":false,"messageTitle":"chore: modernize Gradle build configuration","messageBody":"Update the Gradle build system to use modern plugins and dependencies.\nThis includes upgrading the Gradle wrapper to 8.13 and replacing the\ndeprecated shadow plugin with com.gradleup.shadow:9.0.0-beta9. The\nJavaFX plugin has been added with org.openjfx.javafxplugin:0.1.0 to\nsupport modern JavaFX integration, along with a JavaFX runtime upgrade\nto 21.0.6. Testing dependencies are also updated with JUnit Jupiter\n5.11.4.\n","fileTypesAndContributionMap":{"other":{"insertions":23,"deletions":19}}},{"hash":"eea9df504a51d7f03c8477a5c6c16bf5bdfb49ad","isMergeCommit":false,"messageTitle":"chore: ensure test task runs before coverage report generation","messageBody":"","fileTypesAndContributionMap":{"other":{"insertions":2,"deletions":0}}}]},{"date":"2025-03-06T00:00:00","commitResults":[{"hash":"f204209058d0e2ea0448410901cc38c135ecf001","isMergeCommit":false,"messageTitle":"feat(docs): update AboutUs.md with Jovin\u0027s profile details","messageBody":"","fileTypesAndContributionMap":{"docs":{"insertions":3,"deletions":4}}},{"hash":"2d12c79814ed1cf1ee451ff3c165c748cf5a9470","isMergeCommit":true,"messageTitle":"Merge pull request #17 from Jovin-Ang/update-about-us","messageBody":"Update AboutUs.md with Jovin\u0027s profile details","fileTypesAndContributionMap":{}}]},{"date":"2025-03-07T00:00:00","commitResults":[{"hash":"865290fc45c1661989c3dbf01bb8627f3ffc0f69","isMergeCommit":false,"messageTitle":"Revert \"Branch update about us\"","messageBody":"","fileTypesAndContributionMap":{"docs":{"insertions":7,"deletions":7}}}]},{"date":"2025-03-09T00:00:00","commitResults":[{"hash":"49a7d10eba57451409f6daba836ca8a5fe8deb65","isMergeCommit":true,"messageTitle":"Merge pull request #3 from Jovin-Ang/update-gradle-dependencies","messageBody":"Update Gradle and project dependencies","fileTypesAndContributionMap":{}},{"hash":"0578ed7b03d7f433504a17076c85d739bca597bf","isMergeCommit":false,"messageTitle":"Add policy number field to person model and commands","messageBody":"","fileTypesAndContributionMap":{"functional-code":{"insertions":156,"deletions":18}}},{"hash":"40416df961bc71cc28ca60cb7cecf3ecc48ba97a","isMergeCommit":false,"messageTitle":"Rename policyNumber field to policy","messageBody":"","fileTypesAndContributionMap":{"functional-code":{"insertions":71,"deletions":71},"other":{"insertions":16,"deletions":16}}},{"hash":"ed354a12675e428fd8307e08b5006f77c55c46eb","isMergeCommit":false,"messageTitle":"Add policy field tests","messageBody":"","fileTypesAndContributionMap":{"functional-code":{"insertions":1,"deletions":1},"test-code":{"insertions":269,"deletions":62}}},{"hash":"bb03fc4f20b6c8d06bfb783a467c678f4db39193","isMergeCommit":false,"messageTitle":"Update UserGuide to include policy number in add and edit commands","messageBody":"","fileTypesAndContributionMap":{"docs":{"insertions":6,"deletions":6}}},{"hash":"347150c35f69504c7046dd806e5b1f02d2f0cdcf","isMergeCommit":true,"messageTitle":"Merge pull request #35 from Jovin-Ang/add-profile-photo","messageBody":"Update profile picture","fileTypesAndContributionMap":{}}]},{"date":"2025-03-12T00:00:00","commitResults":[{"hash":"26b969c2b3bb75c93e5534d8215f09fd30ae2a90","isMergeCommit":false,"messageTitle":"Update policy validation to allow minimum 1 digit instead of 3","messageBody":"","fileTypesAndContributionMap":{"functional-code":{"insertions":2,"deletions":2},"test-code":{"insertions":1,"deletions":2}}},{"hash":"dea54fcfebcb1231830c7a00188eda1358acdba8","isMergeCommit":false,"messageTitle":"Enhance find command to support searching by phone numbers","messageBody":"* Create new predicate class for phone numbers\n* Refactor predicate classes to use Set instead of List to remove duplicates\n* Added methods to parse multiple names and phones into a Set in ParserUtil\n* Refactor FindCommandParser to use ArgumentMultiMap to support multiple prefixes for find command\n","fileTypesAndContributionMap":{"functional-code":{"insertions":195,"deletions":19}}},{"hash":"5f806a8dadd1d9e1c0c537f896c7c92936bed6da","isMergeCommit":true,"messageTitle":"Merge pull request #33 from Jovin-Ang/add-policy-number-field","messageBody":"Add policy number field","fileTypesAndContributionMap":{}},{"hash":"a8458fde1a63a25c44c8606e43c75dcadbea0244","isMergeCommit":false,"messageTitle":"Refactor find command unit tests","messageBody":"* Add unit tests for PhoneContainsNumbersPredicate\n* Add unit tests for parseNames and parsePhones method in ParserUtil\n* Add FindPersonsPredicateBuilder utility class\n* Change usages of NameContainsKeywordsPredicate to use FindPersonsPredicateBuilder\n* Add getFindPersonDetails utility method in PersonUtil\n* Add containsPartialWordIgnoreCase method to StringUtil to enable support for partial matching\n* Change name and phone predicate classes to use containsPartialWordIgnoreCase instead of containsWordIgnoreCase\n","fileTypesAndContributionMap":{"functional-code":{"insertions":52,"deletions":2},"test-code":{"insertions":504,"deletions":87}}},{"hash":"153984e684ac1400c46cfdc8b6c5dcdabfc2a197","isMergeCommit":false,"messageTitle":"Add unit tests for FindPersonsPredicate","messageBody":"","fileTypesAndContributionMap":{"test-code":{"insertions":184,"deletions":0}}},{"hash":"9ca0d5b92fa2c1649e2efbb2813fad4a4de3931b","isMergeCommit":false,"messageTitle":"Update UserGuide to reflect changes in find command syntax and examples","messageBody":"","fileTypesAndContributionMap":{"docs":{"insertions":13,"deletions":10}}}]},{"date":"2025-03-13T00:00:00","commitResults":[{"hash":"5884deeb656332a103caad081fbb8293ff7d07c3","isMergeCommit":false,"messageTitle":"Enhance find command to support searching by phone numbers","messageBody":"* Create new predicate class for phone numbers\n* Refactor predicate classes to use Set instead of List to remove duplicates\n* Added methods to parse multiple names and phones into a Set in ParserUtil\n* Refactor FindCommandParser to use ArgumentMultiMap to support multiple prefixes for find command\n","fileTypesAndContributionMap":{"functional-code":{"insertions":195,"deletions":19}}},{"hash":"e53980f9c49725e2bc410e7e67c3a710dfb07276","isMergeCommit":false,"messageTitle":"Refactor find command unit tests","messageBody":"* Add unit tests for PhoneContainsNumbersPredicate\n* Add unit tests for parseNames and parsePhones method in ParserUtil\n* Add FindPersonsPredicateBuilder utility class\n* Change usages of NameContainsKeywordsPredicate to use FindPersonsPredicateBuilder\n* Add getFindPersonDetails utility method in PersonUtil\n* Add containsPartialWordIgnoreCase method to StringUtil to enable support for partial matching\n* Change name and phone predicate classes to use containsPartialWordIgnoreCase instead of containsWordIgnoreCase\n","fileTypesAndContributionMap":{"functional-code":{"insertions":52,"deletions":2},"test-code":{"insertions":508,"deletions":84}}},{"hash":"9b36a19f18f69d0d5bd1e362e27ce8baaf8a6cab","isMergeCommit":false,"messageTitle":"Add unit tests for FindPersonsPredicate","messageBody":"","fileTypesAndContributionMap":{"test-code":{"insertions":184,"deletions":0}}},{"hash":"cc4a852b32d38cc4a07def94b56a619939f4c80a","isMergeCommit":false,"messageTitle":"Update UserGuide to reflect changes in find command syntax and examples","messageBody":"","fileTypesAndContributionMap":{"docs":{"insertions":16,"deletions":7}}}]},{"date":"2025-03-19T00:00:00","commitResults":[{"hash":"44ec02812285801f124f8444225fd7b58f101001","isMergeCommit":false,"messageTitle":"Update FindCommand to support address search","messageBody":"","fileTypesAndContributionMap":{"functional-code":{"insertions":96,"deletions":4},"docs":{"insertions":3,"deletions":3},"test-code":{"insertions":199,"deletions":13}}},{"hash":"aa90d7c73ddb9992e0e32cf323b43e0181039239","isMergeCommit":true,"messageTitle":"Merge pull request #87 from Jovin-Ang/add-find-address","messageBody":"Add support for address searching in find command","fileTypesAndContributionMap":{}},{"hash":"ecff0a130767bef0b298ebae7e2b0efd09d683a3","isMergeCommit":false,"messageTitle":"Update codecov configuration to adjust coverage targets and ignore patterns","messageBody":"","fileTypesAndContributionMap":{"other":{"insertions":6,"deletions":4}}},{"hash":"17ab19d490229581ba58203be119fe4ca096c463","isMergeCommit":false,"messageTitle":"Update codecov configuration to increase coverage threshold to 10%","messageBody":"","fileTypesAndContributionMap":{"other":{"insertions":1,"deletions":1}}},{"hash":"8b790cb64d8d5ebdf7211405d53733971a81c145","isMergeCommit":true,"messageTitle":"Merge pull request #91 from Jovin-Ang/update-codecov-config","messageBody":"Update codecov configuration","fileTypesAndContributionMap":{}},{"hash":"a4957767208850c264b51557e8d631611e2ce610","isMergeCommit":false,"messageTitle":"Update FindCommand to support address search","messageBody":"","fileTypesAndContributionMap":{"functional-code":{"insertions":96,"deletions":4},"docs":{"insertions":3,"deletions":3},"test-code":{"insertions":199,"deletions":13}}},{"hash":"e8e88f80a9354d4627825b2bcad152efa4ac8929","isMergeCommit":false,"messageTitle":"Update codecov configuration to adjust coverage targets and ignore patterns","messageBody":"","fileTypesAndContributionMap":{"other":{"insertions":6,"deletions":4}}},{"hash":"5784f8f103d07e7f15933600366356bc36ee3252","isMergeCommit":false,"messageTitle":"Update codecov configuration to increase coverage threshold to 10%","messageBody":"","fileTypesAndContributionMap":{"other":{"insertions":1,"deletions":1}}}]},{"date":"2025-03-20T00:00:00","commitResults":[{"hash":"cdfdb0c3d663901f944289c66c0719e56b32f42b","isMergeCommit":false,"messageTitle":"Rename output JAR file to \u0027InsureBook.jar\u0027","messageBody":"","fileTypesAndContributionMap":{"other":{"insertions":1,"deletions":1}}},{"hash":"a3005804f5009bb0779c6e1193744a673379bd72","isMergeCommit":true,"messageTitle":"Merge pull request #99 from Jovin-Ang/change-jar-name","messageBody":"Rename output JAR file to \u0027InsureBook.jar\u0027","tags":["v1.3"],"fileTypesAndContributionMap":{}}]},{"date":"2025-03-26T00:00:00","commitResults":[{"hash":"420192f54bda0aa426914df4555d5745067ebbe5","isMergeCommit":false,"messageTitle":"Add sorting functionality to FindCommand and update related tests","messageBody":"","fileTypesAndContributionMap":{"functional-code":{"insertions":53,"deletions":5},"docs":{"insertions":5,"deletions":3},"test-code":{"insertions":91,"deletions":24}}},{"hash":"7d8bd2c2e71b79bfc7d4bf4f160a426dc1d01ea7","isMergeCommit":false,"messageTitle":"Fix sorting functionality in ModelManager for filtered person list","messageBody":"","fileTypesAndContributionMap":{"functional-code":{"insertions":12,"deletions":5},"test-code":{"insertions":35,"deletions":2}}},{"hash":"10559edc041e39c4e15b2b2982eeaec462fb4927","isMergeCommit":true,"messageTitle":"Merge pull request #115 from Jovin-Ang/add-sort-find","messageBody":"Add sorting functionality to FindCommand","fileTypesAndContributionMap":{}}]},{"date":"2025-04-02T00:00:00","commitResults":[{"hash":"cbc3c3ed947bec6096ca692d29d932204aac023a","isMergeCommit":false,"messageTitle":"Add find feature and related diagrams to developer guide","messageBody":"","fileTypesAndContributionMap":{"docs":{"insertions":111,"deletions":0}}},{"hash":"a08bffa2c77f211b59724041341d097a83397cf9","isMergeCommit":false,"messageTitle":"Add note on sorting order in User Guide","messageBody":"","fileTypesAndContributionMap":{"docs":{"insertions":5,"deletions":2}}},{"hash":"ea4d5c28233b41dd3b16d6b54896ce21ddeeeb83","isMergeCommit":false,"messageTitle":"Revert User Guide to use star bullet points","messageBody":"","fileTypesAndContributionMap":{"docs":{"insertions":76,"deletions":76}}},{"hash":"cece8cbbe71cc02efddeb029e474f99ae6097b7c","isMergeCommit":false,"messageTitle":"Revert Developer Guide to use star bullet point","messageBody":"","fileTypesAndContributionMap":{"docs":{"insertions":128,"deletions":128}}},{"hash":"454e3292caaf1b285eeb9794ce32d7aff53d37ab","isMergeCommit":false,"messageTitle":"Fix missing newline at end of file in FindPersonPredicate diagrams","messageBody":"","fileTypesAndContributionMap":{"docs":{"insertions":2,"deletions":2}}},{"hash":"0e210aeae385ffbf14d2c768ba9e4b1246001b48","isMergeCommit":true,"messageTitle":"Merge pull request #138 from Jovin-Ang/update-docs","messageBody":"Update docs","fileTypesAndContributionMap":{}}]},{"date":"2025-04-03T00:00:00","commitResults":[{"hash":"a07c6f505bf882bfbc3b90a5bf1eb68ae6255869","isMergeCommit":false,"messageTitle":"Update FindPersonsPredicate class diagram to improve layout","messageBody":"","fileTypesAndContributionMap":{"docs":{"insertions":15,"deletions":8}}},{"hash":"0371dbc29edc72fa84ba0fca7427b1c46a537a88","isMergeCommit":false,"messageTitle":"Adjust width of FindPersonPredicate class diagram","messageBody":"","fileTypesAndContributionMap":{"docs":{"insertions":1,"deletions":1}}},{"hash":"eb25ac84f673af2c73d0ddda18887e9d306c002b","isMergeCommit":false,"messageTitle":"Reduce width of FindPersonPredicate class diagram","messageBody":"","fileTypesAndContributionMap":{"docs":{"insertions":1,"deletions":1}}},{"hash":"b50180b4e765ea14820d66984c5e0a3d2b017d99","isMergeCommit":true,"messageTitle":"Merge pull request #161 from Jovin-Ang/update-docs","messageBody":"Improve layout for FindPersonsPredicate class diagram","fileTypesAndContributionMap":{}}]},{"date":"2025-04-04T00:00:00","commitResults":[{"hash":"e12c4bfd74dc311390cd7d5492d16dec7b55999b","isMergeCommit":true,"messageTitle":"Merge branch \u0027master\u0027 into update-docs","messageBody":"","fileTypesAndContributionMap":{}}]},{"date":"2025-04-05T00:00:00","commitResults":[{"hash":"3a85156bd6b270f0772083ed158089b0148c2d50","isMergeCommit":false,"messageTitle":"Fix markdown rendering on info box","messageBody":"","fileTypesAndContributionMap":{"docs":{"insertions":1,"deletions":0}}}]},{"date":"2025-04-06T00:00:00","commitResults":[{"hash":"4121377cc312a729452b15ebcebb5a739a20535e","isMergeCommit":true,"messageTitle":"Merge pull request #265 from yuyang011/branch-fix-jar-name","messageBody":"Update addressbook.jar to InsureBook.jar","fileTypesAndContributionMap":{}},{"hash":"349e66560c520015db7fd350ca4e05c871594759","isMergeCommit":false,"messageTitle":"Enforce single usage of SORT_ORDER prefix in find command","messageBody":"","fileTypesAndContributionMap":{"functional-code":{"insertions":2,"deletions":0},"docs":{"insertions":4,"deletions":4},"test-code":{"insertions":7,"deletions":0}}},{"hash":"779eccea6bb729d341330925d512b0dd9b524896","isMergeCommit":false,"messageTitle":"Prevent invalid PolicyType in Find command","messageBody":"* Utilise parsePolicyTypes method in FindCommandParser\n* Refactor PolicyTypeContainsKeywordsPredicate to use PolicyType\ninstead of String\n* Update test cases\n","fileTypesAndContributionMap":{"functional-code":{"insertions":3,"deletions":9},"test-code":{"insertions":10,"deletions":13}}},{"hash":"4d1bcc4796ed8430c181c19a08452c3a18d28f22","isMergeCommit":true,"messageTitle":"Merge pull request #267 from Jovin-Ang/add-sort-find","messageBody":"Find command bug fixes","fileTypesAndContributionMap":{}}]}],"MakiseKurisuX":[{"date":"2025-03-06T00:00:00","commitResults":[{"hash":"8d36f4777bc685751265de0564f69530d05bca77","isMergeCommit":false,"messageTitle":"Update AboutUs.md","messageBody":"","fileTypesAndContributionMap":{"docs":{"insertions":5,"deletions":5}}},{"hash":"a0a4d8b6f0ede331ed85957a897fd62225e79242","isMergeCommit":true,"messageTitle":"Merge pull request #15 from MakiseKurisuX/branch-aboutus","messageBody":"Update AboutUs.md","fileTypesAndContributionMap":{}}]},{"date":"2025-03-07T00:00:00","commitResults":[{"hash":"8ae182b7ecf487727619db96588c38da84046446","isMergeCommit":true,"messageTitle":"Merge pull request #21 from AY2425S2-CS2103-F08-2/revert-20-branch-Update-AboutUs","messageBody":"Revert \"Branch update about us\"","fileTypesAndContributionMap":{}},{"hash":"fd132372301d6f1e7c51847998e0b7da6871ac01","isMergeCommit":false,"messageTitle":"Update DeveloperGuide.md","messageBody":"","fileTypesAndContributionMap":{"docs":{"insertions":188,"deletions":26}}}]},{"date":"2025-03-12T00:00:00","commitResults":[{"hash":"4b14128b1d7572eb37814cf45762aa69cd82f968","isMergeCommit":false,"messageTitle":"Create TagContainsKeywordsPredicate.java","messageBody":"","fileTypesAndContributionMap":{"functional-code":{"insertions":33,"deletions":0}}},{"hash":"805d795e4541792e2189f48b7d901ed40de24796","isMergeCommit":false,"messageTitle":"Update TagContainsKeywordsPredicate.java","messageBody":"","fileTypesAndContributionMap":{"functional-code":{"insertions":5,"deletions":1}}},{"hash":"6e436b63723011a2a7296d79f8afe5fbbef739ea","isMergeCommit":false,"messageTitle":"Update TagContainsKeywordsPredicate.java","messageBody":"","fileTypesAndContributionMap":{"functional-code":{"insertions":1,"deletions":1}}},{"hash":"7d6129b55c24b1fb206ee730afa99f6434eefa3c","isMergeCommit":false,"messageTitle":"Create TagContainsKeywordsPredicateTest.java","messageBody":"","fileTypesAndContributionMap":{"test-code":{"insertions":90,"deletions":0}}},{"hash":"0b637a396a4b652f3c1d73e299ed978fccc9f02c","isMergeCommit":false,"messageTitle":"Update TagContainsKeywordsPredicateTest.java","messageBody":"","fileTypesAndContributionMap":{"test-code":{"insertions":1,"deletions":1}}},{"hash":"eb6dcec6f8594830411bf972e63b9353ab04eccd","isMergeCommit":true,"messageTitle":"Merge pull request #65 from MakiseKurisuX/branch-implementFilterByTag","messageBody":"Create TagContainsKeywordsPredicate.java","fileTypesAndContributionMap":{}}]},{"date":"2025-03-13T00:00:00","commitResults":[{"hash":"c422c85406948db31f9ed4a50cefb3ccb9a3e9c0","isMergeCommit":false,"messageTitle":"Update Files to Read and Write Timestamp","messageBody":"","fileTypesAndContributionMap":{"functional-code":{"insertions":94,"deletions":9}}},{"hash":"e5027113a5052b56e6c4a3928ef5aa58007f1db1","isMergeCommit":false,"messageTitle":"Add JUnit Tests","messageBody":"","fileTypesAndContributionMap":{"test-code":{"insertions":111,"deletions":0}}},{"hash":"19af5d8c65ef6d803955444f5f5a10e2cee2ef93","isMergeCommit":false,"messageTitle":"Create TagContainsKeywordsPredicate.java","messageBody":"","fileTypesAndContributionMap":{"functional-code":{"insertions":33,"deletions":0}}},{"hash":"fbac44f696136dc76976aab36ee22fe861af1292","isMergeCommit":false,"messageTitle":"Update TagContainsKeywordsPredicate.java","messageBody":"","fileTypesAndContributionMap":{"functional-code":{"insertions":5,"deletions":1}}},{"hash":"c44969057b40e535e69ae0103bda3b0c14db6356","isMergeCommit":false,"messageTitle":"Update TagContainsKeywordsPredicate.java","messageBody":"","fileTypesAndContributionMap":{"functional-code":{"insertions":1,"deletions":1}}},{"hash":"1362f9cf0e96d92fddf7dff6904492eb9b5bc1ca","isMergeCommit":false,"messageTitle":"Create TagContainsKeywordsPredicateTest.java","messageBody":"","fileTypesAndContributionMap":{"test-code":{"insertions":90,"deletions":0}}},{"hash":"85a5608d9a09fe4b5643c0b4de24c9315bb5ad13","isMergeCommit":false,"messageTitle":"Update TagContainsKeywordsPredicateTest.java","messageBody":"","fileTypesAndContributionMap":{"test-code":{"insertions":1,"deletions":1}}},{"hash":"a110bd5230d614136409473d8a3c4001b5d0a1d1","isMergeCommit":false,"messageTitle":"Fix Errors caused by Date-Time Format","messageBody":"","fileTypesAndContributionMap":{"functional-code":{"insertions":16,"deletions":9},"test-code":{"insertions":24,"deletions":29}}},{"hash":"c98f05d7ca54ee718d6d9701123ba96b7cece81b","isMergeCommit":false,"messageTitle":"Fix CheckStyle Issues","messageBody":"","fileTypesAndContributionMap":{"test-code":{"insertions":9,"deletions":11}}}]},{"date":"2025-03-14T00:00:00","commitResults":[{"hash":"a36afc4e6fc2d8a8c2bafc0868d1226f810f6d14","isMergeCommit":false,"messageTitle":"Fix Merge Conflict Issues","messageBody":"","fileTypesAndContributionMap":{"test-code":{"insertions":3,"deletions":2}}},{"hash":"654fb3ad2c3fcfc0c5640b56a1f5e5b55152bc4e","isMergeCommit":true,"messageTitle":"Merge pull request #71 from MakiseKurisuX/branch-modify-read-write","messageBody":"Modify Read and Write to File ","fileTypesAndContributionMap":{}}]},{"date":"2025-03-18T00:00:00","commitResults":[{"hash":"470622d6dfede8bcd8c34d254b87e1244b875835","isMergeCommit":false,"messageTitle":"Add Additional Fields to Status Bar","messageBody":"","fileTypesAndContributionMap":{"functional-code":{"insertions":121,"deletions":10}}},{"hash":"b4977c6c35a0d7e5988c1e6ff786c75c318e0a0c","isMergeCommit":false,"messageTitle":"Add JUnit Tests","messageBody":"","fileTypesAndContributionMap":{"functional-code":{"insertions":17,"deletions":15},"test-code":{"insertions":76,"deletions":0}}},{"hash":"a4a1c3851d1b4e442db61340039ef861f7948453","isMergeCommit":false,"messageTitle":"Create .codecov.yml","messageBody":"","fileTypesAndContributionMap":{"other":{"insertions":7,"deletions":0}}},{"hash":"738b882730b7efa677acab3df88005d0db63d3e0","isMergeCommit":false,"messageTitle":"Update .codecov.yml","messageBody":"","fileTypesAndContributionMap":{"other":{"insertions":1,"deletions":1}}},{"hash":"3ec92687956b9cf0a938189b05314185d66f4c85","isMergeCommit":true,"messageTitle":"Merge pull request #82 from MakiseKurisuX/branch-update-yml","messageBody":"Create .codecov.yml","fileTypesAndContributionMap":{}},{"hash":"7b97fb3a10c9d96c65abc4f4686e835303bc95ad","isMergeCommit":false,"messageTitle":"Create .codecov.yml","messageBody":"","fileTypesAndContributionMap":{"other":{"insertions":7,"deletions":0}}},{"hash":"8d7a7bbd941cfdf4eb87b554611fcf2c17ad2e31","isMergeCommit":false,"messageTitle":"Delete .codecov.yml","messageBody":"","fileTypesAndContributionMap":{"other":{"insertions":0,"deletions":7}}},{"hash":"a57a4b580a0e795742deb0cc846d8fc6da028cc2","isMergeCommit":false,"messageTitle":"Update .codecov.yml","messageBody":"","fileTypesAndContributionMap":{"other":{"insertions":1,"deletions":1}}}]},{"date":"2025-03-19T00:00:00","commitResults":[{"hash":"bca0627d368a596b7ee9f8103d54894a22cd24fd","isMergeCommit":true,"messageTitle":"Merge pull request #85 from MakiseKurisuX/branch-update-yml","messageBody":"Update .codecov.yml","fileTypesAndContributionMap":{}},{"hash":"76b6ecb1ca9a3737fa638e7b4a027503b4f87cd4","isMergeCommit":true,"messageTitle":"Merge pull request #90 from johngao122/fix-codecov","messageBody":"Fix codecov","fileTypesAndContributionMap":{}},{"hash":"8590f3ce5ccccf3d56cf890861e57aed212f8681","isMergeCommit":false,"messageTitle":"Create .codecov.yml","messageBody":"","fileTypesAndContributionMap":{"other":{"insertions":7,"deletions":0}}},{"hash":"f968be4711298594e1fc657f60522c481138cc84","isMergeCommit":false,"messageTitle":"Update .codecov.yml","messageBody":"","fileTypesAndContributionMap":{"other":{"insertions":1,"deletions":1}}},{"hash":"67e49e727cf6cf1cd3eb3351c61c58e0520916bc","isMergeCommit":false,"messageTitle":"Update .codecov.yml","messageBody":"","fileTypesAndContributionMap":{"other":{"insertions":1,"deletions":1}}}]},{"date":"2025-03-20T00:00:00","commitResults":[{"hash":"a90d551afeaf81d3d48d18d8dcf956e44c7a984a","isMergeCommit":false,"messageTitle":"Add Tag Searching","messageBody":"","fileTypesAndContributionMap":{"functional-code":{"insertions":60,"deletions":18}}},{"hash":"42f3df22ae92d2d50669ddc42fa1e21ac7f29798","isMergeCommit":false,"messageTitle":"Update JUnit Tests","messageBody":"","fileTypesAndContributionMap":{"functional-code":{"insertions":1,"deletions":0},"test-code":{"insertions":95,"deletions":32}}},{"hash":"dbeb273d8419fc1bc9aa2e470e07805bc87d5ed4","isMergeCommit":false,"messageTitle":"Update UserGuide.md","messageBody":"","fileTypesAndContributionMap":{"docs":{"insertions":4,"deletions":2}}},{"hash":"de2fc620513095bb77949034e910b28e3d64adf8","isMergeCommit":false,"messageTitle":"Add JUnit Test","messageBody":"","fileTypesAndContributionMap":{"test-code":{"insertions":21,"deletions":0}}},{"hash":"8aa7cf8ff76ecd2d479e0a3cbf1e9bb716f0e7ea","isMergeCommit":true,"messageTitle":"Merge pull request #81 from MakiseKurisuX/branch-addfieldstoStatusBar","messageBody":"Add Fields to Status Bar","fileTypesAndContributionMap":{}},{"hash":"412192be1bd960112d4499bf594e552de7d0a0ba","isMergeCommit":true,"messageTitle":"Merge branch \u0027master\u0027 into branch-find-tags","messageBody":"","fileTypesAndContributionMap":{}},{"hash":"9b666aa6b9a7cd85e0db5ee4e3596a9ccdd7f436","isMergeCommit":true,"messageTitle":"Merge pull request #96 from MakiseKurisuX/branch-update-userguide-1","messageBody":"Update UserGuide for Tag Finding","fileTypesAndContributionMap":{}},{"hash":"f943d212ed7db5f0cf472790d507e9b6299ba37a","isMergeCommit":false,"messageTitle":"Update FindCommandParser.java","messageBody":"","fileTypesAndContributionMap":{"functional-code":{"insertions":1,"deletions":1}}},{"hash":"65e0241d3100e4ee55f5a47b8136504b1c217652","isMergeCommit":false,"messageTitle":"Update FindCommand.java","messageBody":"","fileTypesAndContributionMap":{"functional-code":{"insertions":1,"deletions":1}}},{"hash":"bd4fd4acc6eb20fbad347b2ddf4fcf8179ac0f6b","isMergeCommit":false,"messageTitle":"Update FindCommandParserTest.java","messageBody":"","fileTypesAndContributionMap":{"test-code":{"insertions":2,"deletions":1}}},{"hash":"b3034da0ca30809e512b3cad47ba3f84e1315308","isMergeCommit":true,"messageTitle":"Merge pull request #93 from MakiseKurisuX/branch-find-tags","messageBody":"Expand find command to include tag search","fileTypesAndContributionMap":{}}]},{"date":"2025-03-24T00:00:00","commitResults":[{"hash":"9e177f3cde6fc88d38164fe9692c38802d702e88","isMergeCommit":false,"messageTitle":"Update UI to InsureBook","messageBody":"","fileTypesAndContributionMap":{"functional-code":{"insertions":2,"deletions":2}}},{"hash":"220c956552d9d78c5720655b02df20da668840c3","isMergeCommit":true,"messageTitle":"Merge pull request #100 from MakiseKurisuX/branch-updateui","messageBody":"Update UI to InsureBook","fileTypesAndContributionMap":{}}]},{"date":"2025-03-25T00:00:00","commitResults":[{"hash":"e8b57987f2ed8b1b53bc051165206d5a389bb12b","isMergeCommit":false,"messageTitle":"Add new UI Component","messageBody":"","fileTypesAndContributionMap":{"functional-code":{"insertions":100,"deletions":11}}},{"hash":"2d8309fda0f8f6ae42480d9c93e43b8a9ef15547","isMergeCommit":false,"messageTitle":"Update PersonDetailPanel.fxml","messageBody":"","fileTypesAndContributionMap":{"functional-code":{"insertions":2,"deletions":2}}},{"hash":"1bb85c0604024b0a2dd31cecd054e3972b25b656","isMergeCommit":false,"messageTitle":"Add Auto-Select 1st Panel Item","messageBody":"","fileTypesAndContributionMap":{"functional-code":{"insertions":7,"deletions":0}}},{"hash":"a38f7bb916e1b8351fe0b8f1c2478366282f8512","isMergeCommit":true,"messageTitle":"Merge pull request #114 from MakiseKurisuX/branch-improveui","messageBody":"Add new UI Component","fileTypesAndContributionMap":{}}]},{"date":"2025-03-27T00:00:00","commitResults":[{"hash":"9e7b55d5894b28e4591412384a4b4c53452b0cfe","isMergeCommit":false,"messageTitle":"Update UserGuide.md","messageBody":"","fileTypesAndContributionMap":{"docs":{"insertions":15,"deletions":15}}},{"hash":"959237b5287318297c08a496fd18a2a799c1bfab","isMergeCommit":false,"messageTitle":"Update UserGuide.md","messageBody":"","fileTypesAndContributionMap":{"docs":{"insertions":11,"deletions":11}}}]},{"date":"2025-04-01T00:00:00","commitResults":[{"hash":"a775c859e5b39b1ad781ecff4a166694b63b5cb3","isMergeCommit":false,"messageTitle":"Add Notes to Person","messageBody":"","fileTypesAndContributionMap":{"functional-code":{"insertions":138,"deletions":13}}},{"hash":"74e93bb81fe9aa35e2635395dab707ef5050029b","isMergeCommit":false,"messageTitle":"Add JUnit Tests","messageBody":"","fileTypesAndContributionMap":{"functional-code":{"insertions":14,"deletions":6},"test-code":{"insertions":187,"deletions":39}}}]},{"date":"2025-04-02T00:00:00","commitResults":[{"hash":"84f92103507b49e1a78327e06d80500036f6949e","isMergeCommit":true,"messageTitle":"Merge pull request #137 from MakiseKurisuX/branch-addnotes2","messageBody":"Add Notes to Client Profile","fileTypesAndContributionMap":{}}]},{"date":"2025-04-03T00:00:00","commitResults":[{"hash":"6b493725a09d9649569fbef8b381ca8773528449","isMergeCommit":false,"messageTitle":"Update to Fix Bugs","messageBody":"","fileTypesAndContributionMap":{"functional-code":{"insertions":8,"deletions":14},"docs":{"insertions":3,"deletions":3}}},{"hash":"5cf0946721255e1dea26ab80ae3c2955931cf308","isMergeCommit":true,"messageTitle":"Merge branch \u0027master\u0027 into branch-userguide-2","messageBody":"","fileTypesAndContributionMap":{}},{"hash":"c358eb756256d9247bcd03fe9e8a6808c329de56","isMergeCommit":false,"messageTitle":"Update DeveloperGuide and UML","messageBody":"","fileTypesAndContributionMap":{"docs":{"insertions":54,"deletions":36}}},{"hash":"c2145e0366cd169882a8a59e07aeb3fc870c0cbd","isMergeCommit":true,"messageTitle":"Merge pull request #163 from MakiseKurisuX/branch-fixbugs1","messageBody":"Update to Fix Bugs","fileTypesAndContributionMap":{}},{"hash":"629558d4495848b4a146b84001cf92424a9d2404","isMergeCommit":true,"messageTitle":"Merge branch \u0027master\u0027 of https://github.com/AY2425S2-CS2103-F08-2/tp into branch-dgupdates","messageBody":"","fileTypesAndContributionMap":{}},{"hash":"35882dcfbd6eff7695acfd7298951e669a856008","isMergeCommit":true,"messageTitle":"Merge pull request #166 from MakiseKurisuX/branch-dgupdates","messageBody":"Update DeveloperGuide","fileTypesAndContributionMap":{}},{"hash":"c95ae7bf6c96e3d655aacf7010ce1e427f78932d","isMergeCommit":false,"messageTitle":"Update PersonDetailPanel and RenewalsTable","messageBody":"","fileTypesAndContributionMap":{"functional-code":{"insertions":33,"deletions":1}}},{"hash":"af66208d774cf7a09253d2b49fce6c3c31fbd2ba","isMergeCommit":false,"messageTitle":"Fix CheckStyle Errors","messageBody":"","fileTypesAndContributionMap":{"functional-code":{"insertions":4,"deletions":1}}},{"hash":"f829d1c8e9f0b7fa7dcacfc360b11a8704003a40","isMergeCommit":true,"messageTitle":"Merge pull request #169 from johngao122/branch-duplicate-policy-fix","messageBody":"Add check for duplicate policy numbers when creating new people","fileTypesAndContributionMap":{}},{"hash":"b3dbde8f450303409ea7622c2e5b82981788b240","isMergeCommit":true,"messageTitle":"Merge pull request #175 from MakiseKurisuX/branch-fixbugs2","messageBody":"Fix Data Persistence Bugs","fileTypesAndContributionMap":{}},{"hash":"203072c4b03e788955935171cac50633f8fdbc82","isMergeCommit":false,"messageTitle":"Update PersonDetailPanel.fxml","messageBody":"","fileTypesAndContributionMap":{"functional-code":{"insertions":4,"deletions":2}}},{"hash":"193cd9c17174e775c9691d4b50e300a0f3f270fa","isMergeCommit":true,"messageTitle":"Merge pull request #179 from MakiseKurisuX/branch-fixbugs3","messageBody":"Update PersonDetailPanel.fxml","fileTypesAndContributionMap":{}},{"hash":"5e57e698e5f61e6df9df98683b801a7ff2aa1379","isMergeCommit":true,"messageTitle":"Merge pull request #180 from nathtiekk/filter-alpha-bugs","messageBody":"Standardise Date Format","fileTypesAndContributionMap":{}}]},{"date":"2025-04-06T00:00:00","commitResults":[{"hash":"0ef6e23e39788002d81ca40f39378a4dd30f8412","isMergeCommit":false,"messageTitle":"Fix Bugs found during PE-D","messageBody":"","fileTypesAndContributionMap":{"functional-code":{"insertions":8,"deletions":3},"docs":{"insertions":43,"deletions":28},"test-code":{"insertions":3,"deletions":2}}},{"hash":"fd76f9b81804c07634c6f3d6cf06aff7412bf0c3","isMergeCommit":false,"messageTitle":"Update UserGuide.md","messageBody":"","fileTypesAndContributionMap":{"docs":{"insertions":2,"deletions":0}}},{"hash":"27847d5542a7a6374105c6dca5c8c74a61391748","isMergeCommit":true,"messageTitle":"Merge pull request #269 from MakiseKurisuX/branch-bugfixes3","messageBody":"Fix Various Bugs Found in PE-D","fileTypesAndContributionMap":{}},{"hash":"6815c65666fc3629c7eddbf513b2381bac23b407","isMergeCommit":false,"messageTitle":"Bug Fixes for PE-D bugs","messageBody":"","fileTypesAndContributionMap":{"functional-code":{"insertions":24,"deletions":11},"docs":{"insertions":3,"deletions":7}}},{"hash":"e3032ce0d22bffb6fb6f50927441f1a4ff7be821","isMergeCommit":false,"messageTitle":"Update AddCommandParser.java","messageBody":"","fileTypesAndContributionMap":{"functional-code":{"insertions":1,"deletions":1}}},{"hash":"d5826f6b9c1e7da8067966faf121411756a8ab99","isMergeCommit":true,"messageTitle":"Merge pull request #274 from MakiseKurisuX/branch-bugfixes4","messageBody":"Fix Various Bugs found in PE-D","fileTypesAndContributionMap":{}}]}],"johngao122":[{"date":"2025-03-06T00:00:00","commitResults":[{"hash":"e728e007585be593843232d76e5911aa8c353f09","isMergeCommit":false,"messageTitle":"Update AboutUs.md","messageBody":"","fileTypesAndContributionMap":{"docs":{"insertions":5,"deletions":5}}},{"hash":"55f6c5b0496661c698c0dba137c0b395d3d66d2e","isMergeCommit":false,"messageTitle":"Update AboutUs.md","messageBody":"","fileTypesAndContributionMap":{"docs":{"insertions":3,"deletions":3}}}]},{"date":"2025-03-07T00:00:00","commitResults":[{"hash":"bc911ac9a6a2a927ca261e32e235a82c51d9bf76","isMergeCommit":true,"messageTitle":"Merge pull request #20 from johngao122/branch-Update-AboutUs","messageBody":"Branch update about us","fileTypesAndContributionMap":{}},{"hash":"15d5529bfb2b0a50a9eeb7e33b087bfd7ec97792","isMergeCommit":false,"messageTitle":"Update AboutUs.md","messageBody":"","fileTypesAndContributionMap":{"docs":{"insertions":3,"deletions":3}}},{"hash":"f27b7c0cf15f729b59f0ab6eadbe115f0cdc237d","isMergeCommit":true,"messageTitle":"Merge pull request #22 from johngao122/branch-Update-AboutUs","messageBody":"Update AboutUs.md","fileTypesAndContributionMap":{}},{"hash":"b4e14fe810fbd42699d85fef55de46256c8b7e53","isMergeCommit":true,"messageTitle":"Merge pull request #25 from yuyang011/branch-photo","messageBody":"Update Yu Yang\u0027s Photo","fileTypesAndContributionMap":{}},{"hash":"547ede48cbf7716f201658aec9bee9a53a672047","isMergeCommit":true,"messageTitle":"Merge pull request #26 from yuyang011/branch-update-about-us","messageBody":"Update AboutUs.md","fileTypesAndContributionMap":{}}]},{"date":"2025-03-08T00:00:00","commitResults":[{"hash":"679a67556cc9d2637168ca15164dce2b8bde2347","isMergeCommit":true,"messageTitle":"Merge pull request #31 from yuyang011/branch-readme","messageBody":"Update README page to match the project","fileTypesAndContributionMap":{}},{"hash":"ad1501c7a9479d82f6560826d0ed2b0a0bb1dc7f","isMergeCommit":true,"messageTitle":"Merge pull request #23 from MakiseKurisuX/branch-updatedg","messageBody":"Update DeveloperGuide.md","fileTypesAndContributionMap":{}}]},{"date":"2025-03-09T00:00:00","commitResults":[{"hash":"c6d33a0fc2eed37f50aebc8f8408a7a78ab664fc","isMergeCommit":false,"messageTitle":"Update website","messageBody":"","fileTypesAndContributionMap":{"docs":{"insertions":35,"deletions":7}}},{"hash":"026cdf72e4f0882ad1f417759e1c2975eb3a8317","isMergeCommit":false,"messageTitle":"Update codecov badge on website","messageBody":"","fileTypesAndContributionMap":{"docs":{"insertions":2,"deletions":2}}},{"hash":"ec17734dde035de0458d6b03f334a9c2cb43ec65","isMergeCommit":true,"messageTitle":"Merge pull request #30 from johngao122/branch-website-update","messageBody":"Branch website update","fileTypesAndContributionMap":{}}]},{"date":"2025-03-12T00:00:00","commitResults":[{"hash":"4f6e4aa01e26e09c8a99e49b2bd9bedf74390b20","isMergeCommit":false,"messageTitle":"Add Renewal date command and UI and integrated renewaldate into policy","messageBody":"","fileTypesAndContributionMap":{"functional-code":{"insertions":493,"deletions":29},"docs":{"insertions":181,"deletions":174},"test-code":{"insertions":390,"deletions":15}}},{"hash":"5a9e3c5636f26c89167278cb01cbc29e3ad4638f","isMergeCommit":false,"messageTitle":"Fix checkstyle error in renewaltable.fxml","messageBody":"","fileTypesAndContributionMap":{"functional-code":{"insertions":1,"deletions":1}}},{"hash":"d6792dae501bb0405cdd07662a7edae0458bb1e2","isMergeCommit":false,"messageTitle":"Remove JavaFX tests","messageBody":"","fileTypesAndContributionMap":{"functional-code":{"insertions":8,"deletions":8},"test-code":{"insertions":1,"deletions":116}}},{"hash":"0e3219caa1992ecd75dc043e6b4f7ba60c974e4d","isMergeCommit":false,"messageTitle":"Update user and developer guide","messageBody":"","fileTypesAndContributionMap":{"docs":{"insertions":150,"deletions":87}}}]},{"date":"2025-03-13T00:00:00","commitResults":[{"hash":"72e0d59fd521c3abe8cf2b9663956e33651f31a3","isMergeCommit":false,"messageTitle":"Add coverage for Renewalcommand and javafx tests","messageBody":"","fileTypesAndContributionMap":{"functional-code":{"insertions":80,"deletions":34},"other":{"insertions":25,"deletions":1},"test-code":{"insertions":511,"deletions":0}}},{"hash":"7fa56b7ea89f499085913d52c7300b6b2e6a2902","isMergeCommit":false,"messageTitle":"Fix developer doc and optimize javafx tests for headless","messageBody":"","fileTypesAndContributionMap":{"docs":{"insertions":1,"deletions":0},"test-code":{"insertions":12,"deletions":7}}},{"hash":"94d973b858b640dd8206462ba58e7b1d345157cc","isMergeCommit":false,"messageTitle":"Fix Renewalstabletest to run in parallel with other tests","messageBody":"","fileTypesAndContributionMap":{"test-code":{"insertions":17,"deletions":30}}},{"hash":"7cb8731cd77d4564925ac61faeb4278a094eb86a","isMergeCommit":false,"messageTitle":"Fix Renewalstabletest to run in parallel with other tests","messageBody":"","fileTypesAndContributionMap":{"other":{"insertions":5,"deletions":0},"test-code":{"insertions":1,"deletions":1}}},{"hash":"d39a2359134992dac36aba2fca8eedb087c28fcb","isMergeCommit":false,"messageTitle":"Disabled ui testing for CI (not possible)","messageBody":"","fileTypesAndContributionMap":{"other":{"insertions":3,"deletions":31},"test-code":{"insertions":21,"deletions":11}}},{"hash":"5edb150f52ae686f804d6196c8aaafc3eecda8a7","isMergeCommit":false,"messageTitle":"Disabled ui testing for CI (not possible)","messageBody":"","fileTypesAndContributionMap":{"other":{"insertions":1,"deletions":1}}},{"hash":"a73b6ccabce54bca705fcdb9e85bc9ed91ddc175","isMergeCommit":true,"messageTitle":"Merge branch \u0027master\u0027 into branch-view-renewals","messageBody":"","fileTypesAndContributionMap":{}},{"hash":"e8de26f2c168047649d67d8a62bca469ab17b076","isMergeCommit":false,"messageTitle":"Fix Coverage for tests","messageBody":"","fileTypesAndContributionMap":{"functional-code":{"insertions":21,"deletions":0},"test-code":{"insertions":390,"deletions":84}}},{"hash":"162a359e51365f53ceab8c2630e2703d51e9bcfb","isMergeCommit":false,"messageTitle":"Fix tests for ui section","messageBody":"","fileTypesAndContributionMap":{"functional-code":{"insertions":8,"deletions":1},"other":{"insertions":1,"deletions":2},"test-code":{"insertions":578,"deletions":575}}},{"hash":"1a3e74ebf8532671e6d54531ff9a65697e19fe61","isMergeCommit":false,"messageTitle":"Fix tests for ui section","messageBody":"","fileTypesAndContributionMap":{"other":{"insertions":1,"deletions":1}}},{"hash":"ea35cd666294f4b2b24520246f686c17493602e2","isMergeCommit":false,"messageTitle":"Add Renewal date command and UI and integrated renewaldate into policy","messageBody":"","fileTypesAndContributionMap":{"functional-code":{"insertions":37,"deletions":76},"docs":{"insertions":103,"deletions":177},"test-code":{"insertions":154,"deletions":265}}},{"hash":"9bbecc4483019aaf00403b324be176d82348c884","isMergeCommit":false,"messageTitle":"Update user and developer guide","messageBody":"","fileTypesAndContributionMap":{"docs":{"insertions":78,"deletions":19}}},{"hash":"7626c783acab0a1ea29de67002492584157ab1cd","isMergeCommit":false,"messageTitle":"Fix Coverage for tests","messageBody":"","fileTypesAndContributionMap":{"functional-code":{"insertions":14,"deletions":0},"test-code":{"insertions":624,"deletions":516}}},{"hash":"f0f77770f1f24d05ab20dfc2317477d3bed5991e","isMergeCommit":false,"messageTitle":"Rewrite UI component structure","messageBody":"","fileTypesAndContributionMap":{"functional-code":{"insertions":288,"deletions":129},"other":{"insertions":1,"deletions":1},"docs":{"insertions":107,"deletions":0},"test-code":{"insertions":201,"deletions":713}}},{"hash":"93cd3d3e5d3a19dba6e778d02220b264395ed894","isMergeCommit":false,"messageTitle":"Rewrite UI component structure","messageBody":"","fileTypesAndContributionMap":{"test-code":{"insertions":0,"deletions":6}}},{"hash":"f32d62940954a2825837f163271ad9651a884e1e","isMergeCommit":false,"messageTitle":"Rewrite UI component structure","messageBody":"","fileTypesAndContributionMap":{"functional-code":{"insertions":14,"deletions":4},"test-code":{"insertions":110,"deletions":34}}},{"hash":"6c7450935d94c8fd58d26d2ae2ddd46cf6c9a115","isMergeCommit":false,"messageTitle":"Rewrite UI component structure","messageBody":"","fileTypesAndContributionMap":{"functional-code":{"insertions":1,"deletions":1},"other":{"insertions":1,"deletions":1}}},{"hash":"42121fdb09d6cfa2d7d0438f39d17d0f7dd98f55","isMergeCommit":true,"messageTitle":"Merge branch \u0027master\u0027 into branch-view-renewals","messageBody":"","fileTypesAndContributionMap":{}},{"hash":"9126c4013fd6d7957936eb195ac079edd2af1de8","isMergeCommit":false,"messageTitle":"Add more tests for model manageR","messageBody":"","fileTypesAndContributionMap":{"functional-code":{"insertions":21,"deletions":23},"test-code":{"insertions":109,"deletions":9}}},{"hash":"472d5217b405dc0a98ff200df65e8ea4dd6034bf","isMergeCommit":false,"messageTitle":"Add more tests for jsonadaptedperson","messageBody":"","fileTypesAndContributionMap":{"functional-code":{"insertions":31,"deletions":10},"test-code":{"insertions":117,"deletions":4}}},{"hash":"c3db6d5efe9053842e3b2fec04a44d221e08a4f9","isMergeCommit":false,"messageTitle":"Add more tests for Policy","messageBody":"","fileTypesAndContributionMap":{"test-code":{"insertions":7,"deletions":0}}},{"hash":"851fb8a05b56925e19eeb62b25fa8ae34e967751","isMergeCommit":false,"messageTitle":"Add more tests for Policy","messageBody":"","fileTypesAndContributionMap":{"functional-code":{"insertions":1,"deletions":6}}},{"hash":"80505bce0e90aad9f77e09175d4ee452d5dd1ef9","isMergeCommit":false,"messageTitle":"Add more tests for Policy","messageBody":"","fileTypesAndContributionMap":{"test-code":{"insertions":18,"deletions":0}}},{"hash":"3a0f8148a68c2b3f6dc1b1f0890d3fdd1b617c93","isMergeCommit":false,"messageTitle":"Add more tests for ViewRenewalsCommand","messageBody":"","fileTypesAndContributionMap":{"functional-code":{"insertions":3,"deletions":6},"test-code":{"insertions":58,"deletions":18}}},{"hash":"d16b739d3b23302f658f875b206cc687a2375a87","isMergeCommit":false,"messageTitle":"Remove Testfx.md","messageBody":"","fileTypesAndContributionMap":{"docs":{"insertions":0,"deletions":107}}},{"hash":"a3539646e58f866b39d839c57f76a38211422f06","isMergeCommit":false,"messageTitle":"Update docs","messageBody":"","fileTypesAndContributionMap":{"docs":{"insertions":177,"deletions":147}}},{"hash":"d59809922fdb8a6b407efe0b37bec2a942c31211","isMergeCommit":false,"messageTitle":"Update docs","messageBody":"","fileTypesAndContributionMap":{"docs":{"insertions":2,"deletions":2}}},{"hash":"2dcea4e8a6c52b45908cb85500a091cb356f5e56","isMergeCommit":true,"messageTitle":"Merge pull request #70 from johngao122/branch-view-renewals","messageBody":"Add Renewal date command and UI and integrated renewaldate into policy\n\nFixes #41, #42, #43, #44, #45, #56","fileTypesAndContributionMap":{}}]},{"date":"2025-03-14T00:00:00","commitResults":[{"hash":"a7606bb9609c27ad9eacb1414f9d428179558936","isMergeCommit":true,"messageTitle":"Merge branch \u0027master\u0027 into branch-modify-read-write","messageBody":"","fileTypesAndContributionMap":{}}]},{"date":"2025-03-17T00:00:00","commitResults":[{"hash":"f14183ac32ce1395a2f317783f000b17b53d8884","isMergeCommit":false,"messageTitle":"Policy test changes","messageBody":"","fileTypesAndContributionMap":{"test-code":{"insertions":1,"deletions":1}}},{"hash":"92b7733423dea7849ac7797c1af9e3e07e119adf","isMergeCommit":false,"messageTitle":"Add error handling to last updated field and add last updated field to addressbook.json file","messageBody":"","fileTypesAndContributionMap":{"functional-code":{"insertions":3,"deletions":1}}},{"hash":"3b9e8d2c5326b8aba632d3523379a73345c1c3a7","isMergeCommit":false,"messageTitle":"Add test for new line of code","messageBody":"","fileTypesAndContributionMap":{"functional-code":{"insertions":1,"deletions":1},"test-code":{"insertions":19,"deletions":2}}},{"hash":"9f6d5417bf305efc44ee9e32de55f7178e6c7681","isMergeCommit":false,"messageTitle":"Add Renewal date class and integrate into add and edit","messageBody":"","fileTypesAndContributionMap":{"functional-code":{"insertions":230,"deletions":59},"test-code":{"insertions":245,"deletions":125}}},{"hash":"df81b5b5632148f9be2978f7990855332708bbf6","isMergeCommit":false,"messageTitle":"Add additional tests for renewal date and edit command parser","messageBody":"","fileTypesAndContributionMap":{"functional-code":{"insertions":23,"deletions":23},"test-code":{"insertions":93,"deletions":15}}}]},{"date":"2025-03-18T00:00:00","commitResults":[{"hash":"0c2914b488d40e4d1355d08ad138ed890c4fc9d0","isMergeCommit":true,"messageTitle":"Merge pull request #79 from johngao122/lastupdated-bug","messageBody":"Lastupdated bug","fileTypesAndContributionMap":{}}]},{"date":"2025-03-19T00:00:00","commitResults":[{"hash":"09c804b24692976b24ca66bd47a31528e2a15519","isMergeCommit":true,"messageTitle":"Merge pull request #80 from johngao122/renewal-date-class","messageBody":"Renewal date class","fileTypesAndContributionMap":{}},{"hash":"e97460cba8c2c682150e5fac4b01b9f9f3c6983c","isMergeCommit":false,"messageTitle":"Add renewal date display to person card","messageBody":"","fileTypesAndContributionMap":{"functional-code":{"insertions":4,"deletions":0},"docs":{"insertions":168,"deletions":140}}},{"hash":"b09ce2a91608da721ccc5ea4886fe871c25a7e53","isMergeCommit":false,"messageTitle":"Add renewal date display to person card","messageBody":"","fileTypesAndContributionMap":{"functional-code":{"insertions":4,"deletions":0},"docs":{"insertions":168,"deletions":140}}},{"hash":"aff8218e462a8e3d8b28793fca08d18abfafeb44","isMergeCommit":false,"messageTitle":"Add renewal date display to person card","messageBody":"","fileTypesAndContributionMap":{"docs":{"insertions":1,"deletions":1}}},{"hash":"2bc8490436adfa7a67b6c113d3396e839dca210c","isMergeCommit":false,"messageTitle":"Add Edit codecov coverage","messageBody":"","fileTypesAndContributionMap":{"other":{"insertions":9,"deletions":6}}},{"hash":"cf2cf3a1927d8e86bc95fe6530623b58b5e42974","isMergeCommit":false,"messageTitle":"Add Edit codecov coverage","messageBody":"","fileTypesAndContributionMap":{"docs":{"insertions":1,"deletions":1}}},{"hash":"7b308ab5b44b7519612f1e68bcef756434519a72","isMergeCommit":false,"messageTitle":"Add error handling to last updated field and add last updated field to addressbook.json file","messageBody":"","fileTypesAndContributionMap":{"functional-code":{"insertions":3,"deletions":1}}},{"hash":"ae9584b1d75761fef47696fc51069654de66f77d","isMergeCommit":false,"messageTitle":"Add test for new line of code","messageBody":"","fileTypesAndContributionMap":{"functional-code":{"insertions":1,"deletions":1},"test-code":{"insertions":19,"deletions":2}}},{"hash":"ef26c61a4700d1ea929491d4b538a81b17f70021","isMergeCommit":false,"messageTitle":"Add Edit codecov coverage","messageBody":"","fileTypesAndContributionMap":{"other":{"insertions":9,"deletions":6}}},{"hash":"05f35895c5bf31e70d205d3fe6a5cf7de16386d5","isMergeCommit":false,"messageTitle":"Add Edit codecov coverage","messageBody":"","fileTypesAndContributionMap":{"functional-code":{"insertions":1,"deletions":1}}},{"hash":"007cb4b1ee5dc737267427a06a535dbbdd723d04","isMergeCommit":true,"messageTitle":"Merge branch \u0027master\u0027 into renewal-date-ui","messageBody":"","fileTypesAndContributionMap":{}},{"hash":"8633e998ebdcb16fefc351c80c5fcafc19524759","isMergeCommit":false,"messageTitle":"Add Edit codecov coverage","messageBody":"","fileTypesAndContributionMap":{"other":{"insertions":1,"deletions":1}}},{"hash":"bda9f8e25708fde01e25857531dc85010b0fb500","isMergeCommit":false,"messageTitle":"Revert \"Add Edit codecov coverage\"","messageBody":"This reverts commit 05f35895c5bf31e70d205d3fe6a5cf7de16386d5.\n","fileTypesAndContributionMap":{"functional-code":{"insertions":1,"deletions":1}}},{"hash":"7963343d91faa62d959b0a83835b3fce9a7a380b","isMergeCommit":false,"messageTitle":"Add Edit codecov coverage","messageBody":"","fileTypesAndContributionMap":{"other":{"insertions":1,"deletions":1}}},{"hash":"1bb2655c7da2a352a4241e9d9495882a37008428","isMergeCommit":false,"messageTitle":"Change display text","messageBody":"","fileTypesAndContributionMap":{"functional-code":{"insertions":1,"deletions":1}}},{"hash":"3683fa23073953905304888817baf1ec8f06788e","isMergeCommit":false,"messageTitle":"Update developer and user guide","messageBody":"","fileTypesAndContributionMap":{"docs":{"insertions":7,"deletions":5}}},{"hash":"aa228edf9a8e878720b7bbc8ed3b7e5ad47e3506","isMergeCommit":true,"messageTitle":"Merge pull request #89 from johngao122/renewal-date-ui","messageBody":"Add renewal date display to person card","fileTypesAndContributionMap":{}}]},{"date":"2025-03-20T00:00:00","commitResults":[{"hash":"bba0a20c25104889cde06976d50d977c9eec42dd","isMergeCommit":false,"messageTitle":"Update project information","messageBody":"","fileTypesAndContributionMap":{"docs":{"insertions":28,"deletions":28}}},{"hash":"a28cad490483577d24f2ff63a3d90a4ec6b61898","isMergeCommit":true,"messageTitle":"Merge pull request #97 from johngao122/fix-documentation","messageBody":"Update project information","fileTypesAndContributionMap":{}}]},{"date":"2025-03-24T00:00:00","commitResults":[{"hash":"7ad52bcabc765bd2cf0f74f988e6b02641e4b038","isMergeCommit":false,"messageTitle":"Add update renewal date function to update a client\u0027s renewal date and fix a bug relating to error displaying","messageBody":"","fileTypesAndContributionMap":{"functional-code":{"insertions":165,"deletions":3},"docs":{"insertions":117,"deletions":0},"test-code":{"insertions":166,"deletions":1}}},{"hash":"569d05da780964375b79f644b25985ad2e60dcdc","isMergeCommit":false,"messageTitle":"Update datetimeparser to use custom formatting for consistency","messageBody":"","fileTypesAndContributionMap":{"functional-code":{"insertions":22,"deletions":4},"test-code":{"insertions":2,"deletions":1}}},{"hash":"cd702e96225c62c8db6e295f4318b5da56ed5b5a","isMergeCommit":false,"messageTitle":"Fix checkstyle errors in renewaldate","messageBody":"","fileTypesAndContributionMap":{"functional-code":{"insertions":0,"deletions":3}}},{"hash":"73305c8f0a0ca2c70ca5785a0129b8680789f6a3","isMergeCommit":false,"messageTitle":"add policy type to Policy class","messageBody":"* Add PolicyType enum with Life, Health, Property, Vehicle, Travel options\n* Update Policy class to include policy type field\n* Add validation for policy type input\n* Update DateTimeParser to use lowercase AM/PM in output\n* Add comprehensive tests for PolicyType and updated Policy class\n","fileTypesAndContributionMap":{"functional-code":{"insertions":110,"deletions":9},"test-code":{"insertions":134,"deletions":12}}},{"hash":"d6706f524cd700593f738e5c9b844b78aca27f22","isMergeCommit":false,"messageTitle":"Add policy type feature to classify insurance policies","messageBody":"- Implement PolicyType enum (LIFE, HEALTH, PROPERTY, VEHICLE, TRAVEL)\n- Extend Policy class to store and manage policy types\n- Update parsers for add, edit, and find commands to handle policy type\n- Modify UI to display policy types in both person cards and renewals table\n- Add search functionality for finding clients by policy type\n- Update documentation in both User Guide and Developer Guide\n- Add and update tests for new functionality\n","fileTypesAndContributionMap":{"functional-code":{"insertions":259,"deletions":66},"docs":{"insertions":93,"deletions":81},"test-code":{"insertions":253,"deletions":76}}},{"hash":"ad524e481a60d5aae1e2e03b60c6243fb166cf4e","isMergeCommit":false,"messageTitle":"Fix checkstyle errors in renewaldatetable","messageBody":"","fileTypesAndContributionMap":{"functional-code":{"insertions":1,"deletions":1}}}]},{"date":"2025-03-25T00:00:00","commitResults":[{"hash":"21b1b6172ab38510d13e75e25bdc8bb14a8e1c37","isMergeCommit":true,"messageTitle":"Merge branch \u0027master\u0027 into type-class","messageBody":"","fileTypesAndContributionMap":{}},{"hash":"63e850710762b7e8496dad5dc5852ee0cace0893","isMergeCommit":true,"messageTitle":"Merge pull request #109 from johngao122/update-renewaldate-function","messageBody":"Add update renewal date function to update a client\u0027s renewal date an…","fileTypesAndContributionMap":{}},{"hash":"06eab05f4e02488e286ce920d9495a0f97caef9b","isMergeCommit":true,"messageTitle":"Merge branch \u0027master\u0027 into type-class","messageBody":"","fileTypesAndContributionMap":{}}]},{"date":"2025-03-26T00:00:00","commitResults":[{"hash":"c9f2ca715023f3d531f0c1df7f7c42673110d03c","isMergeCommit":false,"messageTitle":"Enable assertions in build.gradle","messageBody":"","fileTypesAndContributionMap":{"other":{"insertions":4,"deletions":0}}},{"hash":"37e923ba6da39d6f25de0a3bbaaba78df4af130d","isMergeCommit":true,"messageTitle":"Merge pull request #117 from johngao122/enable-assertions","messageBody":"Enable assertions in build.gradle","fileTypesAndContributionMap":{}}]},{"date":"2025-03-27T00:00:00","commitResults":[{"hash":"fc2b05b9572096d307d7a493f446acce050764ec","isMergeCommit":true,"messageTitle":"Merge branch \u0027master\u0027 into type-class","messageBody":"","fileTypesAndContributionMap":{}},{"hash":"12e2cf2ad9af6938b7bf9baf37d3f095ba76a0e2","isMergeCommit":false,"messageTitle":"Revert changes as requested by team members","messageBody":"","fileTypesAndContributionMap":{"functional-code":{"insertions":19,"deletions":19},"test-code":{"insertions":38,"deletions":32}}},{"hash":"459e16afe8ace05986a7223634f90c216a537047","isMergeCommit":false,"messageTitle":"Add policy type to new person detail panel","messageBody":"","fileTypesAndContributionMap":{"functional-code":{"insertions":8,"deletions":0}}},{"hash":"6a10165230cf4f8f1e82b2542f85597afc8b8db8","isMergeCommit":false,"messageTitle":"Add policy type to new person detail panel","messageBody":"","fileTypesAndContributionMap":{"functional-code":{"insertions":1,"deletions":3}}},{"hash":"0db37ae72bc7a52cb9955d0d09ee4e5b9a1cf184","isMergeCommit":false,"messageTitle":"Add policy type to findpersonpredicatetest and editpersondescriptortest","messageBody":"","fileTypesAndContributionMap":{"test-code":{"insertions":6,"deletions":2}}},{"hash":"6cdef45fcfca8a626e58c2aa370765b41cc7e4fa","isMergeCommit":false,"messageTitle":"Add policytypematch back to find command","messageBody":"","fileTypesAndContributionMap":{"functional-code":{"insertions":2,"deletions":1}}},{"hash":"7266ebc3ed33c1a040bdeba724fa90d3f637acc9","isMergeCommit":true,"messageTitle":"Merge pull request #111 from johngao122/type-class","messageBody":"add policy type to Policy class","fileTypesAndContributionMap":{}}]},{"date":"2025-03-31T00:00:00","commitResults":[{"hash":"ef58016d9ab30a09f5434a3d743410371e69ffe4","isMergeCommit":false,"messageTitle":"Make all classes use RenewalDate and RenewalType class","messageBody":"","fileTypesAndContributionMap":{"functional-code":{"insertions":81,"deletions":68},"other":{"insertions":705,"deletions":0},"docs":{"insertions":148,"deletions":17},"test-code":{"insertions":96,"deletions":68}}},{"hash":"0771251816fdec245427c6218374024429bdf733","isMergeCommit":false,"messageTitle":"Add uml diagrams for renew command and renew function","messageBody":"","fileTypesAndContributionMap":{"docs":{"insertions":48,"deletions":31}}},{"hash":"76eef8ae50673cae2020591b172ed05f1a819803","isMergeCommit":false,"messageTitle":"Fix developer guide contradictions","messageBody":"","fileTypesAndContributionMap":{"docs":{"insertions":6,"deletions":4}}},{"hash":"d75b7c2594534a9cf2c6e6df83fb38b0c1301294","isMergeCommit":false,"messageTitle":"Fix checkstyle with puml diagrams","messageBody":"","fileTypesAndContributionMap":{"docs":{"insertions":4,"deletions":4}}},{"hash":"243ed638d2289fd0054d13dcd81cb3a6de74af26","isMergeCommit":false,"messageTitle":"Remove bin folder from pull request","messageBody":"","fileTypesAndContributionMap":{"other":{"insertions":0,"deletions":705}}},{"hash":"578037a8346f5e1e9ce69c087ae88de1c4c116f5","isMergeCommit":false,"messageTitle":"Fix bug with partial matching in PolicyTypeContainsKeywordsPredicate","messageBody":"","fileTypesAndContributionMap":{"functional-code":{"insertions":1,"deletions":2}}},{"hash":"bbb5c7d84d63383b7f1ddc5aa67b996adbdd5197","isMergeCommit":false,"messageTitle":"Fix checkstyle error with PolicyTypeContainsKeywordsPredicate","messageBody":"","fileTypesAndContributionMap":{"functional-code":{"insertions":0,"deletions":1}}},{"hash":"8abdaaad43e929c948d731ccbcd1c85cb1bd3185","isMergeCommit":false,"messageTitle":"Fix missing policyTypeMatch with find command","messageBody":"","fileTypesAndContributionMap":{"functional-code":{"insertions":2,"deletions":1}}},{"hash":"ca950df84654ffbec2a6f8e428272002eed3b40a","isMergeCommit":false,"messageTitle":"Fix buggy test in PolicyTypeContainsKeyword","messageBody":"","fileTypesAndContributionMap":{"test-code":{"insertions":1,"deletions":1}}},{"hash":"d0d86c55deae3f3912ef1790345c3558971a10b8","isMergeCommit":false,"messageTitle":"Revert changes","messageBody":"","fileTypesAndContributionMap":{"test-code":{"insertions":1,"deletions":1}}},{"hash":"e6054e17528cfb37e2f26fafefc502f1c42dadfb","isMergeCommit":false,"messageTitle":"Documentation error","messageBody":"","fileTypesAndContributionMap":{"docs":{"insertions":1,"deletions":1}}},{"hash":"2985ff29051d36bc307deef34948f6c79eb539d8","isMergeCommit":false,"messageTitle":"Fix buggy test in PolicyTypeContainsKeyword","messageBody":"","fileTypesAndContributionMap":{"test-code":{"insertions":3,"deletions":3}}},{"hash":"6f09cc1ecfd2f7c2f7e667787e6bbf2585ef73c9","isMergeCommit":false,"messageTitle":"Update src/main/java/seedu/address/logic/parser/FindCommandParser.java","messageBody":"Co-authored-by: Copilot \u003c175728472+Copilot@users.noreply.github.com\u003e","fileTypesAndContributionMap":{"functional-code":{"insertions":1,"deletions":1}}},{"hash":"34fd6bf6380c105eb90e5865746b85c62df5fe6a","isMergeCommit":false,"messageTitle":"Revert changes","messageBody":"","fileTypesAndContributionMap":{"functional-code":{"insertions":1,"deletions":1},"test-code":{"insertions":3,"deletions":3}}},{"hash":"f9e13b1d2521dda3a107b541d62df7ba16036edb","isMergeCommit":false,"messageTitle":"Fix buggy test in PolicyTypeContainsKeyword","messageBody":"","fileTypesAndContributionMap":{"test-code":{"insertions":3,"deletions":2}}},{"hash":"b3b1215c354ea09c50b63fbd2c356c7990e739ec","isMergeCommit":false,"messageTitle":"Fix checkstyle error with PolicyTypeContainsKeywordsPredicate","messageBody":"","fileTypesAndContributionMap":{"test-code":{"insertions":0,"deletions":1}}}]},{"date":"2025-04-01T00:00:00","commitResults":[{"hash":"cfe55a8aae46ae1a8a08050cbb7867e1d7f2cf9c","isMergeCommit":true,"messageTitle":"Merge pull request #129 from johngao122/consistent_types","messageBody":"Consistent types","fileTypesAndContributionMap":{}}]},{"date":"2025-04-02T00:00:00","commitResults":[{"hash":"c11e6635ded89e0b43e431043c47fe1193cd1de4","isMergeCommit":false,"messageTitle":"Fix Sample Data Util mismatch with renewaldate format","messageBody":"","fileTypesAndContributionMap":{"functional-code":{"insertions":6,"deletions":6},"other":{"insertions":1,"deletions":0}}},{"hash":"368ac3eaf3ededd968f426ceb2777d472e8dcfda","isMergeCommit":true,"messageTitle":"Merge branch \u0027master\u0027 into branch-fix-sampleData","messageBody":"","fileTypesAndContributionMap":{}},{"hash":"8996e298b80e3c646e7fc5abcdcaa3256ae4727b","isMergeCommit":true,"messageTitle":"Merge pull request #153 from johngao122/branch-fix-sampleData","messageBody":"Fix Sample Data Util mismatch with renewaldate format","fileTypesAndContributionMap":{}},{"hash":"87936dcff583dbb1fe8d68b5c4972b8d59b2936d","isMergeCommit":false,"messageTitle":"fix: Allow window resizing with proper scrolling and background","messageBody":"- Reduce minimum window height from 1200px to 600px\n- Add ScrollPane to enable content scrolling when window is resized\n- Fix background styling to eliminate white borders and ensure consistent dark theme\n- Apply background colors directly to ScrollPane and VBox containers\n","fileTypesAndContributionMap":{"functional-code":{"insertions":58,"deletions":48}}},{"hash":"0c3fc6d83764e313611e09e461763c7d899b7652","isMergeCommit":false,"messageTitle":"Add formatting for result display and increase height of resultdisplay","messageBody":"","fileTypesAndContributionMap":{"functional-code":{"insertions":52,"deletions":3}}},{"hash":"f31bf7736fccd33d9ee46857797139631c4de834","isMergeCommit":false,"messageTitle":"Fix right window not sizing properly","messageBody":"","fileTypesAndContributionMap":{"functional-code":{"insertions":42,"deletions":33}}},{"hash":"3a9b4525b537e1bdf6825703478f12d12179bc83","isMergeCommit":false,"messageTitle":"Fix checkstyle issues","messageBody":"","fileTypesAndContributionMap":{"functional-code":{"insertions":0,"deletions":1}}},{"hash":"fae63ea9e6b341a1f4125e2c5fa679fcebf509ea","isMergeCommit":false,"messageTitle":"Make window fullscreen when launched","messageBody":"","fileTypesAndContributionMap":{"functional-code":{"insertions":1,"deletions":0}}},{"hash":"0a94ba865ac4bb80ea955d93bb866007f189a940","isMergeCommit":false,"messageTitle":"Fix checkstyle issues for PersonDetailPanel.fxml","messageBody":"","fileTypesAndContributionMap":{"functional-code":{"insertions":1,"deletions":1}}},{"hash":"2dc669c27ef30cace67dd0a43896b4289e553239","isMergeCommit":false,"messageTitle":"Shift Feedback Formatter to a class","messageBody":"","fileTypesAndContributionMap":{"functional-code":{"insertions":40,"deletions":31},"test-code":{"insertions":65,"deletions":0}}},{"hash":"f46488223a7e06254fc3cc222e9bdfb6efa4265a","isMergeCommit":false,"messageTitle":"Fix UML diagrams to fit conventions","messageBody":"","fileTypesAndContributionMap":{"docs":{"insertions":38,"deletions":38}}},{"hash":"45f641a969b1dd90d7263bd1863b181bce69371e","isMergeCommit":false,"messageTitle":"Fix checkstyle issues:","messageBody":"","fileTypesAndContributionMap":{"docs":{"insertions":1,"deletions":1}}}]},{"date":"2025-04-03T00:00:00","commitResults":[{"hash":"44ab1e154fd81365dcaf8703cdeabdd3ac012022","isMergeCommit":true,"messageTitle":"Merge branch \u0027master\u0027 into branch-window-fix","messageBody":"","fileTypesAndContributionMap":{}},{"hash":"d8af1cdd7f30ef5cec739283de6e1d9904f0d582","isMergeCommit":false,"messageTitle":"Fix merged layout","messageBody":"","fileTypesAndContributionMap":{"functional-code":{"insertions":9,"deletions":15}}},{"hash":"8e2075c66b42b4add44d947f8f6cc4d623af3bb8","isMergeCommit":false,"messageTitle":"Fix merged layout","messageBody":"","fileTypesAndContributionMap":{"functional-code":{"insertions":0,"deletions":3}}},{"hash":"ab61333ea730835a944d2e70b29ec84144926018","isMergeCommit":false,"messageTitle":"Update UML diagrams to match with team standard","messageBody":"","fileTypesAndContributionMap":{"docs":{"insertions":40,"deletions":47}}},{"hash":"49408e00ec0f1228c4eab739599bfaf4b3fca493","isMergeCommit":true,"messageTitle":"Merge branch \u0027master\u0027 into branch-uml-fix","messageBody":"","fileTypesAndContributionMap":{}},{"hash":"004203ea03d9410604576852d6eca75b0f3593cc","isMergeCommit":false,"messageTitle":"Fix checkstyle issues","messageBody":"","fileTypesAndContributionMap":{"functional-code":{"insertions":0,"deletions":1}}},{"hash":"ce546893a2b3973f7b75b129354b4f0f77f5ff54","isMergeCommit":true,"messageTitle":"Merge pull request #157 from johngao122/branch-window-fix","messageBody":"Bug Fix","fileTypesAndContributionMap":{}},{"hash":"882cad58d9f12bd1989d8e059c1bef1e743968c9","isMergeCommit":true,"messageTitle":"Merge branch \u0027master\u0027 into branch-uml-fix","messageBody":"","fileTypesAndContributionMap":{}},{"hash":"db921a74b10b21afd4e93447d62fd75751c58f53","isMergeCommit":false,"messageTitle":"Fix table formatting for renewal table","messageBody":"","fileTypesAndContributionMap":{"functional-code":{"insertions":13,"deletions":0}}},{"hash":"da290e2f8cd9a9650ea8abb93aaf4470af8373b7","isMergeCommit":false,"messageTitle":"Fix view renewal command to display amount of days","messageBody":"","fileTypesAndContributionMap":{"functional-code":{"insertions":2,"deletions":2}}},{"hash":"15cb7be85ec58451577640f07e4b28cd33f0b99e","isMergeCommit":false,"messageTitle":"Update Viewrenewals command test","messageBody":"","fileTypesAndContributionMap":{"test-code":{"insertions":2,"deletions":2}}},{"hash":"7061c91b1e7ac4ac2da665824ab0a8d81c2dd2db","isMergeCommit":true,"messageTitle":"Merge pull request #167 from johngao122/branch-renewaltable-fix","messageBody":"Branch renewaltable fix","fileTypesAndContributionMap":{}},{"hash":"49de7ff63d5e000f83410797e75dc237a8713ece","isMergeCommit":false,"messageTitle":"Add check for duplicate policy numbers when creating new people","messageBody":"","fileTypesAndContributionMap":{"functional-code":{"insertions":5,"deletions":3},"test-code":{"insertions":9,"deletions":5}}},{"hash":"53287d92c16a906ad451ef5c915b32f4050df664","isMergeCommit":false,"messageTitle":"Update User Guide pictures and user guide","messageBody":"","fileTypesAndContributionMap":{"docs":{"insertions":64,"deletions":21}}},{"hash":"e2bfb5164061a0ee0ea5b269a2ee5df9ba52f73d","isMergeCommit":false,"messageTitle":"Update developer guide","messageBody":"","fileTypesAndContributionMap":{"docs":{"insertions":11,"deletions":5}}},{"hash":"e7e6e598e8f0015e8fba10baa8d057c603322ca5","isMergeCommit":false,"messageTitle":"Fix checkstyle issues","messageBody":"","fileTypesAndContributionMap":{"docs":{"insertions":1,"deletions":1}}},{"hash":"00e5cb6e5d811c3819755c5cc396a31e5fdfba7b","isMergeCommit":false,"messageTitle":"Fix active filter text","messageBody":"","fileTypesAndContributionMap":{"functional-code":{"insertions":29,"deletions":4}}},{"hash":"6ea1b25e152b4f6c974827762c21db71a17738f5","isMergeCommit":false,"messageTitle":"Fix checkstyle issues","messageBody":"","fileTypesAndContributionMap":{"functional-code":{"insertions":5,"deletions":5},"test-code":{"insertions":5,"deletions":1}}},{"hash":"bd96572310fd6be5b594ddbdb9845f9202745bb6","isMergeCommit":true,"messageTitle":"Merge pull request #176 from johngao122/branch-documentation-fix","messageBody":"Branch documentation fix","fileTypesAndContributionMap":{}},{"hash":"e8ce8f440c4b13844db437b7eb6b0936660eefe7","isMergeCommit":true,"messageTitle":"Merge pull request #177 from johngao122/branch-activefilter-text","messageBody":"Branch activefilter text","fileTypesAndContributionMap":{}},{"hash":"1cebfb7f1bf24c1f0142ff0cda7f065f97abd872","isMergeCommit":false,"messageTitle":"Made diagram smaller","messageBody":"","fileTypesAndContributionMap":{"docs":{"insertions":1,"deletions":1}}},{"hash":"69e45dc1c6feddabb35671c4abf40cf86ba4fe70","isMergeCommit":true,"messageTitle":"Merge pull request #158 from johngao122/branch-uml-fix","messageBody":"Branch uml fix","fileTypesAndContributionMap":{}},{"hash":"00184a878cd75c68a164633a6978c95958dd9f17","isMergeCommit":true,"messageTitle":"Merge branch \u0027master\u0027 into update-guides","messageBody":"","fileTypesAndContributionMap":{}},{"hash":"04dd49f38823055edeea9e47804c8674f84ca1bc","isMergeCommit":true,"messageTitle":"Merge pull request #171 from nathtiekk/update-guides","messageBody":"Update User and Dev Guides","tags":["v1.5"],"fileTypesAndContributionMap":{}}]},{"date":"2025-04-06T00:00:00","commitResults":[{"hash":"698a57ec2746982357edda18e760d2a7ee0173c7","isMergeCommit":false,"messageTitle":"Fix bug for issue 257","messageBody":"","fileTypesAndContributionMap":{"functional-code":{"insertions":2,"deletions":0},"test-code":{"insertions":17,"deletions":0}}},{"hash":"d85589b2accf259a3fcfce61c45d20a9a141dfc8","isMergeCommit":false,"messageTitle":"Fix bug for issue 215","messageBody":"","fileTypesAndContributionMap":{"functional-code":{"insertions":7,"deletions":8}}},{"hash":"9b59b39d016d1f73f38bd561f643a108574b532d","isMergeCommit":false,"messageTitle":"Fix bug for issue 210","messageBody":"","fileTypesAndContributionMap":{"functional-code":{"insertions":1,"deletions":1},"docs":{"insertions":3,"deletions":3}}},{"hash":"d64096997cbbc011930dca7be11e7bbb376d16d0","isMergeCommit":false,"messageTitle":"Fix bug for issue 211 and 201","messageBody":"","fileTypesAndContributionMap":{"functional-code":{"insertions":3,"deletions":3},"test-code":{"insertions":12,"deletions":7}}},{"hash":"3b709baba693532cbcaca2883a377f7712687d1c","isMergeCommit":false,"messageTitle":"Fix tests and checkstyle issues","messageBody":"","fileTypesAndContributionMap":{"functional-code":{"insertions":1,"deletions":4},"test-code":{"insertions":269,"deletions":117}}},{"hash":"67600954232165b28a1ea980fa7c9b6042d3b978","isMergeCommit":false,"messageTitle":"Fix tests and checkstyle issues","messageBody":"","fileTypesAndContributionMap":{"test-code":{"insertions":13,"deletions":1}}},{"hash":"514ef841e8bad2756e32ce8366440cbdc5abbff5","isMergeCommit":false,"messageTitle":"Fix tests and checkstyle issues","messageBody":"","fileTypesAndContributionMap":{"test-code":{"insertions":11,"deletions":7}}},{"hash":"fa0c63100e66ff0595637dca6f7488011967d89a","isMergeCommit":false,"messageTitle":"Fix tests and checkstyle issues","messageBody":"","fileTypesAndContributionMap":{"test-code":{"insertions":2,"deletions":2}}},{"hash":"0ae567d7ea2475372ea1d9d75ca25d020afdeb69","isMergeCommit":false,"messageTitle":"Fix code according to comments","messageBody":"","fileTypesAndContributionMap":{"functional-code":{"insertions":2,"deletions":1},"test-code":{"insertions":0,"deletions":14}}},{"hash":"435d808b6b7c95ddccd0c1e5429ad448ea280a76","isMergeCommit":false,"messageTitle":"Fix #205","messageBody":"","fileTypesAndContributionMap":{"functional-code":{"insertions":0,"deletions":1}}},{"hash":"923383266509dfb9c329dd27a415a03fec1b41f7","isMergeCommit":false,"messageTitle":"Fix #196","messageBody":"","fileTypesAndContributionMap":{"functional-code":{"insertions":9,"deletions":5}}},{"hash":"572b7f67f8e75bbce7db4edd208f83e75bc19a7e","isMergeCommit":false,"messageTitle":"Fix tests and checkstyle issues","messageBody":"","fileTypesAndContributionMap":{"functional-code":{"insertions":0,"deletions":2},"test-code":{"insertions":45,"deletions":79}}},{"hash":"08763d15f0a5f09e3ac7c45e3a9c8631900379a7","isMergeCommit":true,"messageTitle":"Merge pull request #271 from johngao122/branch-bug-fix-2","messageBody":"Branch bug fix 2","fileTypesAndContributionMap":{}},{"hash":"ff69e14d38a38813cd74aad99d4c480e00676b82","isMergeCommit":false,"messageTitle":"Add note on matchingpersons","messageBody":"","fileTypesAndContributionMap":{"functional-code":{"insertions":2,"deletions":0}}},{"hash":"86c565d06be7786f393e0ee5c7c514d900731464","isMergeCommit":true,"messageTitle":"Merge pull request #268 from johngao122/branch-bug-fix","messageBody":"Branch bug fix","fileTypesAndContributionMap":{}},{"hash":"302fa3ab138ca3a2cef8683a57bc54506624be5d","isMergeCommit":false,"messageTitle":"Rehaul user guide","messageBody":"","fileTypesAndContributionMap":{"docs":{"insertions":333,"deletions":148}}},{"hash":"3ec115b7043cd6d3b785593a9d94376a3a21c892","isMergeCommit":false,"messageTitle":"Redo layout of userguide","messageBody":"","fileTypesAndContributionMap":{"docs":{"insertions":85,"deletions":45}}},{"hash":"1d6c1f3caeae46bb4cc0b77b9defaf54be3da0c6","isMergeCommit":false,"messageTitle":"Fix checkstyle issues","messageBody":"","fileTypesAndContributionMap":{"docs":{"insertions":8,"deletions":14}}},{"hash":"976aea447c7bb8ed6663d7433eaa33ff23b67e80","isMergeCommit":false,"messageTitle":"Documentation fix","messageBody":"","fileTypesAndContributionMap":{"docs":{"insertions":7,"deletions":11}}},{"hash":"e0f29587bd28d4214e26a347a27a80a8706bcb77","isMergeCommit":true,"messageTitle":"Merge branch \u0027master\u0027 into ug-redo","messageBody":"","fileTypesAndContributionMap":{}},{"hash":"5c8ab1bcddee87854386a4375054d83ac6755276","isMergeCommit":true,"messageTitle":"Merge pull request #272 from johngao122/ug-redo","messageBody":"Ug redo","fileTypesAndContributionMap":{}}]},{"date":"2025-04-07T00:00:00","commitResults":[{"hash":"759db87d525b771cd7f29acb448faf2fc2c85d4a","isMergeCommit":false,"messageTitle":"Change duplicate condition for add and edit command","messageBody":"","fileTypesAndContributionMap":{"functional-code":{"insertions":72,"deletions":17},"docs":{"insertions":39,"deletions":14},"test-code":{"insertions":67,"deletions":12}}},{"hash":"b2d620e45bdb0a68143f2207758556e47b9039ec","isMergeCommit":false,"messageTitle":"Fix minor code issue","messageBody":"","fileTypesAndContributionMap":{"functional-code":{"insertions":1,"deletions":1}}},{"hash":"19aabca30be6f35cb93b6fe5f2b5ec3a12c36621","isMergeCommit":false,"messageTitle":"Fix minor code issue","messageBody":"","fileTypesAndContributionMap":{"functional-code":{"insertions":2,"deletions":3}}},{"hash":"4cc2b35900c345bf9443d66fe80ae171ac45383e","isMergeCommit":true,"messageTitle":"Merge pull request #277 from johngao122/duplicate-fix","messageBody":"","fileTypesAndContributionMap":{}}]}]},"authorFileTypeContributionMap":{"nathtiekk":{"docs":137,"functional-code":271,"test-code":285},"yuyang011":{"docs":96,"functional-code":178,"test-code":304},"Jovin-Ang":{"docs":267,"functional-code":495,"test-code":1153,"other":32},"MakiseKurisuX":{"docs":194,"functional-code":602,"test-code":542,"other":4},"johngao122":{"docs":807,"functional-code":1623,"test-code":2047,"other":7}},"authorContributionVariance":{"nathtiekk":6053.879,"yuyang011":3326.6372,"Jovin-Ang":67947.52,"MakiseKurisuX":10967.282,"johngao122":1214421.6},"authorDisplayNameMap":{"nathtiekk":"CS2103-F08-2 KEIT.. TAN","yuyang011":"CS2103-F08-2 TAN ..YANG","Jovin-Ang":"CS2103-F08-2 JOVI..HENG","MakiseKurisuX":"CS2103-F08-2 TAN ..RVIN","johngao122":"CS2103-F08-2 JOHN..AHAO"}}
