{"authorDailyContributionsMap":{"SherrinfordHR":[{"date":"2025-03-05T00:00:00","commitResults":[{"hash":"d7b70b62c88285f8a7b22fe90959ee88c0e2fe43","isMergeCommit":true,"messageTitle":"Merge pull request #8 from TobyCyan/add-photo","messageBody":"Add Yong Jun Xi photo","fileTypesAndContributionMap":{}},{"hash":"11f7d653505f01a15081e4c0a42fbafedec1a3c4","isMergeCommit":false,"messageTitle":"Update AboutUs","messageBody":"","fileTypesAndContributionMap":{"docs":{"insertions":11,"deletions":10}}}]},{"date":"2025-03-08T00:00:00","commitResults":[{"hash":"7ce0025382e2b401099852b9a03739fa88f79ae4","isMergeCommit":true,"messageTitle":"Merge pull request #19 from SherrinfordHR/AboutUs","messageBody":"Update AboutUs with Dingwei\u0027s details","fileTypesAndContributionMap":{}}]},{"date":"2025-03-09T00:00:00","commitResults":[{"hash":"b7cc249081738e2e0dd70e4e1ebf91b93072aeb6","isMergeCommit":false,"messageTitle":"Update DeveloperGuide.md","messageBody":"","fileTypesAndContributionMap":{"docs":{"insertions":47,"deletions":12}}}]},{"date":"2025-03-10T00:00:00","commitResults":[{"hash":"10b3c6a646655154cffbfbc26ddcf27c14f43be2","isMergeCommit":true,"messageTitle":"Merge pull request #29 from SherrinfordHR/use_case","messageBody":"Update DeveloperGuide.md Use Cases","fileTypesAndContributionMap":{}}]},{"date":"2025-03-13T00:00:00","commitResults":[{"hash":"87ae9b45f9b7a97ea7a3be8b91977a96d9bbd60a","isMergeCommit":false,"messageTitle":"Update DeveloperGuide.md","messageBody":"","fileTypesAndContributionMap":{"docs":{"insertions":19,"deletions":2}}},{"hash":"13d41724ce227e37aef1e34c97a380ce970851e1","isMergeCommit":false,"messageTitle":"Update DeveloperGuide.md","messageBody":"","fileTypesAndContributionMap":{"docs":{"insertions":2,"deletions":0}}}]},{"date":"2025-03-14T00:00:00","commitResults":[{"hash":"51f99048e9129ee54f660fe0edc587c22b884034","isMergeCommit":false,"messageTitle":"Update the find feature","messageBody":"","fileTypesAndContributionMap":{"docs":{"insertions":3,"deletions":1}}},{"hash":"94282c43f58ed4603deed2d2fd55d0fb13d1394a","isMergeCommit":false,"messageTitle":"Update find feature","messageBody":"","fileTypesAndContributionMap":{"docs":{"insertions":4,"deletions":0}}},{"hash":"5c5f5d75bfd65c9ef3b60153c5a09f427db274e7","isMergeCommit":false,"messageTitle":"Update Ui","messageBody":"","fileTypesAndContributionMap":{"docs":{"insertions":1,"deletions":1}}}]},{"date":"2025-03-18T00:00:00","commitResults":[{"hash":"c24c655c69c8a067365197d22f9e1accdd26d9cd","isMergeCommit":false,"messageTitle":"Update_ExpandCommand_v1","messageBody":"","fileTypesAndContributionMap":{"functional-code":{"insertions":214,"deletions":6}}},{"hash":"98bfd811cb1a254c1549dd76b2000796e262b375","isMergeCommit":false,"messageTitle":"Update ClientDetailPanel.fxml","messageBody":"","fileTypesAndContributionMap":{"functional-code":{"insertions":0,"deletions":1}}}]},{"date":"2025-03-19T00:00:00","commitResults":[{"hash":"9f07ffd8fe689de3e1475d089d22704195db34ee","isMergeCommit":false,"messageTitle":"Update ClientDetailPanel.fxml","messageBody":"","fileTypesAndContributionMap":{"functional-code":{"insertions":8,"deletions":5}}},{"hash":"7e993b85dc360067af40e15646890c04241a1f85","isMergeCommit":false,"messageTitle":"Update DarkTheme.css","messageBody":"","fileTypesAndContributionMap":{"functional-code":{"insertions":37,"deletions":0}}}]},{"date":"2025-03-20T00:00:00","commitResults":[{"hash":"4e95c3e2def6c7ac7e95d9945ffbf504b5e3c452","isMergeCommit":true,"messageTitle":"Merge branch \u0027master\u0027 into Update_Expand_Command","messageBody":"","fileTypesAndContributionMap":{}},{"hash":"b2a03aa22b0ae6041654c48159feacb169f1b187","isMergeCommit":false,"messageTitle":"Fixing compilation errors","messageBody":"","fileTypesAndContributionMap":{"functional-code":{"insertions":2,"deletions":2}}},{"hash":"e3ba94b12e3eb6247cfad9f65d24d2144f2401b5","isMergeCommit":false,"messageTitle":"Update methods with newly updated methods","messageBody":"","fileTypesAndContributionMap":{"functional-code":{"insertions":7,"deletions":7}}},{"hash":"f258fd1fb41596c222149dd25da5ca54be3ae537","isMergeCommit":false,"messageTitle":"Update ClientDetailPanel.java","messageBody":"","fileTypesAndContributionMap":{"functional-code":{"insertions":5,"deletions":1}}},{"hash":"aa0d78c9bcf3dbc39933ae99f1488f985eb0ba16","isMergeCommit":false,"messageTitle":"CheckStyle","messageBody":"","fileTypesAndContributionMap":{"functional-code":{"insertions":17,"deletions":6}}},{"hash":"3124bb298e955475b92f2d704173ce499fefb1ce","isMergeCommit":false,"messageTitle":"CheckStyle Update","messageBody":"","fileTypesAndContributionMap":{"functional-code":{"insertions":24,"deletions":20}}},{"hash":"fe6fcaa6e1ed5fdd37b2facdd6da2ba1097dd885","isMergeCommit":false,"messageTitle":"Update ClientDetailPanel.java","messageBody":"","fileTypesAndContributionMap":{"functional-code":{"insertions":1,"deletions":1}}},{"hash":"edf785c5789275476408ac8c164fde6d6c932cc2","isMergeCommit":false,"messageTitle":"Update ClientDetailPanel.java","messageBody":"","fileTypesAndContributionMap":{"functional-code":{"insertions":1,"deletions":1}}},{"hash":"294dc8564e528454fc2db07c83c44ec1dcd00187","isMergeCommit":true,"messageTitle":"Merge branch \u0027master\u0027 into Update_Expand_Command","messageBody":"","fileTypesAndContributionMap":{}},{"hash":"706bcba7c96fecc031556bde2fd0e2c47d2e52e9","isMergeCommit":true,"messageTitle":"Merge pull request #60 from SherrinfordHR/Update_Expand_Command","messageBody":"Implement expand command","fileTypesAndContributionMap":{}}]},{"date":"2025-03-21T00:00:00","commitResults":[{"hash":"fa8a098b853bb1248b813b5a17cd3addd11170eb","isMergeCommit":false,"messageTitle":"Update UserGuide.md","messageBody":"","fileTypesAndContributionMap":{"docs":{"insertions":14,"deletions":0}}},{"hash":"b62335a764b20cb43f6d9e14a1f910685a5e062a","isMergeCommit":false,"messageTitle":"Update User Guide with Ui","messageBody":"","fileTypesAndContributionMap":{"docs":{"insertions":2,"deletions":1}}}]},{"date":"2025-03-22T00:00:00","commitResults":[{"hash":"f88b3d7db4c716ed1b6afdff0a6e420ae1963e79","isMergeCommit":false,"messageTitle":"Update UserGuide.md","messageBody":"Expand Command: More user-friendly phrasing.\n\nDelete Command: More user-friendly phrasing.\n\nThis will make the user guide easier to understand for readers.\n","fileTypesAndContributionMap":{"docs":{"insertions":19,"deletions":15}}},{"hash":"87363ddd4426a47ac5f4aa1948d6ff0e1e30beb6","isMergeCommit":false,"messageTitle":"Update UserGuide.md","messageBody":"ClearCommand: add a picture as example to show the UI after executing command. A more user-friendly phrasing\n\nExitCommand: a more user-friendly phrasing.\n","fileTypesAndContributionMap":{"docs":{"insertions":14,"deletions":6}}},{"hash":"cd38a1ed527746ea393dfc73725cfe94596615db","isMergeCommit":false,"messageTitle":"Update UserGuide.md","messageBody":"EditCommand: Provide example Ui\nListCommand: Provide example Ui\nDeleteCommand: Provide example Ui\n","fileTypesAndContributionMap":{"docs":{"insertions":31,"deletions":17}}},{"hash":"228f7e5e3820049f128cab6a4ac233c551aa1955","isMergeCommit":false,"messageTitle":"Update UserGuide.md","messageBody":"","fileTypesAndContributionMap":{"docs":{"insertions":1,"deletions":1}}}]},{"date":"2025-03-26T00:00:00","commitResults":[{"hash":"00116ec7bcdd7708a599d1cf23545150ed250f2d","isMergeCommit":false,"messageTitle":"Update_Ui","messageBody":"ClientDetailPanel: Now the product preference section and description section are only visible if there is anything in them.\n","fileTypesAndContributionMap":{"functional-code":{"insertions":20,"deletions":1}}}]},{"date":"2025-03-27T00:00:00","commitResults":[{"hash":"fd71d01e18731301d476a335f8d8c0cf8e29f81f","isMergeCommit":true,"messageTitle":"Merge pull request #82 from SherrinfordHR/Update_Expand","messageBody":"Update_Ui","fileTypesAndContributionMap":{}},{"hash":"01e619e88db355c9f353f225d9d83beba12cbc48","isMergeCommit":true,"messageTitle":"Merge pull request #83 from TobyCyan/describe-command","messageBody":"Implement describe command and tests","fileTypesAndContributionMap":{}}]},{"date":"2025-04-02T00:00:00","commitResults":[{"hash":"6c3df1b5ab723cfad1c0b47037877380b7a42eba","isMergeCommit":false,"messageTitle":"Update UiClassDiagram.puml","messageBody":"","fileTypesAndContributionMap":{"docs":{"insertions":38,"deletions":19}}},{"hash":"8a684b75b060b674d3d238a5567fa434ff1fc3bb","isMergeCommit":false,"messageTitle":"Update UiClassDiagram.puml","messageBody":"","fileTypesAndContributionMap":{"docs":{"insertions":11,"deletions":17}}},{"hash":"7a4743b5b453ec5665839b38970394d4ab45bd71","isMergeCommit":false,"messageTitle":"Update UiClassDiagram.puml","messageBody":"","fileTypesAndContributionMap":{"docs":{"insertions":1,"deletions":1}}},{"hash":"7e15f1ab5f1b87478e6394dfa8b8ad0787955ccb","isMergeCommit":false,"messageTitle":"Update UiClassDiagram.puml","messageBody":"","fileTypesAndContributionMap":{"docs":{"insertions":0,"deletions":5}}}]},{"date":"2025-04-03T00:00:00","commitResults":[{"hash":"327d00345d4a705019abede32f3e1358939fa42f","isMergeCommit":false,"messageTitle":"Update ClientDetailPnael java and fxml","messageBody":"Expanded view now supports priority\n","fileTypesAndContributionMap":{"functional-code":{"insertions":16,"deletions":1}}},{"hash":"4eddb1c8b84d95509e9364e6756bef07495fd5e5","isMergeCommit":false,"messageTitle":"Update ClientDetailPanel.fxml","messageBody":"","fileTypesAndContributionMap":{"functional-code":{"insertions":0,"deletions":1}}},{"hash":"962ac8f63715792e37c43894a0f87e7988f2a60a","isMergeCommit":false,"messageTitle":"Update HelpWindow.java","messageBody":"","fileTypesAndContributionMap":{"functional-code":{"insertions":1,"deletions":1}}},{"hash":"25daf2fe5a012ecdb61bd8546464851df1b50e97","isMergeCommit":false,"messageTitle":"Update ClientDetailPanel.java","messageBody":"","fileTypesAndContributionMap":{"functional-code":{"insertions":3,"deletions":1}}}]},{"date":"2025-04-04T00:00:00","commitResults":[{"hash":"1e49e049ffdec733646ec4b3b41677c23e12c054","isMergeCommit":false,"messageTitle":"Update UserGuide.md","messageBody":"","fileTypesAndContributionMap":{"docs":{"insertions":1,"deletions":1}}},{"hash":"042f19167f745d1c735e7034c7b17b01dcec3bd0","isMergeCommit":false,"messageTitle":"Update DeveloperGuide.md","messageBody":"","fileTypesAndContributionMap":{"docs":{"insertions":78,"deletions":0}}},{"hash":"9d756f5093a22eade3c053de22e11a9738381857","isMergeCommit":true,"messageTitle":"Merge pull request #154 from SherrinfordHR/Update_UG","messageBody":"Update UG.md and DG.md","tags":["v1.5.3"],"fileTypesAndContributionMap":{}}]},{"date":"2025-04-05T00:00:00","commitResults":[{"hash":"83bedf1cfc16624346804c088dd848f8fc1799ed","isMergeCommit":false,"messageTitle":"Update Expand UI and Fix title","messageBody":"","fileTypesAndContributionMap":{"functional-code":{"insertions":22,"deletions":4}}},{"hash":"43a1085d9a3df192a67bc315c6bf53b4a01c86bc","isMergeCommit":false,"messageTitle":"Update UI","messageBody":"Client Card now does not show description.\nClient Card tags are now safer and wont throw exception.\n","fileTypesAndContributionMap":{"functional-code":{"insertions":4,"deletions":12}}},{"hash":"87570afe4ea20162d9cb238a55547d950335838c","isMergeCommit":false,"messageTitle":"Update ClientCard.java","messageBody":"","fileTypesAndContributionMap":{"functional-code":{"insertions":0,"deletions":1}}},{"hash":"81ac782b7d6f7b7b093ad64de61d2814cf9dc469","isMergeCommit":false,"messageTitle":"Update ClientDetailPanel.java","messageBody":"","fileTypesAndContributionMap":{"functional-code":{"insertions":2,"deletions":2}}},{"hash":"eb818a7727c812877decdc2e2d93321ba460f016","isMergeCommit":false,"messageTitle":"Update ClientDetailPanel.java","messageBody":"","fileTypesAndContributionMap":{"functional-code":{"insertions":1,"deletions":1}}}]},{"date":"2025-04-06T00:00:00","commitResults":[{"hash":"fee4a4ac389fe729db32770144e0c95939758ba9","isMergeCommit":false,"messageTitle":"Update Client Card","messageBody":"Description is now available in client card\n","fileTypesAndContributionMap":{"functional-code":{"insertions":18,"deletions":2}}},{"hash":"c2923ea6717b15aeab60d063bddd7db2cbc0d6ea","isMergeCommit":false,"messageTitle":"Update ClientCard.java","messageBody":"","fileTypesAndContributionMap":{"functional-code":{"insertions":1,"deletions":1}}},{"hash":"0687889f99610b7b60ce4e47d013a4ebbf59c8c9","isMergeCommit":true,"messageTitle":"Merge pull request #213 from SherrinfordHR/Update_ExpandedView_Description","messageBody":"Update Expand UI and Fix title to \"Client Connect\"","fileTypesAndContributionMap":{}}]}],"nlqhung130403":[{"date":"2025-03-07T00:00:00","commitResults":[{"hash":"3bac813cd969d9b27b030ca5cdc93fe583ce4349","isMergeCommit":false,"messageTitle":"Update AboutUs with Hung\u0027s information","messageBody":"","fileTypesAndContributionMap":{"docs":{"insertions":3,"deletions":3}}}]},{"date":"2025-03-08T00:00:00","commitResults":[{"hash":"4f5a8369310cca68b0c4468576fb43852effdf0a","isMergeCommit":true,"messageTitle":"Merge branch \u0027master\u0027 into branch-AboutUs","messageBody":"","fileTypesAndContributionMap":{}},{"hash":"163a4416047ca6e09005952f423f8cc50f6724a8","isMergeCommit":true,"messageTitle":"Merge pull request #24 from nlqhung130403/branch-AboutUs","messageBody":"Update AboutUs with Hung\u0027s information","fileTypesAndContributionMap":{}}]},{"date":"2025-03-10T00:00:00","commitResults":[{"hash":"3c1c3634c4351d15984f1afc66a788d03fd22f97","isMergeCommit":false,"messageTitle":"Add more NFRs","messageBody":"","fileTypesAndContributionMap":{"docs":{"insertions":3,"deletions":0}}}]},{"date":"2025-03-13T00:00:00","commitResults":[{"hash":"aeb2c256c43b5080b0d9eb127f48df1d10714ee0","isMergeCommit":true,"messageTitle":"Merge pull request #47 from dingZvel/change-Person-to-Client","messageBody":"Replace Person to Client further","fileTypesAndContributionMap":{}},{"hash":"fd53c549d06e97c76d3a1812eac8ce29a4bf75cc","isMergeCommit":false,"messageTitle":"Add new productPrefence and frequency to Client","messageBody":"","fileTypesAndContributionMap":{"functional-code":{"insertions":94,"deletions":0}}},{"hash":"e21165daf5f7560c4d071c83ae43bf3f734ba178","isMergeCommit":false,"messageTitle":"Add JavaDoc for new classes","messageBody":"","fileTypesAndContributionMap":{"functional-code":{"insertions":6,"deletions":0}}}]},{"date":"2025-03-18T00:00:00","commitResults":[{"hash":"ba46c43bb199fb12db1fbe6448778d9560e417ef","isMergeCommit":false,"messageTitle":"Make Client class immutable","messageBody":"","fileTypesAndContributionMap":{"functional-code":{"insertions":54,"deletions":45},"test-code":{"insertions":6,"deletions":5}}},{"hash":"af3e9a75cdb8ae61c56772e5b76946d528bacaa6","isMergeCommit":false,"messageTitle":"Modify files to follow coding standard","messageBody":"","fileTypesAndContributionMap":{"functional-code":{"insertions":33,"deletions":4}}}]},{"date":"2025-03-19T00:00:00","commitResults":[{"hash":"999b97e271d509158dd3069dbfc1ae579dbb346e","isMergeCommit":false,"messageTitle":"Modify totalPurchase\u0027s data type to int","messageBody":"","fileTypesAndContributionMap":{"functional-code":{"insertions":11,"deletions":10},"test-code":{"insertions":19,"deletions":16}}},{"hash":"f1514cc254c6b94295ce31827306cb9e0c431a99","isMergeCommit":false,"messageTitle":"Add unit tests for Frequency and ProductPreference","messageBody":"","fileTypesAndContributionMap":{"functional-code":{"insertions":2,"deletions":1},"test-code":{"insertions":107,"deletions":0}}},{"hash":"33cfbbea4e6593e995f60d246a308b901d194d0a","isMergeCommit":false,"messageTitle":"Modify files to follow CI","messageBody":"","fileTypesAndContributionMap":{"test-code":{"insertions":0,"deletions":1}}},{"hash":"eb25eb13deb44ddfb668136f613b4f7f8cc2be2d","isMergeCommit":false,"messageTitle":"Modify files to follow coding standard","messageBody":"","fileTypesAndContributionMap":{"functional-code":{"insertions":2,"deletions":2},"test-code":{"insertions":7,"deletions":0}}},{"hash":"8ed36086507bedca0be7a595a844cc2b9aa3c085","isMergeCommit":false,"messageTitle":"Modify file to follow check style","messageBody":"","fileTypesAndContributionMap":{"functional-code":{"insertions":2,"deletions":1}}},{"hash":"7f0897583d9359d70218dc4c7afdff1510cfa966","isMergeCommit":true,"messageTitle":"Merge pull request #58 from nlqhung130403/branch-Client-immutable","messageBody":"Make Client class immutable","fileTypesAndContributionMap":{}}]},{"date":"2025-03-20T00:00:00","commitResults":[{"hash":"c3e3f6911328aa3c6e622130140b3c4b5a57b666","isMergeCommit":false,"messageTitle":"Modify Edit Command to accept ProductPreference","messageBody":"","fileTypesAndContributionMap":{"functional-code":{"insertions":25,"deletions":7}}},{"hash":"36bee1202e7c282dbed6eb1b4b3d6cdcc55654d7","isMergeCommit":true,"messageTitle":"Merge branch \u0027master\u0027 into branch-Edit-Command","messageBody":"","fileTypesAndContributionMap":{}},{"hash":"ae0dc377b5d66801858c6ad7eaef038dfeb56d13","isMergeCommit":false,"messageTitle":"Edit User Guide","messageBody":"","fileTypesAndContributionMap":{"functional-code":{"insertions":4,"deletions":4},"docs":{"insertions":4,"deletions":1}}},{"hash":"200dde0d2fac8f3424886de8946ba69770bcfa16","isMergeCommit":false,"messageTitle":"Fix EditCommand toString() and anyNonNull() bugs","messageBody":"","fileTypesAndContributionMap":{"functional-code":{"insertions":2,"deletions":2},"test-code":{"insertions":2,"deletions":1}}}]},{"date":"2025-03-24T00:00:00","commitResults":[{"hash":"2104528045551f96b55c58b4990f0305460aefc8","isMergeCommit":false,"messageTitle":"Update Command Summary Table","messageBody":"","fileTypesAndContributionMap":{"docs":{"insertions":2,"deletions":2}}},{"hash":"714e4da1f7fdc9b291d17e1008ab91c852e9a828","isMergeCommit":false,"messageTitle":"Update command summary table","messageBody":"","fileTypesAndContributionMap":{"docs":{"insertions":2,"deletions":0}}},{"hash":"f4bb17180e6ad39303b4d639ac7e50a4a473c77a","isMergeCommit":false,"messageTitle":"Add more examples for Find command","messageBody":"","fileTypesAndContributionMap":{"docs":{"insertions":1,"deletions":1}}}]},{"date":"2025-03-25T00:00:00","commitResults":[{"hash":"b21f61f8f3cd24449593089306b74af195a70b60","isMergeCommit":false,"messageTitle":"Implement Description and Update some tests","messageBody":"","fileTypesAndContributionMap":{"functional-code":{"insertions":79,"deletions":12},"test-code":{"insertions":146,"deletions":4}}},{"hash":"0462d1f797e68cdf91246e10bc109046e9714195","isMergeCommit":false,"messageTitle":"Add Javadoc for Description","messageBody":"","fileTypesAndContributionMap":{"functional-code":{"insertions":9,"deletions":0}}},{"hash":"34627520429108f786eb4e981af9b09fa501df7e","isMergeCommit":false,"messageTitle":"Change files to satisfy check style","messageBody":"","fileTypesAndContributionMap":{"test-code":{"insertions":11,"deletions":6}}},{"hash":"002a7afd2f9254dc22538cb60d1278e16408dd65","isMergeCommit":false,"messageTitle":"Add Priority field and update Add and Edit","messageBody":"","fileTypesAndContributionMap":{"functional-code":{"insertions":122,"deletions":33},"test-code":{"insertions":74,"deletions":8}}}]},{"date":"2025-03-27T00:00:00","commitResults":[{"hash":"0f76b024192463e5e5cb424d35a57fb9f0178e19","isMergeCommit":false,"messageTitle":"Update Storage and UI to include priority","messageBody":"","fileTypesAndContributionMap":{"functional-code":{"insertions":67,"deletions":15},"test-code":{"insertions":19,"deletions":9}}},{"hash":"80a6649209f20405acf3a680be2c1b3e5c55cad0","isMergeCommit":false,"messageTitle":"Implement Filter Command","messageBody":"","fileTypesAndContributionMap":{"functional-code":{"insertions":160,"deletions":1}}},{"hash":"10872b17e2aeb4ef991735782e1301cb28a38481","isMergeCommit":false,"messageTitle":"Fix style","messageBody":"","fileTypesAndContributionMap":{"functional-code":{"insertions":73,"deletions":40},"test-code":{"insertions":13,"deletions":0}}},{"hash":"8a24ca8e753b53928045af9ba3f6aba24ec14c37","isMergeCommit":true,"messageTitle":"Resolve conflicts","messageBody":"","fileTypesAndContributionMap":{}},{"hash":"37346c3c2923e28bd44c77f498bc49e031c6b89c","isMergeCommit":true,"messageTitle":"Resolve conflicts","messageBody":"","fileTypesAndContributionMap":{}},{"hash":"2b41f7722d227fc1f962c5ab4694ce440c99b167","isMergeCommit":false,"messageTitle":"Fix styles","messageBody":"","fileTypesAndContributionMap":{"test-code":{"insertions":9,"deletions":8}}},{"hash":"367720b4d136de18d0978feaf2ba617abac64c79","isMergeCommit":false,"messageTitle":"Fix tests","messageBody":"","fileTypesAndContributionMap":{"test-code":{"insertions":4,"deletions":0}}},{"hash":"d93be413d8b0e7bf9e0bc46f3eb7817d10e0fde4","isMergeCommit":false,"messageTitle":"Fix bug not showing description","messageBody":"","fileTypesAndContributionMap":{"functional-code":{"insertions":10,"deletions":1}}},{"hash":"af4451fdc7fbfdb6e5b513b5e325f57f0eba0dda","isMergeCommit":true,"messageTitle":"Merge pull request #94 from nlqhung130403/branch-Priority","messageBody":"Fix bug not showing description","tags":["v1.4"],"fileTypesAndContributionMap":{}}]},{"date":"2025-04-01T00:00:00","commitResults":[{"hash":"88963d105da22ab91d33dacb949b3466b163c870","isMergeCommit":false,"messageTitle":"Draw UML Class Diagram for FilterCommand","messageBody":"","fileTypesAndContributionMap":{"functional-code":{"insertions":4,"deletions":4},"docs":{"insertions":34,"deletions":0}}},{"hash":"c3ad8f34b25517b388d1baffb39f508462f89795","isMergeCommit":false,"messageTitle":"Fix style","messageBody":"","fileTypesAndContributionMap":{"functional-code":{"insertions":2,"deletions":2}}},{"hash":"09e7fa54c8e824c30955cba1ae2023ca910fba1d","isMergeCommit":false,"messageTitle":"Fix bug parsePriority","messageBody":"","fileTypesAndContributionMap":{"functional-code":{"insertions":7,"deletions":1}}},{"hash":"0ec2ed4c9a3d3332d2caa306c6d786fc03458ce8","isMergeCommit":false,"messageTitle":"Fix bug of parseFrequency","messageBody":"","fileTypesAndContributionMap":{"functional-code":{"insertions":16,"deletions":4}}}]},{"date":"2025-04-03T00:00:00","commitResults":[{"hash":"9c8a8892957f70764b2dfc5869d09b24d9339f7e","isMergeCommit":true,"messageTitle":"Merge pull request #103 from nlqhung130403/branch-fix-bugs-frequency","messageBody":"Fix bug of parseFrequency","fileTypesAndContributionMap":{}},{"hash":"30fb624f72463f6c4e4f7c938e6aadfe760c1d25","isMergeCommit":true,"messageTitle":"Merge pull request #102 from nlqhung130403/branch-fix-bugs","messageBody":"Fix bug parsePriority","fileTypesAndContributionMap":{}},{"hash":"18a3814738f9e81be44033475808be07481fe34e","isMergeCommit":false,"messageTitle":"Improve code quality of FilterCommandParser","messageBody":"","fileTypesAndContributionMap":{"functional-code":{"insertions":26,"deletions":14},"test-code":{"insertions":4,"deletions":0}}},{"hash":"de23b3648ee27d856561cea5b0cd62e5393ff1b5","isMergeCommit":false,"messageTitle":"Refactor Find and Filter to reduce duplication","messageBody":"","fileTypesAndContributionMap":{"functional-code":{"insertions":49,"deletions":28},"test-code":{"insertions":132,"deletions":0}}},{"hash":"fbcdf30380b846112ac3b41b9f902b074482085e","isMergeCommit":true,"messageTitle":"Merge branch \u0027master\u0027 into branch-Improve-Quality","messageBody":"","fileTypesAndContributionMap":{}},{"hash":"f67325a542893461d7da128ea79d5304ae393e97","isMergeCommit":false,"messageTitle":"Fix Frequency message","messageBody":"","fileTypesAndContributionMap":{"functional-code":{"insertions":2,"deletions":1}}},{"hash":"3e4111d16cbc5887e00431bef42cd06f8dce433d","isMergeCommit":false,"messageTitle":"Improve code quality","messageBody":"","fileTypesAndContributionMap":{"functional-code":{"insertions":21,"deletions":31},"test-code":{"insertions":268,"deletions":26}}},{"hash":"ec6713c46b068d5390c76bd859f4ed43ffe53d58","isMergeCommit":true,"messageTitle":"Merge pull request #123 from dingZvel/update-ug-quickstart","messageBody":"update ug quick start","fileTypesAndContributionMap":{}},{"hash":"2c48f6e7980776bc06111cd8e301dec26be2f0d4","isMergeCommit":true,"messageTitle":"Merge pull request #125 from dingZvel/DG-planned-enhancements","messageBody":"add planned enhancements to DG","fileTypesAndContributionMap":{}},{"hash":"73d297ce6017da377e92589138096a2ee4ce2f9d","isMergeCommit":true,"messageTitle":"Merge pull request #128 from SherrinfordHR/Update_ExpandedView","messageBody":"Update ClientDetailPnael java and fxml","fileTypesAndContributionMap":{}},{"hash":"fbb5ebbd547f6d46198f7d75f33e11747cf4fcf3","isMergeCommit":true,"messageTitle":"Merge pull request #131 from SherrinfordHR/Update_HelpWindow","messageBody":"Update HelpWindow.java","fileTypesAndContributionMap":{}},{"hash":"ac07af215384feb774c744365ed7e5c6918f8f46","isMergeCommit":true,"messageTitle":"Merge pull request #137 from gandwarf/branch-UML","messageBody":"Update ParserClassDiagram and StorageClassDiagram","fileTypesAndContributionMap":{}},{"hash":"10da00c7de3f7d49487dfdc15bda00874f695063","isMergeCommit":true,"messageTitle":"Merge branch \u0027master\u0027 into branch-UML","messageBody":"","fileTypesAndContributionMap":{}},{"hash":"905e910737612fda34e283794a21a58adba9987d","isMergeCommit":true,"messageTitle":"Merge pull request #104 from nlqhung130403/branch-UML","messageBody":"Update UML Class Diagram for Filter Command","fileTypesAndContributionMap":{}},{"hash":"5dc15fa7a867c45a75c88a57adfadf36fd66340e","isMergeCommit":true,"messageTitle":"Merge pull request #119 from nlqhung130403/branch-fix-bugs","messageBody":"Fix Frequency message","fileTypesAndContributionMap":{}},{"hash":"424de36d7fd825efc89af5e7407d6f0cd84f02cb","isMergeCommit":false,"messageTitle":"Fix SampleDataUtil and FilterCommandParser","messageBody":"","fileTypesAndContributionMap":{"functional-code":{"insertions":4,"deletions":4}}},{"hash":"c5af2f1826164d6eebb6b9c087bcba9880e194a5","isMergeCommit":true,"messageTitle":"Merge pull request #142 from nlqhung130403/branch-fix-bugs","messageBody":"Fix SampleDataUtil and FilterCommandParser","fileTypesAndContributionMap":{}},{"hash":"ff35789ec9e1e272eaea393b08668fae64f0a89b","isMergeCommit":false,"messageTitle":"Update UG","messageBody":"","fileTypesAndContributionMap":{"docs":{"insertions":40,"deletions":3}}}]},{"date":"2025-04-04T00:00:00","commitResults":[{"hash":"4a58a4c948d167d71669132d4ecf1cde73c08c79","isMergeCommit":false,"messageTitle":"Fix priority","messageBody":"","fileTypesAndContributionMap":{"functional-code":{"insertions":30,"deletions":6}}},{"hash":"201e6c66d288e136716620602fef7c24155d0374","isMergeCommit":false,"messageTitle":"Fix style","messageBody":"","fileTypesAndContributionMap":{"functional-code":{"insertions":1,"deletions":1}}},{"hash":"1816534cfde0fdc0d964d0a59f115f2aa1143a58","isMergeCommit":true,"messageTitle":"Merge pull request #151 from nlqhung130403/branch-fix-Priority","messageBody":"Fix priority","fileTypesAndContributionMap":{}},{"hash":"a18757f1bcc3bd337d4bf1221cbeaa6b58a106d4","isMergeCommit":true,"messageTitle":"Merge pull request #150 from nlqhung130403/docs","messageBody":"Update UG","tags":["v1.5.1"],"fileTypesAndContributionMap":{}}]},{"date":"2025-04-06T00:00:00","commitResults":[{"hash":"c6257e588f36d4fa0dd4881a4f4fb55755b796ab","isMergeCommit":true,"messageTitle":"Merge pull request #214 from TobyCyan/fix-ped-ug","messageBody":"Fix user guide bugs","fileTypesAndContributionMap":{}},{"hash":"9b83584b2f0077e7468a799cf563e97abe0bf4b1","isMergeCommit":true,"messageTitle":"Merge pull request #215 from TobyCyan/fix-ped-dg","messageBody":"Fix developer guide bugs","fileTypesAndContributionMap":{}}]}],"TobyCyan":[{"date":"2025-03-05T00:00:00","commitResults":[{"hash":"883c41e5e4ff22bb143c97f3d7ac6dde26e928dd","isMergeCommit":true,"messageTitle":"Merge pull request #9 from dingZvel/add-photo","messageBody":"Fixes #4 Add photo","fileTypesAndContributionMap":{}},{"hash":"1fb991431c457c1b73032648b4febd9dcc4fd183","isMergeCommit":true,"messageTitle":"Merge pull request #10 from gandwarf/branch-photo","messageBody":"Add a photo","fileTypesAndContributionMap":{}},{"hash":"2f1bfc782886bdf0895876a9d8251ef4e0b9b848","isMergeCommit":false,"messageTitle":"Add my details to AboutUs.md","messageBody":"","fileTypesAndContributionMap":{"docs":{"insertions":5,"deletions":5}}}]},{"date":"2025-03-08T00:00:00","commitResults":[{"hash":"2a38f557b38c8434e759853fcd178d09e686b460","isMergeCommit":false,"messageTitle":"Update developer guide user stories","messageBody":"20 user stories that are sorted by priority (Must-have, nice-to-have\n, unlikely-to-have) are included in the developer guide.\n\nThe v1.2 features are listed as must-haves. Some features that can\nbe considered in future iterations are nice-to-haves, and features\nthat are outside/ too big of a scope are unlikely-to-haves.\n\nLet\u0027s:\n- finish up v1.1 milestone\n- decide on v1.2 workload split soon\n","fileTypesAndContributionMap":{"docs":{"insertions":28,"deletions":10}}},{"hash":"dcfff798eb47a54f1d48988430592a03e88f8a5b","isMergeCommit":true,"messageTitle":"Merge branch \u0027update-AboutUs\u0027 of https://github.com/TobyCyan/tp","messageBody":"","fileTypesAndContributionMap":{}},{"hash":"dcab0e2ac9955cfd3f9ebcf554ca8c8b95e0eda7","isMergeCommit":false,"messageTitle":"Revert \"Merge branch \u0027update-AboutUs\u0027 of https://github.com/TobyCyan/tp\"","messageBody":"This reverts commit dcfff798eb47a54f1d48988430592a03e88f8a5b, reversing\nchanges made to baf784b1a6a45621f51edef9e58697ffc10f7645.\n","fileTypesAndContributionMap":{"docs":{"insertions":5,"deletions":5}}},{"hash":"7df18e3f9bba1863765eb921220b50e49b3935a3","isMergeCommit":true,"messageTitle":"Merge branch \u0027master\u0027 of https://github.com/TobyCyan/tp into update-AboutUs","messageBody":"","fileTypesAndContributionMap":{}},{"hash":"2fb6162bad75a06ad2cf4e17e89ed773e368afb0","isMergeCommit":false,"messageTitle":"Resolve merge conflicts","messageBody":"","fileTypesAndContributionMap":{"docs":{"insertions":6,"deletions":6}}},{"hash":"a33c6a931f8de060dbccb25832617ac7ff9266ad","isMergeCommit":true,"messageTitle":"Merge branch \u0027master\u0027 of https://github.com/TobyCyan/tp","messageBody":"# Conflicts:\n#\tdocs/AboutUs.md\n","fileTypesAndContributionMap":{}},{"hash":"27b78cf0eff991c210ce5b635cab3086f3af7b4e","isMergeCommit":true,"messageTitle":"Merge pull request #17 from TobyCyan/update-AboutUs","messageBody":"Update about us with Yong Jun Xi details","fileTypesAndContributionMap":{}},{"hash":"6f0a0a6afb8fd94764c78062be56a7a84ad331c0","isMergeCommit":true,"messageTitle":"Merge branch \u0027master\u0027 of https://github.com/TobyCyan/tp","messageBody":"# Conflicts:\n#\tdocs/AboutUs.md\n","fileTypesAndContributionMap":{}}]},{"date":"2025-03-10T00:00:00","commitResults":[{"hash":"f1e6c5156c22c8bbd8b6b818f9c8b13159dacfa2","isMergeCommit":true,"messageTitle":"Merge pull request #25 from TobyCyan/update-dg-userstories","messageBody":"Update developer guide user stories, target user, and value proposition","fileTypesAndContributionMap":{}},{"hash":"b7a12f284acaa9c0722e4be78f594369baac0d7b","isMergeCommit":true,"messageTitle":"Merge pull request #27 from dingZvel/glossary","messageBody":"Update developer guide glossary","fileTypesAndContributionMap":{}},{"hash":"ac292271309b15cde20531585ff6603274e0ba0b","isMergeCommit":true,"messageTitle":"Merge pull request #32 from nlqhung130403/branch-NFR","messageBody":"Add NFRs","fileTypesAndContributionMap":{}},{"hash":"8f48d66e7610041edae0ee507c2de13bdaac980b","isMergeCommit":true,"messageTitle":"Merge branch \u0027AY2425S2-CS2103T-W13-2:master\u0027 into master","messageBody":"","fileTypesAndContributionMap":{}},{"hash":"875bf9323107834ad8d5668e698ea37ec9b1f1f3","isMergeCommit":true,"messageTitle":"Merge branch \u0027master\u0027 of https://github.com/TobyCyan/tp","messageBody":"","fileTypesAndContributionMap":{}},{"hash":"ca66373e385cb8687c3a1b8e3a73d553dd64d9d5","isMergeCommit":false,"messageTitle":"Update readme to remove traces of AB3","messageBody":"","fileTypesAndContributionMap":{"docs":{"insertions":5,"deletions":12}}},{"hash":"7f8ce4d3d90d1b09a5cde1ab6d2dabd97c3e99cc","isMergeCommit":false,"messageTitle":"Bold the main sentence of readme","messageBody":"","fileTypesAndContributionMap":{"docs":{"insertions":1,"deletions":1}}}]},{"date":"2025-03-12T00:00:00","commitResults":[{"hash":"cc0a9dbd0fb0abf945e1cad8898abe35ee2ca9ab","isMergeCommit":true,"messageTitle":"Merge pull request #43 from dingZvel/change-Person-to-Client","messageBody":"Refactor Person to Client","fileTypesAndContributionMap":{}},{"hash":"928c17e1bdba68710e0250d8d779b02abf7f615a","isMergeCommit":true,"messageTitle":"Merge branch \u0027master\u0027 of https://github.com/TobyCyan/tp","messageBody":"","fileTypesAndContributionMap":{}},{"hash":"8b7a1a30c99056fd4f295e2cf6ba920fe102691c","isMergeCommit":false,"messageTitle":"Modify find command to find by category and product preference","messageBody":"New predicate classes are added to test for category (a.k.a tags)\nand product preference of the clients. However, the client should\nonly be used to test with ClientSatisfyAllPredicate.\n\nThis is due to the constraint of only being able to pass a single\npredicate class into the find command to test for.\n\nThe product preference predicate class should be updated to test\nfor the correct client attribute after the client class is\nupdated accordingly.\n","fileTypesAndContributionMap":{"functional-code":{"insertions":157,"deletions":7}}},{"hash":"31a102c6c23a116e3877279f4256faa57c9dea05","isMergeCommit":false,"messageTitle":"Add unit tests for the new predicate classes and stubs for testing","messageBody":"","fileTypesAndContributionMap":{"functional-code":{"insertions":27,"deletions":12},"test-code":{"insertions":358,"deletions":2}}},{"hash":"164788eebb0ceefbd0ed40a0b295b01dc3149a87","isMergeCommit":false,"messageTitle":"Move client predicates into their own package","messageBody":"","fileTypesAndContributionMap":{"functional-code":{"insertions":1,"deletions":1},"other":{"insertions":8,"deletions":5},"test-code":{"insertions":12,"deletions":11}}}]},{"date":"2025-03-13T00:00:00","commitResults":[{"hash":"820ce22de26e08c9fcc75aff02ac8eb0f24cdbaa","isMergeCommit":true,"messageTitle":"Merge pull request #49 from nlqhung130403/add-frequency-productPreference","messageBody":"Add new Product Preference and Frequency to Client","fileTypesAndContributionMap":{}},{"hash":"08d2ed44d160d547f4c19e1ee776894c35184757","isMergeCommit":true,"messageTitle":"Merge branch \u0027AY2425S2-CS2103T-W13-2:master\u0027 into master","messageBody":"","fileTypesAndContributionMap":{}},{"hash":"3a51e16ff84922013ef598f930eec7ba6b2ea819","isMergeCommit":true,"messageTitle":"Merge branch \u0027master\u0027 of https://github.com/TobyCyan/tp","messageBody":"","fileTypesAndContributionMap":{}},{"hash":"e8259ccb8476ef1d83f7598d338ddc2dd4af5d50","isMergeCommit":true,"messageTitle":"Resolve the following conflicts","messageBody":"# Conflicts:\n# src/test/java/seedu/address/logic/commands/CommandTestUtil.java\n# src/test/java/seedu/address/logic/parser/\nAddressBookParserTest.java\n# src/test/java/seedu/address/model/client/\nNameContainsKeywordsPredicateTest.java\n","fileTypesAndContributionMap":{}},{"hash":"8257e33865e33371dc9467d35a36af8b36eaa179","isMergeCommit":false,"messageTitle":"Fix minor errors","messageBody":"","fileTypesAndContributionMap":{"test-code":{"insertions":8,"deletions":8}}},{"hash":"486cf0a3712ddb1a8d43ee878ec135b3bec46d1d","isMergeCommit":false,"messageTitle":"Update product preference predicate and unit tests","messageBody":"","fileTypesAndContributionMap":{"functional-code":{"insertions":3,"deletions":1},"test-code":{"insertions":67,"deletions":55}}},{"hash":"dcef59198b40203082333c2260f5d8928a8788e8","isMergeCommit":false,"messageTitle":"Update find command test and typical persons address book","messageBody":"","fileTypesAndContributionMap":{"test-code":{"insertions":95,"deletions":33}}},{"hash":"0c465beec56762eba72977128e3435c228a351e4","isMergeCommit":false,"messageTitle":"Fix null exception with find and update test address books","messageBody":"","fileTypesAndContributionMap":{"functional-code":{"insertions":23,"deletions":9},"test-code":{"insertions":20,"deletions":9}}},{"hash":"730f3a76336a449e4154c988f9cc1414ad323cee","isMergeCommit":false,"messageTitle":"Update client card UI to include the new attributes","messageBody":"","fileTypesAndContributionMap":{"functional-code":{"insertions":23,"deletions":2}}},{"hash":"f98242b461b53f3394c3b58e2fd8ffe28d68b9ce","isMergeCommit":false,"messageTitle":"Move predicate test files into their own package","messageBody":"","fileTypesAndContributionMap":{"other":{"insertions":4,"deletions":8},"docs":{"insertions":1,"deletions":1},"test-code":{"insertions":0,"deletions":3}}},{"hash":"90bd78b6db3b3d2a738015fa327ec865d9c3064b","isMergeCommit":false,"messageTitle":"Add new line at end of file","messageBody":"","fileTypesAndContributionMap":{"test-code":{"insertions":1,"deletions":1}}},{"hash":"5d756daa2581f98b68d5a33ef7e3f49791ce84a3","isMergeCommit":false,"messageTitle":"Remove import all","messageBody":"","fileTypesAndContributionMap":{"functional-code":{"insertions":7,"deletions":1}}},{"hash":"2cffdd89c6fbf0ab77331013eb1866432be162d4","isMergeCommit":false,"messageTitle":"Fix check style errors","messageBody":"","fileTypesAndContributionMap":{"test-code":{"insertions":51,"deletions":18}}},{"hash":"a1482abc195b26ef4b2666b206ff611408444169","isMergeCommit":false,"messageTitle":"Change find command predicate to ClientSatisfyAllPredicate","messageBody":"","fileTypesAndContributionMap":{"functional-code":{"insertions":3,"deletions":5}}}]},{"date":"2025-03-14T00:00:00","commitResults":[{"hash":"67ac24c54bf068925fedbc2b0afa738accdbf0d5","isMergeCommit":true,"messageTitle":"Merge branch \u0027master\u0027 of https://github.com/TobyCyan/tp","messageBody":"","fileTypesAndContributionMap":{}}]},{"date":"2025-03-18T00:00:00","commitResults":[{"hash":"1fb9f1a9430ea747f2fa897b465ede4638837431","isMergeCommit":false,"messageTitle":"Add template for comparator and change UI to accept a sorted list","messageBody":"A template for comparator is added for comparing specified\nattributes in the Client class.\n\nThe UI that dynamically updates the client list accepts a\nsorted version of the filtered list.\n\nThis is so that the UI is able to reflect any changes made to the\nclient list by sorting and filtering at the same time.\n","fileTypesAndContributionMap":{"functional-code":{"insertions":107,"deletions":9}}},{"hash":"4705f6606413942414b67a6886ca45e880161d25","isMergeCommit":false,"messageTitle":"Implement a rank command","messageBody":"","fileTypesAndContributionMap":{"functional-code":{"insertions":63,"deletions":13},"other":{"insertions":3,"deletions":3},"test-code":{"insertions":26,"deletions":26}}},{"hash":"0c4490f263a7cb4dc005dcf20ad0b353a488a282","isMergeCommit":false,"messageTitle":"Add integration and unit tests for rank command","messageBody":"","fileTypesAndContributionMap":{"test-code":{"insertions":186,"deletions":11}}}]},{"date":"2025-03-19T00:00:00","commitResults":[{"hash":"9e0d273523d0104878773ce8b0a1c7fec04d8184","isMergeCommit":false,"messageTitle":"Add tests for rank command parser","messageBody":"","fileTypesAndContributionMap":{"functional-code":{"insertions":23,"deletions":0},"test-code":{"insertions":42,"deletions":0}}},{"hash":"160f141c6bfbe3520e0b40952605eddf93fd85b2","isMergeCommit":false,"messageTitle":"Add unit tests for frequency comparator","messageBody":"","fileTypesAndContributionMap":{"test-code":{"insertions":43,"deletions":1}}},{"hash":"c9b781e916138914c101f26902577b2864f3f3b3","isMergeCommit":false,"messageTitle":"Remove unused imports","messageBody":"","fileTypesAndContributionMap":{"test-code":{"insertions":0,"deletions":1}}},{"hash":"ee0b36389a45d8235b49910cc4b908a057c9c832","isMergeCommit":false,"messageTitle":"Rename frequency comparator to total purchase comparator","messageBody":"","fileTypesAndContributionMap":{"functional-code":{"insertions":3,"deletions":3},"other":{"insertions":13,"deletions":5},"test-code":{"insertions":11,"deletions":9}}},{"hash":"9ef53e95e7da56882d59ecd1e8671ee6407a510f","isMergeCommit":false,"messageTitle":"Replace all occurrence of person to client","messageBody":"","fileTypesAndContributionMap":{"functional-code":{"insertions":247,"deletions":211},"other":{"insertions":1,"deletions":1},"docs":{"insertions":91,"deletions":91},"test-code":{"insertions":411,"deletions":411}}},{"hash":"fef13592978d3955fe9f3809b804f0e1cf5c19e3","isMergeCommit":false,"messageTitle":"Add unit tests for name comparator","messageBody":"","fileTypesAndContributionMap":{"functional-code":{"insertions":7,"deletions":0},"other":{"insertions":0,"deletions":0},"test-code":{"insertions":46,"deletions":0}}},{"hash":"13732c14fc85c0da300e3ab3b46fe6dc52cfb529","isMergeCommit":false,"messageTitle":"Fix check style errors","messageBody":"","fileTypesAndContributionMap":{"functional-code":{"insertions":2,"deletions":1},"test-code":{"insertions":7,"deletions":6}}},{"hash":"b39eabb14d032e2c5fd95450ebfdc33f15e1e9b4","isMergeCommit":true,"messageTitle":"Merge branch \u0027AY2425S2-CS2103T-W13-2:master\u0027 into master","messageBody":"","fileTypesAndContributionMap":{}},{"hash":"1c2bae7f8db4228fbec51d06142ff23ce6b9e2a0","isMergeCommit":true,"messageTitle":"Merge branch \u0027master\u0027 of https://github.com/TobyCyan/tp","messageBody":"","fileTypesAndContributionMap":{}},{"hash":"45f5ef09e5c78f8b7eb9aebe7631de7fe4e542f3","isMergeCommit":true,"messageTitle":"Merge branch \u0027master\u0027 into rank-command","messageBody":"# Conflicts:\n# src/main/java/seedu/address/logic/commands/EditCommand.java\n# src/test/java/seedu/address/storage/JsonAdaptedClientTest.java\n","fileTypesAndContributionMap":{}},{"hash":"92fb612a9bda479b3eedc739854cd9eb31f558c7","isMergeCommit":false,"messageTitle":"Resolve merge errors","messageBody":"","fileTypesAndContributionMap":{"functional-code":{"insertions":18,"deletions":4},"test-code":{"insertions":17,"deletions":17}}},{"hash":"8c93a8de5f47929bd872f1461984c52bff233bde","isMergeCommit":false,"messageTitle":"Update tests","messageBody":"","fileTypesAndContributionMap":{"functional-code":{"insertions":6,"deletions":0},"test-code":{"insertions":17,"deletions":12}}}]},{"date":"2025-03-20T00:00:00","commitResults":[{"hash":"26002569b96d8a1283c0058b28e15f81afd4f4b2","isMergeCommit":true,"messageTitle":"Merge branch \u0027AY2425S2-CS2103T-W13-2:master\u0027 into master","messageBody":"","fileTypesAndContributionMap":{}},{"hash":"da494a805ff455c53a3cf36effdea606c57f92f8","isMergeCommit":true,"messageTitle":"Merge branch \u0027master\u0027 of https://github.com/TobyCyan/tp","messageBody":"","fileTypesAndContributionMap":{}},{"hash":"ff8afde416169f6f626f7d98481e3a6a6a186e18","isMergeCommit":true,"messageTitle":"Merge branch \u0027master\u0027 into rank-command","messageBody":"# Conflicts:\n# src/main/java/seedu/address/logic/commands/EditCommand.java\n# src/test/java/seedu/address/storage/JsonAdaptedClientTest.java\n# src/test/java/seedu/address/testutil/ClientBuilder.java\n","fileTypesAndContributionMap":{}},{"hash":"5690a6a43a32fe35e8d05b3f29ede6a0dc5a708e","isMergeCommit":false,"messageTitle":"Fix optional errors when reading empty product preference","messageBody":"","fileTypesAndContributionMap":{"functional-code":{"insertions":8,"deletions":8}}},{"hash":"6ec8e2b9aafb4e52a4490402591efb2e6cbc27da","isMergeCommit":true,"messageTitle":"Merge pull request #59 from TobyCyan/rank-command","messageBody":"Implement rank command","fileTypesAndContributionMap":{}},{"hash":"6c9840275ebf21c664e21e831f72d3f232fb3093","isMergeCommit":true,"messageTitle":"Merge branch \u0027master\u0027 of https://github.com/TobyCyan/tp","messageBody":"","fileTypesAndContributionMap":{}},{"hash":"c5ec486e3b5e5606cf8f82aef2d9a1ef403b9191","isMergeCommit":true,"messageTitle":"Merge branch \u0027AY2425S2-CS2103T-W13-2:master\u0027 into master","messageBody":"","fileTypesAndContributionMap":{}},{"hash":"e38b276ceea1e8e4fa82c4f2bc7de03482545367","isMergeCommit":true,"messageTitle":"Merge branch \u0027master\u0027 of https://github.com/TobyCyan/tp","messageBody":"","fileTypesAndContributionMap":{}},{"hash":"0b14f2b7ccc8fae959dc2d6e883673040a018aed","isMergeCommit":true,"messageTitle":"Merge pull request #67 from nlqhung130403/branch-Edit-Command","messageBody":"Modify Edit Command to accept Product Preference","fileTypesAndContributionMap":{}},{"hash":"399aa21b07a74ae2763807041342c66e9ff208c3","isMergeCommit":true,"messageTitle":"Merge branch \u0027AY2425S2-CS2103T-W13-2:master\u0027 into master","messageBody":"","fileTypesAndContributionMap":{}},{"hash":"1cbb4ca0a58f0d0d6c6432a166f977a6279f3892","isMergeCommit":true,"messageTitle":"Merge branch \u0027master\u0027 of https://github.com/TobyCyan/tp","messageBody":"","fileTypesAndContributionMap":{}},{"hash":"b3b024e45aa158ca72fdd61d050cf0f0f363b280","isMergeCommit":false,"messageTitle":"Update rank command example","messageBody":"","fileTypesAndContributionMap":{"functional-code":{"insertions":2,"deletions":2}}},{"hash":"8c84bdfa2ac39658191b86f22f76f78c8c6cacc7","isMergeCommit":true,"messageTitle":"Merge pull request #68 from TobyCyan/fix-rank-command-example","messageBody":"Fix rank command example","fileTypesAndContributionMap":{}},{"hash":"9f1b0133f757a1ebe6f7b084e7649051c206462a","isMergeCommit":true,"messageTitle":"Merge branch \u0027master\u0027 of https://github.com/TobyCyan/tp","messageBody":"","fileTypesAndContributionMap":{}}]},{"date":"2025-03-21T00:00:00","commitResults":[{"hash":"bee95d9ed6e2f0d52bdf5f0b01b7f53d4b322aaf","isMergeCommit":false,"messageTitle":"Update user guide on find and rank command","messageBody":"","fileTypesAndContributionMap":{"docs":{"insertions":37,"deletions":5}}}]},{"date":"2025-03-22T00:00:00","commitResults":[{"hash":"0a851099e7d754080e1abd3535732f1ef66307b6","isMergeCommit":true,"messageTitle":"Merge pull request #71 from gandwarf/branch-Loadbug","messageBody":"Fix the load bug when pref is \"\"","fileTypesAndContributionMap":{}},{"hash":"a204a596e74b54b037a679678325c8d763494a4c","isMergeCommit":false,"messageTitle":"Update rank and find command in user guide for more user-centricity","messageBody":"","fileTypesAndContributionMap":{"docs":{"insertions":18,"deletions":14}}},{"hash":"ab78e56b79afd5f7dcef838a4811731a43a8e467","isMergeCommit":true,"messageTitle":"Merge branch \u0027AY2425S2-CS2103T-W13-2:master\u0027 into master","messageBody":"","fileTypesAndContributionMap":{}},{"hash":"dcaaef18820118792d4f397fd860b6d68ae178a2","isMergeCommit":true,"messageTitle":"Merge branch \u0027master\u0027 of https://github.com/TobyCyan/tp","messageBody":"","fileTypesAndContributionMap":{}},{"hash":"be60fd1643b6e0907cd1d4d4a3445c52dae1f943","isMergeCommit":false,"messageTitle":"Fix a bug with JSON adapted client","messageBody":"","fileTypesAndContributionMap":{"functional-code":{"insertions":20,"deletions":14}}},{"hash":"39083eb51f80bd0636074f7744362abb3a4069d7","isMergeCommit":false,"messageTitle":"Place find, rank and help command formats in boxes","messageBody":"","fileTypesAndContributionMap":{"docs":{"insertions":11,"deletions":4}}},{"hash":"b0b131825a5cb64aae9d846880503e4781c111b2","isMergeCommit":false,"messageTitle":"Update add command error message","messageBody":"","fileTypesAndContributionMap":{"functional-code":{"insertions":5,"deletions":3}}},{"hash":"5102965171edd0a41da7853edabdebace89fcbf4","isMergeCommit":true,"messageTitle":"Merge pull request #74 from TobyCyan/fix-jsonadaptedclient","messageBody":"Fix jsonadaptedclient","fileTypesAndContributionMap":{}},{"hash":"52ad9f84551e1451514f6a54b35265a71c18a559","isMergeCommit":true,"messageTitle":"Merge branch \u0027master\u0027 of https://github.com/TobyCyan/tp","messageBody":"","fileTypesAndContributionMap":{}},{"hash":"56d5bd908b5a0c72a907d8044c26e9679c255946","isMergeCommit":true,"messageTitle":"Merge pull request #69 from SherrinfordHR/User_Guide_ExpandCommand","messageBody":"Update UserGuide.md Edit, List, Expand, Delete, Clear and Exit Command","fileTypesAndContributionMap":{}},{"hash":"0c1b50964a96ba7369f279fee7e1cfd317f8310e","isMergeCommit":true,"messageTitle":"Merge pull request #73 from TobyCyan/update-ug-v1.3","messageBody":"Update UG v1.3 for rank and find command","tags":["v1.3"],"fileTypesAndContributionMap":{}},{"hash":"24d548060da4f9636e16433f6d9e328e9cdf60be","isMergeCommit":true,"messageTitle":"Merge branch \u0027AY2425S2-CS2103T-W13-2:master\u0027 into master","messageBody":"","fileTypesAndContributionMap":{}},{"hash":"7a588156e43cbf578465a1d8082c65e985819f9b","isMergeCommit":true,"messageTitle":"Merge branch \u0027master\u0027 of https://github.com/TobyCyan/tp","messageBody":"","fileTypesAndContributionMap":{}}]},{"date":"2025-03-24T00:00:00","commitResults":[{"hash":"1d5b653383fc028b66b2d5b73d236d4f841ec7ce","isMergeCommit":true,"messageTitle":"Merge pull request #75 from SherrinfordHR/Minor_Update_UserGuide","messageBody":"Update UserGuide.md","fileTypesAndContributionMap":{}},{"hash":"98eae18eaf0eabd81989422f26bd968a17bd60c0","isMergeCommit":true,"messageTitle":"Merge pull request #76 from nlqhung130403/Update-UG","messageBody":"Update Command Summary Table","fileTypesAndContributionMap":{}}]},{"date":"2025-03-25T00:00:00","commitResults":[{"hash":"abc95ec119c07fdcc57ff08a0e926cecb287aecf","isMergeCommit":false,"messageTitle":"Add describe command class and briefly edit the edit command class","messageBody":"","fileTypesAndContributionMap":{"functional-code":{"insertions":83,"deletions":2},"test-code":{"insertions":79,"deletions":0}}},{"hash":"16c065d640d278ea2487ee0cd170e64aef21cb42","isMergeCommit":true,"messageTitle":"Merge pull request #78 from nlqhung130403/branch-Description","messageBody":"Implement Description and Update some tests","fileTypesAndContributionMap":{}},{"hash":"c6ed6a217c8b8430feee16b34fc3cceddad4dbf2","isMergeCommit":true,"messageTitle":"Merge branch \u0027AY2425S2-CS2103T-W13-2:master\u0027 into master","messageBody":"","fileTypesAndContributionMap":{}},{"hash":"8239df21dca416399cac6b882e501997a48424d6","isMergeCommit":true,"messageTitle":"Merge branch \u0027master\u0027 of https://github.com/TobyCyan/tp","messageBody":"","fileTypesAndContributionMap":{}}]},{"date":"2025-03-26T00:00:00","commitResults":[{"hash":"1eaaeb667d87968be249b13d4aa8d958105790a3","isMergeCommit":true,"messageTitle":"Merge branch \u0027master\u0027 into describe-command","messageBody":"# Conflicts:\n#\tsrc/main/java/seedu/address/model/client/Description.java\n","fileTypesAndContributionMap":{}},{"hash":"d8c1550e58b2d380cf67ad20011c61f0d9040044","isMergeCommit":false,"messageTitle":"Update description class","messageBody":"","fileTypesAndContributionMap":{"functional-code":{"insertions":42,"deletions":2}}},{"hash":"3a7d7c48b9d9ba78b6bc195d374f089943e599b7","isMergeCommit":false,"messageTitle":"Clear changes","messageBody":"","fileTypesAndContributionMap":{"functional-code":{"insertions":2,"deletions":42}}},{"hash":"1826f2249aeaa4d371232694f035fcb8ba333831","isMergeCommit":false,"messageTitle":"Revert merge","messageBody":"","fileTypesAndContributionMap":{"functional-code":{"insertions":12,"deletions":48},"docs":{"insertions":10,"deletions":19},"test-code":{"insertions":4,"deletions":151}}},{"hash":"fab1411523210984a137fd31516b1d63d6232596","isMergeCommit":false,"messageTitle":"Revert \"Revert merge\"","messageBody":"This reverts commit 1826f2249aeaa4d371232694f035fcb8ba333831.\n","fileTypesAndContributionMap":{"functional-code":{"insertions":48,"deletions":12},"docs":{"insertions":19,"deletions":10},"test-code":{"insertions":151,"deletions":4}}},{"hash":"31b4e006747bbbcf5ce768fd43afa98776d75732","isMergeCommit":false,"messageTitle":"Re-add description","messageBody":"","fileTypesAndContributionMap":{"functional-code":{"insertions":42,"deletions":2}}},{"hash":"9ee7abc7d9a72899197f161841b4950711329695","isMergeCommit":false,"messageTitle":"Update edit client descriptor","messageBody":"","fileTypesAndContributionMap":{"functional-code":{"insertions":6,"deletions":6}}},{"hash":"4fd8f53652ad8e78ffbc764e4bd6630894f9c549","isMergeCommit":false,"messageTitle":"Add new tests and valid description constant to test utility","messageBody":"","fileTypesAndContributionMap":{"test-code":{"insertions":77,"deletions":0}}},{"hash":"41348029e28a42c8385a9ed16e507c61c7741364","isMergeCommit":false,"messageTitle":"Fix style","messageBody":"","fileTypesAndContributionMap":{"test-code":{"insertions":2,"deletions":1}}},{"hash":"10e8608c825d142a26c425a7b9620af5e2ac406c","isMergeCommit":false,"messageTitle":"Fix tests","messageBody":"","fileTypesAndContributionMap":{"test-code":{"insertions":2,"deletions":1}}}]},{"date":"2025-03-27T00:00:00","commitResults":[{"hash":"4fa57410e55af997102957dd44d29b351b5fb59b","isMergeCommit":true,"messageTitle":"Merge pull request #92 from nlqhung130403/branch-Priority","messageBody":"Implement Priority and Filter Command","fileTypesAndContributionMap":{}},{"hash":"8a49349863a999c054a61f6ff12c08f3002baf89","isMergeCommit":true,"messageTitle":"Merge branch \u0027master\u0027 of https://github.com/TobyCyan/tp","messageBody":"","fileTypesAndContributionMap":{}},{"hash":"3236e6b162d462aa80029aff6a0715ebe9355242","isMergeCommit":true,"messageTitle":"Merge branch \u0027AY2425S2-CS2103T-W13-2:master\u0027 into master","messageBody":"","fileTypesAndContributionMap":{}},{"hash":"b5d21501b7a814b49a758dfdf32fe9387c01e3e0","isMergeCommit":true,"messageTitle":"Merge branch \u0027master\u0027 of https://github.com/TobyCyan/tp","messageBody":"","fileTypesAndContributionMap":{}}]},{"date":"2025-03-30T00:00:00","commitResults":[{"hash":"6f208251923113618a4569de153a8ca32e64eb51","isMergeCommit":false,"messageTitle":"Create rank name sequence diagram","messageBody":"","fileTypesAndContributionMap":{"docs":{"insertions":86,"deletions":0}}},{"hash":"2ee0973498a3d633ced67b377e7f08eafa1032d7","isMergeCommit":false,"messageTitle":"Create rank class diagram","messageBody":"","fileTypesAndContributionMap":{"docs":{"insertions":49,"deletions":0}}},{"hash":"313cd0bfa5dd0c019a1a9b92bb102c8f3ba5e5f1","isMergeCommit":false,"messageTitle":"Include rank command in developer guide","messageBody":"","fileTypesAndContributionMap":{"docs":{"insertions":12,"deletions":83}}},{"hash":"629239050b1ca08d0627b0c47cffc42e69225a4e","isMergeCommit":false,"messageTitle":"Update the developer guide and rank class diagram","messageBody":"","fileTypesAndContributionMap":{"docs":{"insertions":10,"deletions":13}}},{"hash":"c8fb749e642cb4bc03d01883729c1ddb46404012","isMergeCommit":false,"messageTitle":"Add whitespace at end of file","messageBody":"","fileTypesAndContributionMap":{"docs":{"insertions":2,"deletions":2}}},{"hash":"82f3ac6cbbcfee76aea6100eaa0bb8f2dd28f403","isMergeCommit":false,"messageTitle":"Make generics visible","messageBody":"","fileTypesAndContributionMap":{"docs":{"insertions":5,"deletions":1}}}]},{"date":"2025-04-03T00:00:00","commitResults":[{"hash":"57ed5550ff1604987e43b872fe4b65d3753f527c","isMergeCommit":true,"messageTitle":"Merge pull request #113 from SherrinfordHR/Update_Ui_Class_Diagram","messageBody":"Update UiClassDiagram.puml","fileTypesAndContributionMap":{}},{"hash":"704b0554b33e0f4db2708baee7d204cfbf8c46b8","isMergeCommit":true,"messageTitle":"Merge pull request #98 from TobyCyan/update-dg-uml-diagram","messageBody":"Add rank command UML diagrams to developer guide","fileTypesAndContributionMap":{}},{"hash":"e1bc05f351f2a14f966fbeba9d34fb92a4c7a307","isMergeCommit":true,"messageTitle":"Merge branch \u0027master\u0027 of https://github.com/TobyCyan/tp","messageBody":"","fileTypesAndContributionMap":{}},{"hash":"0a5d8712ee0f95810bfd1ee5e6dd04851ef95273","isMergeCommit":false,"messageTitle":"Fix demeter\u0027s law violation in name comparator","messageBody":"","fileTypesAndContributionMap":{"functional-code":{"insertions":6,"deletions":2}}},{"hash":"76c12f65ed7ee21d248ccb72ad398caf720a2657","isMergeCommit":false,"messageTitle":"Modify name instancing by capitalizing all first letters","messageBody":"","fileTypesAndContributionMap":{"functional-code":{"insertions":27,"deletions":4},"test-code":{"insertions":22,"deletions":0}}},{"hash":"0c09798686c2d2ba168227749cc91d1632117817","isMergeCommit":false,"messageTitle":"Modify valid phone test","messageBody":"isValidPhone is modified to only accept valid 8-digit\nSingaporean numbers.\n","fileTypesAndContributionMap":{"functional-code":{"insertions":46,"deletions":1},"test-code":{"insertions":54,"deletions":11}}},{"hash":"395845c2a4b576f3e2052216cf59a26f27461959","isMergeCommit":false,"messageTitle":"Fix tests","messageBody":"","fileTypesAndContributionMap":{"functional-code":{"insertions":1,"deletions":1},"test-code":{"insertions":14,"deletions":14}}},{"hash":"8dd7dba5a66ca08e2b16a7b85b5d083fc0011e25","isMergeCommit":false,"messageTitle":"Update user guide with better user-centricity and desc feature","messageBody":"","fileTypesAndContributionMap":{"docs":{"insertions":56,"deletions":20}}},{"hash":"9b7fa951192f86237fd00521925b441a85946c48","isMergeCommit":false,"messageTitle":"Update UI images","messageBody":"","fileTypesAndContributionMap":{"docs":{"insertions":6,"deletions":3}}},{"hash":"0fd1302dd106037e1d863c8d3aab8c439e6b02e4","isMergeCommit":false,"messageTitle":"Remove extra example for merging","messageBody":"","fileTypesAndContributionMap":{"docs":{"insertions":0,"deletions":2}}},{"hash":"a218ea10e3b82fdfef536dfebd2969cb601362f4","isMergeCommit":false,"messageTitle":"Update user guide","messageBody":"","fileTypesAndContributionMap":{"docs":{"insertions":6,"deletions":3}}},{"hash":"998d83fa418b75fac038c0d1330f85f604b83e4c","isMergeCommit":false,"messageTitle":"Use optional empty instead of ofNullable","messageBody":"","fileTypesAndContributionMap":{"functional-code":{"insertions":1,"deletions":1}}},{"hash":"e4c7d4e6055ee23de8c7c525ba1cab8077df590f","isMergeCommit":true,"messageTitle":"Merge pull request #141 from nlqhung130403/branch-Improve-Quality","messageBody":"Reduce code duplication of Filter and Find and fix FilterCommandParser","fileTypesAndContributionMap":{}},{"hash":"709e77a4773b2e1fdce86ee9015544ce1eec9939","isMergeCommit":true,"messageTitle":"Merge pull request #120 from TobyCyan/fix-alpha-bugs","messageBody":"Fix alpha bugs","fileTypesAndContributionMap":{}},{"hash":"ff637601f8132ad307ab211badef622b1ce784f8","isMergeCommit":true,"messageTitle":"Merge pull request #121 from dingZvel/fix-desc-doesnt-clear","messageBody":"Fix the bug where desc [INDEX] doesn\u0027t clear description","fileTypesAndContributionMap":{}},{"hash":"52b08a62139347b46944193a33a98c10580ea1d5","isMergeCommit":false,"messageTitle":"Fix typo","messageBody":"","fileTypesAndContributionMap":{"docs":{"insertions":1,"deletions":1}}},{"hash":"098f773475cf4e3421303fbea41f04f6675ed172","isMergeCommit":true,"messageTitle":"Merge branch \u0027master\u0027 of https://github.com/TobyCyan/tp","messageBody":"","fileTypesAndContributionMap":{}},{"hash":"1989411d21c05e4498c9ac5c28c0a1df82cc06e6","isMergeCommit":true,"messageTitle":"Merge branch \u0027master\u0027 into update-ug-alpha","messageBody":"","fileTypesAndContributionMap":{}},{"hash":"039109ea6d33075ea84ffd2358473039502136fc","isMergeCommit":true,"messageTitle":"Merge pull request #140 from TobyCyan/update-ug-alpha","messageBody":"Update UG to include describe feature and better user-centricity","fileTypesAndContributionMap":{}},{"hash":"bfd702ca29c9c0859e598da51b2a2df209160347","isMergeCommit":true,"messageTitle":"Merge branch \u0027master\u0027 of https://github.com/TobyCyan/tp","messageBody":"","fileTypesAndContributionMap":{}},{"hash":"6acf5138d61acd50d012bbb9850b8bc30fc0d683","isMergeCommit":false,"messageTitle":"Update ug with new describe screenshot and structure","messageBody":"","fileTypesAndContributionMap":{"docs":{"insertions":69,"deletions":27}}},{"hash":"00d829d3472754584fe8c9ca536b3830e2176404","isMergeCommit":true,"messageTitle":"Merge branch \u0027AY2425S2-CS2103T-W13-2:master\u0027 into master","messageBody":"","fileTypesAndContributionMap":{}},{"hash":"431d6fe029e9eb1f74a7f09b48208e902f0bef8b","isMergeCommit":true,"messageTitle":"Merge branch \u0027AY2425S2-CS2103T-W13-2:master\u0027 into update-ug-alpha","messageBody":"","fileTypesAndContributionMap":{}},{"hash":"ae7238ad9ea6f14e44a5512a86da10ad1a36dce4","isMergeCommit":true,"messageTitle":"Merge branch \u0027update-ug-alpha\u0027 of https://github.com/TobyCyan/tp into update-ug-alpha","messageBody":"","fileTypesAndContributionMap":{}},{"hash":"79954b340886804329ec19b4fa320e3a74a43529","isMergeCommit":true,"messageTitle":"Merge branch \u0027master\u0027 of https://github.com/TobyCyan/tp","messageBody":"","fileTypesAndContributionMap":{}},{"hash":"999ff583e9d7ffb4b717cd244d42262886889038","isMergeCommit":true,"messageTitle":"Merge pull request #143 from TobyCyan/update-ug-alpha","messageBody":"Update user guide with empty description screenshot and structure changes","fileTypesAndContributionMap":{}},{"hash":"50f5019133abbcddd87a043224034c64b6d54160","isMergeCommit":true,"messageTitle":"Merge branch \u0027AY2425S2-CS2103T-W13-2:master\u0027 into master","messageBody":"","fileTypesAndContributionMap":{}},{"hash":"c1c86c1220fd5cf1166532e4d6e5899858151e14","isMergeCommit":false,"messageTitle":"Update readme with latest ui and add command with priority message","messageBody":"","fileTypesAndContributionMap":{"functional-code":{"insertions":3,"deletions":1},"docs":{"insertions":1,"deletions":1}}},{"hash":"4b770757cf58add117131cf800569b08d050459f","isMergeCommit":true,"messageTitle":"Merge branch \u0027master\u0027 of https://github.com/TobyCyan/tp","messageBody":"","fileTypesAndContributionMap":{}},{"hash":"f7cefa57930ef3560184c1ef7036e273a803a166","isMergeCommit":false,"messageTitle":"Fix typo in filter command message usage","messageBody":"","fileTypesAndContributionMap":{"functional-code":{"insertions":1,"deletions":1}}},{"hash":"eaab9fe256cc133c1d44d17a968274149d7d478c","isMergeCommit":true,"messageTitle":"Merge pull request #144 from TobyCyan/fix-add-error-message","messageBody":"Fix add error message to include priority and README UI image","fileTypesAndContributionMap":{}},{"hash":"5c61cca593e177a99569c171a09d3adfa61bdbad","isMergeCommit":true,"messageTitle":"Merge pull request #147 from TobyCyan/fix-typo","messageBody":"Fix typo in message usage of filter command","fileTypesAndContributionMap":{}},{"hash":"7c8bac64c7a3fa37d47145299ad8b2acd1e3eb0d","isMergeCommit":true,"messageTitle":"Merge pull request #146 from SherrinfordHR/Update_ExpandUiScreenshot","messageBody":"Update ExpandCommandUi.png","tags":["v1.5"],"fileTypesAndContributionMap":{}},{"hash":"ab738b09d93f3939bfce7b1bdcfa7160f70a7b3f","isMergeCommit":true,"messageTitle":"Merge branch \u0027master\u0027 of https://github.com/TobyCyan/tp","messageBody":"","fileTypesAndContributionMap":{}}]},{"date":"2025-04-06T00:00:00","commitResults":[{"hash":"848feb06a7dc25f99771134eac6c777f09e6cafa","isMergeCommit":true,"messageTitle":"Merge branch \u0027AY2425S2-CS2103T-W13-2:master\u0027 into master","messageBody":"","fileTypesAndContributionMap":{}},{"hash":"c4113b3f797b867b5141411e8492ab2d62509ecd","isMergeCommit":true,"messageTitle":"Merge branch \u0027master\u0027 of https://github.com/TobyCyan/tp","messageBody":"","fileTypesAndContributionMap":{}},{"hash":"e90e9251c3c9f747cbb2d4db42e02c4d346407ae","isMergeCommit":false,"messageTitle":"Fix issues","messageBody":"Issues fixed are as follows:\n#172\n#181\n#184\n#185\n#189\n#205\n","fileTypesAndContributionMap":{"other":{"insertions":1,"deletions":1},"docs":{"insertions":27,"deletions":8}}},{"hash":"e4e63a52aea0cd04ce61f2754354d97082afd3a1","isMergeCommit":false,"messageTitle":"Fix issues","messageBody":"Fixed the following issues:\n#164\n#166\n#168\n","fileTypesAndContributionMap":{"docs":{"insertions":12,"deletions":8}}},{"hash":"c24730af108142ed246e962fc7d23bf28122e8fe","isMergeCommit":false,"messageTitle":"Fix issue 197","messageBody":"","fileTypesAndContributionMap":{"functional-code":{"insertions":1,"deletions":1}}},{"hash":"18322f2c11153046fb29d2ed0be746da3c6b6353","isMergeCommit":false,"messageTitle":"Fix issues","messageBody":"Issues fixed are as follows:\n#203\n#208\n","fileTypesAndContributionMap":{"docs":{"insertions":33,"deletions":13}}},{"hash":"4a1cd1847b4019009c7bed62dd138aae158881f8","isMergeCommit":false,"messageTitle":"Update test cases in developer guide","messageBody":"","fileTypesAndContributionMap":{"docs":{"insertions":32,"deletions":9}}},{"hash":"aa7d5b70c5a3b88f29cd206e2f8097eed556baca","isMergeCommit":false,"messageTitle":"Fix #199","messageBody":"","fileTypesAndContributionMap":{"docs":{"insertions":14,"deletions":17}}},{"hash":"7bb92fe6642f14a92471f2a55632175dc70a9f73","isMergeCommit":false,"messageTitle":"Fix #190","messageBody":"","fileTypesAndContributionMap":{"docs":{"insertions":2,"deletions":2}}},{"hash":"e2acef182f40d9cc3c4ea11aeb5530ab1cc013b1","isMergeCommit":false,"messageTitle":"Fix #196","messageBody":"","fileTypesAndContributionMap":{"docs":{"insertions":6,"deletions":0}}},{"hash":"5d3e9bfc4993c152f037abea7acdaef520fa29b9","isMergeCommit":false,"messageTitle":"Fix #188","messageBody":"","fileTypesAndContributionMap":{"docs":{"insertions":8,"deletions":1}}}]}],"dingZvel":[{"date":"2025-03-05T00:00:00","commitResults":[{"hash":"e35d9a6a01c5e1ee1d7ff3b4aa708bdbf617f43c","isMergeCommit":false,"messageTitle":"Update AboutUs.md with Ding Zhe\u0027s info","messageBody":"","fileTypesAndContributionMap":{"docs":{"insertions":3,"deletions":3}}}]},{"date":"2025-03-08T00:00:00","commitResults":[{"hash":"72f2613cf20298eaea383150e73169509217fa17","isMergeCommit":true,"messageTitle":"Merge branch \u0027master\u0027 into About-Ding-Zhe","messageBody":"","fileTypesAndContributionMap":{}},{"hash":"5187590242070dff3aa9a0d09b4535e557d7a972","isMergeCommit":true,"messageTitle":"Merge pull request #18 from dingZvel/About-Ding-Zhe","messageBody":"Update AboutUs.md with Ding Zhe\u0027s info","fileTypesAndContributionMap":{}}]},{"date":"2025-03-09T00:00:00","commitResults":[{"hash":"add6e5fa6f899830da54f429ef198ebe1ac9d588","isMergeCommit":false,"messageTitle":"Update trivial glossary","messageBody":"More glossary to be added after NFRs and Use Case is there.\n","fileTypesAndContributionMap":{"docs":{"insertions":1,"deletions":0}}},{"hash":"6cd18beb4f891a9d63b74a0b6222bb15b5ca2c4c","isMergeCommit":false,"messageTitle":"Update developer guide glossary","messageBody":"","fileTypesAndContributionMap":{"docs":{"insertions":6,"deletions":1}}}]},{"date":"2025-03-10T00:00:00","commitResults":[{"hash":"e08b2ff115c16050d7ede1fa1cd05fee38177eb2","isMergeCommit":false,"messageTitle":"Update developer guide glossary","messageBody":"","fileTypesAndContributionMap":{"docs":{"insertions":1,"deletions":1}}},{"hash":"a4c0c12d4e0a71ff7161f483c6a5bba0e447ab1d","isMergeCommit":true,"messageTitle":"Merge pull request #38 from TobyCyan/update-sitewide-settings","messageBody":"Update README.md to remove traces of AB3","fileTypesAndContributionMap":{}}]},{"date":"2025-03-11T00:00:00","commitResults":[{"hash":"a899f496c501584161fc625bcf823c3adb9221ce","isMergeCommit":false,"messageTitle":"Refactor Person to Client","messageBody":"","fileTypesAndContributionMap":{"functional-code":{"insertions":134,"deletions":140},"other":{"insertions":79,"deletions":79},"docs":{"insertions":36,"deletions":36},"test-code":{"insertions":159,"deletions":165}}},{"hash":"4fc800ef35ff9d099b9aea3dbb7603a02689f5be","isMergeCommit":false,"messageTitle":"Revert \"Refactor Person to Client\"","messageBody":"This reverts commit a899f496c501584161fc625bcf823c3adb9221ce.\n","fileTypesAndContributionMap":{"functional-code":{"insertions":140,"deletions":134},"other":{"insertions":79,"deletions":79},"docs":{"insertions":36,"deletions":36},"test-code":{"insertions":165,"deletions":159}}},{"hash":"0d3b4eccc19cb2eee4af6b4218fce154658e2058","isMergeCommit":false,"messageTitle":"Refactor Person to Client","messageBody":"","fileTypesAndContributionMap":{"functional-code":{"insertions":133,"deletions":139},"other":{"insertions":79,"deletions":79},"test-code":{"insertions":159,"deletions":165}}},{"hash":"b2c098db0b29ba60c0911f1a3ebee33ede41bcde","isMergeCommit":false,"messageTitle":"Fix sytle of import statement","messageBody":"","fileTypesAndContributionMap":{"functional-code":{"insertions":4,"deletions":1}}}]},{"date":"2025-03-12T00:00:00","commitResults":[{"hash":"9553abe114bac4985155f548663382ddf93e39b4","isMergeCommit":false,"messageTitle":"Fix sytle of import statement","messageBody":"","fileTypesAndContributionMap":{"functional-code":{"insertions":6,"deletions":3}}},{"hash":"422b70f72e7442a7e85d0e5d58ce58e246f7fa57","isMergeCommit":false,"messageTitle":"Fix sytle of import statement","messageBody":"","fileTypesAndContributionMap":{"test-code":{"insertions":10,"deletions":4}}},{"hash":"0acc5a294d58d3e4748fa59ac13a299b5fb2d8da","isMergeCommit":false,"messageTitle":"Replace Person to Client further","messageBody":"","fileTypesAndContributionMap":{"functional-code":{"insertions":15,"deletions":16},"other":{"insertions":57,"deletions":59},"test-code":{"insertions":158,"deletions":181}}},{"hash":"a6315be403bcbd7000affe9aa86fe8c220a1d5c4","isMergeCommit":false,"messageTitle":"Revert \"Replace Person to Client further\"","messageBody":"This reverts commit 0acc5a294d58d3e4748fa59ac13a299b5fb2d8da.\n","fileTypesAndContributionMap":{"functional-code":{"insertions":16,"deletions":15},"other":{"insertions":59,"deletions":57},"test-code":{"insertions":181,"deletions":158}}},{"hash":"5c99995382390011c81c7f09ca434a9c59c4b3af","isMergeCommit":true,"messageTitle":"Merge branch \u0027master\u0027 into change-Person-to-Client","messageBody":"","fileTypesAndContributionMap":{}},{"hash":"265a3cc8f5d26518fe41d9b762ac80044ab50d64","isMergeCommit":false,"messageTitle":"Further replace Person to Client","messageBody":"","fileTypesAndContributionMap":{"functional-code":{"insertions":13,"deletions":13},"other":{"insertions":44,"deletions":44},"test-code":{"insertions":159,"deletions":159}}},{"hash":"b04c7abb029bb5cd218f97453f6189dec115d416","isMergeCommit":false,"messageTitle":"Fix import order","messageBody":"","fileTypesAndContributionMap":{"test-code":{"insertions":2,"deletions":2}}}]},{"date":"2025-03-14T00:00:00","commitResults":[{"hash":"4e6ac8272c44276789d4fefb1ae62c15afbfb5d1","isMergeCommit":true,"messageTitle":"Merge pull request #55 from SherrinfordHR/Update_User_Guide","messageBody":"Update user guide","fileTypesAndContributionMap":{}},{"hash":"f6b7d94765b87f4cc18d7632e4f65612c4c000d2","isMergeCommit":true,"messageTitle":"Merge pull request #50 from SherrinfordHR/Developer_Guide_update","messageBody":"Developer guide update","fileTypesAndContributionMap":{}},{"hash":"7e08b91f9fb654bd436a5edd90e88ac6cf9d4416","isMergeCommit":true,"messageTitle":"Merge pull request #53 from TobyCyan/update-find-by-tag-and-product-preference","messageBody":"Modify find command to find by category (tag) and product preference","fileTypesAndContributionMap":{}}]},{"date":"2025-03-20T00:00:00","commitResults":[{"hash":"bde6746b57b93a3ca425f7849512bd39876b34a9","isMergeCommit":false,"messageTitle":"Add total purchase to UI","messageBody":"","fileTypesAndContributionMap":{"functional-code":{"insertions":18,"deletions":1}}},{"hash":"7271299a3890832652779b0a682844188cd500de","isMergeCommit":true,"messageTitle":"Merge pull request #66 from dingZvel/add-total-purchase-ui","messageBody":"Add total purchase to UI","fileTypesAndContributionMap":{}}]},{"date":"2025-03-27T00:00:00","commitResults":[{"hash":"e67963b537f593c8709cc8eaab7e6d803a4512bb","isMergeCommit":false,"messageTitle":"Add DescribeCommandParser and related tests","messageBody":"","fileTypesAndContributionMap":{"functional-code":{"insertions":141,"deletions":0},"test-code":{"insertions":97,"deletions":0}}},{"hash":"c307b806424a1492c54934b18c7a6b67e6ead42a","isMergeCommit":false,"messageTitle":"Fix style","messageBody":"","fileTypesAndContributionMap":{"functional-code":{"insertions":1,"deletions":1}}},{"hash":"b98f642b5c5afe8a6954f0cce1a7cbd7b7b09a04","isMergeCommit":false,"messageTitle":"Fix minor issues","messageBody":"","fileTypesAndContributionMap":{"test-code":{"insertions":4,"deletions":6}}},{"hash":"c2a2a22815ed5d81df315719e610cc088ecbf280","isMergeCommit":true,"messageTitle":"Merge branch \u0027master\u0027 into desc-parser","messageBody":"","fileTypesAndContributionMap":{}},{"hash":"c84d8fa3e995239a2e42a0fdc410f3e0dfe7c973","isMergeCommit":false,"messageTitle":"Fix merge conflict","messageBody":"","fileTypesAndContributionMap":{"functional-code":{"insertions":0,"deletions":4},"test-code":{"insertions":3,"deletions":12}}},{"hash":"c91229960fe6b80185a623d9efdb41854f819506","isMergeCommit":false,"messageTitle":"Fix import order","messageBody":"","fileTypesAndContributionMap":{"functional-code":{"insertions":5,"deletions":5},"test-code":{"insertions":6,"deletions":5}}},{"hash":"65f6016be0ec77e3660f0f9b7f2a93157c9a9bce","isMergeCommit":true,"messageTitle":"Merge pull request #91 from dingZvel/desc-parser","messageBody":"Add DescribeCommandParser and related tests","fileTypesAndContributionMap":{}}]},{"date":"2025-04-03T00:00:00","commitResults":[{"hash":"f21a27d88505dbc82462d14ed0062c1371f9f6c9","isMergeCommit":false,"messageTitle":"Fix the bug where desc [INDEX] doesn\u0027t clear description","messageBody":"","fileTypesAndContributionMap":{"functional-code":{"insertions":1,"deletions":1}}},{"hash":"9bef5c8585a216f61c9f3e94bf063943e3d1774d","isMergeCommit":false,"messageTitle":"update ug quick start","messageBody":"","fileTypesAndContributionMap":{"docs":{"insertions":19,"deletions":4}}},{"hash":"8e0c7516518069b879b075791fd6f182f9faf1a5","isMergeCommit":false,"messageTitle":"add planned enhancements to DG","messageBody":"","fileTypesAndContributionMap":{"docs":{"insertions":14,"deletions":0}}},{"hash":"591e7f1ed21df0b5045d3dac6109e65f42330bcc","isMergeCommit":false,"messageTitle":"add new line at EOF","messageBody":"","fileTypesAndContributionMap":{"docs":{"insertions":1,"deletions":1}}}]},{"date":"2025-04-04T00:00:00","commitResults":[{"hash":"52dcee2c1138f541a76dbd7a0b5233b1d6749cb5","isMergeCommit":false,"messageTitle":"fix the bug where editing a client will set the description to empty","messageBody":"","fileTypesAndContributionMap":{"functional-code":{"insertions":5,"deletions":4}}},{"hash":"c989131a461eb426dda9f90278902856486dd326","isMergeCommit":false,"messageTitle":"Fix test files","messageBody":"","fileTypesAndContributionMap":{"functional-code":{"insertions":1,"deletions":1},"test-code":{"insertions":5,"deletions":32}}},{"hash":"a5dea56b465e5b9afc34a20fcda42367f808e6cc","isMergeCommit":true,"messageTitle":"Merge pull request #153 from dingZvel/fix-desc-bug","messageBody":"fix the bug where editing a client will set the description to empty","tags":["v1.5.2"],"fileTypesAndContributionMap":{}}]}],"gandwarf":[{"date":"2025-03-05T00:00:00","commitResults":[{"hash":"a2ad60dc2ee187e1a67ac3fd2e463fc9f3334047","isMergeCommit":false,"messageTitle":"Update AboutUs","messageBody":"","fileTypesAndContributionMap":{"docs":{"insertions":3,"deletions":3}}}]},{"date":"2025-03-08T00:00:00","commitResults":[{"hash":"5b7d9778458b6884e7d67e28cb151c48ecd3de2f","isMergeCommit":true,"messageTitle":"Merge branch \u0027master\u0027 into branch-AboutUs","messageBody":"","fileTypesAndContributionMap":{}},{"hash":"c2aada31b540fce4600c2ea741121f17e90755d7","isMergeCommit":true,"messageTitle":"Merge pull request #16 from gandwarf/branch-AboutUs","messageBody":"Update AboutUs with Tang Yukun\u0027s info","fileTypesAndContributionMap":{}}]},{"date":"2025-03-10T00:00:00","commitResults":[{"hash":"4d12b3b250a6c046a9c5bc8a6002d75dea2993e3","isMergeCommit":true,"messageTitle":"Merge pull request #33 from gandwarf/branch-mock-ui","messageBody":"Update a mock Ui","fileTypesAndContributionMap":{}}]},{"date":"2025-03-12T00:00:00","commitResults":[{"hash":"7d1f866c06a05fa750d836103b964b902e43c57f","isMergeCommit":false,"messageTitle":"Change add command and tests","messageBody":"","fileTypesAndContributionMap":{"functional-code":{"insertions":13,"deletions":11},"test-code":{"insertions":28,"deletions":31}}},{"hash":"814b8abaebb57c3768261233a3036b49330985a7","isMergeCommit":true,"messageTitle":"Merge pull request #45 from gandwarf/branch-Add","messageBody":"Change add command and tests","fileTypesAndContributionMap":{}}]},{"date":"2025-03-20T00:00:00","commitResults":[{"hash":"916c5d4df9f17979acba3d4a3987eef3b215d03f","isMergeCommit":false,"messageTitle":"Change pref to optional and reset add command format","messageBody":"","fileTypesAndContributionMap":{"functional-code":{"insertions":87,"deletions":25},"test-code":{"insertions":8,"deletions":6}}},{"hash":"4cdd63da00eb51a23796329864f5f7ee2c64c141","isMergeCommit":true,"messageTitle":"Merge pull request #1 from gandwarf/branch-OptionalAdd","messageBody":"Change pref to optional and reset add command format","fileTypesAndContributionMap":{}},{"hash":"315d097634d8a3f47eea92237e5476c82864a447","isMergeCommit":true,"messageTitle":"Merge pull request #65 from gandwarf/branch-OptionalAdd","messageBody":"Change pref to optional and reset add command format","fileTypesAndContributionMap":{}},{"hash":"891936d5b2ed62a79c05ee8af5bb5db3c1131984","isMergeCommit":true,"messageTitle":"Merge branch \u0027AY2425S2-CS2103T-W13-2:master\u0027 into master","messageBody":"","fileTypesAndContributionMap":{}}]},{"date":"2025-03-21T00:00:00","commitResults":[{"hash":"b9f1abee7a5c0b223b73d488de182ec4df496397","isMergeCommit":true,"messageTitle":"Merge branch \u0027AY2425S2-CS2103T-W13-2:master\u0027 into master","messageBody":"","fileTypesAndContributionMap":{}},{"hash":"e44aabb81db210c1673ac3ce4ebc9ea33248f163","isMergeCommit":false,"messageTitle":"fix the bug that when pref is null, the ui still shows","messageBody":"","fileTypesAndContributionMap":{"functional-code":{"insertions":9,"deletions":14}}},{"hash":"c0044998b9305f3c701703c5f8662008f153861f","isMergeCommit":false,"messageTitle":"fix the bug that when pref is null, the ui still shows","messageBody":"","fileTypesAndContributionMap":{"functional-code":{"insertions":6,"deletions":1}}}]},{"date":"2025-03-22T00:00:00","commitResults":[{"hash":"9c7990d4427b2200e94d8b153f0461f46be42d9a","isMergeCommit":false,"messageTitle":"make pref nullable in data","messageBody":"","fileTypesAndContributionMap":{"functional-code":{"insertions":2,"deletions":2}}},{"hash":"a8b29d711febae67c6713895fcd6291e1b91fea4","isMergeCommit":false,"messageTitle":".","messageBody":"","fileTypesAndContributionMap":{"functional-code":{"insertions":0,"deletions":1}}},{"hash":"090896cae8b711d0b5e4a1af6f44509eb7768799","isMergeCommit":true,"messageTitle":"Merge pull request #72 from gandwarf/branch-Loadbug","messageBody":"Branch loadbug","fileTypesAndContributionMap":{}}]},{"date":"2025-03-23T00:00:00","commitResults":[{"hash":"77cc28f7ee4966f4c530ac71ac1dd3425256e31c","isMergeCommit":false,"messageTitle":"Update UserGuide.md","messageBody":"","fileTypesAndContributionMap":{"docs":{"insertions":5,"deletions":1}}},{"hash":"6cec6688697e59b7e7c4dea3b55ab48bf2ed043a","isMergeCommit":false,"messageTitle":"Update UserGuide.md","messageBody":"","fileTypesAndContributionMap":{"docs":{"insertions":7,"deletions":7}}},{"hash":"34ff0d0efa236b795a9cc231c07761dafa166adb","isMergeCommit":false,"messageTitle":"Update UserGuide.md","messageBody":"","fileTypesAndContributionMap":{"docs":{"insertions":11,"deletions":8}}}]},{"date":"2025-03-27T00:00:00","commitResults":[{"hash":"1c5a9d3193ce463529d0c020756e3c327b15d949","isMergeCommit":false,"messageTitle":"create expand and expandParser test, update storage","messageBody":"","fileTypesAndContributionMap":{"functional-code":{"insertions":29,"deletions":11},"test-code":{"insertions":122,"deletions":10}}},{"hash":"d06fba228ef1fdb65defdd6b340d4850a0fc96f6","isMergeCommit":false,"messageTitle":"adjust to jsonAdaptClient and some test cases","messageBody":"","fileTypesAndContributionMap":{"functional-code":{"insertions":1,"deletions":0},"test-code":{"insertions":33,"deletions":0}}},{"hash":"13eb2318af16bee501bea4e96bebbbfc200046fb","isMergeCommit":true,"messageTitle":"Merge pull request #89 from gandwarf/branch-StorageAndTest","messageBody":"create expand and expandParser test, update storage","fileTypesAndContributionMap":{}}]},{"date":"2025-04-03T00:00:00","commitResults":[{"hash":"a7227c8eed4ad68c9ae6c10cae1c96528d02a5ec","isMergeCommit":false,"messageTitle":"Update ParserClassDiagram and StorageClassDiagram","messageBody":"","fileTypesAndContributionMap":{"docs":{"insertions":124,"deletions":62}}},{"hash":"3ecdc257dd0e3bdf5839616d9937123fdccdd705","isMergeCommit":false,"messageTitle":"give clear statement when the input of frequency exceed int\u0027s limit","messageBody":"","fileTypesAndContributionMap":{"functional-code":{"insertions":1,"deletions":1}}},{"hash":"ad79b341518b5889a08aebb123e997a706e4b4ca","isMergeCommit":false,"messageTitle":"checkstyle issue","messageBody":"","fileTypesAndContributionMap":{"functional-code":{"insertions":2,"deletions":1}}},{"hash":"f33233cbe6778c11ad9bc93cfe693e793b6daa28","isMergeCommit":false,"messageTitle":"Update DG","messageBody":"","fileTypesAndContributionMap":{"docs":{"insertions":12,"deletions":5}}},{"hash":"bcacaf73b7f57db7a69d1ad2bd41b8360d32a12d","isMergeCommit":false,"messageTitle":"Fix the preference empty bug","messageBody":"","fileTypesAndContributionMap":{"functional-code":{"insertions":1,"deletions":0}}},{"hash":"0a956e505d133352d0727b0897db63533e0c72fb","isMergeCommit":true,"messageTitle":"Merge branch \u0027master\u0027 into branch-DG","messageBody":"","fileTypesAndContributionMap":{}},{"hash":"510b8b70d1619e74913eecfd6e1ee2db3ad58003","isMergeCommit":true,"messageTitle":"Merge pull request #138 from gandwarf/branch-DG","messageBody":"Update DG","fileTypesAndContributionMap":{}},{"hash":"27096cdb471590b13e1a2669733eeebbf7a9aa65","isMergeCommit":false,"messageTitle":"add exception","messageBody":"","fileTypesAndContributionMap":{"functional-code":{"insertions":14,"deletions":7}}},{"hash":"6ea55cfb187eae0c4ba72eb17f798de95a38b0ea","isMergeCommit":false,"messageTitle":"Update test cases","messageBody":"","fileTypesAndContributionMap":{"test-code":{"insertions":38,"deletions":0}}},{"hash":"6fbdffd5529cadcd44c1dc7b9f8381e77c6602c7","isMergeCommit":true,"messageTitle":"Merge pull request #139 from gandwarf/branch-ParseUtil","messageBody":"Fix the bug that empty preference leads to undefined behavior","fileTypesAndContributionMap":{}}]},{"date":"2025-04-06T00:00:00","commitResults":[{"hash":"b17b105eaf766aaafc14088945ee1460994f4a87","isMergeCommit":false,"messageTitle":"add limitation to length of name","messageBody":"","fileTypesAndContributionMap":{"functional-code":{"insertions":3,"deletions":2},"docs":{"insertions":1,"deletions":1},"test-code":{"insertions":2,"deletions":0}}},{"hash":"545b8076fbc9b86f51e2bcc2cec254355d681cdc","isMergeCommit":true,"messageTitle":"Merge branch \u0027master\u0027 into branch-ParseUtil","messageBody":"","fileTypesAndContributionMap":{}},{"hash":"8bca4efb8bbd6d320a1e038a9df346146ae65562","isMergeCommit":false,"messageTitle":"Remove the acceptance of number in name","messageBody":"","fileTypesAndContributionMap":{"functional-code":{"insertions":1,"deletions":1},"test-code":{"insertions":3,"deletions":3}}}]},{"date":"2025-04-07T00:00:00","commitResults":[{"hash":"48d032de713a06a0b121f521af42e06fda6c2fe1","isMergeCommit":true,"messageTitle":"Merge pull request #217 from gandwarf/branch-ParseUtil","messageBody":"add limitation to length of name and update userguide","fileTypesAndContributionMap":{}}]}]},"authorFileTypeContributionMap":{"SherrinfordHR":{"docs":173,"functional-code":344,"test-code":0},"nlqhung130403":{"docs":80,"functional-code":673,"test-code":733},"TobyCyan":{"docs":492,"functional-code":815,"test-code":1374,"other":3},"dingZvel":{"docs":31,"functional-code":226,"test-code":309},"gandwarf":{"docs":148,"functional-code":117,"test-code":185}},"authorContributionVariance":{"SherrinfordHR":1687.9502,"nlqhung130403":18126.72,"TobyCyan":90334.96,"dingZvel":164652.75,"gandwarf":2751.5198},"authorDisplayNameMap":{"SherrinfordHR":"CS2103T-W13-2 ZHEN..GWEI","nlqhung130403":"CS2103T-W13-2 NGUY..HUNG","TobyCyan":"CS2103T-W13-2 YONG..N XI","dingZvel":"CS2103T-W13-2 DING.. ZHE","gandwarf":"CS2103T-W13-2 TANG..UKUN"}}
