{"authorDailyContributionsMap":{"Parrycys":[{"date":"2025-03-04T00:00:00","commitResults":[{"hash":"4fc9b7ad2ad7fe6e381a183aa0dc930ab79c982b","isMergeCommit":false,"messageTitle":"Update AboutUs page","messageBody":"","fileTypesAndContributionMap":{"docs":{"insertions":6,"deletions":6}}}]},{"date":"2025-03-06T00:00:00","commitResults":[{"hash":"97f3dcef6dfcaf06257de50dca01ea5a46ff1ffa","isMergeCommit":true,"messageTitle":"Merge pull request #14 from GCheeYang/add-Chee-Yang-Photo","messageBody":"Add chee yang photo","fileTypesAndContributionMap":{}},{"hash":"d39a84426553a6a02bded6c7656e9ab4e5e61051","isMergeCommit":true,"messageTitle":"Merge pull request #10 from Inquisitivrx/branch-add-member-photo","messageBody":"Add Galven\u0027s photo","fileTypesAndContributionMap":{}}]},{"date":"2025-03-07T00:00:00","commitResults":[{"hash":"1bcd49bad8c63db2dbad67d091ef3951b7a7a7b4","isMergeCommit":true,"messageTitle":"Merge pull request #22 from GCheeYang/add-Chee-Yang-Photo2","messageBody":"Add chee yang photo4","fileTypesAndContributionMap":{}}]},{"date":"2025-03-11T00:00:00","commitResults":[{"hash":"22d2bd750c39543e1255b68e3add4ebfe9b3ef1e","isMergeCommit":false,"messageTitle":"Update team project website for AboutUs page and home page","messageBody":"","fileTypesAndContributionMap":{"docs":{"insertions":6,"deletions":33}}},{"hash":"cacec0b12ffb621c2285c5d5e582266c0f7da678","isMergeCommit":false,"messageTitle":"Update index page","messageBody":"","fileTypesAndContributionMap":{"docs":{"insertions":2,"deletions":2}}},{"hash":"a2baa30533005bd25f0be05c3d0d79bad838dc0e","isMergeCommit":true,"messageTitle":"Merge pull request #29 from sherwinee/branch-update-dg","messageBody":"Update DG to add NFR","fileTypesAndContributionMap":{}}]},{"date":"2025-03-12T00:00:00","commitResults":[{"hash":"17ccc247c5b8d3e9bdc5325471284959a6750cd4","isMergeCommit":false,"messageTitle":"Update README and product webpage","messageBody":"","fileTypesAndContributionMap":{"docs":{"insertions":11,"deletions":10}}}]},{"date":"2025-03-13T00:00:00","commitResults":[{"hash":"c5f80b7544b9ea6fd5829e401d59a95745a892cd","isMergeCommit":false,"messageTitle":"Add ImportCommand and ImportCommandParser class","messageBody":"","fileTypesAndContributionMap":{"functional-code":{"insertions":87,"deletions":0}}},{"hash":"bc27ef15193c06ea62bd1656e5fd5c305053d1f5","isMergeCommit":false,"messageTitle":"Add CSVParser class and dummy csv data to test import feature","messageBody":"","fileTypesAndContributionMap":{"functional-code":{"insertions":120,"deletions":3}}},{"hash":"9fe93ab125db4c9350f1cc28a7f5c645e80a4795","isMergeCommit":true,"messageTitle":"Merge branch \u0027master\u0027 into export-to-csv","messageBody":"","fileTypesAndContributionMap":{}},{"hash":"cdadda8730747526268d94776b5ed587a268de54","isMergeCommit":true,"messageTitle":"Merge pull request #45 from sherwinee/export-to-csv","messageBody":"Implement skeleton for export to csv file ","fileTypesAndContributionMap":{}},{"hash":"1097ac480c48903f600d568b98eefd22a01ddfd7","isMergeCommit":true,"messageTitle":"Merge pull request #48 from kea-S/feature-filter-by-tag","messageBody":"Implement Filter By Tag","fileTypesAndContributionMap":{}}]},{"date":"2025-03-14T00:00:00","commitResults":[{"hash":"dcd0c48d90bf7bd8bc7f61b24c33a6e1f88e145e","isMergeCommit":false,"messageTitle":"Remove unused imports and rearrange import sequence","messageBody":"","fileTypesAndContributionMap":{"functional-code":{"insertions":3,"deletions":11}}},{"hash":"3571bc4ed63f15f42d2411a00eaf711b973344e4","isMergeCommit":false,"messageTitle":"Remove trailing whitespace from AddressBookParser class","messageBody":"","fileTypesAndContributionMap":{"functional-code":{"insertions":2,"deletions":2}}},{"hash":"c52d2e4d878cf1aa8e2e7f014b6844e9a19a0fb0","isMergeCommit":false,"messageTitle":"Rename CSV to Csv to adhere to checkstyle and add Javadoc comment to importCsv method","messageBody":"","fileTypesAndContributionMap":{"functional-code":{"insertions":23,"deletions":8},"other":{"insertions":5,"deletions":5}}}]},{"date":"2025-03-17T00:00:00","commitResults":[{"hash":"3cd3c85cc90c97d25ba966d650b4ed5c3161bf91","isMergeCommit":false,"messageTitle":"Fix checkstyle errors","messageBody":"","fileTypesAndContributionMap":{"functional-code":{"insertions":11,"deletions":7},"test-code":{"insertions":17,"deletions":0}}},{"hash":"7d0cf46777f1298ff4a6e63b40cec8b026d0e3ec","isMergeCommit":false,"messageTitle":"Add Javadoc comment","messageBody":"","fileTypesAndContributionMap":{"functional-code":{"insertions":22,"deletions":0}}},{"hash":"643ae07021510903bdffe2ae91b033013e4e8723","isMergeCommit":false,"messageTitle":"Add testing for ImportCommandParser class","messageBody":"","fileTypesAndContributionMap":{"test-code":{"insertions":42,"deletions":0}}}]},{"date":"2025-03-19T00:00:00","commitResults":[{"hash":"645efff68ea1eb6ab63049e37cc678732cb053a0","isMergeCommit":false,"messageTitle":"Test import feature","messageBody":"","fileTypesAndContributionMap":{"functional-code":{"insertions":68,"deletions":22},"test-code":{"insertions":163,"deletions":3}}},{"hash":"361e49a68c1dbd92eb51dde251a5296028812d03","isMergeCommit":false,"messageTitle":"Resolve checkstyle errors for ImportCommand","messageBody":"","fileTypesAndContributionMap":{"functional-code":{"insertions":3,"deletions":4},"test-code":{"insertions":4,"deletions":4}}},{"hash":"1b07682bf38c66eb29424b0a55c2754a43185194","isMergeCommit":true,"messageTitle":"Merge pull request #58 from sherwinee/export-to-csv","messageBody":"Add support for Export to CSV","fileTypesAndContributionMap":{}},{"hash":"f7c37d407cd7805982cdee0bf997d1116a3d57c6","isMergeCommit":true,"messageTitle":"Merge pull request #60 from Inquisitivrx/add-sort-contacts","messageBody":"Add unit test case for sort contacts","fileTypesAndContributionMap":{}}]},{"date":"2025-03-20T00:00:00","commitResults":[{"hash":"fd2961e6e177c7cc1127b93b7f97fc8a948f97f5","isMergeCommit":true,"messageTitle":"Merge pull request #61 from kea-S/feature-filter-by-tag","messageBody":"Find command pass test cases","fileTypesAndContributionMap":{}}]},{"date":"2025-03-21T00:00:00","commitResults":[{"hash":"17042468759e09f3411bb310ef76ecad29af45a0","isMergeCommit":false,"messageTitle":"Remove unused imports","messageBody":"","fileTypesAndContributionMap":{"test-code":{"insertions":0,"deletions":1}}},{"hash":"1382836887f5a63696bb94de69bb30caa0c28d7a","isMergeCommit":false,"messageTitle":"Fix checkstyle errors","messageBody":"","fileTypesAndContributionMap":{"functional-code":{"insertions":75,"deletions":70}}},{"hash":"26ca761dac9b57a27f75c9c728c5ab72e1825335","isMergeCommit":false,"messageTitle":"Fix checkstyle errors","messageBody":"","fileTypesAndContributionMap":{"functional-code":{"insertions":73,"deletions":70}}},{"hash":"6d711a7f479af751d4b631c95a05aa28253aba28","isMergeCommit":false,"messageTitle":"Fix checkstyle error","messageBody":"","fileTypesAndContributionMap":{"functional-code":{"insertions":2,"deletions":2}}},{"hash":"8fa5bc0a7deda205caae3c5196c38bb7a33ecef2","isMergeCommit":true,"messageTitle":"Merge branch \u0027master\u0027 into fix-checkstyle-errors","messageBody":"","fileTypesAndContributionMap":{}},{"hash":"a4991ddc639f65b5059c858d9d286693ce650041","isMergeCommit":false,"messageTitle":"Edit code for checkstyle","messageBody":"","fileTypesAndContributionMap":{"test-code":{"insertions":1,"deletions":1}}},{"hash":"4d2ced2953597757d99c48f237103f510d9458e2","isMergeCommit":false,"messageTitle":"Fix checkstyle errors","messageBody":"","fileTypesAndContributionMap":{"test-code":{"insertions":5,"deletions":5}}},{"hash":"ded9bf2d047a4f6ee31906d1f7ef84acf21b55e8","isMergeCommit":false,"messageTitle":"Fix checkstyle errors","messageBody":"","fileTypesAndContributionMap":{"test-code":{"insertions":12,"deletions":10}}},{"hash":"8c6d695b9504c496d5a10c2a3a9b5e70600c419b","isMergeCommit":false,"messageTitle":"Fix checkstyle errors","messageBody":"","fileTypesAndContributionMap":{"test-code":{"insertions":8,"deletions":9}}},{"hash":"9534c076d959d64326642476c9f6f2ff77b13ad9","isMergeCommit":false,"messageTitle":"Fix checkstyle errors","messageBody":"","fileTypesAndContributionMap":{"test-code":{"insertions":9,"deletions":9}}},{"hash":"579a778beaa17af82a4b561885f8c7392d8e20c0","isMergeCommit":false,"messageTitle":"Fix checkstyle errors","messageBody":"","fileTypesAndContributionMap":{"test-code":{"insertions":5,"deletions":6}}},{"hash":"02f7c280e574bfe63df200485ddc049d5ee2cfb8","isMergeCommit":false,"messageTitle":"Fix checkstyle errors","messageBody":"","fileTypesAndContributionMap":{"test-code":{"insertions":3,"deletions":5}}},{"hash":"7309172fa52386e1cef48b1c9f7f1d6be023b9f9","isMergeCommit":false,"messageTitle":"Fix checkstyle error","messageBody":"","fileTypesAndContributionMap":{"test-code":{"insertions":1,"deletions":1}}},{"hash":"8b1c97c1bc1a4aeb5ae1244b427342191320b12e","isMergeCommit":false,"messageTitle":"Fix checkstyle errors","messageBody":"","fileTypesAndContributionMap":{"test-code":{"insertions":3,"deletions":2}}},{"hash":"a250f991fe206abef64b053251ae723ba3205eff","isMergeCommit":false,"messageTitle":"Fix checkstyle error","messageBody":"","fileTypesAndContributionMap":{"test-code":{"insertions":1,"deletions":1}}}]},{"date":"2025-03-25T00:00:00","commitResults":[{"hash":"aa00b6b03e2c1687618ba18d289560f00a267446","isMergeCommit":false,"messageTitle":"Enable assertions and include logging for import command class","messageBody":"","fileTypesAndContributionMap":{"functional-code":{"insertions":14,"deletions":5},"other":{"insertions":4,"deletions":0},"test-code":{"insertions":8,"deletions":15}}},{"hash":"b1605329a9d9e2a4d4f541995565772b7f39fa48","isMergeCommit":false,"messageTitle":"Update checkstyle for import command class","messageBody":"","fileTypesAndContributionMap":{"functional-code":{"insertions":2,"deletions":4}}}]},{"date":"2025-03-26T00:00:00","commitResults":[{"hash":"03bd03fef589c86c276722ad2df53e8f250fa2d0","isMergeCommit":false,"messageTitle":"Implement import to vcf feature","messageBody":"","fileTypesAndContributionMap":{"functional-code":{"insertions":280,"deletions":83},"other":{"insertions":1,"deletions":0}}},{"hash":"398f5d7764d1b8762071ae0154d269beb806cdb4","isMergeCommit":false,"messageTitle":"Create tests for import to vcf feature","messageBody":"","fileTypesAndContributionMap":{"functional-code":{"insertions":7,"deletions":1},"test-code":{"insertions":422,"deletions":30}}},{"hash":"c42c9c6c933bcd9f5d6cbe439ba2657849595c44","isMergeCommit":false,"messageTitle":"Resolve checkstyle errors for consecutive capital letters","messageBody":"","fileTypesAndContributionMap":{"test-code":{"insertions":11,"deletions":13}}}]},{"date":"2025-03-27T00:00:00","commitResults":[{"hash":"6188136e61c0cc930d79a030dfad950ea5156689","isMergeCommit":false,"messageTitle":"Update test data","messageBody":"","fileTypesAndContributionMap":{"test-code":{"insertions":8,"deletions":6}}},{"hash":"45250d9b63314f4c1b462d90b68fd0015b7e4516","isMergeCommit":true,"messageTitle":"Merge branch \u0027master\u0027 into import-vcf-feature","messageBody":"","fileTypesAndContributionMap":{}},{"hash":"53f9f4ca658d6bab3579d32e53105c7eb9554637","isMergeCommit":false,"messageTitle":"Update import to return person with optional contact time","messageBody":"","fileTypesAndContributionMap":{"functional-code":{"insertions":11,"deletions":4}}},{"hash":"3d20111245c0226b7b8c44b3eeede4733df928c2","isMergeCommit":false,"messageTitle":"Resolve checkstyle issues","messageBody":"","fileTypesAndContributionMap":{"functional-code":{"insertions":13,"deletions":9}}},{"hash":"c5d24aa19ccbc9a627a26ec230e9652a9cecb5ac","isMergeCommit":false,"messageTitle":"Resolve static declaration error","messageBody":"","fileTypesAndContributionMap":{"functional-code":{"insertions":3,"deletions":1}}},{"hash":"d6df42047eaf7fe3a7e20d68f09ffb7f3faa7ebd","isMergeCommit":true,"messageTitle":"Merge branch \u0027master\u0027 into add-role-field","messageBody":"","fileTypesAndContributionMap":{}},{"hash":"bf6eac0e2c008194e40657347d7931574d816764","isMergeCommit":true,"messageTitle":"Merge pull request #87 from GCheeYang/add-role-field","messageBody":"Update test cases for Role field and search functionality","fileTypesAndContributionMap":{}},{"hash":"e7aaaacd98b1a582c5efdfbc7ca943f3c4b42394","isMergeCommit":true,"messageTitle":"Merge pull request #90 from sherwinee/export-to-csv","messageBody":"Update csv exports to contain Role field","fileTypesAndContributionMap":{}},{"hash":"1e5b9d9895ae70761d188d262ed5aa665fa56114","isMergeCommit":true,"messageTitle":"Merge pull request #92 from sherwinee/export-to-vcf","messageBody":"Add tests for export to vcf function","fileTypesAndContributionMap":{}},{"hash":"01b720192fbd57dd05928f00cfbed2c546ba181f","isMergeCommit":true,"messageTitle":"Merge pull request #93 from GCheeYang/add-role-field","messageBody":"Fixing test cases","fileTypesAndContributionMap":{}},{"hash":"3cf7e41b0deaf27f0c75d7c30361bf63728e8ab7","isMergeCommit":true,"messageTitle":"Merge branch \u0027master\u0027 into import-vcf-feature","messageBody":"","fileTypesAndContributionMap":{}},{"hash":"5d0f39825f29f8865c6aefb6541c44cee3705474","isMergeCommit":false,"messageTitle":"Resolve checkstyle errors","messageBody":"","fileTypesAndContributionMap":{"functional-code":{"insertions":2,"deletions":1},"test-code":{"insertions":22,"deletions":24}}},{"hash":"2f90b945fce9fcf804c7fcb89fd3faa84263d7c8","isMergeCommit":false,"messageTitle":"Resolve test failures","messageBody":"","fileTypesAndContributionMap":{"test-code":{"insertions":13,"deletions":2}}},{"hash":"b9741e1903224c79757356f834bb3ab16d9888bf","isMergeCommit":false,"messageTitle":"Change version number and resolve test cases","messageBody":"","fileTypesAndContributionMap":{"functional-code":{"insertions":1,"deletions":1},"test-code":{"insertions":14,"deletions":13}}},{"hash":"086b3916c148a1b75bcfe7c01feb7e3be61ef694","isMergeCommit":false,"messageTitle":"Resolve test errors for file path temporary","messageBody":"","fileTypesAndContributionMap":{"test-code":{"insertions":61,"deletions":4}}},{"hash":"4a386d21dd6ef87151c7cc6d6329a77387945df3","isMergeCommit":true,"messageTitle":"Merge branch \u0027master\u0027 into import-vcf-feature","messageBody":"","fileTypesAndContributionMap":{}},{"hash":"6cc8eda1faa00066944cb2db8846df8d19404b42","isMergeCommit":false,"messageTitle":"Update sample data for last contacted field","messageBody":"","fileTypesAndContributionMap":{"functional-code":{"insertions":6,"deletions":7}}}]},{"date":"2025-04-01T00:00:00","commitResults":[{"hash":"c6673aace470beeeae81603d28c47d7c83f5ff99","isMergeCommit":false,"messageTitle":"Fix alpha bugs","messageBody":"","fileTypesAndContributionMap":{"functional-code":{"insertions":30,"deletions":16}}}]},{"date":"2025-04-02T00:00:00","commitResults":[{"hash":"c5d4e59a29ceb23ee019559dd97b6f89ab9c561c","isMergeCommit":false,"messageTitle":"Fix alpha bugs","messageBody":"","fileTypesAndContributionMap":{"functional-code":{"insertions":153,"deletions":60},"test-code":{"insertions":106,"deletions":39}}}]},{"date":"2025-04-03T00:00:00","commitResults":[{"hash":"d00245dec4c6569c01e4b315698c361f7ac09d93","isMergeCommit":false,"messageTitle":"Fix alpha bugs","messageBody":"","fileTypesAndContributionMap":{"functional-code":{"insertions":30,"deletions":16}}},{"hash":"d7a0affb496925ef66770a82b57d550dc9092c49","isMergeCommit":false,"messageTitle":"Fix alpha bugs","messageBody":"","fileTypesAndContributionMap":{"functional-code":{"insertions":153,"deletions":60},"test-code":{"insertions":106,"deletions":39}}},{"hash":"630a66a0ca42a3821785c4c6980a69e9c076641a","isMergeCommit":false,"messageTitle":"Update references from address book to listify","messageBody":"","fileTypesAndContributionMap":{"functional-code":{"insertions":2,"deletions":2},"other":{"insertions":2,"deletions":2},"docs":{"insertions":12,"deletions":12}}},{"hash":"6e4e0a5f39ddb4c7e8583c71922c72e60550ca84","isMergeCommit":false,"messageTitle":"Update about us page","messageBody":"","fileTypesAndContributionMap":{"docs":{"insertions":13,"deletions":8}}},{"hash":"f94fa81d510201aa7b3f603f57fadcdfdc8cef02","isMergeCommit":false,"messageTitle":"Remove tutorial links as we do not have tutorials","messageBody":"","fileTypesAndContributionMap":{"docs":{"insertions":0,"deletions":4}}},{"hash":"54fe5f40e1defbfbec159f706ba27a86b11b33cf","isMergeCommit":false,"messageTitle":"Update diagram","messageBody":"","fileTypesAndContributionMap":{"docs":{"insertions":107,"deletions":1}}},{"hash":"fc25240f749ae55598b9e3c7323052282b15b4ef","isMergeCommit":false,"messageTitle":"Revert back to master","messageBody":"","fileTypesAndContributionMap":{"functional-code":{"insertions":67,"deletions":180},"test-code":{"insertions":43,"deletions":112}}},{"hash":"71470616c8a600288fb36282e4258b961818130f","isMergeCommit":false,"messageTitle":"Revert import command parser test back to master","messageBody":"","fileTypesAndContributionMap":{"test-code":{"insertions":3,"deletions":4}}},{"hash":"469a901e927b4b29fdb111d8421c684ff06f6e96","isMergeCommit":false,"messageTitle":"Update developer guide to include import command feature","messageBody":"","fileTypesAndContributionMap":{"docs":{"insertions":74,"deletions":0}}},{"hash":"10f13fe9ff1609d93b0f522e5bcf86a0f6a03398","isMergeCommit":false,"messageTitle":"Update use cases for import from csv and vcf format","messageBody":"","fileTypesAndContributionMap":{"docs":{"insertions":79,"deletions":9}}},{"hash":"e9ee8997de5f330d94752d6c5f657befe52fb56d","isMergeCommit":false,"messageTitle":"Update user guide to include import command","messageBody":"","fileTypesAndContributionMap":{"docs":{"insertions":39,"deletions":0}}},{"hash":"0102a4b0d98e4a7a72ef3525a392a0b363344b17","isMergeCommit":false,"messageTitle":"Update user guide import command vcf format and command summary","messageBody":"","fileTypesAndContributionMap":{"docs":{"insertions":3,"deletions":2}}},{"hash":"61f5f95862b7cfb21a698ca36b9183cfe842448d","isMergeCommit":false,"messageTitle":"Update vcf parsing to display error message for all contacts","messageBody":"","fileTypesAndContributionMap":{"functional-code":{"insertions":101,"deletions":18}}},{"hash":"237d0ecf2761ad30f0505aaa8ac008422f49ca47","isMergeCommit":false,"messageTitle":"Resolve import vcf to continue even when errors are encountered","messageBody":"","fileTypesAndContributionMap":{"functional-code":{"insertions":32,"deletions":5}}},{"hash":"790a37d07e8a72115ee51b0ddc524cd844840e17","isMergeCommit":false,"messageTitle":"Update import vcf to display concise error message","messageBody":"","fileTypesAndContributionMap":{"functional-code":{"insertions":8,"deletions":8}}},{"hash":"e881bcfdfe7d35adbd295eed8db58f82435b619e","isMergeCommit":false,"messageTitle":"Update ug dg and diagram","messageBody":"","fileTypesAndContributionMap":{"docs":{"insertions":150,"deletions":100}}},{"hash":"9d0f7ea369911235e4420c8ec895aebbb41d06c2","isMergeCommit":false,"messageTitle":"Refine error message for empty file","messageBody":"","fileTypesAndContributionMap":{"functional-code":{"insertions":2,"deletions":1}}},{"hash":"435330eb4215bfda157f0a9cc722ebd694e271cf","isMergeCommit":false,"messageTitle":"Add user stories into developer guide","messageBody":"","fileTypesAndContributionMap":{"docs":{"insertions":52,"deletions":27}}},{"hash":"4864536b86b79dd8c54760293695e10a9834eb79","isMergeCommit":false,"messageTitle":"Update vcf parser class and test","messageBody":"","fileTypesAndContributionMap":{"functional-code":{"insertions":3,"deletions":3},"test-code":{"insertions":97,"deletions":65}}},{"hash":"0b75f137be10f9c48a3c4ed88a2a9bc54fa37261","isMergeCommit":false,"messageTitle":"Remove archiving data files description","messageBody":"","fileTypesAndContributionMap":{"docs":{"insertions":30,"deletions":35}}},{"hash":"fd42119cc22b09000c26f096dd71a32a52022841","isMergeCommit":true,"messageTitle":"Merge pull request #125 from sherwinee/fix-export-bugs","messageBody":"Validate export filename and improve messages","fileTypesAndContributionMap":{}},{"hash":"8f954bcee5173a29d844bc1449f0477f10774209","isMergeCommit":false,"messageTitle":"Resolve checkstyle issues","messageBody":"","fileTypesAndContributionMap":{"functional-code":{"insertions":7,"deletions":7},"docs":{"insertions":22,"deletions":22},"test-code":{"insertions":6,"deletions":6}}},{"hash":"da517e5523e4161561185c1aff700f0a127cd6a6","isMergeCommit":true,"messageTitle":"Merge branch \u0027master\u0027 into cosmetic-issues","messageBody":"","fileTypesAndContributionMap":{}},{"hash":"5490904594e468ab72e64c544010643f634ce124","isMergeCommit":true,"messageTitle":"Merge pull request #139 from Inquisitivrx/fix-contact-bugs","messageBody":"Improve contact error message","fileTypesAndContributionMap":{}},{"hash":"63fecffe594e7df0d43eb0c11cccd2a93210e819","isMergeCommit":true,"messageTitle":"Merge branch \u0027master\u0027 into fix-int-overflow","messageBody":"","fileTypesAndContributionMap":{}},{"hash":"4a78b169f183e4ca273cc652d86e9696e02bbb93","isMergeCommit":true,"messageTitle":"Merge pull request #148 from sherwinee/fix-int-overflow","messageBody":"Improve handling of index integer overflow","fileTypesAndContributionMap":{}},{"hash":"db6522c88c23cd89f2ee4388775a74a8c9db3673","isMergeCommit":true,"messageTitle":"Merge branch \u0027master\u0027 into update-sort-UG-DG","messageBody":"","fileTypesAndContributionMap":{}},{"hash":"1a3f0525e58581135e845937025ac30406423c49","isMergeCommit":true,"messageTitle":"Merge pull request #150 from Inquisitivrx/update-sort-UG-DG","messageBody":"Update ug and dg for sort and contact","fileTypesAndContributionMap":{}},{"hash":"34af9dc593b9df0ac03c91b93d1d3680774d4d15","isMergeCommit":true,"messageTitle":"Merge branch \u0027master\u0027 into cosmetic-issues","messageBody":"","fileTypesAndContributionMap":{}},{"hash":"ab39e1e61c5b14c4c170c35732025b65d5f8542d","isMergeCommit":false,"messageTitle":"Update developer guide","messageBody":"","fileTypesAndContributionMap":{"docs":{"insertions":1,"deletions":1}}},{"hash":"ccda04139beffb58cd3606b4ea1060df59938105","isMergeCommit":false,"messageTitle":"Update import command sequence diagram","messageBody":"","fileTypesAndContributionMap":{"docs":{"insertions":3,"deletions":36}}},{"hash":"7e96f329200cbce7060074371058f8fcb66db123","isMergeCommit":true,"messageTitle":"Merge pull request #157 from Inquisitivrx/update-sort-ug","messageBody":"Update sort command UG","fileTypesAndContributionMap":{}},{"hash":"37c97240a7ad0dbdb6bac67cf33d6f060e6aee26","isMergeCommit":false,"messageTitle":"Update developer guide to include planned enhancements section","messageBody":"","fileTypesAndContributionMap":{"docs":{"insertions":19,"deletions":22}}},{"hash":"545f36025cbbc775d8e7106d78d7a05ddb988af2","isMergeCommit":false,"messageTitle":"Update vcf parsing to improve error message","messageBody":"","fileTypesAndContributionMap":{"functional-code":{"insertions":5,"deletions":4}}},{"hash":"efc95f63085d520ab6b987745685fa1a1d547c85","isMergeCommit":true,"messageTitle":"Merge branch \u0027master\u0027 into dg-feature-enhancements","messageBody":"","fileTypesAndContributionMap":{}},{"hash":"6fb7f2b674e0f4e6853a2c98f0c62310d241d8a4","isMergeCommit":true,"messageTitle":"Merge pull request #131 from kea-S/bug-findcommand-commandformat","messageBody":"Update FindCommand Format","fileTypesAndContributionMap":{}}]},{"date":"2025-04-04T00:00:00","commitResults":[{"hash":"dbe40be73f20f7fd0a45d5a740bc10bf05b17a67","isMergeCommit":true,"messageTitle":"Merge pull request #166 from sherwinee/update-docs-151","messageBody":"Update UG with Duplicate Detection Information","fileTypesAndContributionMap":{}},{"hash":"12db5b656661d832cb397b376a52dfc226940f9f","isMergeCommit":true,"messageTitle":"Merge pull request #168 from GCheeYang/DG-guide","messageBody":"update DG","fileTypesAndContributionMap":{}}]}],"GCheeYang":[{"date":"2025-03-05T00:00:00","commitResults":[{"hash":"83a190e4f802b31aafc1fcca73ea60b90a53d671","isMergeCommit":false,"messageTitle":"add Chee Yang Photo","messageBody":"","fileTypesAndContributionMap":{"functional-code":{"insertions":1,"deletions":0}}},{"hash":"f46330db8db5cd8591de120baf57195710c5652f","isMergeCommit":false,"messageTitle":"docs: update project description in README.md","messageBody":"","fileTypesAndContributionMap":{"docs":{"insertions":12,"deletions":12}}},{"hash":"521149c5039c1226636fa30ba3210e1459b3462c","isMergeCommit":false,"messageTitle":"docs: update project description in README.md","messageBody":"","fileTypesAndContributionMap":{"docs":{"insertions":1,"deletions":1}}}]},{"date":"2025-03-07T00:00:00","commitResults":[{"hash":"98382c6194a58dea3d59c1115244a0326c95b587","isMergeCommit":false,"messageTitle":"add photo 2","messageBody":"","fileTypesAndContributionMap":{"functional-code":{"insertions":1,"deletions":1}}},{"hash":"7a8c4b116bea91c456a869712ef0b5671b1ef8d4","isMergeCommit":false,"messageTitle":"add photo 3","messageBody":"","fileTypesAndContributionMap":{"docs":{"insertions":1,"deletions":1}}},{"hash":"71d44a9bfe2376ac5253e1c09d2a8ce6f22f86a0","isMergeCommit":false,"messageTitle":"add photo 3","messageBody":"","fileTypesAndContributionMap":{"docs":{"insertions":1,"deletions":1}}}]},{"date":"2025-03-11T00:00:00","commitResults":[{"hash":"576f940c629c8134629da687223f68a47a3960e8","isMergeCommit":false,"messageTitle":"DeveloperGuide Updates","messageBody":"","fileTypesAndContributionMap":{"docs":{"insertions":140,"deletions":3}}},{"hash":"44c868cffd92cbd22fee3506da75cf75fa245972","isMergeCommit":true,"messageTitle":"Merge pull request #28 from Parrycys/update-project-website","messageBody":"Update index page","fileTypesAndContributionMap":{}},{"hash":"e31e2c91e63fd2f64ecaa8626451f7212ba50bae","isMergeCommit":false,"messageTitle":"DeveloperGuide Product Scope change","messageBody":"","fileTypesAndContributionMap":{"docs":{"insertions":1,"deletions":0}}},{"hash":"e912ec839fc69a6af74c22edffb4331be0dc5b69","isMergeCommit":true,"messageTitle":"Merge pull request #30 from GCheeYang/update-DeveloperGuide-UseCase","messageBody":"DeveloperGuide Product Scope change","fileTypesAndContributionMap":{}}]},{"date":"2025-03-13T00:00:00","commitResults":[{"hash":"bfbdca3bfad3da8b0ac496521ae09b0d4845a4ef","isMergeCommit":false,"messageTitle":"Creating Phone Number Predicate","messageBody":"","fileTypesAndContributionMap":{"functional-code":{"insertions":41,"deletions":0}}}]},{"date":"2025-03-18T00:00:00","commitResults":[{"hash":"40f05bf6e56f866bbc746a526d919894dca530a0","isMergeCommit":false,"messageTitle":"Find command by phone number","messageBody":"","fileTypesAndContributionMap":{"functional-code":{"insertions":39,"deletions":7}}}]},{"date":"2025-03-21T00:00:00","commitResults":[{"hash":"3123d656d63ceb604c46e8c1d5410f2b8b4a19f3","isMergeCommit":false,"messageTitle":"Add test cases for PhoneNumberContainsKeywordsPredicate","messageBody":"- Added new test cases in FindCommandTest to verify phone number search functionality:\n\n- execute_singlePhoneKeyword_singlePersonFound: Tests single phone number keyword search.\n\n- Updated FindCommandTest to include preparePhonePredicate helper method\n","fileTypesAndContributionMap":{"test-code":{"insertions":44,"deletions":0}}}]},{"date":"2025-03-22T00:00:00","commitResults":[{"hash":"79269182db73e7acff2d4ac96af8e95a866fa3c7","isMergeCommit":false,"messageTitle":"Add test cases for PhoneNumberContainsKeywordsPredicate","messageBody":"- Added new test cases in FindCommandTest to verify phone number search functionality:\n\n- execute_singlePhoneKeyword_singlePersonFound: Tests single phone number keyword search.\n\n- Updated FindCommandTest to include preparePhonePredicate helper method\n","fileTypesAndContributionMap":{"test-code":{"insertions":1,"deletions":1}}},{"hash":"ad6754cc8e2a25afa93c3b696dce5b3c982afc34","isMergeCommit":false,"messageTitle":"update checkstyle erros","messageBody":"","fileTypesAndContributionMap":{"test-code":{"insertions":1,"deletions":1}}}]},{"date":"2025-03-25T00:00:00","commitResults":[{"hash":"d51f7ae43c7d8d9e8fa1a030fda7a345cdde3e11","isMergeCommit":true,"messageTitle":"Merge branch \u0027AY2425S2-CS2103-F09-3:master\u0027 into master","messageBody":"","fileTypesAndContributionMap":{}},{"hash":"8f2380454340154a0005361412f9de88bd1de5b3","isMergeCommit":false,"messageTitle":"Add Role field to Person class and related components","messageBody":"- Added Role as a mandatory field in the Person class\n- Updated SampleDataUtil to include roles for all sample contacts\n- Modified PersonCard UI to display the role field\n- Updated storage (JsonAdaptedPerson) to serialize/deserialize role\n- Adjusted tests to accommodate the new role field\n\nThis change ensures each contact now has a role attribute (e.g., \"Student\", \"Colleague\").\n","fileTypesAndContributionMap":{"functional-code":{"insertions":154,"deletions":17},"test-code":{"insertions":10,"deletions":9}}},{"hash":"0b1ed605fb11c1d618f4125c7e3adf59ffd6de60","isMergeCommit":false,"messageTitle":"Creating a seperate branch for role field","messageBody":"","fileTypesAndContributionMap":{"functional-code":{"insertions":1,"deletions":1}}},{"hash":"b4aae7db38bc8d1f10cfc707d30d57f919d1aef9","isMergeCommit":false,"messageTitle":"Fix CheckStyle violations across codebase","messageBody":"","fileTypesAndContributionMap":{"functional-code":{"insertions":4,"deletions":3}}},{"hash":"506582dd205a1d2027cd4dde539082b778146479","isMergeCommit":false,"messageTitle":"Fix CheckStyle violations across codebase","messageBody":"","fileTypesAndContributionMap":{"functional-code":{"insertions":3,"deletions":1},"test-code":{"insertions":11,"deletions":1}}},{"hash":"82153a1ab0f0e8287cb38c86e5d367a6c33665b2","isMergeCommit":false,"messageTitle":"Fix CheckStyle violations across codebase","messageBody":"","fileTypesAndContributionMap":{"test-code":{"insertions":12,"deletions":5}}},{"hash":"2a54abe13a77b7ba2c3ddd93ab58b4bdeb6d5c1e","isMergeCommit":false,"messageTitle":"Update EditCommand to handle new fields and improve validation","messageBody":"- Enhanced EditCommand to support editing of all Person fields including Role\n- Added proper validation for Role field in EditCommandParser\n","fileTypesAndContributionMap":{"functional-code":{"insertions":8,"deletions":3}}},{"hash":"20d274b1a4256fa63d18cd7c96700993df62e953","isMergeCommit":true,"messageTitle":"Merge branch \u0027AY2425S2-CS2103-F09-3:master\u0027 into master","messageBody":"","fileTypesAndContributionMap":{}}]},{"date":"2025-03-26T00:00:00","commitResults":[{"hash":"3fac90cbb7c71cb93d4e6fecf38457eb223f9e52","isMergeCommit":false,"messageTitle":"Update test cases for Role field and search functionality","messageBody":"- Added test cases for Role field in PersonTest\n- Enhanced FindCommandParserTest with role search tests\n- Updated FindCommandTest for role-based search\n- Added missing test cases for phone and role predicates\n","fileTypesAndContributionMap":{"functional-code":{"insertions":68,"deletions":7},"test-code":{"insertions":206,"deletions":10}}},{"hash":"4d4efa2e489b8ed5d49cfb0cf9931a76318759e3","isMergeCommit":true,"messageTitle":"Merge branch \u0027master\u0027 into add-role-field","messageBody":"","fileTypesAndContributionMap":{}},{"hash":"e38f92a59512050ee2ba407a1d93f2c818b5df81","isMergeCommit":true,"messageTitle":"Merge pull request #82 from sherwinee/export-to-vcf","messageBody":"Add support for export to vcf files","fileTypesAndContributionMap":{}}]},{"date":"2025-03-27T00:00:00","commitResults":[{"hash":"a9f27f195f97faebbeb16c53638e7135f8af3d67","isMergeCommit":true,"messageTitle":"Merge branch \u0027AY2425S2-CS2103-F09-3:master\u0027 into master","messageBody":"","fileTypesAndContributionMap":{}},{"hash":"44c9c6843b509263b531558220f5def16b6721ec","isMergeCommit":false,"messageTitle":"Fixing test cases","messageBody":"","fileTypesAndContributionMap":{"test-code":{"insertions":79,"deletions":30}}}]},{"date":"2025-04-01T00:00:00","commitResults":[{"hash":"eda6377b8f9e4b4bebb910c9245c51e6a9e64978","isMergeCommit":true,"messageTitle":"Merge branch \u0027AY2425S2-CS2103-F09-3:master\u0027 into master","messageBody":"","fileTypesAndContributionMap":{}}]},{"date":"2025-04-02T00:00:00","commitResults":[{"hash":"f1e6e65f685321995166e0794ae164c3ced9c098","isMergeCommit":false,"messageTitle":"Bug fix #111 Bug fix #113","messageBody":"","fileTypesAndContributionMap":{"functional-code":{"insertions":2,"deletions":2}}},{"hash":"462cf214850e0038efea437d079438874b6f8f9f","isMergeCommit":false,"messageTitle":"Bug fix #114","messageBody":"","fileTypesAndContributionMap":{"functional-code":{"insertions":5,"deletions":2}}}]},{"date":"2025-04-03T00:00:00","commitResults":[{"hash":"f03813daf01cd410735bf7b5317361be8a6a9f30","isMergeCommit":false,"messageTitle":"docs: Update UML diagrams","messageBody":"","fileTypesAndContributionMap":{"docs":{"insertions":4,"deletions":0}}},{"hash":"a1697a3db245251514e2b3025594324d5173d7d8","isMergeCommit":false,"messageTitle":"docs: Update UserGuide","messageBody":"","fileTypesAndContributionMap":{"docs":{"insertions":47,"deletions":7}}},{"hash":"c0edf46c1071828a47dde03d04ed18c4a46223ca","isMergeCommit":false,"messageTitle":"docs: Update UserGuide #2","messageBody":"","fileTypesAndContributionMap":{"docs":{"insertions":8,"deletions":6}}},{"hash":"6e02d80785bf846845172b962d988e7aa176ce70","isMergeCommit":true,"messageTitle":"Merge pull request #127 from Inquisitivrx/fix-sort-bugs","messageBody":"Improve sort error message","fileTypesAndContributionMap":{}},{"hash":"8b94dac2b11fb07251bc60403f52318e63f40e74","isMergeCommit":false,"messageTitle":"fix checkstyle errors","messageBody":"","fileTypesAndContributionMap":{"functional-code":{"insertions":0,"deletions":1}}},{"hash":"c73e6e1c5b8f37267030801897fa96525e85623e","isMergeCommit":false,"messageTitle":"fix checkstyle errors","messageBody":"","fileTypesAndContributionMap":{"test-code":{"insertions":0,"deletions":1}}},{"hash":"e2bfa159ba31d576e8f9c31262700541b995b044","isMergeCommit":false,"messageTitle":"fix checkstyle errors","messageBody":"","fileTypesAndContributionMap":{"functional-code":{"insertions":2,"deletions":3}}}]},{"date":"2025-04-04T00:00:00","commitResults":[{"hash":"ddd8b21a42528021a8e426a5e3b0bcde3ff018f4","isMergeCommit":false,"messageTitle":"update DG","messageBody":"","fileTypesAndContributionMap":{"docs":{"insertions":1,"deletions":0}}},{"hash":"1c0f12edd77932ef70d43f33d3f2b361f25178b0","isMergeCommit":false,"messageTitle":"update UG","messageBody":"","fileTypesAndContributionMap":{"docs":{"insertions":2,"deletions":1}}},{"hash":"46e1cc3775c57571d4a68bad650f866ce1fb5c0f","isMergeCommit":true,"messageTitle":"Merge pull request #170 from GCheeYang/DG-guide","messageBody":"update UG","fileTypesAndContributionMap":{}},{"hash":"51803bf6cef69437afcf9924a5f9299bb128e7ec","isMergeCommit":false,"messageTitle":"update DG","messageBody":"","fileTypesAndContributionMap":{"docs":{"insertions":0,"deletions":2}}},{"hash":"727b2c7d79cc7344279d44626e095be23f12d681","isMergeCommit":true,"messageTitle":"Merge pull request #172 from GCheeYang/DG-guide","messageBody":"update DG","tags":["v1.5.1"],"fileTypesAndContributionMap":{}}]},{"date":"2025-04-07T00:00:00","commitResults":[{"hash":"5a6ee37286f4ac4ad8ad94a2be0e005993b7caa7","isMergeCommit":false,"messageTitle":"Update UserGuide.md","messageBody":"","fileTypesAndContributionMap":{"docs":{"insertions":1,"deletions":1}}}]}],"Inquisitivrx":[{"date":"2025-03-05T00:00:00","commitResults":[{"hash":"eb2938cf7474eeac4cb3d508ea8be9f3cb93b105","isMergeCommit":false,"messageTitle":"Update AboutUs page","messageBody":"","fileTypesAndContributionMap":{"docs":{"insertions":6,"deletions":5}}}]},{"date":"2025-03-12T00:00:00","commitResults":[{"hash":"ba9b44a46ef0bf0d4a511b6b07456048b32d7bd3","isMergeCommit":true,"messageTitle":"Merge pull request #34 from Parrycys/update-project-website","messageBody":"Update README and product webpage","fileTypesAndContributionMap":{}}]},{"date":"2025-03-13T00:00:00","commitResults":[{"hash":"7793def5ffa58688e8f062ad70fc0afa6c967269","isMergeCommit":false,"messageTitle":"Implement sort contacts","messageBody":"","fileTypesAndContributionMap":{"functional-code":{"insertions":120,"deletions":3}}},{"hash":"a6362aad7af5fb210b9b0f0539673e60c0749c78","isMergeCommit":false,"messageTitle":"Fix checkstyle for sort contacts","messageBody":"","fileTypesAndContributionMap":{"functional-code":{"insertions":5,"deletions":3}}},{"hash":"d588531a68bca509a6b603662de92c2115dfbd27","isMergeCommit":false,"messageTitle":"Update Model.java","messageBody":"","fileTypesAndContributionMap":{"functional-code":{"insertions":1,"deletions":1}}},{"hash":"4ded0fedbf6715a122b9f6e3bf81cfe65410a1ec","isMergeCommit":false,"messageTitle":"Update AddCommandTest.java","messageBody":"","fileTypesAndContributionMap":{"test-code":{"insertions":6,"deletions":0}}}]},{"date":"2025-03-19T00:00:00","commitResults":[{"hash":"2641a5116d46c28c1dee0898024bff1ccbd0dc8e","isMergeCommit":false,"messageTitle":"Add unit test case for sort contacts","messageBody":"","fileTypesAndContributionMap":{"test-code":{"insertions":205,"deletions":0}}},{"hash":"1e886d19ea636ebfcf48aade6f1d621a82782037","isMergeCommit":false,"messageTitle":"Fix AddressBookParser check style","messageBody":"","fileTypesAndContributionMap":{"functional-code":{"insertions":22,"deletions":22}}},{"hash":"9b1a295a71af33b7fceed54cac9cd381d464ff33","isMergeCommit":false,"messageTitle":"Revert \"Fix AddressBookParser check style\"","messageBody":"This reverts commit 1e886d19ea636ebfcf48aade6f1d621a82782037.\n","fileTypesAndContributionMap":{"functional-code":{"insertions":22,"deletions":22}}},{"hash":"654a03097d4bd10724f0515f3db9ca2b51e97ccc","isMergeCommit":true,"messageTitle":"Merge pull request #51 from kea-S/feature-filter-by-tag","messageBody":"Add Filter Functionality using different class","tags":["v1.3","MVP"],"fileTypesAndContributionMap":{}}]},{"date":"2025-03-21T00:00:00","commitResults":[{"hash":"7800f94d78c9aa5530233f62d1bf0855b4f99d84","isMergeCommit":false,"messageTitle":"FIx checkstyle issue for sort command","messageBody":"","fileTypesAndContributionMap":{"test-code":{"insertions":11,"deletions":10}}},{"hash":"eb2792744511792624ed4274d382798af82ce296","isMergeCommit":true,"messageTitle":"Merge pull request #69 from sherwinee/fix-checkstyle-210325","messageBody":"Fix checkstyle","fileTypesAndContributionMap":{}}]},{"date":"2025-03-26T00:00:00","commitResults":[{"hash":"3c1e459e711afd507d5dc42feadb429772d65ded","isMergeCommit":false,"messageTitle":"Implement last contacted feature","messageBody":"","fileTypesAndContributionMap":{"functional-code":{"insertions":189,"deletions":29},"test-code":{"insertions":75,"deletions":12}}},{"hash":"183adc48a10c4bb39daa9bbf9f7ebc55cf833b21","isMergeCommit":false,"messageTitle":"Add unit test case for contact command","messageBody":"","fileTypesAndContributionMap":{"functional-code":{"insertions":0,"deletions":1},"test-code":{"insertions":123,"deletions":5}}},{"hash":"7dd4f2e9f4018b0e4366fc11638121c1e3b537ed","isMergeCommit":true,"messageTitle":"Merge branch \u0027add-last-contacted\u0027","messageBody":"","fileTypesAndContributionMap":{}},{"hash":"3fc36596a0f4ebec2ae43bec0b497b1dc57ba163","isMergeCommit":false,"messageTitle":"Resolve merge conflict","messageBody":"","fileTypesAndContributionMap":{"functional-code":{"insertions":13,"deletions":16}}},{"hash":"aa2d620863d8d3865fce2f8e7cdaebc5b64d218e","isMergeCommit":false,"messageTitle":"Fix checkstyle issues","messageBody":"","fileTypesAndContributionMap":{"functional-code":{"insertions":4,"deletions":4},"test-code":{"insertions":16,"deletions":16}}}]},{"date":"2025-03-27T00:00:00","commitResults":[{"hash":"9a4713449dede463cf0d0045d3e139927bd93a0c","isMergeCommit":true,"messageTitle":"Merge pull request #84 from Parrycys/import-vcf-feature","messageBody":"Implement import to vcf feature","fileTypesAndContributionMap":{}}]},{"date":"2025-04-02T00:00:00","commitResults":[{"hash":"6bf9da2cbe88cdc14bbc3a5b4cbef1a8cde97b5d","isMergeCommit":false,"messageTitle":"Improve sort error message","messageBody":"","fileTypesAndContributionMap":{"functional-code":{"insertions":12,"deletions":3},"test-code":{"insertions":6,"deletions":5}}},{"hash":"3a7215dca10baa9937d2dbbf792ca16d3f7fbfe1","isMergeCommit":false,"messageTitle":"Improve code coverage for sort function","messageBody":"","fileTypesAndContributionMap":{"functional-code":{"insertions":11,"deletions":0},"test-code":{"insertions":12,"deletions":0}}},{"hash":"6c82e477578390cff53a56502fd4680df4f41a2e","isMergeCommit":false,"messageTitle":"Update SortCommandTest.java","messageBody":"","fileTypesAndContributionMap":{"test-code":{"insertions":34,"deletions":0}}}]},{"date":"2025-04-03T00:00:00","commitResults":[{"hash":"f1817dd01ab39423638da6b97c26f6b88a055fbc","isMergeCommit":false,"messageTitle":"Improve contact error message","messageBody":"","fileTypesAndContributionMap":{"functional-code":{"insertions":3,"deletions":1},"test-code":{"insertions":27,"deletions":0}}},{"hash":"fae58b04adeb7750756e2706dde096758a6d990d","isMergeCommit":false,"messageTitle":"Update ug and dg for sort and contact","messageBody":"","fileTypesAndContributionMap":{"docs":{"insertions":141,"deletions":0}}},{"hash":"1b51407a9a0508c7bb3320289647e3abed0cc713","isMergeCommit":false,"messageTitle":"Fix checkstyle issue","messageBody":"","fileTypesAndContributionMap":{"docs":{"insertions":2,"deletions":2}}},{"hash":"dcd1466273a9177efaf34960ba17bcacaf010ca7","isMergeCommit":true,"messageTitle":"Merge pull request #136 from sherwinee/add-defensive-export","messageBody":"Add defensive code and logging for export feature","fileTypesAndContributionMap":{}},{"hash":"249c04ea1760cf6f7e755107730269c70870bbb7","isMergeCommit":true,"messageTitle":"Merge pull request #151 from sherwinee/update-dg-uml","messageBody":"Update DG and UG for export","fileTypesAndContributionMap":{}},{"hash":"d34ebc4639ca70a241183eb25e04ef83f92b5e4e","isMergeCommit":false,"messageTitle":"Update sort command UG","messageBody":"","fileTypesAndContributionMap":{"docs":{"insertions":22,"deletions":21}}},{"hash":"1679d65166d84a5b437a57611f9b51181073c7c1","isMergeCommit":false,"messageTitle":"Update seq diagram for sort and contact","messageBody":"","fileTypesAndContributionMap":{"docs":{"insertions":49,"deletions":37}}}]}],"kea-S":[{"date":"2025-03-06T00:00:00","commitResults":[{"hash":"18eca7aac394e8d4094763ad86d800be206e79a0","isMergeCommit":false,"messageTitle":"Update AboutUs page - Kea","messageBody":"","fileTypesAndContributionMap":{"docs":{"insertions":0,"deletions":0}}},{"hash":"adb42faa4756c676df69d5b8212c62989c5e9f68","isMergeCommit":false,"messageTitle":"Update AboutUs page - Kea","messageBody":"","fileTypesAndContributionMap":{"docs":{"insertions":7,"deletions":6}}},{"hash":"b833dbedd18508441030be65f2141de4968974e1","isMergeCommit":true,"messageTitle":"Merge pull request #5 from sherwinee/branch-update-aboutus","messageBody":"Update AboutUs - Sherwin","fileTypesAndContributionMap":{}},{"hash":"3ec6ed74f95dbf085470891e192b4d90ae96e18d","isMergeCommit":true,"messageTitle":"Merge pull request #9 from Parrycys/branch-update-aboutus","messageBody":"Update AboutUs page - Parry","fileTypesAndContributionMap":{}},{"hash":"c93da87aa15cd6963bcbdde20fa4e2e73e6a19ff","isMergeCommit":true,"messageTitle":"Merge branch \u0027master\u0027 into add-kea-info","messageBody":"","fileTypesAndContributionMap":{}},{"hash":"293a8fe4e60ecfae70a69b7484126ac2f3dd925a","isMergeCommit":true,"messageTitle":"Merge pull request #18 from kea-S/add-kea-info","messageBody":"Update AboutUs page - Kea","fileTypesAndContributionMap":{}},{"hash":"a7c306ca3ada134d5895225748c0709e2cd8cc8e","isMergeCommit":true,"messageTitle":"Merge branch \u0027master\u0027 into update-AboutUs-Chee-Yang","messageBody":"","fileTypesAndContributionMap":{}},{"hash":"16799cc1366f1dbd38f5d5e81082000fad8eaca6","isMergeCommit":true,"messageTitle":"Merge pull request #16 from GCheeYang/update-AboutUs-Chee-Yang","messageBody":"Update AboutUs chee yang","fileTypesAndContributionMap":{}},{"hash":"1df1c9077e085967c66f7bf8b477d69650695985","isMergeCommit":true,"messageTitle":"Merge branch \u0027master\u0027 into branch-update-aboutus","messageBody":"","fileTypesAndContributionMap":{}},{"hash":"9ae555fa760aaea0e08c85dc49457137c6f8d38e","isMergeCommit":true,"messageTitle":"Merge pull request #11 from Inquisitivrx/branch-update-aboutus","messageBody":"Update AboutUs page - Galven","fileTypesAndContributionMap":{}}]},{"date":"2025-03-11T00:00:00","commitResults":[{"hash":"218659766b7f3384b5771642cd22a86fd797c3ff","isMergeCommit":false,"messageTitle":"Add more definitions to glossary","messageBody":"","fileTypesAndContributionMap":{"docs":{"insertions":5,"deletions":0}}},{"hash":"695c4b09daae125005b9cb3ceb5eca8372c56d77","isMergeCommit":true,"messageTitle":"Merge pull request #26 from kea-S/add-more-glossary","messageBody":"Add more definitions to glossary","fileTypesAndContributionMap":{}}]},{"date":"2025-03-13T00:00:00","commitResults":[{"hash":"840ccf0194601c79ccaf8fd8cadea50a58063110","isMergeCommit":false,"messageTitle":"Add TagsPredicate class and FilterTags class","messageBody":"","fileTypesAndContributionMap":{"functional-code":{"insertions":104,"deletions":1},"other":{"insertions":580,"deletions":0}}},{"hash":"788f617e3d23e3e858001bac855f7b2bc05007a3","isMergeCommit":false,"messageTitle":"Update TagsContainKeywordsPredicate class","messageBody":"","fileTypesAndContributionMap":{"functional-code":{"insertions":4,"deletions":4}}},{"hash":"28c4afcd5b28960f7106fbead0271fd09d58b861","isMergeCommit":true,"messageTitle":"Merge pull request #37 from Inquisitivrx/add-sort-contacts","messageBody":"Implement sort contacts","fileTypesAndContributionMap":{}},{"hash":"d1e87fa1a07640b0e93dcb85740c6d0579995486","isMergeCommit":true,"messageTitle":"Merge pull request #39 from GCheeYang/find-number-command","messageBody":"Implement Find command by number","fileTypesAndContributionMap":{}}]},{"date":"2025-03-15T00:00:00","commitResults":[{"hash":"aada6c529aed7d8604f0329ca27ef6d1caf82112","isMergeCommit":false,"messageTitle":"Add Filter Functionality using different class","messageBody":"","fileTypesAndContributionMap":{"functional-code":{"insertions":116,"deletions":67}}}]},{"date":"2025-03-17T00:00:00","commitResults":[{"hash":"10996b4eef2b3e1835de2447cc2cf444f29a87af","isMergeCommit":false,"messageTitle":"Change StringUtil.containsWord to .contains","messageBody":"","fileTypesAndContributionMap":{"functional-code":{"insertions":2,"deletions":3},"test-code":{"insertions":0,"deletions":0}}},{"hash":"78692abecbc2bf18b5a31c95be0a760fabc3f5b3","isMergeCommit":false,"messageTitle":"Incorporate filter tags into find command","messageBody":"","fileTypesAndContributionMap":{"functional-code":{"insertions":44,"deletions":106}}}]},{"date":"2025-03-19T00:00:00","commitResults":[{"hash":"735e7c5fdc0c824cb8200dbbeeefb5a5e1322792","isMergeCommit":true,"messageTitle":"Merge pull request #56 from GCheeYang/find-number-command","messageBody":"Find command by phone number","fileTypesAndContributionMap":{}},{"hash":"90a390d80f793f5ef28bb39f492e0bebd4f183f4","isMergeCommit":false,"messageTitle":"Make test cases for findCommand","messageBody":"","fileTypesAndContributionMap":{"functional-code":{"insertions":20,"deletions":4},"test-code":{"insertions":106,"deletions":20}}},{"hash":"1665cdcf23d3fc121902dfac559826352de95199","isMergeCommit":true,"messageTitle":"Merge phone number functionality","messageBody":"","fileTypesAndContributionMap":{}}]},{"date":"2025-03-20T00:00:00","commitResults":[{"hash":"e0ccc295a9716eeedb7c83b6c7ed4172f2b00500","isMergeCommit":false,"messageTitle":"Attempt to fix path error","messageBody":"","fileTypesAndContributionMap":{"functional-code":{"insertions":40,"deletions":23},"test-code":{"insertions":39,"deletions":145}}},{"hash":"bb90000997dd3443290aec57c7a68e12db9535c3","isMergeCommit":false,"messageTitle":"Fix checkstyle","messageBody":"","fileTypesAndContributionMap":{"test-code":{"insertions":128,"deletions":23}}},{"hash":"bfed1b2b35eae2ad66a591e1b5262654d19659bb","isMergeCommit":false,"messageTitle":"Fix trailing white space","messageBody":"","fileTypesAndContributionMap":{"functional-code":{"insertions":1,"deletions":2},"test-code":{"insertions":4,"deletions":1}}}]},{"date":"2025-03-21T00:00:00","commitResults":[{"hash":"5c67a59926eeb4d24df6faf12b837e433a762477","isMergeCommit":false,"messageTitle":"Fix message usage","messageBody":"","fileTypesAndContributionMap":{"functional-code":{"insertions":50,"deletions":49},"test-code":{"insertions":11,"deletions":11}}},{"hash":"c05af976f18c81e5d8403878038c843b2268a8e8","isMergeCommit":true,"messageTitle":"Fix merge conflict","messageBody":"","fileTypesAndContributionMap":{}},{"hash":"d247ab9075628ea113d388e2279c6404c658b0fc","isMergeCommit":false,"messageTitle":"Fix checkstyle errors in tests","messageBody":"","fileTypesAndContributionMap":{"functional-code":{"insertions":5,"deletions":3},"test-code":{"insertions":4,"deletions":2}}},{"hash":"b1db2ee00395b84cdede8b415573e50d0f716c0d","isMergeCommit":false,"messageTitle":"Edit NameContainsPredicate to allow for incomplete names","messageBody":"","fileTypesAndContributionMap":{"functional-code":{"insertions":2,"deletions":3},"test-code":{"insertions":0,"deletions":1}}},{"hash":"41fa3fa66ca19852b6587b171b31953b936db780","isMergeCommit":false,"messageTitle":"Fix checkstyle","messageBody":"","fileTypesAndContributionMap":{"functional-code":{"insertions":2,"deletions":1}}}]},{"date":"2025-03-25T00:00:00","commitResults":[{"hash":"f7bef79e01d6b7114cb06120e506e4e2723bf83a","isMergeCommit":true,"messageTitle":"Merge pull request #74 from GCheeYang/find-number-test","messageBody":"Find number test","fileTypesAndContributionMap":{}},{"hash":"5adae9ad4a0d3212cfd31801be0c1e76fa0b75dd","isMergeCommit":false,"messageTitle":"Add DeleteAllCommand class","messageBody":"","fileTypesAndContributionMap":{"functional-code":{"insertions":90,"deletions":0}}}]},{"date":"2025-03-26T00:00:00","commitResults":[{"hash":"d259914fc1b598422acda4103bcb2aaed2cf7a06","isMergeCommit":false,"messageTitle":"Added DeleteAllCommandTest.java and pass cases","messageBody":"","fileTypesAndContributionMap":{"test-code":{"insertions":95,"deletions":0}}},{"hash":"c7b164f937e7947480b0a00a54a1d2b70f8f171e","isMergeCommit":false,"messageTitle":"Fix checkstyle","messageBody":"","fileTypesAndContributionMap":{"test-code":{"insertions":1,"deletions":1}}},{"hash":"489783e99c3f5a28baed781b9e13a133b5738faf","isMergeCommit":false,"messageTitle":"Fix more checkstyle","messageBody":"","fileTypesAndContributionMap":{"test-code":{"insertions":2,"deletions":2}}},{"hash":"966e7f02fedbc9404168a8656495c206650ea4e1","isMergeCommit":false,"messageTitle":"Add DeleteAllCommandParser class","messageBody":"","fileTypesAndContributionMap":{"functional-code":{"insertions":38,"deletions":2}}},{"hash":"96c927e70edd01de403be8cbe325c5aefb064565","isMergeCommit":false,"messageTitle":"Add DeleteAllCommandParserTest.java","messageBody":"","fileTypesAndContributionMap":{"functional-code":{"insertions":1,"deletions":6},"test-code":{"insertions":40,"deletions":0}}},{"hash":"188efcfc7816d49c15b0bb3343ee98dd1ffc9683","isMergeCommit":false,"messageTitle":"Change all DeleteAllX to DeleteAllWithTagX for intuitivity","messageBody":"","fileTypesAndContributionMap":{"functional-code":{"insertions":3,"deletions":3},"other":{"insertions":26,"deletions":26},"test-code":{"insertions":4,"deletions":3}}}]},{"date":"2025-03-27T00:00:00","commitResults":[{"hash":"bf29f36c3dabad9f53d5047d826347bb96e9bd1e","isMergeCommit":true,"messageTitle":"Fix merge conflicts","messageBody":"","fileTypesAndContributionMap":{}},{"hash":"a62f530573e5926f8dbc9037cc7106b62be7d059","isMergeCommit":false,"messageTitle":"Passed DeleteAllWithTagTest cases","messageBody":"","fileTypesAndContributionMap":{"functional-code":{"insertions":57,"deletions":5},"test-code":{"insertions":15,"deletions":24}}},{"hash":"f58fc7a170eb9761b58a4ff727e04747787942f6","isMergeCommit":true,"messageTitle":"Merge pull request #96 from Parrycys/import-vcf-feature","messageBody":"Fix checkstyle errors and test case issues","fileTypesAndContributionMap":{}},{"hash":"b7172045c581926b383592c65708380b3921734c","isMergeCommit":true,"messageTitle":"Merge pull request #103 from Parrycys/import-vcf-feature","messageBody":"Update sample data for last contacted field","tags":["v1.4"],"fileTypesAndContributionMap":{}}]},{"date":"2025-04-02T00:00:00","commitResults":[{"hash":"f61b61138da9edaf5fa1e8c9ca6efe57bf7a1a91","isMergeCommit":false,"messageTitle":"Add validation checks for name, role, tag input","messageBody":"","fileTypesAndContributionMap":{"functional-code":{"insertions":27,"deletions":0}}},{"hash":"a2237e28fe00275cb5bb1212cbf3caff45df4dbb","isMergeCommit":false,"messageTitle":"Fix checkstyle violations","messageBody":"","fileTypesAndContributionMap":{"functional-code":{"insertions":2,"deletions":2}}},{"hash":"f835e21dbf1a8cea93c849ef6035f8cdfbde8479","isMergeCommit":false,"messageTitle":"Increase code test coverage for invalid find arguments","messageBody":"","fileTypesAndContributionMap":{"test-code":{"insertions":28,"deletions":0}}},{"hash":"53d112b1ee3dc0abe1926954c1be4a0e195d301e","isMergeCommit":false,"messageTitle":"Update deletetag command to deletewithtag","messageBody":"","fileTypesAndContributionMap":{"functional-code":{"insertions":1,"deletions":1}}}]},{"date":"2025-04-03T00:00:00","commitResults":[{"hash":"e24c1afa62c3ce9cb26507d7750c413c560276e6","isMergeCommit":false,"messageTitle":"add FindCommand seqDiagram","messageBody":"","fileTypesAndContributionMap":{"other":{"insertions":36,"deletions":0},"docs":{"insertions":71,"deletions":0}}},{"hash":"7c6372da4d94eab6d7df611fda0ee1b12eec3557","isMergeCommit":false,"messageTitle":"Update ug and dg for deletewithtag and FindCommand","messageBody":"","fileTypesAndContributionMap":{"other":{"insertions":69,"deletions":0},"docs":{"insertions":53,"deletions":39}}},{"hash":"92f6d52d436f00569546759865ec7ca046405210","isMergeCommit":false,"messageTitle":"Fixed bug causing negative people deleted","messageBody":"","fileTypesAndContributionMap":{"functional-code":{"insertions":4,"deletions":4}}},{"hash":"e6b0d5520bf83932f814f90b4a4f611cadf75dba","isMergeCommit":false,"messageTitle":"Fix checkstyle","messageBody":"","fileTypesAndContributionMap":{"functional-code":{"insertions":0,"deletions":1},"test-code":{"insertions":0,"deletions":1}}},{"hash":"4d6f693afb19f513ebd9c7d257a57f895898b781","isMergeCommit":true,"messageTitle":"Merge branch \u0027GCheeYang-bug-fixes\u0027","messageBody":"Fix checkstyle\n","fileTypesAndContributionMap":{}},{"hash":"b0f42f3887b216e0b0f2af6e22a71df1466f69c7","isMergeCommit":true,"messageTitle":"Merge branch \u0027update-puml-diagrams\u0027 of github.com:GCheeYang/tp into GCheeYang-update-puml-diagrams","messageBody":"Add puml diagrams\n","fileTypesAndContributionMap":{}},{"hash":"1733ec7fe868e0ada08e9b49640d7b7c2d51dc6e","isMergeCommit":true,"messageTitle":"Merge branch \u0027GCheeYang-update-puml-diagrams\u0027","messageBody":"","fileTypesAndContributionMap":{}},{"hash":"92375c886f00ccaf806a0012baaaa4b336492ab8","isMergeCommit":true,"messageTitle":"Merge pull request #134 from GCheeYang/bug-fixes","messageBody":"Update find by role/phone error messages and find by role whitespace issue","fileTypesAndContributionMap":{}},{"hash":"9791b9f3e3b0f5fc2dcc9bff367b14c150f3d249","isMergeCommit":true,"messageTitle":"Merge pull request #140 from GCheeYang/update-puml-diagrams","messageBody":"Update puml diagrams","fileTypesAndContributionMap":{}},{"hash":"e259623d121d5a693583e3f7f2f9b9d6986f1484","isMergeCommit":true,"messageTitle":"Merge branch \u0027master\u0027 into update-UG","messageBody":"","fileTypesAndContributionMap":{}},{"hash":"e99371c8fcdc9a120b8908e95c51fdb478ae39c2","isMergeCommit":true,"messageTitle":"Merge pull request #142 from GCheeYang/update-UG","messageBody":"Update UG","fileTypesAndContributionMap":{}},{"hash":"fc25257046ebf93be7e8d1f39e8c0fe87025b5a1","isMergeCommit":false,"messageTitle":"Fix line endings in .idea/ directory to LF","messageBody":"","fileTypesAndContributionMap":{"docs":{"insertions":1,"deletions":0}}},{"hash":"a8326dfddfe32769f1be77aec37862c96bab21e2","isMergeCommit":false,"messageTitle":"Update DeveloperGuide.md","messageBody":"","fileTypesAndContributionMap":{"docs":{"insertions":2,"deletions":2}}},{"hash":"ac18f14c62b7b02ba3bea696569f88e7ab15b506","isMergeCommit":false,"messageTitle":"Fix CRLF issue","messageBody":"","fileTypesAndContributionMap":{"other":{"insertions":32,"deletions":32}}},{"hash":"91e9457b68c4220d67040b9aaca7af80d0aff5f2","isMergeCommit":false,"messageTitle":"Fix CLRF files","messageBody":"","fileTypesAndContributionMap":{"docs":{"insertions":69,"deletions":69}}},{"hash":"2a1341fdda65cc0717bdc86e6aa7445c34ad8c11","isMergeCommit":false,"messageTitle":"Fix no new line at EOF","messageBody":"","fileTypesAndContributionMap":{"other":{"insertions":4,"deletions":4},"docs":{"insertions":2,"deletions":2}}},{"hash":"2cdd8c6181c4ed513bce3fa44839386a750f40e8","isMergeCommit":false,"messageTitle":"Fix checkstyle","messageBody":"","fileTypesAndContributionMap":{"functional-code":{"insertions":0,"deletions":1}}},{"hash":"fc0690eafaa28e9dcc6a8414c62a92a9a282619f","isMergeCommit":false,"messageTitle":"Fix CLRF issues","messageBody":"","fileTypesAndContributionMap":{"other":{"insertions":52,"deletions":52}}},{"hash":"523f861b23fde53319b9a21d592be3bf1d8ab6e2","isMergeCommit":true,"messageTitle":"Merge branch \u0027AY2425S2-CS2103-F09-3:master\u0027 into master","messageBody":"","fileTypesAndContributionMap":{}},{"hash":"faffcf22c614ef3a37b0eb2e139e33de84c14a10","isMergeCommit":true,"messageTitle":"Merge branch \u0027master\u0027 of github.com:kea-S/tp","messageBody":"Update to match repo\n","fileTypesAndContributionMap":{}},{"hash":"e220cee042cb055c6e96e9b59f21c01fa2a5ef52","isMergeCommit":true,"messageTitle":"Merge branch \u0027master\u0027 into docs-findseqdiagram","messageBody":"Merge master\n","fileTypesAndContributionMap":{}},{"hash":"fe176661ddf60b44a2ec5262b15238a61733f4cb","isMergeCommit":false,"messageTitle":"Fix test checkstyle","messageBody":"","fileTypesAndContributionMap":{"test-code":{"insertions":0,"deletions":1}}},{"hash":"013e4debc367affd3a4938c246664c3cc5176c2f","isMergeCommit":false,"messageTitle":"Temporarily get rid of valid role test","messageBody":"","fileTypesAndContributionMap":{"test-code":{"insertions":0,"deletions":8}}},{"hash":"5288ade150bb15fa57c34120e20257a6829e65d1","isMergeCommit":false,"messageTitle":"Fix checkstyleTest","messageBody":"","fileTypesAndContributionMap":{"test-code":{"insertions":0,"deletions":5}}},{"hash":"fcec19e51eeec506fd400d2ac72d916ba482324f","isMergeCommit":true,"messageTitle":"Fix merge conflicts","messageBody":"","fileTypesAndContributionMap":{}},{"hash":"801183f996f67ea2ad057896f83b559385428a34","isMergeCommit":false,"messageTitle":"Fix checkstyle and removed Find by role testcase","messageBody":"","fileTypesAndContributionMap":{"test-code":{"insertions":0,"deletions":9}}},{"hash":"5606c062a3cf78eafd213d7362f5c417a56e85cb","isMergeCommit":false,"messageTitle":"Fix EOF error","messageBody":"","fileTypesAndContributionMap":{"other":{"insertions":2,"deletions":2},"docs":{"insertions":1,"deletions":1}}},{"hash":"28b67d757905753ecf805a1a07d9727ccbcd5200","isMergeCommit":false,"messageTitle":"Fix checkstyleTest","messageBody":"","fileTypesAndContributionMap":{"test-code":{"insertions":0,"deletions":5}}},{"hash":"94e2fe3c97bf295daa559167a7af056cfc1112d0","isMergeCommit":true,"messageTitle":"Remove .class files to resolve merge conflicts","messageBody":"","fileTypesAndContributionMap":{}},{"hash":"c5123565da7d60a57b67ff2d6138e4af02421fd5","isMergeCommit":true,"messageTitle":"Resolve merge conflicts by removing .class files","messageBody":"","fileTypesAndContributionMap":{}},{"hash":"82d3bc05d26cc9162b84b93b2c20a09bebdbde57","isMergeCommit":true,"messageTitle":"Remove .class files to resolve merge conflicts","messageBody":"","fileTypesAndContributionMap":{}},{"hash":"ca6de623d0a8846364a69b7670355993ecc399c6","isMergeCommit":true,"messageTitle":"Remove .class files to resolve merge conflicts","messageBody":"","fileTypesAndContributionMap":{}},{"hash":"deacb7934ec49760c93da5ea1fdccf51499b52ce","isMergeCommit":false,"messageTitle":"fix merge conflict","messageBody":"","fileTypesAndContributionMap":{"functional-code":{"insertions":0,"deletions":4}}},{"hash":"d25506ed9b76a2b0878201afa458395b6f3b4827","isMergeCommit":false,"messageTitle":"Fix merge conflicts","messageBody":"","fileTypesAndContributionMap":{"docs":{"insertions":1,"deletions":11}}},{"hash":"90f840093f56a5817c2bc4a3c06ca3e81671b399","isMergeCommit":true,"messageTitle":"Remove .class files to resolve merge conflicts","messageBody":"","fileTypesAndContributionMap":{}},{"hash":"173889781dae772daf8ded443779740c34bee4f1","isMergeCommit":true,"messageTitle":"Remove .class files to resolve merge conflicts","messageBody":"","fileTypesAndContributionMap":{}},{"hash":"fd7e1864f191da408fcdf4ce8095ab641ec22884","isMergeCommit":false,"messageTitle":"Fix merge conflict","messageBody":"","fileTypesAndContributionMap":{"test-code":{"insertions":0,"deletions":18}}},{"hash":"631ed7698d33b7ada51a334f1ac2a4ce76baeb10","isMergeCommit":false,"messageTitle":"Fix merge conflict","messageBody":"","fileTypesAndContributionMap":{"test-code":{"insertions":0,"deletions":18}}}]}],"sherwinee":[{"date":"2025-03-04T00:00:00","commitResults":[{"hash":"ec6e127b868484ef139429e23c821357d2a839b4","isMergeCommit":false,"messageTitle":"Update AboutUs.md with Sherwin details","messageBody":"","fileTypesAndContributionMap":{"docs":{"insertions":7,"deletions":6}}}]},{"date":"2025-03-11T00:00:00","commitResults":[{"hash":"8671bb0fc88738b782642fa664059c97b3a46a64","isMergeCommit":true,"messageTitle":"Merge pull request #27 from GCheeYang/update-DeveloperGuide-UseCase","messageBody":"DeveloperGuide Updates","fileTypesAndContributionMap":{}},{"hash":"61e4db3ac49972bdf1db725310512499ca15d3b8","isMergeCommit":false,"messageTitle":"Update DG to add NFR","messageBody":"","fileTypesAndContributionMap":{"docs":{"insertions":4,"deletions":0}}}]},{"date":"2025-03-13T00:00:00","commitResults":[{"hash":"32ec8942d977998289fe84a067f5af82dc911248","isMergeCommit":false,"messageTitle":"Add skeleton for export command","messageBody":"","fileTypesAndContributionMap":{"functional-code":{"insertions":65,"deletions":0}}},{"hash":"7818cea6cd7b43199d0254d12d2acc0c3fe31ab1","isMergeCommit":false,"messageTitle":"Fix checkstyle errors","messageBody":"","fileTypesAndContributionMap":{"functional-code":{"insertions":7,"deletions":7}}},{"hash":"97e6f18aeb4fa65723861cddcac0f1921c160aab","isMergeCommit":false,"messageTitle":"Fix import order for ExportCommandParser","messageBody":"","fileTypesAndContributionMap":{"functional-code":{"insertions":2,"deletions":2}}},{"hash":"c92c83c353aaee1e4b7cc6b4bb29e795f3bd73e5","isMergeCommit":true,"messageTitle":"Merge branch \u0027master\u0027 into implement-import-feature","messageBody":"","fileTypesAndContributionMap":{}},{"hash":"2a1955291d098d691046b6e5ed90a8e16d4d51cc","isMergeCommit":true,"messageTitle":"Merge pull request #46 from Parrycys/implement-import-feature","messageBody":"Implement import feature","fileTypesAndContributionMap":{}}]},{"date":"2025-03-18T00:00:00","commitResults":[{"hash":"0c7e7dd78ffd130c2187457d7f381cf9c7edf896","isMergeCommit":false,"messageTitle":"Add support for Export to CSV","messageBody":"","fileTypesAndContributionMap":{"functional-code":{"insertions":230,"deletions":1},"other":{"insertions":2,"deletions":0}}},{"hash":"e1d7575339e2974930ed372e7492afbf71f0122c","isMergeCommit":false,"messageTitle":"Edit success message for export","messageBody":"","fileTypesAndContributionMap":{"functional-code":{"insertions":5,"deletions":3}}},{"hash":"3ab37c11008d3c751063616c5fbabd7846e928d6","isMergeCommit":false,"messageTitle":"Resolve style issue","messageBody":"","fileTypesAndContributionMap":{"functional-code":{"insertions":2,"deletions":2}}},{"hash":"828cc3f631fa1b64cbbefa7a9ffd5f6f3231da6d","isMergeCommit":false,"messageTitle":"Remove unused imports in ExportCommand","messageBody":"","fileTypesAndContributionMap":{"functional-code":{"insertions":1,"deletions":5}}},{"hash":"8724fcfce1a679dd9556d6ea59613b1495331784","isMergeCommit":false,"messageTitle":"Add tests for Export to CSV classes","messageBody":"","fileTypesAndContributionMap":{"test-code":{"insertions":387,"deletions":0}}}]},{"date":"2025-03-19T00:00:00","commitResults":[{"hash":"7d44c0a31ba3a4cfcb247a1558ac50f42d76de01","isMergeCommit":false,"messageTitle":"Update tests in AddressBookParserTest","messageBody":"","fileTypesAndContributionMap":{"test-code":{"insertions":1,"deletions":1}}},{"hash":"108d6cf7391c490e4bd183068b89b639fee431dc","isMergeCommit":false,"messageTitle":"Edit imports for checkstyle","messageBody":"","fileTypesAndContributionMap":{"functional-code":{"insertions":2,"deletions":16}}},{"hash":"1e5d29199462544bfe19b09348b0a3cb97cb51b3","isMergeCommit":false,"messageTitle":"Edit imports for checkstyle again","messageBody":"","fileTypesAndContributionMap":{"functional-code":{"insertions":27,"deletions":19}}},{"hash":"1955012b47fab7dad83758e2a059f87aca4816b1","isMergeCommit":false,"messageTitle":"Edit imports for checkstyle again","messageBody":"","fileTypesAndContributionMap":{"functional-code":{"insertions":2,"deletions":1}}},{"hash":"ed020f2fef19cfa379e347b861849fb8019fb6f6","isMergeCommit":true,"messageTitle":"Merge pull request #53 from Parrycys/import-feature-testing","messageBody":"Import feature testing","fileTypesAndContributionMap":{}}]},{"date":"2025-03-20T00:00:00","commitResults":[{"hash":"c9bce710cc89cff8eecae15958727abb89ee3e3d","isMergeCommit":true,"messageTitle":"Merge pull request #66 from kea-S/feature-filter-by-tag","messageBody":"Fix checkstyle","tags":["v1.3.0"],"fileTypesAndContributionMap":{}}]},{"date":"2025-03-21T00:00:00","commitResults":[{"hash":"bcd7bb64009e495fd99ed5b15024c9a0818895bc","isMergeCommit":false,"messageTitle":"Fix import order in ExportCommandTest","messageBody":"","fileTypesAndContributionMap":{"test-code":{"insertions":6,"deletions":9}}},{"hash":"914a7263430d7d220f5430d3db13cc1250adf2f4","isMergeCommit":true,"messageTitle":"Merge pull request #68 from Inquisitivrx/add-sort-contacts","messageBody":"FIx checkstyle issue for sort command","fileTypesAndContributionMap":{}},{"hash":"2ff02cf3b9e04b3903ef3862442395594b55a6bf","isMergeCommit":true,"messageTitle":"Merge pull request #67 from Parrycys/fix-checkstyle-errors","messageBody":"Remove unused imports","fileTypesAndContributionMap":{}}]},{"date":"2025-03-23T00:00:00","commitResults":[{"hash":"45702c903ffb1dd803019f02e91215de24cee784","isMergeCommit":true,"messageTitle":"Merge pull request #71 from kea-S/feature-filter-by-tag","messageBody":"Feature filter by tag","fileTypesAndContributionMap":{}}]},{"date":"2025-03-25T00:00:00","commitResults":[{"hash":"04d85961b3c3a2ea3a05f03b71d67a02a4918625","isMergeCommit":true,"messageTitle":"Merge pull request #81 from Parrycys/fix-checkstyle-errors","messageBody":"Enable assertions and include logging for import command class","fileTypesAndContributionMap":{}},{"hash":"c11c4a32eabdc4cceb5b1e425a89674d689e75c6","isMergeCommit":true,"messageTitle":"Merge pull request #75 from GCheeYang/add-role-field","messageBody":"Add role field","fileTypesAndContributionMap":{}},{"hash":"25213a08c9916fbd9508bf80f4aa3654bda509d1","isMergeCommit":false,"messageTitle":"Add support for export to vcf","messageBody":"","fileTypesAndContributionMap":{"functional-code":{"insertions":191,"deletions":5},"other":{"insertions":1,"deletions":0}}}]},{"date":"2025-03-26T00:00:00","commitResults":[{"hash":"b617b3b6386a619fa901e050411acd87c0c9a27b","isMergeCommit":false,"messageTitle":"Fix checkstyle errors","messageBody":"","fileTypesAndContributionMap":{"functional-code":{"insertions":25,"deletions":11}}}]},{"date":"2025-03-27T00:00:00","commitResults":[{"hash":"a14328165a1fcfeacde4d78cba2ac1190719c1e8","isMergeCommit":true,"messageTitle":"Merge pull request #86 from Inquisitivrx/add-last-contacted","messageBody":"Implement last contacted feature","fileTypesAndContributionMap":{}},{"hash":"83d96e6a58e41f76226f4bd83228cfb3fcc185d0","isMergeCommit":true,"messageTitle":"Merge branch \u0027master\u0027 into export-to-vcf","messageBody":"","fileTypesAndContributionMap":{}},{"hash":"c66e51dde85de9869fd1de1e8b95794f05d151b5","isMergeCommit":false,"messageTitle":"Update export CSV to contain role","messageBody":"","fileTypesAndContributionMap":{"functional-code":{"insertions":9,"deletions":1},"test-code":{"insertions":5,"deletions":66}}},{"hash":"9bf88a41d3947b37f5132042be1159d8f14640a1","isMergeCommit":false,"messageTitle":"Add tests for export to vcf","messageBody":"","fileTypesAndContributionMap":{"test-code":{"insertions":199,"deletions":0}}},{"hash":"d8f597be6380edd334b5d8893b63887463ac3764","isMergeCommit":true,"messageTitle":"Merge branch \u0027master\u0027 into feature-delete-all-by-tag","messageBody":"","fileTypesAndContributionMap":{}},{"hash":"94e1c4bfcc7926f89e104a855062e66a344ac320","isMergeCommit":false,"messageTitle":"Remove trailing whitespace","messageBody":"","fileTypesAndContributionMap":{"test-code":{"insertions":1,"deletions":1}}},{"hash":"314f56bd7910c3138d828e2dcd83a0711261f7f0","isMergeCommit":true,"messageTitle":"Merge pull request #78 from kea-S/feature-delete-all-by-tag","messageBody":"Add DeleteAllCommand class","fileTypesAndContributionMap":{}},{"hash":"e38c7a65ada0f53664d6f94c28eb6f3c5e97bc25","isMergeCommit":true,"messageTitle":"Merge pull request #100 from Parrycys/import-vcf-feature","messageBody":"Change version number and resolve test cases","fileTypesAndContributionMap":{}}]},{"date":"2025-04-02T00:00:00","commitResults":[{"hash":"ec3f7aeecde5fabdc2700e07d69237b50811fad9","isMergeCommit":false,"messageTitle":"Validate export filename and improve messages","messageBody":"","fileTypesAndContributionMap":{"functional-code":{"insertions":60,"deletions":34},"test-code":{"insertions":46,"deletions":15}}},{"hash":"0bee886728634106b1e3c11f8985701e2e665c9b","isMergeCommit":false,"messageTitle":"Add defensive coding measures","messageBody":"","fileTypesAndContributionMap":{"functional-code":{"insertions":15,"deletions":0}}},{"hash":"ef24bccf1a864c791922a2cfbdd555911b4d030c","isMergeCommit":false,"messageTitle":"Add logging for created dump files","messageBody":"","fileTypesAndContributionMap":{"functional-code":{"insertions":2,"deletions":0}}},{"hash":"ec7227a5db34aa072bd66fabdb210f9a445b4979","isMergeCommit":false,"messageTitle":"Add further logging for export","messageBody":"","fileTypesAndContributionMap":{"functional-code":{"insertions":20,"deletions":2}}}]},{"date":"2025-04-03T00:00:00","commitResults":[{"hash":"3511fdacfa553d767332fc7d8dc925901995dd27","isMergeCommit":false,"messageTitle":"Add ExportSequenceDiagram.puml","messageBody":"","fileTypesAndContributionMap":{"docs":{"insertions":62,"deletions":0}}},{"hash":"f29196afc8955b9c7ae4369fd24f665ad4ac856a","isMergeCommit":false,"messageTitle":"Update DG with Export implementation","messageBody":"","fileTypesAndContributionMap":{"docs":{"insertions":18,"deletions":0}}},{"hash":"b18248152a587f66e8dfb5a3440c9e75eb07197d","isMergeCommit":false,"messageTitle":"Update UG for export command","messageBody":"","fileTypesAndContributionMap":{"docs":{"insertions":17,"deletions":0}}},{"hash":"3bec3b12c566494130ab2cd576766b77b6784c32","isMergeCommit":false,"messageTitle":"Update DG export","messageBody":"","fileTypesAndContributionMap":{"docs":{"insertions":2,"deletions":1}}},{"hash":"dd1d7e2ccc72bdf44a4de8639e3d6180d08fb0c6","isMergeCommit":false,"messageTitle":"Enahnce usage msg with max index","messageBody":"","fileTypesAndContributionMap":{"functional-code":{"insertions":3,"deletions":2}}},{"hash":"f196791bfd2a66ae9ef75c457556d15c35f41612","isMergeCommit":false,"messageTitle":"Update UG with max supported contacts","messageBody":"","fileTypesAndContributionMap":{"docs":{"insertions":4,"deletions":0}}},{"hash":"4d39aa39a0116aec0ac89b48e1f74f7d26410e16","isMergeCommit":false,"messageTitle":"Add known issue of export case-insensitive","messageBody":"","fileTypesAndContributionMap":{"docs":{"insertions":1,"deletions":0}}},{"hash":"5f26d7aa6af16c2590383739ca1b0d385e0eba94","isMergeCommit":false,"messageTitle":"Check for empty model on export","messageBody":"","fileTypesAndContributionMap":{"functional-code":{"insertions":6,"deletions":0}}},{"hash":"1738b3c4c8d3ed416c894b0742319321a648fbf9","isMergeCommit":false,"messageTitle":"Update UG","messageBody":"","fileTypesAndContributionMap":{"docs":{"insertions":4,"deletions":3}}},{"hash":"6704e7a620b259df3677b5337b7302f2291f8075","isMergeCommit":false,"messageTitle":"Add manual test case for export","messageBody":"","fileTypesAndContributionMap":{"docs":{"insertions":35,"deletions":0}}},{"hash":"34b99653716f96f068b4bacd23b76432946c4045","isMergeCommit":true,"messageTitle":"Merge fix-export-bugs into add-defensive-export","messageBody":"","fileTypesAndContributionMap":{}},{"hash":"352b6efcac54335bdc7b8edd0bcb767ca4ebab8b","isMergeCommit":true,"messageTitle":"Merge pull request #138 from Parrycys/import-vcf-feature","messageBody":"Resolve alpha bugs for import feature","fileTypesAndContributionMap":{}},{"hash":"077222743feffc160c8fa83ed6cd1bef189ac9a7","isMergeCommit":true,"messageTitle":"Merge branch \u0027master\u0027 into add-defensive-export","messageBody":"","fileTypesAndContributionMap":{}},{"hash":"8f30ad463b898d12a8d8b2950f02cca3345d2f77","isMergeCommit":false,"messageTitle":"Update test for empty AB export","messageBody":"","fileTypesAndContributionMap":{"test-code":{"insertions":5,"deletions":8}}},{"hash":"c6ca0e7663d593362823d1717e0a98fe3d82de5e","isMergeCommit":false,"messageTitle":"Fix checkstyle","messageBody":"","fileTypesAndContributionMap":{"test-code":{"insertions":0,"deletions":7}}},{"hash":"f2a146e7f05374c50bb226797a7a84b00aaa67f3","isMergeCommit":true,"messageTitle":"Merge pull request #137 from Parrycys/cosmetic-issues","messageBody":"Resolve cosmetic issues","fileTypesAndContributionMap":{}},{"hash":"b89b03f70ffe998f8ba87c63418424f64211ca49","isMergeCommit":true,"messageTitle":"Merge pull request #152 from Parrycys/cosmetic-issues","messageBody":"Fix sequence diagram not showing on DG","fileTypesAndContributionMap":{}},{"hash":"4b262058d0fd25f8dde71ebbdb4c4d2f764952eb","isMergeCommit":true,"messageTitle":"Merge pull request #153 from Parrycys/cosmetic-issues","messageBody":"Fix import command sequence diagram size","fileTypesAndContributionMap":{}},{"hash":"57db8e2313514ae061974d33f791f7b81cd3c8b7","isMergeCommit":true,"messageTitle":"Merge branch \u0027master\u0027 into update-dg-uml","messageBody":"","fileTypesAndContributionMap":{}},{"hash":"8423f95ff30a1044648ee5b9118fbf86f96d26e3","isMergeCommit":true,"messageTitle":"Merge pull request #133 from kea-S/bug-deletetag-updatetodeletewithtag","messageBody":"Update deletetag command to deletewithtag","fileTypesAndContributionMap":{}},{"hash":"7fd2fe660f9cfb66033a5f6eef04363d85d03161","isMergeCommit":true,"messageTitle":"Merge pull request #154 from GCheeYang/fix-checkstyle-errors","messageBody":"Fix checkstyle errors","fileTypesAndContributionMap":{}},{"hash":"572f6941835e797fb23e24ade494a75a5125d9c2","isMergeCommit":false,"messageTitle":"Update README.md","messageBody":"Update target user to narrow down scope","fileTypesAndContributionMap":{"docs":{"insertions":1,"deletions":1}}},{"hash":"119663ecb7b9afc34cf5b5e408151d6a3ac300df","isMergeCommit":true,"messageTitle":"Merge pull request #164 from Parrycys/import-vcf-feature","messageBody":"Update vcf parsing to improve error message","fileTypesAndContributionMap":{}},{"hash":"7c9eb71e4481342525fd142607c5787c1f0d1ab2","isMergeCommit":true,"messageTitle":"Merge pull request #161 from Parrycys/dg-feature-enhancements","messageBody":"Update developer guide formatting and include planned enhancements section","fileTypesAndContributionMap":{}},{"hash":"0b16efb9a5dfc2bedc94cb8f929405e84c2c9b2f","isMergeCommit":true,"messageTitle":"Merge pull request #132 from kea-S/bug-findcommand-fixwhitespace","messageBody":"Add validation checks for name, role, tag input","fileTypesAndContributionMap":{}},{"hash":"982a18713f06268e1e1b5acf8ccf9640cd1156fd","isMergeCommit":true,"messageTitle":"Merge pull request #165 from Inquisitivrx/update-seq-uml","messageBody":"Update seq diagram for sort and contact","fileTypesAndContributionMap":{}},{"hash":"57d831e16fdf9a04dd71f64d251a8132e8f7a6f0","isMergeCommit":true,"messageTitle":"Merge pull request #144 from kea-S/docs-findseqdiagram","messageBody":"Add FindCommand seqDiagram","fileTypesAndContributionMap":{}},{"hash":"7f798d9a94eafe5bdbe7fde111f4d0c8af5f0569","isMergeCommit":true,"messageTitle":"Merge branch \u0027master\u0027 into docs-updatedgug","messageBody":"","fileTypesAndContributionMap":{}},{"hash":"beb774ff712fb7371cc9ba54cb0e7f39776a17d1","isMergeCommit":true,"messageTitle":"Merge pull request #145 from kea-S/docs-updatedgug","messageBody":"Update ug and dg for deletewithtag and FindCommand","tags":["v1.5"],"fileTypesAndContributionMap":{}}]},{"date":"2025-04-04T00:00:00","commitResults":[{"hash":"159d9208c45f4fe44f284562a11b85c9d6574f1c","isMergeCommit":false,"messageTitle":"Update DG with duplicate detection info","messageBody":"","fileTypesAndContributionMap":{"docs":{"insertions":3,"deletions":0}}},{"hash":"5e9f3670d60fba3800d1db7f2e2cb462bae74278","isMergeCommit":false,"messageTitle":"Update DG with duplicate detection info","messageBody":"","fileTypesAndContributionMap":{"docs":{"insertions":8,"deletions":3}}}]}]},"authorFileTypeContributionMap":{"Parrycys":{"docs":429,"functional-code":756,"test-code":816,"other":7},"GCheeYang":{"docs":145,"functional-code":272,"test-code":307},"Inquisitivrx":{"docs":157,"functional-code":303,"test-code":467},"kea-S":{"docs":134,"functional-code":343,"test-code":245,"other":680},"sherwinee":{"docs":123,"functional-code":565,"test-code":532,"other":3}},"authorContributionVariance":{"Parrycys":109555.37,"GCheeYang":3590.4019,"Inquisitivrx":9103.075,"kea-S":24287.904,"sherwinee":11832.119},"authorDisplayNameMap":{"Parrycys":"CS2103-F09-3 PARR..HENG","GCheeYang":"CS2103-F09-3 GOH ..YANG","Inquisitivrx":"CS2103-F09-3 GALV..IANG","kea-S":"CS2103-F09-3 KEA ..ANTO","sherwinee":"CS2103-F09-3 SHER..N EE"}}
