{"authorDailyContributionsMap":{"lauhengyi":[{"date":"2025-02-25","commitResults":[{"hash":"4d6abbd72a963747908e3bb39e8da3ac36ce5478","isMergeCommit":false,"messageTitle":"Added Heng Yi\u0027s About Us","messageBody":"","fileTypesAndContributionMap":{"docs":{"insertions":13,"deletions":13}}},{"hash":"d206605f7d60cef65668a60541570e3d0e382919","isMergeCommit":true,"messageTitle":"Merge pull request #23 from ernestlsy/update-aboutUs","messageBody":"Update Ernest\u0027s AboutUs","fileTypesAndContributionMap":{}},{"hash":"494b091272931bc68961cfa1ee300326f6d27bb7","isMergeCommit":true,"messageTitle":"Merge branch \u0027AY2425S2-CS2103T-W09-1:master\u0027 into master","messageBody":"","fileTypesAndContributionMap":{}},{"hash":"25d941aea1c07db032ce1026c290ac3e53ed0003","isMergeCommit":true,"messageTitle":"Merge pull request #29 from ernestlsy/update-aboutUs","messageBody":"Update roles and responsibilities","fileTypesAndContributionMap":{}},{"hash":"818a61a191d73f087ed44e61bc8bc98b71132a60","isMergeCommit":false,"messageTitle":"Add changes to target user profile and value proposition","messageBody":"","fileTypesAndContributionMap":{"docs":{"insertions":7,"deletions":3}}},{"hash":"3e7e9500c85f7168c5ed40adbd3c55d010761380","isMergeCommit":true,"messageTitle":"Merge pull request #37 from ernestlsy/update-build-status-link","messageBody":"Update build status link","fileTypesAndContributionMap":{}},{"hash":"31db01093937a6992cc0c098fd9a4653851227d3","isMergeCommit":true,"messageTitle":"Merge pull request #44 from ernestlsy/dg-user-stories","messageBody":"Add user stories in DG","fileTypesAndContributionMap":{}}]},{"date":"2025-03-11","commitResults":[{"hash":"231a62c9b5841213cb54248bffd4a4a9d371c442","isMergeCommit":true,"messageTitle":"Merge branch \u0027AY2425S2-CS2103T-W09-1:master\u0027 into master","messageBody":"","fileTypesAndContributionMap":{}}]},{"date":"2025-03-12","commitResults":[{"hash":"c497529a27f3ce7fff19ec4320ba906cce11f4f0","isMergeCommit":false,"messageTitle":"Add job position and status into prefix","messageBody":"","fileTypesAndContributionMap":{"functional-code":{"insertions":2,"deletions":0}}},{"hash":"7ebeae2bf425c397f9f09b98cc93f5b31e5e9041","isMergeCommit":false,"messageTitle":"Added initial parser logic","messageBody":"","fileTypesAndContributionMap":{"functional-code":{"insertions":12,"deletions":16}}},{"hash":"7f402965c415bb9435d9afbe4c923a45608e3a89","isMergeCommit":false,"messageTitle":"Added JobPosition","messageBody":"","fileTypesAndContributionMap":{"functional-code":{"insertions":59,"deletions":0}}},{"hash":"e529b7d0f5bed4081314e2fc2cf8399c275dbed4","isMergeCommit":false,"messageTitle":"Add JobPosition parsing","messageBody":"","fileTypesAndContributionMap":{"functional-code":{"insertions":18,"deletions":9}}},{"hash":"bcd8d5da610ed778ce198b868d9fe35c1d55f0ff","isMergeCommit":false,"messageTitle":"Add Status Model + added it into parser","messageBody":"","fileTypesAndContributionMap":{"functional-code":{"insertions":84,"deletions":0}}},{"hash":"2711f9be388a8ece2b7e05d36d37f85dd4ffb740","isMergeCommit":false,"messageTitle":"Update Person to include JobPosition and Status","messageBody":"","fileTypesAndContributionMap":{"functional-code":{"insertions":19,"deletions":3}}},{"hash":"2aba38034b70b46240354814ca71814069aeeab6","isMergeCommit":false,"messageTitle":"Added fields into constructor for 2 commands","messageBody":"","fileTypesAndContributionMap":{"functional-code":{"insertions":2,"deletions":2}}},{"hash":"c735a3efccface6afbc0c94833c9bd19e678587c","isMergeCommit":false,"messageTitle":"Fix storage module","messageBody":"","fileTypesAndContributionMap":{"functional-code":{"insertions":40,"deletions":19}}},{"hash":"095fc8253953cf7b29d3e3753b3c68ce4598192a","isMergeCommit":false,"messageTitle":"Added job and status to UI","messageBody":"","fileTypesAndContributionMap":{"functional-code":{"insertions":8,"deletions":0}}}]},{"date":"2025-03-13","commitResults":[{"hash":"b0c24a94e135be1d02214d6aae161cfba9ae5ec3","isMergeCommit":true,"messageTitle":"Merge pull request #63 from ernestlsy/progress-tracking-v1","messageBody":"Implement Update command to set application status of applicants in the system","fileTypesAndContributionMap":{}}]},{"date":"2025-03-19","commitResults":[{"hash":"e0c6531ffc7f2375c63a760eb0d0abee1608dc34","isMergeCommit":false,"messageTitle":"Renamed person to applicant","messageBody":"","fileTypesAndContributionMap":{"functional-code":{"insertions":246,"deletions":260},"other":{"insertions":164,"deletions":165},"docs":{"insertions":46,"deletions":46},"test-code":{"insertions":197,"deletions":206}}},{"hash":"1cae15ffc734e4a73bfb6f22a1c758ed7a0b4402","isMergeCommit":false,"messageTitle":"Fixed PersonBuilder","messageBody":"","fileTypesAndContributionMap":{"test-code":{"insertions":30,"deletions":1}}},{"hash":"45c3a1e7bf58296c3d2197cba914232a32e1cbaf","isMergeCommit":false,"messageTitle":"Update Add Command Parser test","messageBody":"","fileTypesAndContributionMap":{"test-code":{"insertions":115,"deletions":64}}},{"hash":"3d2cf1432ca0e88633f76bcdbae96553da3ee422","isMergeCommit":true,"messageTitle":"Merge pull request #77 from GabriellaGloria/branch-cardFormat","messageBody":"Edit Person card format","fileTypesAndContributionMap":{}},{"hash":"25a5160349cf2aeb27844038f6e721381ce51887","isMergeCommit":true,"messageTitle":"Merge pull request #75 from GabriellaGloria/branch-fixCheckstyle","messageBody":"Branch fix checkstyle","fileTypesAndContributionMap":{}},{"hash":"2cbc859b607db50f1059cdda6acbcfb971dd181e","isMergeCommit":true,"messageTitle":"Merge remote-tracking branch \u0027upstream/master\u0027 into Add-command-tweak","messageBody":"","fileTypesAndContributionMap":{}},{"hash":"6fb938767591045b47817627d555e02f2636f139","isMergeCommit":false,"messageTitle":"Fix parsing and storage tests","messageBody":"","fileTypesAndContributionMap":{"functional-code":{"insertions":1,"deletions":1},"test-code":{"insertions":68,"deletions":28}}},{"hash":"1bd188c5b8faffa354f130c98de91762fcc625e9","isMergeCommit":false,"messageTitle":"Added tests for models","messageBody":"","fileTypesAndContributionMap":{"test-code":{"insertions":118,"deletions":0}}},{"hash":"c018cb4195aaec27df642fec929267f9e2e1f9a1","isMergeCommit":false,"messageTitle":"Update user guide","messageBody":"","fileTypesAndContributionMap":{"docs":{"insertions":15,"deletions":15}}}]},{"date":"2025-03-20","commitResults":[{"hash":"c237ff28ce2d47d22feb2a385c69ddf002ebb88a","isMergeCommit":true,"messageTitle":"Merge pull request #93 from ernestlsy/cleanup-update-command","messageBody":"Update UserGuide to include UpdateCommand","fileTypesAndContributionMap":{}},{"hash":"4bb150f8c9f87c36e5dd53e1a3ac281e1fec4c14","isMergeCommit":true,"messageTitle":"Merge pull request #92 from ernestlsy/progress-tracking-v1","messageBody":"Add functionality to UpdateCommand","tags":["v1.3"],"fileTypesAndContributionMap":{}}]},{"date":"2025-03-26","commitResults":[{"hash":"260a1139e36833a305aa51280b9a9c9b5925e8ba","isMergeCommit":false,"messageTitle":"Abstract some search command functions to ParserUtil","messageBody":"","fileTypesAndContributionMap":{"functional-code":{"insertions":32,"deletions":34}}},{"hash":"847c39393f09a9c757ebc8e3b9feaac2525c5609","isMergeCommit":false,"messageTitle":"Added SummaryCommand","messageBody":"","fileTypesAndContributionMap":{"functional-code":{"insertions":79,"deletions":0}}},{"hash":"a6a07653f70eef1b544961481b0ad4353ae5a320","isMergeCommit":false,"messageTitle":"Add Summary Command Parser","messageBody":"","fileTypesAndContributionMap":{"functional-code":{"insertions":41,"deletions":0}}},{"hash":"ccd59815aa0e617168c42ca7e0e51c696904cd5f","isMergeCommit":false,"messageTitle":"Added summary","messageBody":"","fileTypesAndContributionMap":{"functional-code":{"insertions":14,"deletions":20}}},{"hash":"fdd2cf897289c6c1be718d2541ca2b55b372c92c","isMergeCommit":true,"messageTitle":"Merge remote-tracking branch \u0027upstream/master\u0027","messageBody":"","fileTypesAndContributionMap":{}},{"hash":"6b4aed5fc73685bc84a5a04ac915f24d864cf9d0","isMergeCommit":false,"messageTitle":"Fixed merge error with SearchCommand","messageBody":"","fileTypesAndContributionMap":{"functional-code":{"insertions":12,"deletions":34}}}]},{"date":"2025-03-27","commitResults":[{"hash":"0c4f4066237b830bb11ca5145936e0ce11b02441","isMergeCommit":true,"messageTitle":"Merge pull request #112 from ernestlsy/feature-rate-command","messageBody":"Feature: RateCommand to assign ratings to applicants","tags":["v1.4"],"fileTypesAndContributionMap":{}}]},{"date":"2025-03-30","commitResults":[{"hash":"ca12c066cc72fbd9a94eaf7ce9d30323aff21b79","isMergeCommit":false,"messageTitle":"Edit home page","messageBody":"","fileTypesAndContributionMap":{"docs":{"insertions":4,"deletions":4}}},{"hash":"6aa618c252f9822f5c2d349628a49e320733c973","isMergeCommit":false,"messageTitle":"Edit user guide","messageBody":"","fileTypesAndContributionMap":{"docs":{"insertions":44,"deletions":20}}},{"hash":"7c88353161f7eea41abf9d5efbb1c4edd0750267","isMergeCommit":false,"messageTitle":"Updated Developer guide","messageBody":"","fileTypesAndContributionMap":{"docs":{"insertions":75,"deletions":75}}}]},{"date":"2025-03-31","commitResults":[{"hash":"ab08db7cd425deded2fd65af1bf6c3736cf65e01","isMergeCommit":true,"messageTitle":"Merge pull request #118 from ernestlsy/update-documentation","messageBody":"Update documentation","fileTypesAndContributionMap":{}}]},{"date":"2025-04-01","commitResults":[{"hash":"70986a5c0f63cf52703dd8f1794cf54143e72079","isMergeCommit":true,"messageTitle":"Merge pull request #127 from wswddl/branch-DeveloperGuide","messageBody":"Update manual testing for sorting in DG","fileTypesAndContributionMap":{}},{"hash":"9abac724e568f293d91fbced6c16d972a2b14ebe","isMergeCommit":true,"messageTitle":"Merge pull request #126 from wswddl/branch-Diagram","messageBody":"Sequence diagram for Sorting and Applicant Photo","fileTypesAndContributionMap":{}},{"hash":"6890cc6f8f875954e58b984170b6e4d0cf16f34e","isMergeCommit":true,"messageTitle":"Merge pull request #138 from ernestlsy/update-documentation","messageBody":"Update UserGuide","fileTypesAndContributionMap":{}}]},{"date":"2025-04-02","commitResults":[{"hash":"a80af4f07cac17fea95fdbdf64c63a07629aac07","isMergeCommit":false,"messageTitle":"Made sure all persons had unique phone number and emails","messageBody":"","fileTypesAndContributionMap":{"functional-code":{"insertions":3,"deletions":3}}},{"hash":"4a3ea785d9f8081f923d346db080ea2933a633c0","isMergeCommit":false,"messageTitle":"Allow tags to have spaces","messageBody":"","fileTypesAndContributionMap":{"functional-code":{"insertions":6,"deletions":1}}},{"hash":"83d572a620a7631fc63253c7a44a1f8c010ed364","isMergeCommit":false,"messageTitle":"Fixed editCommand Duplicate person error","messageBody":"","fileTypesAndContributionMap":{"functional-code":{"insertions":2,"deletions":2}}},{"hash":"e93e77838da7ea2dfb93330bd8217f64f278b2ed","isMergeCommit":true,"messageTitle":"Merge pull request #167 from ernestlsy/update-documentation","messageBody":"Update UserGuide","fileTypesAndContributionMap":{}},{"hash":"974451bd0147b7f849b5f3a21e6ea73064234fcc","isMergeCommit":true,"messageTitle":"Merge remote-tracking branch \u0027upstream/master\u0027 into milestone-1.5","messageBody":"","fileTypesAndContributionMap":{}},{"hash":"7c55a3c5ae5a05ccf5672cf3a761200016325928","isMergeCommit":false,"messageTitle":"Added applicant fields","messageBody":"","fileTypesAndContributionMap":{"docs":{"insertions":23,"deletions":0}}}]},{"date":"2025-04-03","commitResults":[{"hash":"da7d8f472d1157f4be493ec7fd1a38c569fa6c72","isMergeCommit":true,"messageTitle":"Merge pull request #170 from yuqiannemo/yuqian/refine-four-commands","messageBody":"Refine search \u0026 summary \u0026 delete \u0026 update commands","fileTypesAndContributionMap":{}},{"hash":"6edcc39bb287aebaaae4d3c77ebff2974091b19f","isMergeCommit":true,"messageTitle":"Merge pull request #177 from ernestlsy/update-documentation","messageBody":"Fix inaccurate information in UserGuide","fileTypesAndContributionMap":{}},{"hash":"7f20639d5278c605ecf44a452d44f37cf19f5194","isMergeCommit":true,"messageTitle":"Merge pull request #178 from ernestlsy/update-documentation","messageBody":"Update User Guide to reflect changes to UpdateCommand","fileTypesAndContributionMap":{}}]}],"yuqiannemo":[{"date":"2025-02-21","commitResults":[{"hash":"913a538786c89e20cbf75df79b1cd8c77a358d18","isMergeCommit":false,"messageTitle":"Change site configs","messageBody":"","fileTypesAndContributionMap":{"docs":{"insertions":1,"deletions":1}}}]},{"date":"2025-02-25","commitResults":[{"hash":"9d21c3322ed8f90c60ffa99f648c358d1cf929ca","isMergeCommit":false,"messageTitle":"Update AboutUs","messageBody":"","fileTypesAndContributionMap":{"docs":{"insertions":4,"deletions":4}}},{"hash":"b62d0889233d5353910ba87811f9dd8c45d2cc90","isMergeCommit":true,"messageTitle":"Merge pull request #21 from GabriellaGloria/branch-addPhotoGabriella","messageBody":"Branch add photo gabriella","fileTypesAndContributionMap":{}},{"hash":"06226b91e2f47507c1b945976576e9bff5a7e81a","isMergeCommit":false,"messageTitle":"Refine AboutUs","messageBody":"","fileTypesAndContributionMap":{"docs":{"insertions":2,"deletions":2}}},{"hash":"75ee3c577b7f026942efc391df34e10c679ffb5c","isMergeCommit":false,"messageTitle":"Add more NFRs","messageBody":"","fileTypesAndContributionMap":{"docs":{"insertions":7,"deletions":6}}},{"hash":"17ddcd5dc1470a6b34d6acfa1378b5661dbc89cd","isMergeCommit":true,"messageTitle":"Merge pull request #35 from GabriellaGloria/branch-updateAB3","messageBody":"Update site-wide settings","fileTypesAndContributionMap":{}},{"hash":"ec43d351e40ecbe2b78042932e682ea8307dee7c","isMergeCommit":true,"messageTitle":"Merge pull request #40 from GabriellaGloria/branch-updateGlossary","messageBody":"Update glossary","fileTypesAndContributionMap":{}}]},{"date":"2025-03-04","commitResults":[{"hash":"58153e3cde71d26f9df1cafc772371e14bd154e8","isMergeCommit":false,"messageTitle":"Update README.md","messageBody":"","fileTypesAndContributionMap":{"docs":{"insertions":16,"deletions":10}}}]},{"date":"2025-03-09","commitResults":[{"hash":"ff94ec6f696fb778ba6819c8d48d2ffbe9c34113","isMergeCommit":true,"messageTitle":"Merge pull request #51 from ernestlsy/contact_identifiers","messageBody":"Implement support for identifying contacts using identifiers","fileTypesAndContributionMap":{}},{"hash":"15d6a93113af1d3d2ac2854d1ea9766e7e3f6f4c","isMergeCommit":false,"messageTitle":"Add prefix for id","messageBody":"","fileTypesAndContributionMap":{"functional-code":{"insertions":1,"deletions":0}}},{"hash":"6f2b6d96350b14bbf13bc7868d28408d96722f97","isMergeCommit":false,"messageTitle":"Update parser for delete command to have more options of parameters","messageBody":"","fileTypesAndContributionMap":{"functional-code":{"insertions":79,"deletions":6}}},{"hash":"5e6da17dec3a24618a2fdd0d0af4b66f4409e536","isMergeCommit":false,"messageTitle":"Update the logic of delete command","messageBody":"","fileTypesAndContributionMap":{"functional-code":{"insertions":161,"deletions":8}}},{"hash":"ac2acd09cf243c1ad75c412768aac32815f22be0","isMergeCommit":false,"messageTitle":"Add JavaFX for AlertDialog but currently using the alert directly","messageBody":"","fileTypesAndContributionMap":{"functional-code":{"insertions":123,"deletions":12}}},{"hash":"d86c90f7b90bc3496b0f5ff620a1c0fd3503899b","isMergeCommit":false,"messageTitle":"Refine tests for the delete command","messageBody":"","fileTypesAndContributionMap":{"test-code":{"insertions":81,"deletions":20}}},{"hash":"41b87dd784d59dac0136e7f22d4b604a05183163","isMergeCommit":false,"messageTitle":"Fix lint","messageBody":"","fileTypesAndContributionMap":{"functional-code":{"insertions":1,"deletions":1},"docs":{"insertions":15,"deletions":15}}}]},{"date":"2025-03-12","commitResults":[{"hash":"5acee2bd148b12264f9cbd61943d7935f8682339","isMergeCommit":false,"messageTitle":"Add confirmation logic for deletion","messageBody":"","fileTypesAndContributionMap":{"functional-code":{"insertions":52,"deletions":85}}},{"hash":"a6db98d4e6894130e64c9151a80bcd78bc039788","isMergeCommit":false,"messageTitle":"Remove unused AlertDialog to align with CLI requirement","messageBody":"","fileTypesAndContributionMap":{"functional-code":{"insertions":0,"deletions":129}}}]},{"date":"2025-03-19","commitResults":[{"hash":"1760ec1c220c30c266c3c3dbf3979cd39c47771d","isMergeCommit":false,"messageTitle":"Change format for deleted persons","messageBody":"","fileTypesAndContributionMap":{"functional-code":{"insertions":2,"deletions":2}}},{"hash":"c0eee04a9ddc6573bfed6f169db33e230bf67571","isMergeCommit":false,"messageTitle":"Change UG","messageBody":"","fileTypesAndContributionMap":{"docs":{"insertions":19,"deletions":10}}},{"hash":"8be0458821d7b07301c98e4aacf215dfc679c3f5","isMergeCommit":true,"messageTitle":"Merge pull request #73 from lauhengyi/Add-command-tweak","messageBody":"Renamed person to applicant","fileTypesAndContributionMap":{}},{"hash":"80f9e0372a1b922c913f1a448f29fd799bc112d8","isMergeCommit":true,"messageTitle":"Merge branch \u0027master\u0027 into yuqian/refine-contact-removal","messageBody":"","fileTypesAndContributionMap":{}},{"hash":"5cd8e582c3f6963d35ca847017fd60085ec0c71b","isMergeCommit":false,"messageTitle":"Minor change UG","messageBody":"","fileTypesAndContributionMap":{"docs":{"insertions":1,"deletions":1}}},{"hash":"efe6354154620f925de1197bb320f66d8dc2aa26","isMergeCommit":false,"messageTitle":"Fix grammar errors in UG","messageBody":"","fileTypesAndContributionMap":{"docs":{"insertions":7,"deletions":7}}}]},{"date":"2025-03-20","commitResults":[{"hash":"ef41ce412e1c90133f121921475cca42e87a9900","isMergeCommit":true,"messageTitle":"Merge branch \u0027master\u0027 into yuqian/refine-contact-removal","messageBody":"","fileTypesAndContributionMap":{}},{"hash":"4480488aad9ac613d3aa301059d4cfdecaba5189","isMergeCommit":false,"messageTitle":"Minor fix in DeleteCommand","messageBody":"","fileTypesAndContributionMap":{"functional-code":{"insertions":6,"deletions":1}}},{"hash":"d69d251e73e38f5785024b635962cf0a2ae1debe","isMergeCommit":false,"messageTitle":"Update tests","messageBody":"","fileTypesAndContributionMap":{"test-code":{"insertions":16,"deletions":55}}},{"hash":"8c3ac7ab4abb008494f5172c5c88790117bb26ae","isMergeCommit":true,"messageTitle":"Merge pull request #81 from GabriellaGloria/branch-SearchPredicates","messageBody":"Fix searchCommand and add new predicates","fileTypesAndContributionMap":{}},{"hash":"476b454366d56a704085581baec5d4c25b7ec355","isMergeCommit":true,"messageTitle":"Merge pull request #84 from GabriellaGloria/branch-SearchGuide","messageBody":"Edit search command user guide","fileTypesAndContributionMap":{}}]},{"date":"2025-03-22","commitResults":[{"hash":"0355244b7cc6c1b34d0a8d89c7f4cf8c525052d6","isMergeCommit":false,"messageTitle":"Add job position and status as contact identifiers for deletion","messageBody":"","fileTypesAndContributionMap":{"functional-code":{"insertions":39,"deletions":7}}}]},{"date":"2025-03-25","commitResults":[{"hash":"97de18dd31a9a0b27cbd47c7920fbe489102a1a1","isMergeCommit":false,"messageTitle":"Update UML diagram for storage","messageBody":"","fileTypesAndContributionMap":{"docs":{"insertions":3,"deletions":3}}},{"hash":"c3ba2960513814ee8e9ba71eca00d6078a375ed0","isMergeCommit":false,"messageTitle":"Add prefix for before and after","messageBody":"","fileTypesAndContributionMap":{"functional-code":{"insertions":2,"deletions":1}}}]},{"date":"2025-03-26","commitResults":[{"hash":"1e4a50b98ce01c444b96fa9be32e55ef1c343e83","isMergeCommit":true,"messageTitle":"Merge pull request #102 from GabriellaGloria/branch-searchTestFix","messageBody":"Branch search test fix","fileTypesAndContributionMap":{}}]},{"date":"2025-03-27","commitResults":[{"hash":"1778300410dfa78c02bd0f6d750f692f054e54a2","isMergeCommit":false,"messageTitle":"Allow multiple identifiers","messageBody":"","fileTypesAndContributionMap":{"functional-code":{"insertions":31,"deletions":32}}},{"hash":"0e1d5ad1f4737ca2a6dc48d0c68d0841e415e6aa","isMergeCommit":true,"messageTitle":"Merge pull request #103 from GabriellaGloria/branch-ExportCsv","messageBody":"Implement Export CSV functionality","fileTypesAndContributionMap":{}},{"hash":"6afb874119e1968e191e63e1262fd90dc1b12673","isMergeCommit":false,"messageTitle":"Add check for identifier rules of delete","messageBody":"","fileTypesAndContributionMap":{"functional-code":{"insertions":38,"deletions":5}}},{"hash":"e0a74cc52bcad177f3e310e2b799ba96631318ba","isMergeCommit":false,"messageTitle":"Add predicates for dates","messageBody":"","fileTypesAndContributionMap":{"functional-code":{"insertions":47,"deletions":2}}},{"hash":"59481bae32656a8a7587f6b44665462764003085","isMergeCommit":false,"messageTitle":"Implement delete command logic","messageBody":"","fileTypesAndContributionMap":{"functional-code":{"insertions":48,"deletions":82}}},{"hash":"96fb3c37c2712fd2afd6cc13ff869a799c09aa2b","isMergeCommit":false,"messageTitle":"Fix lint issues","messageBody":"","fileTypesAndContributionMap":{"functional-code":{"insertions":39,"deletions":5},"test-code":{"insertions":8,"deletions":8}}},{"hash":"a938ab852ab44af4ef67a6c64b3fd6a84db79797","isMergeCommit":false,"messageTitle":"Fix issue where the dates identifiers cannot be applied","messageBody":"","fileTypesAndContributionMap":{"functional-code":{"insertions":15,"deletions":15}}},{"hash":"af59afbb2e582339009255525a1346facbcef895","isMergeCommit":false,"messageTitle":"Improve code quality","messageBody":"","fileTypesAndContributionMap":{"functional-code":{"insertions":77,"deletions":33}}},{"hash":"2c3eaf32c4dd71744418cd6cf4cc84bf94874d23","isMergeCommit":true,"messageTitle":"Merge branch \u0027master\u0027 into yuqian/refine-delete-command","messageBody":"","fileTypesAndContributionMap":{}}]},{"date":"2025-03-31","commitResults":[{"hash":"032a6b1f43a1b8e12233bd5ba24d5030755be795","isMergeCommit":false,"messageTitle":"Update UG and DG","messageBody":"","fileTypesAndContributionMap":{"docs":{"insertions":50,"deletions":34}}}]},{"date":"2025-04-01","commitResults":[{"hash":"875d7f8dcc3689cde5f3786a588841c7bd459d7e","isMergeCommit":false,"messageTitle":"Draft UG","messageBody":"","fileTypesAndContributionMap":{"docs":{"insertions":569,"deletions":206}}},{"hash":"523a3fc88d3bf627ef7f8f97ae861469fcc85fac","isMergeCommit":false,"messageTitle":"Update UG to be more user-friendly","messageBody":"","fileTypesAndContributionMap":{"docs":{"insertions":48,"deletions":489}}},{"hash":"eb02e10dfe51d528d29e3625c0405ddfcebddfe2","isMergeCommit":false,"messageTitle":"Remove unused code","messageBody":"","fileTypesAndContributionMap":{"functional-code":{"insertions":0,"deletions":36}}},{"hash":"460b5e18ac7819ed7b446e4ba2f2df5c3c0c2bd3","isMergeCommit":true,"messageTitle":"Merge pull request #137 from GabriellaGloria/branch-MissingJavadoc","messageBody":"Add javadoc for all commands\u0027 methods","fileTypesAndContributionMap":{}},{"hash":"a67dadffd388e1f766acdd75320d6ff10ad5df9f","isMergeCommit":true,"messageTitle":"Merge pull request #145 from GabriellaGloria/branch-removePopUp","messageBody":"Remove export pop-up window","fileTypesAndContributionMap":{}}]},{"date":"2025-04-02","commitResults":[{"hash":"d6fe1a20b89c04c43da85b0dc3c4e5e95c8c14be","isMergeCommit":true,"messageTitle":"Merge pull request #146 from GabriellaGloria/branch-removePopUp","messageBody":"Add address, rating and time to export csv","fileTypesAndContributionMap":{}},{"hash":"2cc89d1fd839bd3e9f5afc19e8ec8f772bb9ab7e","isMergeCommit":false,"messageTitle":"Add phone identifier and change search to be using OR","messageBody":"","fileTypesAndContributionMap":{"functional-code":{"insertions":110,"deletions":64}}},{"hash":"9003c57c936207b39e1f8ddd0917e04c714ef748","isMergeCommit":false,"messageTitle":"Add edge case for summary command","messageBody":"","fileTypesAndContributionMap":{"functional-code":{"insertions":12,"deletions":12}}},{"hash":"fa11957a52e0260b65ca910839ca8c5bef873d09","isMergeCommit":false,"messageTitle":"Add support for before and after for summary and search","messageBody":"","fileTypesAndContributionMap":{"functional-code":{"insertions":94,"deletions":65}}},{"hash":"59e3da2c20dc8e9d76c0a640351e46ed6ea62d5b","isMergeCommit":false,"messageTitle":"Enhance the update command","messageBody":"","fileTypesAndContributionMap":{"functional-code":{"insertions":227,"deletions":147},"test-code":{"insertions":13,"deletions":11}}},{"hash":"8a6afb88af90c0cac90e8a7748a8c723afe2b664","isMergeCommit":false,"messageTitle":"Fix grammar issues","messageBody":"","fileTypesAndContributionMap":{"functional-code":{"insertions":10,"deletions":10},"docs":{"insertions":1,"deletions":1}}},{"hash":"5b1d46be92f4282fcd44955fe2de67e8f9eb0ba3","isMergeCommit":false,"messageTitle":"Add abstract class for update and delete","messageBody":"","fileTypesAndContributionMap":{"functional-code":{"insertions":399,"deletions":198}}},{"hash":"38eded81447820ffb860c237d33aaaef52b0adce","isMergeCommit":false,"messageTitle":"Add some test cases","messageBody":"","fileTypesAndContributionMap":{"functional-code":{"insertions":4,"deletions":5},"test-code":{"insertions":186,"deletions":5}}}]},{"date":"2025-04-03","commitResults":[{"hash":"12f28aaa5017c05369caf623b5c445d5410f5a03","isMergeCommit":true,"messageTitle":"Merge branch \u0027master\u0027 into branch-InputCheck","messageBody":"","fileTypesAndContributionMap":{}},{"hash":"bfb91c4db688ebff80500c62e7eede5d5ec12a61","isMergeCommit":true,"messageTitle":"Merge pull request #171 from GabriellaGloria/branch-InputCheck","messageBody":"Add input length check","fileTypesAndContributionMap":{}},{"hash":"037831e35bbcc5ea20c4252c30ef10ce145314ba","isMergeCommit":true,"messageTitle":"Merge pull request #172 from GabriellaGloria/branch-updateAnchor","messageBody":"Fix back to top anchors","fileTypesAndContributionMap":{}},{"hash":"41c58edea8b4a45f751813857cff826545f0dea2","isMergeCommit":true,"messageTitle":"Merge branch \u0027master\u0027 into branch-ApplicantSorting","messageBody":"","fileTypesAndContributionMap":{}},{"hash":"34a789b6e53269bd720bfcef5a7fd413f131584b","isMergeCommit":true,"messageTitle":"Merge pull request #160 from wswddl/branch-ApplicantSorting","messageBody":"Fix clear command doesn\u0027t remove all the applicant photos in the data file","fileTypesAndContributionMap":{}},{"hash":"4ea05c874e731fc317dadf8cc71654b7684293f5","isMergeCommit":true,"messageTitle":"Merge pull request #175 from GabriellaGloria/branch-CheckstyleFix","messageBody":"Fix checkstyle errors","fileTypesAndContributionMap":{}},{"hash":"03f2e59521319e8dc52c65757f4069c6bacb46ad","isMergeCommit":false,"messageTitle":"Add test cases","messageBody":"","fileTypesAndContributionMap":{"functional-code":{"insertions":5,"deletions":11},"test-code":{"insertions":269,"deletions":34}}},{"hash":"03c390e953226c455f935163afb995c738a125f7","isMergeCommit":true,"messageTitle":"Merge branch \u0027master\u0027 into branch-EditUG","messageBody":"","fileTypesAndContributionMap":{}},{"hash":"5169949dac3f1fb2b43c43f7130e1e67c6db1f26","isMergeCommit":true,"messageTitle":"Merge pull request #180 from GabriellaGloria/branch-EditUG","messageBody":"Change user guide for Search","fileTypesAndContributionMap":{}},{"hash":"2aace8c10c30fa624d83b6a5e53048b260ea0956","isMergeCommit":false,"messageTitle":"Update UG","messageBody":"","fileTypesAndContributionMap":{"docs":{"insertions":3,"deletions":4}}}]},{"date":"2025-04-06","commitResults":[{"hash":"6f17b41d51cac01f42fd4c6632a46ea28252868a","isMergeCommit":true,"messageTitle":"Merge pull request #232 from wswddl/branch-ApplicantSorting","messageBody":"Light mode for help menu window","fileTypesAndContributionMap":{}},{"hash":"bf5000cb9080df5e1b57afb89059f76e39b6f6ee","isMergeCommit":false,"messageTitle":"Fix delete command help message","messageBody":"","fileTypesAndContributionMap":{"functional-code":{"insertions":2,"deletions":2}}},{"hash":"6d954a28ced3e800fbe88f13a856d486df81754c","isMergeCommit":false,"messageTitle":"Fix help message for update","messageBody":"","fileTypesAndContributionMap":{"functional-code":{"insertions":1,"deletions":1}}},{"hash":"8af9dfe6abf24c47fe6d56b481960f2b3592300a","isMergeCommit":false,"messageTitle":"Fix glossary in DG","messageBody":"","fileTypesAndContributionMap":{"docs":{"insertions":1,"deletions":1}}},{"hash":"4e05ea103b5524fd9feb791dbdeb003fd5bfd420","isMergeCommit":false,"messageTitle":"Add before and after date to UG","messageBody":"","fileTypesAndContributionMap":{"docs":{"insertions":2,"deletions":0}}},{"hash":"cd9240fe2fc84e94aa0928dbecb00c37d6825fe3","isMergeCommit":false,"messageTitle":"Add before and after date to UG as a table","messageBody":"","fileTypesAndContributionMap":{"docs":{"insertions":7,"deletions":2}}}]}],"GabriellaGloria":[{"date":"2025-02-25","commitResults":[{"hash":"daf5b96fe1934d7b230b3dbc61160d891fa6e6b5","isMergeCommit":false,"messageTitle":"Edit AboutUs","messageBody":"","fileTypesAndContributionMap":{"docs":{"insertions":3,"deletions":3}}},{"hash":"6ab8a5f937ffb88d5ced40d8fb11060f226023f7","isMergeCommit":true,"messageTitle":"Merge branch \u0027master\u0027 into Update-about-us","messageBody":"","fileTypesAndContributionMap":{}},{"hash":"97a5b3c2d2ece51a8e700d68f0ff6e69917acacf","isMergeCommit":true,"messageTitle":"Merge pull request #19 from lauhengyi/Update-about-us","messageBody":"Added Heng Yi\u0027s About Us","fileTypesAndContributionMap":{}},{"hash":"6d63c23ec8f590fed5bd1989814f02d56919f2d5","isMergeCommit":false,"messageTitle":"Change role to testing","messageBody":"","fileTypesAndContributionMap":{"docs":{"insertions":1,"deletions":1}}},{"hash":"fe6e05bd5ec299b8ceff6842bd900a60eb2a45b8","isMergeCommit":true,"messageTitle":"Merge branch \u0027master\u0027 into branch-aboutUs","messageBody":"","fileTypesAndContributionMap":{}},{"hash":"3466ac492b8e4db9fadfe0860a432ce7d719b646","isMergeCommit":true,"messageTitle":"Merge pull request #24 from GabriellaGloria/branch-aboutUs","messageBody":"Update Gabriella\u0027s AboutUs","fileTypesAndContributionMap":{}},{"hash":"d67ba8061d7324bb76729049d2816656ff13baf2","isMergeCommit":false,"messageTitle":"Update site-wide settings","messageBody":"","fileTypesAndContributionMap":{"docs":{"insertions":3,"deletions":0}}},{"hash":"976fb2fc1888e21060f4711bb66614a79d0e6339","isMergeCommit":false,"messageTitle":"Update glossary with new definitions","messageBody":"","fileTypesAndContributionMap":{"docs":{"insertions":15,"deletions":2}}},{"hash":"026c90afcf6ac19b73381b887eba1257c916ba89","isMergeCommit":true,"messageTitle":"Merge pull request #27 from lauhengyi/Add-UI","messageBody":"Added Ui mockup","fileTypesAndContributionMap":{}},{"hash":"7bd936a97fda6bd9d2fdc7f26392b0cc57a3fbf0","isMergeCommit":true,"messageTitle":"Merge pull request #39 from lauhengyi/update-developer-guide","messageBody":"Add changes to target user profile and value proposition","fileTypesAndContributionMap":{}}]},{"date":"2025-03-05","commitResults":[{"hash":"85b5a78d70e769032e73ab91d8959b5136e5e091","isMergeCommit":true,"messageTitle":"Merge pull request #46 from yuqiannemo/yuqian/update-readme","messageBody":"Update README.md","fileTypesAndContributionMap":{}}]},{"date":"2025-03-14","commitResults":[{"hash":"eaa754b705bd7e18162d9712216adeea1fe2cf56","isMergeCommit":false,"messageTitle":"Change occurences of FindCommand to SearchCommand","messageBody":"","fileTypesAndContributionMap":{"functional-code":{"insertions":3,"deletions":3},"other":{"insertions":32,"deletions":32},"docs":{"insertions":1,"deletions":1},"test-code":{"insertions":4,"deletions":4}}},{"hash":"b563fab230675379756d67eabf810f9d33c07d1b","isMergeCommit":false,"messageTitle":"Change all occurences of Find to Search","messageBody":"","fileTypesAndContributionMap":{"functional-code":{"insertions":3,"deletions":3},"docs":{"insertions":178,"deletions":174}}},{"hash":"ba22712e1a994680bb042b420c7678074c4450c1","isMergeCommit":false,"messageTitle":"Fix comment spacings","messageBody":"","fileTypesAndContributionMap":{"functional-code":{"insertions":3,"deletions":3}}},{"hash":"7ac4f8bc6b0eb5ef188632fd8f751bb3823cc6cb","isMergeCommit":false,"messageTitle":"Edit usage of applicant search","messageBody":"","fileTypesAndContributionMap":{"functional-code":{"insertions":16,"deletions":6}}},{"hash":"67f8d34d804ab03452fe18f391c7f194eea7221c","isMergeCommit":false,"messageTitle":"Fix format of search usage","messageBody":"","fileTypesAndContributionMap":{"functional-code":{"insertions":9,"deletions":9}}},{"hash":"bec35acdaad589831d0292f11107f1ba81963120","isMergeCommit":false,"messageTitle":"Add getKeyword functionality","messageBody":"","fileTypesAndContributionMap":{"functional-code":{"insertions":15,"deletions":5}}},{"hash":"11f183ee2d2911d304b104b7612488c0be6e3f31","isMergeCommit":false,"messageTitle":"Validate search input and keywords","messageBody":"","fileTypesAndContributionMap":{"functional-code":{"insertions":38,"deletions":1}}},{"hash":"6b5aa016035f9985b78e8897d2f80cc622948c8d","isMergeCommit":false,"messageTitle":"Fix naming and indentations","messageBody":"","fileTypesAndContributionMap":{"functional-code":{"insertions":28,"deletions":29}}},{"hash":"a625e0728918e49d18fcde7a73f8a8b288ebeca2","isMergeCommit":false,"messageTitle":"Fix typos in search occurences","messageBody":"","fileTypesAndContributionMap":{"docs":{"insertions":5,"deletions":5}}},{"hash":"1960a35acbe943fe7311f59626b74f9073ff9c59","isMergeCommit":false,"messageTitle":"Revert changes in DeveloperGuide.md, SettingUp.md, and UserGuide.md to match master","messageBody":"","fileTypesAndContributionMap":{"docs":{"insertions":173,"deletions":177}}},{"hash":"956021daec39a57c421201f8e78c8ae98834ab66","isMergeCommit":false,"messageTitle":"Edit user guide","messageBody":"","fileTypesAndContributionMap":{"docs":{"insertions":8,"deletions":8}}}]},{"date":"2025-03-19","commitResults":[{"hash":"17610126ee0b07f6aedd4e5c593658a843fe07c5","isMergeCommit":false,"messageTitle":"Split long line to adhere 120 character limit","messageBody":"","fileTypesAndContributionMap":{"functional-code":{"insertions":3,"deletions":3}}},{"hash":"d9e50a9203cf87589d1e7b633f202a85bc634325","isMergeCommit":false,"messageTitle":"Fix import ordering","messageBody":"","fileTypesAndContributionMap":{"functional-code":{"insertions":22,"deletions":14}}},{"hash":"c7d4efd23c0a3ed8365fdca83c09ec785e0a4794","isMergeCommit":false,"messageTitle":"Fix checkstyle issues for Search command","messageBody":"","fileTypesAndContributionMap":{"functional-code":{"insertions":12,"deletions":12}}},{"hash":"925b53e77594664f3a8c6ee014a10108aed82196","isMergeCommit":false,"messageTitle":"Remove trailing whitespaces","messageBody":"","fileTypesAndContributionMap":{"functional-code":{"insertions":1,"deletions":1}}},{"hash":"e62d641a62ab3c9927bf965ff3051801f8975130","isMergeCommit":false,"messageTitle":"Change javadoc and wildcard imports","messageBody":"","fileTypesAndContributionMap":{"functional-code":{"insertions":12,"deletions":5}}},{"hash":"f9237a17c32676a019f5e2244180f6f273976918","isMergeCommit":false,"messageTitle":"Change import ordering and wilcard","messageBody":"","fileTypesAndContributionMap":{"functional-code":{"insertions":7,"deletions":2}}},{"hash":"ccbbd4d9048dc1261d2f2b836da3ac0a28f1152a","isMergeCommit":false,"messageTitle":"Fix checkstyle issues","messageBody":"","fileTypesAndContributionMap":{"functional-code":{"insertions":14,"deletions":6}}},{"hash":"cc45dff1b5f6a31fecd9dcffdaee951df993af5f","isMergeCommit":false,"messageTitle":"Fix PersonCard checkstyle","messageBody":"","fileTypesAndContributionMap":{"functional-code":{"insertions":2,"deletions":1}}},{"hash":"a1df9129e0bcb0a0bb4508af39f8ddc6f13d0bde","isMergeCommit":false,"messageTitle":"Edit card column format","messageBody":"","fileTypesAndContributionMap":{"functional-code":{"insertions":17,"deletions":7}}}]},{"date":"2025-03-20","commitResults":[{"hash":"8722b9077741616fcd3082d85770a0df4572c933","isMergeCommit":true,"messageTitle":"Merge pull request #78 from lauhengyi/Add-command-tweak","messageBody":"Updated test cases and UG","fileTypesAndContributionMap":{}},{"hash":"feb04fc84018eaee258315957c4b78bfdb5d1dfd","isMergeCommit":false,"messageTitle":"Add prefix present function","messageBody":"","fileTypesAndContributionMap":{"functional-code":{"insertions":7,"deletions":0}}},{"hash":"60bad0a8dea0132595381af80c45e6d046a37a7d","isMergeCommit":false,"messageTitle":"Add Status and Job position matches","messageBody":"","fileTypesAndContributionMap":{"functional-code":{"insertions":130,"deletions":0}}},{"hash":"45f2d003356bd8915e28cc2fb4eb9c47722e7029","isMergeCommit":false,"messageTitle":"Support multiple predicate searches","messageBody":"","fileTypesAndContributionMap":{"functional-code":{"insertions":95,"deletions":72},"test-code":{"insertions":24,"deletions":14}}},{"hash":"956a64f08e6942cee3b8aa4b45a976c47d8599dc","isMergeCommit":false,"messageTitle":"Change Search command parser test","messageBody":"","fileTypesAndContributionMap":{"test-code":{"insertions":6,"deletions":2}}},{"hash":"128a2e31501734a679a32cb50b76dceaf404ea2c","isMergeCommit":false,"messageTitle":"Change message usage","messageBody":"","fileTypesAndContributionMap":{"functional-code":{"insertions":7,"deletions":2}}},{"hash":"abd62660c471daf6d596743d35901f8d41308c39","isMergeCommit":false,"messageTitle":"Edit search guide in UG","messageBody":"","fileTypesAndContributionMap":{"docs":{"insertions":22,"deletions":34}}},{"hash":"85a8a6a0aab499e2265e825a4d3447a266fbaa04","isMergeCommit":false,"messageTitle":"Change persons to applicants","messageBody":"","fileTypesAndContributionMap":{"functional-code":{"insertions":1,"deletions":1}}},{"hash":"c17fd752cbc663f4007e389aa3962ed85a2edd29","isMergeCommit":false,"messageTitle":"Edit search user guide","messageBody":"","fileTypesAndContributionMap":{"docs":{"insertions":25,"deletions":16}}}]},{"date":"2025-03-25","commitResults":[{"hash":"d397dada587f0a07989407c5ea6a2c463da841f2","isMergeCommit":false,"messageTitle":"Finalize exact match for search","messageBody":"","fileTypesAndContributionMap":{"test-code":{"insertions":107,"deletions":14}}},{"hash":"fb21f16b9794efc2dc0622704c15861f7997dc9c","isMergeCommit":false,"messageTitle":"Add new exact match test cases","messageBody":"","fileTypesAndContributionMap":{"test-code":{"insertions":17,"deletions":11}}},{"hash":"b0bdc1c1f795bcbf2da4a879966ac8b7f30d49cf","isMergeCommit":false,"messageTitle":"Add hashcode function","messageBody":"","fileTypesAndContributionMap":{"functional-code":{"insertions":6,"deletions":0}}},{"hash":"da75cd27fe61cc6c55078ba0bf13d737823e82bf","isMergeCommit":false,"messageTitle":"Fix prefix iteration order","messageBody":"","fileTypesAndContributionMap":{"functional-code":{"insertions":21,"deletions":12}}},{"hash":"7c3cac57a4a02399d57110582868f181bbd76f52","isMergeCommit":false,"messageTitle":"Add Javadoc","messageBody":"","fileTypesAndContributionMap":{"functional-code":{"insertions":138,"deletions":9}}},{"hash":"1f10bf8965a5c538c0f4c45690a447d69d56a0ad","isMergeCommit":false,"messageTitle":"Add export command to UG","messageBody":"","fileTypesAndContributionMap":{"docs":{"insertions":15,"deletions":0}}},{"hash":"dbaff2257d07c50fc8e27c4e616e5061f7b64cc2","isMergeCommit":false,"messageTitle":"Add parseCommand","messageBody":"","fileTypesAndContributionMap":{"functional-code":{"insertions":6,"deletions":0}}},{"hash":"19dc2264158e5a5acfc542d313c0fa9917a00085","isMergeCommit":false,"messageTitle":"implement export function with CSVWriter","messageBody":"","fileTypesAndContributionMap":{"functional-code":{"insertions":35,"deletions":0}}},{"hash":"ea4a6bb9f2cde3030c5913156d27d9a36ee2b1ed","isMergeCommit":false,"messageTitle":"Add parser for ExportCommand","messageBody":"","fileTypesAndContributionMap":{"functional-code":{"insertions":22,"deletions":0}}},{"hash":"6f18a314705032181c7eac5b1fe89766af03b9ba","isMergeCommit":false,"messageTitle":"Add ExportCommand functionality","messageBody":"","fileTypesAndContributionMap":{"functional-code":{"insertions":67,"deletions":0}}},{"hash":"d3055453e89a14f2e1dbf7bfa4d0c8b57acdae62","isMergeCommit":false,"messageTitle":"Include export command in parser","messageBody":"","fileTypesAndContributionMap":{"functional-code":{"insertions":4,"deletions":0}}},{"hash":"6530c855ace0e009db9be592a8bba46927e11e16","isMergeCommit":false,"messageTitle":"Add FileChooser pop-up","messageBody":"","fileTypesAndContributionMap":{"functional-code":{"insertions":40,"deletions":0}}},{"hash":"2975886f05ab9aaec521a1470095a918647e0860","isMergeCommit":false,"messageTitle":"Add invalid character check","messageBody":"","fileTypesAndContributionMap":{"functional-code":{"insertions":4,"deletions":0}}},{"hash":"8166a874b3617738184b303733eaee5aa8f947e5","isMergeCommit":false,"messageTitle":"Refactor export window handling","messageBody":"","fileTypesAndContributionMap":{"functional-code":{"insertions":49,"deletions":35}}},{"hash":"e5f9f687aaaa7f4e02650f918d54c9c25e35863b","isMergeCommit":false,"messageTitle":"Fix CSV header string format","messageBody":"","fileTypesAndContributionMap":{"functional-code":{"insertions":2,"deletions":2}}},{"hash":"06b1c2f82101df2b911397cbf5c3359e27c7960a","isMergeCommit":false,"messageTitle":"Add new export parser checks","messageBody":"","fileTypesAndContributionMap":{"functional-code":{"insertions":18,"deletions":5}}},{"hash":"adaa3e19607fafadca1e6285dcfc4ba48205ca09","isMergeCommit":false,"messageTitle":"Add tests for ExportCommandParser","messageBody":"","fileTypesAndContributionMap":{"test-code":{"insertions":79,"deletions":0}}},{"hash":"62d3028f78f8d37fc40f5b15b90f9c6ddf5e9526","isMergeCommit":false,"messageTitle":"Add tests for ExportCommand","messageBody":"","fileTypesAndContributionMap":{"test-code":{"insertions":54,"deletions":0}}},{"hash":"d6b6662b97fbd0e837b217eab4679a76b1c7c07d","isMergeCommit":false,"messageTitle":"Add more tests for Export command","messageBody":"","fileTypesAndContributionMap":{"test-code":{"insertions":96,"deletions":8}}},{"hash":"9ddc6faded95b40d99f880bb9dc7f9d7b737a358","isMergeCommit":false,"messageTitle":"Include OpenCSV in gradle build dependencies","messageBody":"","fileTypesAndContributionMap":{"other":{"insertions":2,"deletions":0}}},{"hash":"33763a94bb65119e813d0da8f3859701e5386f64","isMergeCommit":false,"messageTitle":"Fix export user guide","messageBody":"","fileTypesAndContributionMap":{"docs":{"insertions":2,"deletions":2}}},{"hash":"5fccf211471807d21690e0d34fd6754188acea58","isMergeCommit":true,"messageTitle":"Merge pull request #98 from yuqiannemo/yuqian/UML-diagram-update","messageBody":"Update UML diagram for Storage","fileTypesAndContributionMap":{}},{"hash":"45f2ae7656664ae408f76243226262d78e6957f6","isMergeCommit":true,"messageTitle":"Merge pull request #96 from yuqiannemo/yuqian/add-status-jobposition-for-deletion","messageBody":"Add job position and status as contact identifiers for deletion","fileTypesAndContributionMap":{}}]},{"date":"2025-03-26","commitResults":[{"hash":"f1897084b7fcbc61ad0849db78e0e2ba3f819c82","isMergeCommit":false,"messageTitle":"Improve error handling for export functionality","messageBody":"","fileTypesAndContributionMap":{"functional-code":{"insertions":3,"deletions":1}}},{"hash":"dab5bffda0d49de301c75d19aba9a073ac60a014","isMergeCommit":false,"messageTitle":"Add detailed error messages for invalid filename formats","messageBody":"","fileTypesAndContributionMap":{"functional-code":{"insertions":4,"deletions":0}}},{"hash":"7358cc6d83bc3f6c0869ac28f17176794e8aa6e4","isMergeCommit":false,"messageTitle":"Simplify and improve readability of Export parser messages","messageBody":"","fileTypesAndContributionMap":{"functional-code":{"insertions":6,"deletions":4}}}]},{"date":"2025-03-27","commitResults":[{"hash":"a01fcb68b24b7022adf6e205c7d5e0b73f64506e","isMergeCommit":true,"messageTitle":"Merge branch \u0027master\u0027 into master","messageBody":"","fileTypesAndContributionMap":{}},{"hash":"495f3810a7f9f961608071cc207a37b85b0b9591","isMergeCommit":true,"messageTitle":"Merge pull request #106 from lauhengyi/master","messageBody":"Added Summary Command","fileTypesAndContributionMap":{}}]},{"date":"2025-03-30","commitResults":[{"hash":"cac71451da083420dfaa295c9a9144647fad12db","isMergeCommit":true,"messageTitle":"Merge pull request #114 from lauhengyi/update-docs","messageBody":"Update docs for Home, Summary and Developer Guide","fileTypesAndContributionMap":{}}]},{"date":"2025-03-31","commitResults":[{"hash":"e171b72870bab6f671cefaaacecee1efdf71f224","isMergeCommit":false,"messageTitle":"Change addressbook to tp repository","messageBody":"","fileTypesAndContributionMap":{"docs":{"insertions":6,"deletions":6}}},{"hash":"a87c07638ed3555444c4769fc321322c5fd67612","isMergeCommit":false,"messageTitle":"Change jar filename","messageBody":"","fileTypesAndContributionMap":{"other":{"insertions":1,"deletions":1}}},{"hash":"fef58458e00cdf0e5c7ea66432a61c9a0640c3aa","isMergeCommit":false,"messageTitle":"Change addressbook to RecruitTrack","messageBody":"","fileTypesAndContributionMap":{"docs":{"insertions":9,"deletions":9}}}]},{"date":"2025-04-01","commitResults":[{"hash":"46921bb2caf89c7a493420712c25881e8c0430be","isMergeCommit":false,"messageTitle":"Add export sequence diagram","messageBody":"","fileTypesAndContributionMap":{"docs":{"insertions":75,"deletions":0}}},{"hash":"3a55b01bae9a84a3fbc7d408f3f89f1f2b257f99","isMergeCommit":false,"messageTitle":"Add search sequence diagram","messageBody":"","fileTypesAndContributionMap":{"docs":{"insertions":69,"deletions":0}}},{"hash":"e01ccbb020408b1ecde23dbe11fa1dfc7fc4f9f5","isMergeCommit":false,"messageTitle":"Edit UI Component DG","messageBody":"","fileTypesAndContributionMap":{"docs":{"insertions":12,"deletions":2}}},{"hash":"b87cd37820226abff07b0e9c33c1f3305413cf10","isMergeCommit":false,"messageTitle":"Add details for Search and Export command in DG","messageBody":"","fileTypesAndContributionMap":{"docs":{"insertions":64,"deletions":0}}},{"hash":"26d779ec575a282535d44c182c70b678d95ba731","isMergeCommit":false,"messageTitle":"Edit user guide","messageBody":"","fileTypesAndContributionMap":{"docs":{"insertions":34,"deletions":12}}},{"hash":"5711dab3056bfb8ec3feeef3304772b9e26ae611","isMergeCommit":true,"messageTitle":"Merge branch \u0027master\u0027 into branch-UserGuide","messageBody":"","fileTypesAndContributionMap":{}},{"hash":"2be0525c8d64f3c34e3b35df348ed3eb2622a498","isMergeCommit":true,"messageTitle":"Merge pull request #123 from wswddl/branch-UserGuide","messageBody":"Update User Guide for applicant profile picture","fileTypesAndContributionMap":{}},{"hash":"10198d8a8ada975e3c1465d5dff7b759817fe645","isMergeCommit":true,"messageTitle":"Merge pull request #124 from wswddl/branch-DeveloperGuide","messageBody":"Update Developer Guide use cases","fileTypesAndContributionMap":{}},{"hash":"873f135152f71ba4e340bdfa14c8115f20e4748e","isMergeCommit":true,"messageTitle":"Merge pull request #131 from yuqiannemo/yuqian/polish-DG-and-UG","messageBody":"Polish UG","fileTypesAndContributionMap":{}},{"hash":"1fe0d252270db8dbba1fcffdf8a8379316afb4e1","isMergeCommit":false,"messageTitle":"Add an export command checker","messageBody":"","fileTypesAndContributionMap":{"functional-code":{"insertions":10,"deletions":2}}},{"hash":"ec8e8bc067b703e3b0ff7d24deafb04e15d09dd0","isMergeCommit":false,"messageTitle":"Add missing javadoc for some method","messageBody":"","fileTypesAndContributionMap":{"functional-code":{"insertions":9,"deletions":1}}},{"hash":"05b75964f78da366d37b3e9721a0d4a111de398e","isMergeCommit":false,"messageTitle":"Add methods documentation for Person card","messageBody":"","fileTypesAndContributionMap":{"functional-code":{"insertions":28,"deletions":0}}},{"hash":"3f89b59d0dbe9bb77564b655ef23b8146e809c49","isMergeCommit":false,"messageTitle":"Add missing Javadoc comments for all commands","messageBody":"","fileTypesAndContributionMap":{"functional-code":{"insertions":161,"deletions":12}}},{"hash":"1414a82aa8c8710f2881f39dc265870ea9e543be","isMergeCommit":true,"messageTitle":"Merge pull request #139 from yuqiannemo/yuqian/remove-dead-code","messageBody":"Remove unused code in delete command","fileTypesAndContributionMap":{}},{"hash":"3235204dee764d63b3207877acd1ae516e027139","isMergeCommit":false,"messageTitle":"Remove export pop-up window","messageBody":"","fileTypesAndContributionMap":{"functional-code":{"insertions":0,"deletions":13}}},{"hash":"9e234338c39e23fb3151d3a03f3d52f73bcabc85","isMergeCommit":false,"messageTitle":"Remove export from logic","messageBody":"","fileTypesAndContributionMap":{"functional-code":{"insertions":1,"deletions":28}}},{"hash":"fcf27be62ae42edc1e110abe2a7039a8b76364be","isMergeCommit":false,"messageTitle":"Add addedtime and rating field to export csv","messageBody":"","fileTypesAndContributionMap":{"functional-code":{"insertions":31,"deletions":10}}},{"hash":"12f194b3a1a95decea8fc4831b90187022b4266d","isMergeCommit":false,"messageTitle":"Remove export handler from MainWindow","messageBody":"","fileTypesAndContributionMap":{"functional-code":{"insertions":1,"deletions":41}}}]},{"date":"2025-04-02","commitResults":[{"hash":"e18d899145cd3be38cedbce35e8e4425dd7aef14","isMergeCommit":false,"messageTitle":"Remove unused variables","messageBody":"","fileTypesAndContributionMap":{"functional-code":{"insertions":1,"deletions":3}}}]},{"date":"2025-04-03","commitResults":[{"hash":"ac7b5a10ed186022ebf4592398d80685e3021707","isMergeCommit":true,"messageTitle":"Merge pull request #169 from lauhengyi/milestone-1.5","messageBody":"Added new meaning for same person and documentation for applicant fields + minor bug fixes","fileTypesAndContributionMap":{}},{"hash":"4e06934c5954dd7339f0589dcc67fe94c2cdec74","isMergeCommit":false,"messageTitle":"Add Input length check","messageBody":"","fileTypesAndContributionMap":{"functional-code":{"insertions":19,"deletions":1}}},{"hash":"7a446ea835b6c5d8369c666a833638c820b117fc","isMergeCommit":false,"messageTitle":"Change max length to 50","messageBody":"","fileTypesAndContributionMap":{"functional-code":{"insertions":1,"deletions":1}}},{"hash":"fd4015d5c6f3619a17e852dbbb967ad6b2b1570a","isMergeCommit":false,"messageTitle":"Fix back to top anchors","messageBody":"","fileTypesAndContributionMap":{"docs":{"insertions":4,"deletions":16}}},{"hash":"cc4b64baba2cdafa1b6e25fcb0629fd800d89d4c","isMergeCommit":false,"messageTitle":"Fix checkstyle errors for checkstyleMain","messageBody":"","fileTypesAndContributionMap":{"functional-code":{"insertions":60,"deletions":57}}},{"hash":"92438bb241a0f2e51812792dfc53f917290be486","isMergeCommit":false,"messageTitle":"Fix checktyle errors for checkstyleTest","messageBody":"","fileTypesAndContributionMap":{"test-code":{"insertions":201,"deletions":76}}},{"hash":"38b6541cff449ae27951d17199c501f7a70d18b1","isMergeCommit":false,"messageTitle":"Change user guide for Search","messageBody":"","fileTypesAndContributionMap":{"docs":{"insertions":2,"deletions":2}}},{"hash":"68d2c0ba11cbb7079ed7dd1edd1eff9c62f11869","isMergeCommit":false,"messageTitle":"Change developer guide","messageBody":"","fileTypesAndContributionMap":{"docs":{"insertions":2,"deletions":2}}},{"hash":"71f1614adfdc224fe8927a1a5c007f3276d9224b","isMergeCommit":false,"messageTitle":"Edit identifiers","messageBody":"","fileTypesAndContributionMap":{"functional-code":{"insertions":9,"deletions":1},"docs":{"insertions":2,"deletions":2}}},{"hash":"78905268e45e70bad89f4118e43a18f078dfb877","isMergeCommit":false,"messageTitle":"Change time to before and after","messageBody":"","fileTypesAndContributionMap":{"functional-code":{"insertions":4,"deletions":2}}},{"hash":"8784b148b3513ab45b7c591338784413c6b39a08","isMergeCommit":false,"messageTitle":"Edit UG + Search command","messageBody":"","fileTypesAndContributionMap":{"functional-code":{"insertions":2,"deletions":9},"docs":{"insertions":2,"deletions":2}}},{"hash":"d2d9bbbd1c6951c9f97741895d421ffda8e69b59","isMergeCommit":true,"messageTitle":"Merge pull request #182 from yuqiannemo/yuqian/UG","messageBody":"Update UG","fileTypesAndContributionMap":{}},{"hash":"fbff62dc701954b878661e7edb0949dd784e2eef","isMergeCommit":true,"messageTitle":"Merge pull request #179 from wswddl/branch-ApplicantSorting","messageBody":"Fix applicant photo bugs, allow sorting in ascending and descending order, switch to light theme, and update UG sort command format","tags":["v1.5"],"fileTypesAndContributionMap":{}}]},{"date":"2025-04-04","commitResults":[{"hash":"307df8c96588f8b41b07ddd0ae98f41d0b8d189c","isMergeCommit":false,"messageTitle":"Update search command","messageBody":"","fileTypesAndContributionMap":{"functional-code":{"insertions":2,"deletions":2}}},{"hash":"fe83411d1a8303fcfd96899cba5e36ff5e0fdcd1","isMergeCommit":true,"messageTitle":"Merge pull request #183 from GabriellaGloria/updateSearch","messageBody":"Update search command","fileTypesAndContributionMap":{}}]}],"ernestlsy":[{"date":"2025-02-25","commitResults":[{"hash":"ed225853f781ae085a7da8b7082b9053fe7dd662","isMergeCommit":false,"messageTitle":"Update Ernest\u0027s AboutUs","messageBody":"","fileTypesAndContributionMap":{"docs":{"insertions":5,"deletions":5}}},{"hash":"9371a1fdf07d7188aa937aabc766ec828a3184cb","isMergeCommit":true,"messageTitle":"Merge pull request #20 from wswddl/branch-AboutUs","messageBody":"Update Ong Li Hong\u0027s AboutUs.md","fileTypesAndContributionMap":{}},{"hash":"4250a5058368dfb37e501a35e5fb21d31b0f07b6","isMergeCommit":false,"messageTitle":"Update roles and responsibilities","messageBody":"","fileTypesAndContributionMap":{"docs":{"insertions":8,"deletions":8}}},{"hash":"3f91823293b3128901b428045b8c8fb1ddf9f0fc","isMergeCommit":false,"messageTitle":"Update build status link","messageBody":"","fileTypesAndContributionMap":{"docs":{"insertions":1,"deletions":1}}},{"hash":"1f6cecce6bd899711ac039e98595deea77cce18b","isMergeCommit":false,"messageTitle":"Update build status link in index.md","messageBody":"","fileTypesAndContributionMap":{"docs":{"insertions":1,"deletions":1}}},{"hash":"5814d0865175c3758aaec345ebe8965300f3d0a5","isMergeCommit":true,"messageTitle":"Merge pull request #36 from wswddl/branch-README","messageBody":"Acknowledge the original source of the code in README.md","fileTypesAndContributionMap":{}},{"hash":"f8798a1120496059897946143fdc87fde9a32cdf","isMergeCommit":false,"messageTitle":"Add user stories in DG","messageBody":"","fileTypesAndContributionMap":{"docs":{"insertions":35,"deletions":8}}},{"hash":"4d7d6e30fbe5cc44070466adad99b6aedeb1b32c","isMergeCommit":true,"messageTitle":"Merge pull request #43 from wswddl/branch-UseCases","messageBody":"Add use cases in DG","fileTypesAndContributionMap":{}}]},{"date":"2025-03-07","commitResults":[{"hash":"28ae5415e9df067931e14646517b37b4c3cc27b8","isMergeCommit":false,"messageTitle":"Implement support for identifying contacts using identifiers","messageBody":"Add 3 identifier predicates to filter the Person list\n","fileTypesAndContributionMap":{"functional-code":{"insertions":135,"deletions":0}}}]},{"date":"2025-03-08","commitResults":[{"hash":"2f738a1f0605859aaaaeba24778047f6597a7908","isMergeCommit":false,"messageTitle":"Update IdentifierPredicate.java to align with checkstyle requirements","messageBody":"","fileTypesAndContributionMap":{"functional-code":{"insertions":6,"deletions":3}}}]},{"date":"2025-03-13","commitResults":[{"hash":"870e29ddfec8f1c04cf0ef3bcdb2ed92795a5bbe","isMergeCommit":true,"messageTitle":"Merge pull request #59 from wswddl/branch-UseCases","messageBody":"Update Use Cases in DG","fileTypesAndContributionMap":{}},{"hash":"ef07886c63f7431ed4c0d809b73bf7a2a3957494","isMergeCommit":false,"messageTitle":"Sync to master","messageBody":"","fileTypesAndContributionMap":{"functional-code":{"insertions":215,"deletions":15}}},{"hash":"58b929409df7da0228d7c4fdd40d693c241149de","isMergeCommit":false,"messageTitle":"Resolve conflicts","messageBody":"","fileTypesAndContributionMap":{"functional-code":{"insertions":20,"deletions":8}}},{"hash":"5d48da238712db052cf4f42f00bdb727b74f101d","isMergeCommit":false,"messageTitle":"Resolve conflicts","messageBody":"","fileTypesAndContributionMap":{"functional-code":{"insertions":2,"deletions":0}}},{"hash":"68c481a2f6b06d993de9d969d925cd9856c1499b","isMergeCommit":true,"messageTitle":"Merge branch \u0027master\u0027 into progress-tracking-v1","messageBody":"","fileTypesAndContributionMap":{}},{"hash":"e32be715398d4e50071f9c6b27680c7ab384b260","isMergeCommit":false,"messageTitle":"Implement Update command (not yet functional)","messageBody":"","fileTypesAndContributionMap":{"functional-code":{"insertions":51,"deletions":58}}},{"hash":"124fc4fab8ae825690432a94bb4f7728b987a037","isMergeCommit":false,"messageTitle":"Fix bugs","messageBody":"Fix bugs caused by validation error.\n\nUpdate command now works with 3 identifiers (name, phone, email), accepting any alphanumeric String as status.\n","fileTypesAndContributionMap":{"functional-code":{"insertions":16,"deletions":10}}},{"hash":"1472c173191aae03d5091d13e74c2f2791ad2d0e","isMergeCommit":true,"messageTitle":"Merge pull request #62 from wswddl/branch-ApplicantSorting","messageBody":"Implement applicant sorting and add addedTime attribute in Person class","fileTypesAndContributionMap":{}},{"hash":"84d3d294669b6432490805fc4e67c0f3b04d3798","isMergeCommit":false,"messageTitle":"Clean up code to align with checkstyle requirements","messageBody":"","fileTypesAndContributionMap":{"functional-code":{"insertions":56,"deletions":26}}},{"hash":"7bc3a3dec6ddf737a0292574f2d8a9c425c32c05","isMergeCommit":true,"messageTitle":"Merge branch \u0027master\u0027 into progress-tracking-v1","messageBody":"","fileTypesAndContributionMap":{}},{"hash":"66eb4b735ef7b2ca1960b6ca6a84f8e812d0e433","isMergeCommit":false,"messageTitle":"Resolve conflict bugs and clean up for checkstyle requirements","messageBody":"","fileTypesAndContributionMap":{"functional-code":{"insertions":12,"deletions":13}}}]},{"date":"2025-03-19","commitResults":[{"hash":"b947668a91071e6ef3297ae2223ac1f3ad4d7d28","isMergeCommit":true,"messageTitle":"Merge pull request #66 from wswddl/branch-ApplicantSorting","messageBody":"Improve OOP, add javadoc and fix AddCommandTest.java","fileTypesAndContributionMap":{}}]},{"date":"2025-03-20","commitResults":[{"hash":"e25690a12435dad7f101d0dab37f3ec88425a6df","isMergeCommit":true,"messageTitle":"Merge branch \u0027master\u0027 into branch-UserGuide","messageBody":"","fileTypesAndContributionMap":{}},{"hash":"45fcd7b6904a356585bfd1cb795383606f8a385a","isMergeCommit":true,"messageTitle":"Merge pull request #83 from wswddl/branch-UserGuide","messageBody":"Add applicant sorting in UG and added time in the PersonCardList in UI","fileTypesAndContributionMap":{}},{"hash":"b0da9e1d1d4756b9b11c7b27a16ef5e43821f7a0","isMergeCommit":false,"messageTitle":"Update EditCommand to support editing of new attributes","messageBody":"","fileTypesAndContributionMap":{"functional-code":{"insertions":34,"deletions":8}}},{"hash":"e4bf9488852149268ba1cbc50da0c429c8151325","isMergeCommit":true,"messageTitle":"Merge pull request #86 from wswddl/branch-ApplicantSorting","messageBody":"Add more test cases for sorting","fileTypesAndContributionMap":{}},{"hash":"ec43dbc8f3e185a70631205ae98c247ece5d20f6","isMergeCommit":true,"messageTitle":"Merge branch \u0027master\u0027 into update-edit-command","messageBody":"","fileTypesAndContributionMap":{}},{"hash":"ed0cc6f16b7f184a9a148ae2d16424721751e00f","isMergeCommit":false,"messageTitle":"Update tests to match changes to EditCommand","messageBody":"","fileTypesAndContributionMap":{"test-code":{"insertions":48,"deletions":11}}},{"hash":"d544dc58ace9feb2b8bbaa48dd4929700f7283b3","isMergeCommit":false,"messageTitle":"Add functionality to UpdateCommand","messageBody":"Allow identifying applicant by their index in the displayed filtered list.\n","fileTypesAndContributionMap":{"functional-code":{"insertions":50,"deletions":5}}},{"hash":"ccd1777eecc202b1b2801017cf0b481a5c763dd0","isMergeCommit":false,"messageTitle":"Update UserGuide","messageBody":"","fileTypesAndContributionMap":{"docs":{"insertions":23,"deletions":0}}}]},{"date":"2025-03-26","commitResults":[{"hash":"50c0f05ac860e018e9ca0931b959f49738a8cab2","isMergeCommit":false,"messageTitle":"Add Rating attribute to Applicant model","messageBody":"","fileTypesAndContributionMap":{"functional-code":{"insertions":65,"deletions":0},"test-code":{"insertions":60,"deletions":0}}},{"hash":"15333cacb4e6ced48540e7ef44a46114ba19ad4d","isMergeCommit":false,"messageTitle":"Update Rating to support absence of rating","messageBody":"","fileTypesAndContributionMap":{"functional-code":{"insertions":11,"deletions":6},"test-code":{"insertions":1,"deletions":0}}},{"hash":"8049cfac91a77c86d5072f39bc803911b481b529","isMergeCommit":false,"messageTitle":"Update UI to display Ratings for each Applicant","messageBody":"","fileTypesAndContributionMap":{"functional-code":{"insertions":34,"deletions":3}}},{"hash":"bdeedce1f06eb71077ddeaf211577fcf1d0a4067","isMergeCommit":false,"messageTitle":"Implement RateCommand to assign Ratings to Applicants","messageBody":"","fileTypesAndContributionMap":{"functional-code":{"insertions":263,"deletions":10}}},{"hash":"ca104f1f38d0605eac83ef1e327c169509fd971a","isMergeCommit":true,"messageTitle":"Merge branch \u0027master\u0027 into feature-rate-command","messageBody":"","fileTypesAndContributionMap":{}},{"hash":"1130bff4e35b49b17fa1f9ea9ba2f59705a08f4e","isMergeCommit":false,"messageTitle":"Update existing command to support Rating attribute","messageBody":"","fileTypesAndContributionMap":{"functional-code":{"insertions":35,"deletions":26}}}]},{"date":"2025-03-27","commitResults":[{"hash":"2b5f56befc15f012c7d04de3010e209c86b41dc9","isMergeCommit":true,"messageTitle":"Merge branch \u0027master\u0027 into branch-ApplicantPhoto","messageBody":"","fileTypesAndContributionMap":{}},{"hash":"0ced69cadc0f9a2ee410ac75516d5658491bac8d","isMergeCommit":true,"messageTitle":"Merge pull request #107 from wswddl/branch-ApplicantPhoto","messageBody":"Add applicant profile picture","fileTypesAndContributionMap":{}},{"hash":"407826c796d10ea28ae16d055842e0491d07ec9e","isMergeCommit":false,"messageTitle":"Update tests","messageBody":"","fileTypesAndContributionMap":{"functional-code":{"insertions":45,"deletions":10},"test-code":{"insertions":217,"deletions":56}}},{"hash":"756b1857c7bd6d0e7c4a9d901cd13bac742a5715","isMergeCommit":true,"messageTitle":"Merge branch \u0027master\u0027 into feature-rate-command","messageBody":"","fileTypesAndContributionMap":{}},{"hash":"fa5f06b0f0e9c8f449ca4e1ad151443fffd1bab4","isMergeCommit":true,"messageTitle":"Merge pull request #110 from wswddl/branch-ApplicantPhoto","messageBody":"Build gradle and fix PersonCard","fileTypesAndContributionMap":{}},{"hash":"e51d1d0887610bb37c1945d023ef2ca861712f71","isMergeCommit":true,"messageTitle":"Merge branch \u0027master\u0027 into feature-rate-command","messageBody":"","fileTypesAndContributionMap":{}},{"hash":"798652b774422f8de446c544e149eec73cfdc724","isMergeCommit":false,"messageTitle":"Update existing commands to match","messageBody":"","fileTypesAndContributionMap":{"functional-code":{"insertions":26,"deletions":33},"test-code":{"insertions":1,"deletions":1}}}]},{"date":"2025-03-31","commitResults":[{"hash":"5cb646a7cd03af738bfb316bd096fedb6378a929","isMergeCommit":false,"messageTitle":"Update DeveloperGuide","messageBody":"Edited diagrams for Model component\n","fileTypesAndContributionMap":{"docs":{"insertions":33,"deletions":21}}},{"hash":"a5c9eb566d447c8d51367f13afae8ad3cc1fbaee","isMergeCommit":false,"messageTitle":"Rename UniquePersonList to UniqueApplicantList","messageBody":"","fileTypesAndContributionMap":{"functional-code":{"insertions":9,"deletions":9},"docs":{"insertions":9,"deletions":9},"test-code":{"insertions":68,"deletions":68}}},{"hash":"90610bfe1da9975ad942a8d1bf56e568fc24da6c","isMergeCommit":false,"messageTitle":"Rename UniquePersonList to UniqueApplicantList","messageBody":"","fileTypesAndContributionMap":{"other":{"insertions":0,"deletions":0}}},{"hash":"35f1b09ff8c6bbd6776bfba87e6b2ca96d41b3f9","isMergeCommit":false,"messageTitle":"Update UserGuide","messageBody":"Added documentation for RateCommand and updated command summary to match new commands\n","fileTypesAndContributionMap":{"docs":{"insertions":31,"deletions":4}}}]},{"date":"2025-04-01","commitResults":[{"hash":"f8037c24a2a59c1257136ce11e6888df41172365","isMergeCommit":false,"messageTitle":"Add and Update screenshots","messageBody":"","fileTypesAndContributionMap":{"docs":{"insertions":46,"deletions":14}}},{"hash":"f079eba807baa500626dccbc35951d6825dbcf50","isMergeCommit":true,"messageTitle":"Merge branch \u0027master\u0027 into update-documentation","messageBody":"","fileTypesAndContributionMap":{}},{"hash":"a6c4c22094bf99bdb45eeed3d84415f105f7810f","isMergeCommit":true,"messageTitle":"Merge branch \u0027master\u0027 into update-documentation","messageBody":"","fileTypesAndContributionMap":{}},{"hash":"6b0161a0afcd6c7e5e7c68fae39bb4ba2ba827db","isMergeCommit":false,"messageTitle":"Update UserGuide to include more details for command usage","messageBody":"","fileTypesAndContributionMap":{"docs":{"insertions":95,"deletions":64}}}]},{"date":"2025-04-02","commitResults":[{"hash":"44fcef27c8eff0d1e2c190e59f5550c714368af9","isMergeCommit":false,"messageTitle":"Change image source from absolute paths to relative paths","messageBody":"","fileTypesAndContributionMap":{"docs":{"insertions":14,"deletions":14}}},{"hash":"28ed806d54e1dff819c97fa0bd8911f78f83435d","isMergeCommit":false,"messageTitle":"Remove unnecessary emojis to improve visibility","messageBody":"","fileTypesAndContributionMap":{"docs":{"insertions":15,"deletions":15}}},{"hash":"68138fafc7e63cdafaa6d50540b5a17c5407d0c8","isMergeCommit":false,"messageTitle":"Add clear and exit functions to the feature list","messageBody":"","fileTypesAndContributionMap":{"docs":{"insertions":17,"deletions":0}}}]},{"date":"2025-04-03","commitResults":[{"hash":"175f7a9eea4876db73283ff235c8de22bf991feb","isMergeCommit":true,"messageTitle":"Merge pull request #176 from yuqiannemo/yuqian/add-test-cases","messageBody":"Add test cases for delete command and delete command parser","fileTypesAndContributionMap":{}},{"hash":"c07e059f9c6d19dff46f39f78e0dc75d6ddb6dd0","isMergeCommit":false,"messageTitle":"Fix inaccurate information in UserGuide","messageBody":"Updated help page to display link to the new User Guide.\nFilled in missing parameters in the some command formats.\nCorrected any inaccurate information regarding data management.\n","fileTypesAndContributionMap":{"functional-code":{"insertions":1,"deletions":1},"docs":{"insertions":13,"deletions":13}}},{"hash":"7d4a0d3e101d3b83273f531ba902e98e04792e5c","isMergeCommit":false,"messageTitle":"Update User Guide to reflect changes to UpdateCommand","messageBody":"","fileTypesAndContributionMap":{"docs":{"insertions":16,"deletions":11}}},{"hash":"1b583c83e306198fedbe2fcc2d8573520278643b","isMergeCommit":true,"messageTitle":"Merge branch \u0027master\u0027 into update-documentation","messageBody":"","fileTypesAndContributionMap":{}},{"hash":"7e02182174de17aca25e3d56aa7d5d6d6bcd1e83","isMergeCommit":false,"messageTitle":"Update email validation rules","messageBody":"","fileTypesAndContributionMap":{"docs":{"insertions":7,"deletions":2}}}]},{"date":"2025-04-07","commitResults":[{"hash":"9954f6ec948f011532d77ed006579a4f566e27bc","isMergeCommit":true,"messageTitle":"Merge pull request #234 from wswddl/branch-ApplicantSorting","messageBody":"Block interactions with the main app window until the file chooser dialog is closed","fileTypesAndContributionMap":{}},{"hash":"49f1b168302fb4762b4cc6d33c6e3a52a4b12ebb","isMergeCommit":true,"messageTitle":"Merge pull request #237 from wswddl/branch-UserGuide","messageBody":"Clarify sorting case sensitivity in UG","fileTypesAndContributionMap":{}}]}],"wswddl":[{"date":"2025-02-25","commitResults":[{"hash":"474d5439cbfafff294b1edf90af7a092a2b15e9a","isMergeCommit":false,"messageTitle":"Update AboutUs.md","messageBody":"","fileTypesAndContributionMap":{"docs":{"insertions":4,"deletions":4}}},{"hash":"ec4d929643e80855f587512dff2ef5ded5ac3f78","isMergeCommit":false,"messageTitle":"Update AboutUs.md","messageBody":"","fileTypesAndContributionMap":{"docs":{"insertions":2,"deletions":2}}},{"hash":"6c4d3b25d08df7c031d208529ad2fc6f7b6649e2","isMergeCommit":true,"messageTitle":"Merge branch \u0027master\u0027 into yuqian/update-about-us","messageBody":"","fileTypesAndContributionMap":{}},{"hash":"a522585e048df4aeac37651091da7eb27425c1fb","isMergeCommit":true,"messageTitle":"Merge pull request #22 from yuqiannemo/yuqian/update-about-us","messageBody":"","fileTypesAndContributionMap":{}},{"hash":"bf09ee26a62d85213b10f42da83e565525b8f174","isMergeCommit":false,"messageTitle":"Acknowledge the original source of the code in README.md","messageBody":"","fileTypesAndContributionMap":{"docs":{"insertions":3,"deletions":0}}},{"hash":"adffbad13ab3dd07614fd7e55d76bbe2ff4b7913","isMergeCommit":false,"messageTitle":"Update README.md","messageBody":"","fileTypesAndContributionMap":{"docs":{"insertions":0,"deletions":1}}},{"hash":"6f055a75e15fe23a9c4e4b95614247c7e88513f7","isMergeCommit":false,"messageTitle":"Update README.md","messageBody":"","fileTypesAndContributionMap":{"docs":{"insertions":1,"deletions":1}}},{"hash":"c373dbea81cdd053259f1dd1c34ddd7b6f48cbe3","isMergeCommit":true,"messageTitle":"Merge pull request #33 from yuqiannemo/yuqian/update-DG-NFRs","messageBody":"Add more NFRs in the Developer Guide","fileTypesAndContributionMap":{}},{"hash":"914787e1aafcde6df60d3110cf84c20dba174c69","isMergeCommit":false,"messageTitle":"Add use cases in DG","messageBody":"","fileTypesAndContributionMap":{"docs":{"insertions":62,"deletions":1}}}]},{"date":"2025-03-07","commitResults":[{"hash":"ac5dc109a7615be1ec00e01a70fe245aa58bf277","isMergeCommit":false,"messageTitle":"Fix wrong format in Use Cases","messageBody":"","fileTypesAndContributionMap":{"docs":{"insertions":18,"deletions":18}}},{"hash":"e9a3a3fa2be8f1831bba861e22a13672e9a3a873","isMergeCommit":true,"messageTitle":"Merge branch \u0027master\u0027 into branch-UseCases","messageBody":"","fileTypesAndContributionMap":{}}]},{"date":"2025-03-11","commitResults":[{"hash":"2319b9439cd564fc2bf3e1cc0872d04a03190277","isMergeCommit":false,"messageTitle":"Update Use Cases in Developer Guide","messageBody":"","fileTypesAndContributionMap":{"docs":{"insertions":4,"deletions":4}}}]},{"date":"2025-03-13","commitResults":[{"hash":"ea54e5e48ee4d2170d5c0cf8ade06b81f4429ec4","isMergeCommit":true,"messageTitle":"Merge branch \u0027master\u0027 into branch-UseCases","messageBody":"","fileTypesAndContributionMap":{}},{"hash":"5ae5aab21f01b537d1fb2e79f3dac7188df5a875","isMergeCommit":false,"messageTitle":"Update Use Cases in DeveloperGuide.md","messageBody":"","fileTypesAndContributionMap":{"docs":{"insertions":11,"deletions":11}}},{"hash":"692d5c672eb12e10676fd4670bab7b26e3d4480a","isMergeCommit":true,"messageTitle":"Merge pull request #58 from lauhengyi/Add-command","messageBody":"Implemented Add commands as well as the Job Position and Status fields into Person","fileTypesAndContributionMap":{}},{"hash":"405780509dd10ee19a05d0d1248dd5d887ba3538","isMergeCommit":false,"messageTitle":"Implement Applicant Sorting","messageBody":"","fileTypesAndContributionMap":{"functional-code":{"insertions":210,"deletions":0},"test-code":{"insertions":123,"deletions":0}}},{"hash":"283df7c7e8a2cb7d8f1a1ef02d4214c30112b81c","isMergeCommit":true,"messageTitle":"Merge branch \u0027master\u0027 into branch-ApplicantSorting","messageBody":"","fileTypesAndContributionMap":{}},{"hash":"523e6d58c5dea0d57ff70fb711270b6eada917ad","isMergeCommit":false,"messageTitle":"Add addedTime attribute to Person.java","messageBody":"This allows sorting by each person\u0027s added time.\n","fileTypesAndContributionMap":{"functional-code":{"insertions":70,"deletions":45},"test-code":{"insertions":54,"deletions":19}}},{"hash":"408c68dfa2a7fd76f3927a8a6383150b572be29e","isMergeCommit":true,"messageTitle":"Merge branch \u0027master\u0027 into yuqian/contact-removal","messageBody":"","fileTypesAndContributionMap":{}},{"hash":"fd66ef0afd60741d926dd86fb46c60de417066e7","isMergeCommit":true,"messageTitle":"Merge pull request #55 from yuqiannemo/yuqian/contact-removal","messageBody":"Implement Contact Removal for the MVP","fileTypesAndContributionMap":{}},{"hash":"1420d3eecfe4f38aa6b6267762d9e54a1e3303a3","isMergeCommit":true,"messageTitle":"Merge branch \u0027master\u0027 into branch-ApplicantSorting","messageBody":"# Conflicts:\n#\tsrc/main/java/seedu/address/logic/parser/CliSyntax.java\n","fileTypesAndContributionMap":{}},{"hash":"8603a0a77d0b3a9633b409c1a977189fbd4e0337","isMergeCommit":false,"messageTitle":"Add sorting test case in UniquePersonListTest.java","messageBody":"","fileTypesAndContributionMap":{"test-code":{"insertions":33,"deletions":3}}}]},{"date":"2025-03-14","commitResults":[{"hash":"7b811d7f46848a15d72627a89136efee5a5a7b96","isMergeCommit":true,"messageTitle":"Merge branch \u0027master\u0027 into branch-ApplicantSorting","messageBody":"","fileTypesAndContributionMap":{}},{"hash":"abae6231873110f835b52be534463996f2f6ece3","isMergeCommit":false,"messageTitle":"Improve OOP, javadoc and implement methods in ModelStub of AddCommandTest","messageBody":"","fileTypesAndContributionMap":{"functional-code":{"insertions":41,"deletions":25},"test-code":{"insertions":58,"deletions":14}}}]},{"date":"2025-03-19","commitResults":[{"hash":"c5dff5038199351e7598345615c6711d6cee125d","isMergeCommit":true,"messageTitle":"Merge pull request #65 from GabriellaGloria/branch-ApplicantSearching","messageBody":"Fix applicant searching functionality","fileTypesAndContributionMap":{}}]},{"date":"2025-03-20","commitResults":[{"hash":"4d4c9000784ff9363b2c3a61a30eb5c8cb721c7a","isMergeCommit":true,"messageTitle":"Merge pull request #80 from yuqiannemo/yuqian/refine-contact-removal","messageBody":"Refine contact removal","fileTypesAndContributionMap":{}},{"hash":"379fe9c09a3dc7b676a89e34ce660736b732654f","isMergeCommit":false,"messageTitle":"Add sorting in User Guide","messageBody":"","fileTypesAndContributionMap":{"docs":{"insertions":19,"deletions":0}}},{"hash":"c10e54324167ac2598521a7862f168f07b02d59a","isMergeCommit":true,"messageTitle":"Merge branch \u0027master\u0027 of https://github.com/wswddl/tp # Please enter a commit message to explain why this merge is necessary, # especially if it merges an updated upstream into a topic branch. # # Lines starting with \u0027#\u0027 will be ignored, and an empty message aborts # the commit.","messageBody":"","fileTypesAndContributionMap":{}},{"hash":"f994fa6ff485cdefdc3752d6ee7c96f002753098","isMergeCommit":true,"messageTitle":"Merge branch \u0027master\u0027 into branch-UserGuide","messageBody":"","fileTypesAndContributionMap":{}},{"hash":"5b86e43f64359e19ec6c7d888d670f85c0be7478","isMergeCommit":false,"messageTitle":"Add applicant sorting in UserGuide.md","messageBody":"","fileTypesAndContributionMap":{"docs":{"insertions":3,"deletions":3}}},{"hash":"3145ff18c44c02a7a6313edcfaaa49ad68a2a66c","isMergeCommit":false,"messageTitle":"Add Sort and update Delete in Command Summary of UG","messageBody":"","fileTypesAndContributionMap":{"docs":{"insertions":3,"deletions":2}}},{"hash":"8979fe6d96a1cc4800ece85705732c1ac61542e6","isMergeCommit":false,"messageTitle":"Update PersonListCard in UI to show the time they are added.","messageBody":"","fileTypesAndContributionMap":{"functional-code":{"insertions":18,"deletions":1}}},{"hash":"a90ca43edeecc3e3493a15f4b3330e0aefc5392d","isMergeCommit":false,"messageTitle":"Revert \"Update PersonListCard in UI to show the time they are added.\"","messageBody":"This reverts commit 8979fe6d96a1cc4800ece85705732c1ac61542e6.\n","fileTypesAndContributionMap":{"functional-code":{"insertions":1,"deletions":18}}},{"hash":"fbbb95dce77bbd4e97e4a12c2dbe8cf3a7374997","isMergeCommit":false,"messageTitle":"Reapply \"Update PersonListCard in UI to show the time they are added.\"","messageBody":"This reverts commit a90ca43edeecc3e3493a15f4b3330e0aefc5392d.\n","fileTypesAndContributionMap":{"functional-code":{"insertions":18,"deletions":1}}},{"hash":"c4e7dd2129b97ff8e50f1f41cef2476dcf88387e","isMergeCommit":true,"messageTitle":"Merge branch \u0027branch-UserGuide\u0027 into branch-ApplicantSorting","messageBody":"","fileTypesAndContributionMap":{}},{"hash":"24fa910cf198c7e32a4dd8a2718c6003080d4b73","isMergeCommit":false,"messageTitle":"Add sort command images and change delete command images in UG","messageBody":"","fileTypesAndContributionMap":{"docs":{"insertions":4,"deletions":2}}},{"hash":"f1a8a15b0fd16d7498374b04ec167843ad380da5","isMergeCommit":true,"messageTitle":"Merge branch \u0027master\u0027 of https://github.com/wswddl/tp","messageBody":"","fileTypesAndContributionMap":{}},{"hash":"70c2bf2c0e4a0048b9f2193821b650afdc0faa2b","isMergeCommit":true,"messageTitle":"Merge branch \u0027master\u0027 into branch-UserGuide","messageBody":"","fileTypesAndContributionMap":{}},{"hash":"9639b1c48db902c26d616128ab23c0041425dd75","isMergeCommit":true,"messageTitle":"Merge branch \u0027master\u0027 into branch-ApplicantSorting","messageBody":"","fileTypesAndContributionMap":{}},{"hash":"612224db100cec88700b58b5f50d089a4474dba0","isMergeCommit":false,"messageTitle":"Add more test cases for sorting","messageBody":"","fileTypesAndContributionMap":{"test-code":{"insertions":99,"deletions":1}}},{"hash":"e1586ce7f58b54c5c65daa51f5cfa332d53c0c99","isMergeCommit":false,"messageTitle":"Fix checkstyle issues","messageBody":"","fileTypesAndContributionMap":{"functional-code":{"insertions":1,"deletions":2},"test-code":{"insertions":0,"deletions":1}}},{"hash":"7707585ad3c4e7da547f7ae3f119c06b288ffd62","isMergeCommit":false,"messageTitle":"Fix checkstyle issues","messageBody":"","fileTypesAndContributionMap":{"functional-code":{"insertions":0,"deletions":1}}},{"hash":"5b5f766a9d90fc695580fd7dcfd35f8b43cd8939","isMergeCommit":false,"messageTitle":"Small change to UI","messageBody":"","fileTypesAndContributionMap":{"functional-code":{"insertions":1,"deletions":1},"test-code":{"insertions":7,"deletions":1}}},{"hash":"74bc2c93626575725c18d17f367efea392de8e67","isMergeCommit":true,"messageTitle":"Merge pull request #88 from wswddl/branch-ApplicantSorting","messageBody":"Small change to UI","fileTypesAndContributionMap":{}}]},{"date":"2025-03-26","commitResults":[{"hash":"574284f2b26cb4638d53b78703f598ddc965798c","isMergeCommit":false,"messageTitle":"Add profile picture in fxml file","messageBody":"","fileTypesAndContributionMap":{"functional-code":{"insertions":77,"deletions":7}}},{"hash":"0b65c7bd2da0f84ed43013288d69127b9b91de73","isMergeCommit":true,"messageTitle":"Merge branch \u0027branch-ApplicantSorting\u0027","messageBody":"","fileTypesAndContributionMap":{}}]},{"date":"2025-03-27","commitResults":[{"hash":"9869d1fe0640dc144c6dfe494723af66071cac99","isMergeCommit":false,"messageTitle":"Fix invalid URL bugs","messageBody":"","fileTypesAndContributionMap":{"functional-code":{"insertions":92,"deletions":17}}},{"hash":"10b920f070219613b4190cb401fc622b0d9d40f8","isMergeCommit":false,"messageTitle":"Delete applicant\u0027s profile picture during delete command","messageBody":"","fileTypesAndContributionMap":{"functional-code":{"insertions":24,"deletions":20}}},{"hash":"ca8daddf55a0fd1cb0ff667f7b6a60b0637d5f12","isMergeCommit":false,"messageTitle":"Save applicant\u0027s picture path in Json format","messageBody":"This retains the mapping of applicant to profile picture even when we\nreopen the application.\n","fileTypesAndContributionMap":{"functional-code":{"insertions":81,"deletions":35},"test-code":{"insertions":29,"deletions":13}}},{"hash":"a3522db0df892ad23bf1c5024cac2edf4a59179c","isMergeCommit":false,"messageTitle":"Fix test cases","messageBody":"","fileTypesAndContributionMap":{"functional-code":{"insertions":1,"deletions":1},"test-code":{"insertions":3,"deletions":0}}},{"hash":"e2550b070ee91d6907fe4ce496ce0cb51b407749","isMergeCommit":true,"messageTitle":"Merge pull request #109 from yuqiannemo/yuqian/refine-delete-command","messageBody":"Add before date and after date as identifiers for delete command","fileTypesAndContributionMap":{}},{"hash":"497aa13eff5b0ba972c48d329ba46186e98864a8","isMergeCommit":false,"messageTitle":"Better OOP and improve SLAP","messageBody":"","fileTypesAndContributionMap":{"functional-code":{"insertions":116,"deletions":55}}},{"hash":"47b85bda02a40090bcaa419f0b3c0fb9ef5f8193","isMergeCommit":true,"messageTitle":"Merge remote-tracking branch \u0027origin/branch-ApplicantPhoto\u0027 into branch-ApplicantPhoto","messageBody":"","fileTypesAndContributionMap":{}},{"hash":"4332b229b2461740469de0783285442e4051562d","isMergeCommit":true,"messageTitle":"Merge branch \u0027master\u0027 into branch-ApplicantPhoto","messageBody":"","fileTypesAndContributionMap":{}},{"hash":"ea4b57454348f0df3e47d71f82f2bf62b5a669c0","isMergeCommit":false,"messageTitle":"Enable assertion in build.gradle","messageBody":"","fileTypesAndContributionMap":{"other":{"insertions":4,"deletions":0}}}]},{"date":"2025-03-31","commitResults":[{"hash":"8d02430d0e6d4c0c9f7ae613f50e564981a136a6","isMergeCommit":true,"messageTitle":"Merge branch \u0027master\u0027 into branch-ApplicantSorting","messageBody":"","fileTypesAndContributionMap":{}},{"hash":"c1c2081cbf78e2acea94f3bb534cb4befd95c97f","isMergeCommit":true,"messageTitle":"Merge pull request #116 from yuqiannemo/yuqian/update-DG-and-UG","messageBody":"Update UG and DG","fileTypesAndContributionMap":{}},{"hash":"719f6e3ddeff6b4699c7206b9ea6eab0e3f97a9e","isMergeCommit":true,"messageTitle":"Merge branch \u0027master\u0027 into branch-UserGuide","messageBody":"","fileTypesAndContributionMap":{}},{"hash":"cf7935dedb4bf1edab0d97d50b6f580e0b4ebc19","isMergeCommit":true,"messageTitle":"Merge branch \u0027master\u0027 into branch-DeveloperGuide","messageBody":"","fileTypesAndContributionMap":{}},{"hash":"83bd9c64fecdd0bc195b3c5805e13aed2b160528","isMergeCommit":false,"messageTitle":"Add applicant photo feature in UG","messageBody":"","fileTypesAndContributionMap":{"functional-code":{"insertions":2,"deletions":2},"docs":{"insertions":18,"deletions":0}}},{"hash":"5a9caed64cf17d7e52f7dadedfb3e49b6cde31fd","isMergeCommit":true,"messageTitle":"Merge branch \u0027master\u0027 into branch-UserGuide","messageBody":"# Conflicts:\n#\tdocs/UserGuide.md\n","fileTypesAndContributionMap":{}},{"hash":"d15f919a509ded3d172383dafd05f52ab824624b","isMergeCommit":true,"messageTitle":"Merge branch \u0027master\u0027 into branch-DeveloperGuide","messageBody":"","fileTypesAndContributionMap":{}}]},{"date":"2025-04-01","commitResults":[{"hash":"e6216fe067704df118c56c410cbc17994d26632e","isMergeCommit":false,"messageTitle":"Update use cases in Developer Guide","messageBody":"","fileTypesAndContributionMap":{"docs":{"insertions":115,"deletions":21}}},{"hash":"7bf8e98c9671c27811434e435a1493bcec84c5d7","isMergeCommit":false,"messageTitle":"Reorder the features and minor fix","messageBody":"Make sure the order of features follows how users would typically\ninteract with the app.\n","fileTypesAndContributionMap":{"docs":{"insertions":42,"deletions":36}}},{"hash":"6fe5749ac112327c5ec6bcbba4f6b99cedb5efbf","isMergeCommit":true,"messageTitle":"Merge pull request #120 from GabriellaGloria/branch-updateUG","messageBody":"Update Developer \u0026 User Guide","fileTypesAndContributionMap":{}},{"hash":"b88f36e68293eb0b3d166e8532d83ef234cdb217","isMergeCommit":false,"messageTitle":"Add sequence diagram for sorting and applicant photo","messageBody":"","fileTypesAndContributionMap":{"functional-code":{"insertions":5,"deletions":2},"docs":{"insertions":138,"deletions":0}}},{"hash":"caf41c6351228a5f5b358f6226d89796ab842745","isMergeCommit":true,"messageTitle":"Merge branch \u0027master\u0027 into branch-UserGuide","messageBody":"","fileTypesAndContributionMap":{}},{"hash":"a1667d551c8abb4c823b1f9552c9a9a2c833eefa","isMergeCommit":true,"messageTitle":"Merge branch \u0027master\u0027 into branch-DeveloperGuide","messageBody":"","fileTypesAndContributionMap":{}},{"hash":"90352d08791cc87cea49af0c738958964aa72005","isMergeCommit":true,"messageTitle":"Merge branch \u0027master\u0027 into branch-Diagram","messageBody":"","fileTypesAndContributionMap":{}},{"hash":"c33da2d13269ca945e6af06913d232df78f75119","isMergeCommit":false,"messageTitle":"Minor fix","messageBody":"","fileTypesAndContributionMap":{"docs":{"insertions":41,"deletions":38}}},{"hash":"06dc0bf98ff909ff476b86632fbc60166615509d","isMergeCommit":false,"messageTitle":"Update manual testing for sorting in DG","messageBody":"","fileTypesAndContributionMap":{"docs":{"insertions":22,"deletions":0}}},{"hash":"2a1420455836999da15e84cbf38977ee1da73e50","isMergeCommit":false,"messageTitle":"Update manual testing in DG","messageBody":"","fileTypesAndContributionMap":{"docs":{"insertions":2,"deletions":0}}},{"hash":"34f0938b672cedce4ea236d06dacb3a65cfc7449","isMergeCommit":true,"messageTitle":"Merge branch \u0027master\u0027 into branch-ApplicantSorting","messageBody":"","fileTypesAndContributionMap":{}},{"hash":"9d7538191f7c9111752d7a05c0a752806844a723","isMergeCommit":false,"messageTitle":"Fix bugs","messageBody":"","fileTypesAndContributionMap":{"functional-code":{"insertions":13,"deletions":3}}},{"hash":"50cc7447d1787ac7f3d3f3575862241809048d53","isMergeCommit":true,"messageTitle":"Merge branch \u0027master\u0027 into branch-ApplicantSorting","messageBody":"","fileTypesAndContributionMap":{}}]},{"date":"2025-04-02","commitResults":[{"hash":"120f600d9e5dfb9a24754f6427ca7b44e81b7d88","isMergeCommit":false,"messageTitle":"Fix clear command not delete profile pictures bug and undo changes","messageBody":"Undo changes made to fix \"calling parsecommand on \u0027yes\u0027 will throw\nexception\" bug as it has been handled by someone else.\n","fileTypesAndContributionMap":{"functional-code":{"insertions":21,"deletions":14}}},{"hash":"fc48341cc0f77264a204dd5009191576f56213d3","isMergeCommit":true,"messageTitle":"Merge branch \u0027master\u0027 into branch-ApplicantSorting","messageBody":"# Conflicts:\n#\tsrc/main/java/seedu/address/ui/MainWindow.java\n","fileTypesAndContributionMap":{}},{"hash":"bb6ada56f3159a8d52b7e817b3dbb9d1863eef2b","isMergeCommit":false,"messageTitle":"Limit image file size and prevent multiple window pop up","messageBody":"","fileTypesAndContributionMap":{"functional-code":{"insertions":32,"deletions":3}}}]},{"date":"2025-04-03","commitResults":[{"hash":"8673284429e402061093b96bbe57709b885d53d2","isMergeCommit":false,"messageTitle":"Allow sorting in ascending and descending order","messageBody":"Also change pop up to display error message when user choose oversize\nimage file.\n","fileTypesAndContributionMap":{"functional-code":{"insertions":176,"deletions":22}}},{"hash":"894c4ed2dbd3430bd10cfdd36b9764f2e314ceab","isMergeCommit":true,"messageTitle":"Merge branch \u0027master\u0027 into branch-ApplicantSorting","messageBody":"# Conflicts:\n#\tsrc/main/java/seedu/address/ui/MainWindow.java\n","fileTypesAndContributionMap":{}},{"hash":"9367877d17d076c5580dff8e4bbe456a41cc4c49","isMergeCommit":false,"messageTitle":"Update usage message in SortCommand","messageBody":"","fileTypesAndContributionMap":{"functional-code":{"insertions":13,"deletions":13}}},{"hash":"3044cd371371a53499f0757e102b7c597f6b8070","isMergeCommit":false,"messageTitle":"Change method name","messageBody":"","fileTypesAndContributionMap":{"functional-code":{"insertions":2,"deletions":2}}},{"hash":"83b86851f1f54686fe20c81dcb4f13e19565341a","isMergeCommit":false,"messageTitle":"Switch from dark theme to light theme","messageBody":"","fileTypesAndContributionMap":{"functional-code":{"insertions":7,"deletions":8},"other":{"insertions":38,"deletions":27}}},{"hash":"80e71c966c5c385c5f6de2540496dff5411227e5","isMergeCommit":true,"messageTitle":"Merge branch \u0027master\u0027 into branch-ApplicantSorting","messageBody":"","fileTypesAndContributionMap":{}},{"hash":"58b1acaefeceb613b95be21114b07ae8b5825306","isMergeCommit":false,"messageTitle":"Update sort command in UG","messageBody":"","fileTypesAndContributionMap":{"docs":{"insertions":6,"deletions":2}}},{"hash":"b02f9d8822e9952165342a4297a07fe31f7d960d","isMergeCommit":false,"messageTitle":"Change default photo and remove redundant class","messageBody":"","fileTypesAndContributionMap":{"functional-code":{"insertions":3,"deletions":40}}},{"hash":"9f3e8dadee57ac61bd0ca364fac71692f570b257","isMergeCommit":false,"messageTitle":"Fix checkstyle issues","messageBody":"","fileTypesAndContributionMap":{"functional-code":{"insertions":23,"deletions":22}}},{"hash":"bc5ea3a2f8f79dee3b4579e32e6509c413f8af3c","isMergeCommit":false,"messageTitle":"Change app icon","messageBody":"","fileTypesAndContributionMap":{"functional-code":{"insertions":3,"deletions":6}}},{"hash":"c7233355477be2ad648c36391b27e60949c2b93d","isMergeCommit":false,"messageTitle":"Update applicant photo in UG","messageBody":"","fileTypesAndContributionMap":{"docs":{"insertions":8,"deletions":0}}},{"hash":"272b0d4d83f9a319e0ff9642e0a1d7ebfeaa5ac2","isMergeCommit":true,"messageTitle":"Merge branch \u0027master\u0027 into branch-ApplicantSorting","messageBody":"","fileTypesAndContributionMap":{}}]},{"date":"2025-04-06","commitResults":[{"hash":"0fb06a94b69ab0c20b2ef6d2fff44e247904c895","isMergeCommit":false,"messageTitle":"Switch help menu window to light mode","messageBody":"","fileTypesAndContributionMap":{"functional-code":{"insertions":5,"deletions":6}}},{"hash":"24c7c094614ba592a765ab70b11a1fa21491410a","isMergeCommit":true,"messageTitle":"Merge branch \u0027master\u0027 into branch-ApplicantSorting","messageBody":"","fileTypesAndContributionMap":{}},{"hash":"646f71cb03ced7074e94885e7f2df322a82d54ef","isMergeCommit":false,"messageTitle":"Don\u0027t allow user to interact with the main app when choosing files","messageBody":"Use main window primary stage for the pop up instead of a new stage.\n","fileTypesAndContributionMap":{"functional-code":{"insertions":7,"deletions":15}}},{"hash":"0a7df80b03a57487c8f1b051b7d314e20953e72a","isMergeCommit":false,"messageTitle":"Small fix","messageBody":"","fileTypesAndContributionMap":{"functional-code":{"insertions":0,"deletions":1}}}]},{"date":"2025-04-07","commitResults":[{"hash":"3efead86d3177a8eb70079764537551f8057193d","isMergeCommit":true,"messageTitle":"Merge branch \u0027master\u0027 into branch-UserGuide","messageBody":"","fileTypesAndContributionMap":{}},{"hash":"cea4991eb8bcb9554c5fa98e48297f1bbf2a375c","isMergeCommit":true,"messageTitle":"Merge pull request #233 from yuqiannemo/yuqian/bug-fix","messageBody":"Fix bugs","fileTypesAndContributionMap":{}},{"hash":"16642fe74eaa434bebe2ac0dffdf920848db12d0","isMergeCommit":false,"messageTitle":"Fix UG examples explanation","messageBody":"","fileTypesAndContributionMap":{"docs":{"insertions":5,"deletions":5}}},{"hash":"2f21931ff92a713c433e3e68a0f2ea14f8959abd","isMergeCommit":false,"messageTitle":"Clarify sorting case sensitivity in UG","messageBody":"","fileTypesAndContributionMap":{"docs":{"insertions":11,"deletions":4}}}]}]},"authorFileTypeContributionMap":{"lauhengyi":{"docs":118,"functional-code":590,"test-code":507},"yuqiannemo":{"docs":206,"functional-code":880,"test-code":464},"GabriellaGloria":{"docs":256,"functional-code":787,"test-code":500,"other":2},"ernestlsy":{"docs":253,"functional-code":713,"test-code":375},"wswddl":{"docs":341,"functional-code":717,"test-code":323,"other":4}},"authorContributionVariance":{"lauhengyi":70580.94,"yuqiannemo":97528.26,"GabriellaGloria":49641.04,"ernestlsy":15688.851,"wswddl":19803.047},"authorDisplayNameMap":{"lauhengyi":"CS2103T-W09-1 LAU ..G YI","yuqiannemo":"CS2103T-W09-1 YU Q..QIAN","GabriellaGloria":"CS2103T-W09-1 GABR..ELLA","ernestlsy":"CS2103T-W09-1 ERNE..YING","wswddl":"CS2103T-W09-1 ONG ..HONG"}}
