{"authorDailyContributionsMap":{"Masunori":[{"date":"2025-03-02T00:00:00","commitResults":[{"hash":"c3f39c80b99d6738eb4a684a63e81727c0844265","isMergeCommit":false,"messageTitle":"Update AboutUs.md","messageBody":"Add Duc\u0027s information to AboutUs.md file","fileTypesAndContributionMap":{"docs":{"insertions":10,"deletions":0}}},{"hash":"e06728d037f540bc1cc5f3a78586b106ca09e6fe","isMergeCommit":true,"messageTitle":"Merge pull request #23 from junngithub/branch-merge-aboutus","messageBody":"Pull from team repo","fileTypesAndContributionMap":{}}]},{"date":"2025-03-10T00:00:00","commitResults":[{"hash":"06fe4480949250daa981f9a4b9354bd311cb4d33","isMergeCommit":true,"messageTitle":"Merge pull request #34 from junngithub/branch-add-edit-use-case","messageBody":"Add edit use case","fileTypesAndContributionMap":{}},{"hash":"fe282428c2b20ace16f5b0b4e53f5a27b62d69eb","isMergeCommit":false,"messageTitle":"Update DG - user stories, use cases, NFRs, glossary","messageBody":"","fileTypesAndContributionMap":{"docs":{"insertions":157,"deletions":42}}}]},{"date":"2025-03-15T00:00:00","commitResults":[{"hash":"e920c43fff0a5581418869b72257a276505df0be","isMergeCommit":false,"messageTitle":"Update find command to accept Predicate\u003cPerson\u003e","messageBody":"The find command originally was written to search a person by name.\nHowever, with the new decision to accept \u0027name\u0027 as a common attribute\nand \u0027phone\u0027 and \u0027email\u0027 as unique identifiers, and potentially more\nunique identifiers in the future, the find command should not only\naccept a predicate that matches a person\u0027s name, but other attributes\ntoo. Or even, a predicate that can match multiple attributes at the same\ntime!\n\nLet\u0027s loosen the FindCommand class to accept a general Predicate related\nto a Person. In this iteration, only phone number and email are checked,\nso two classes EmailIsKeywordPredicate and PhoneIsKeywordPredicate are\nimplemented, which exactly matches a person\u0027s email address and phone\nnumber respectively.\n\nLet\u0027s also add unit test cases for the new predicates and update the\ntest cases for the FindCommand class.\n","fileTypesAndContributionMap":{"functional-code":{"insertions":105,"deletions":8},"test-code":{"insertions":265,"deletions":29}}}]},{"date":"2025-03-16T00:00:00","commitResults":[{"hash":"2d2017759b8a16f08228c7748a62d0fb10302254","isMergeCommit":false,"messageTitle":"Update FindCommandParser and write tests","messageBody":"","fileTypesAndContributionMap":{"functional-code":{"insertions":49,"deletions":7},"test-code":{"insertions":70,"deletions":7}}},{"hash":"8d75a9d6c6997a6aaca18f1b00917fd305200db7","isMergeCommit":true,"messageTitle":"Merge branch \u0027rework-find-command\u0027","messageBody":"","fileTypesAndContributionMap":{}},{"hash":"7bf010cf15c28aab2196844e2953761f86c70400","isMergeCommit":false,"messageTitle":"Rewrite code to follow style","messageBody":"","fileTypesAndContributionMap":{"functional-code":{"insertions":6,"deletions":10},"test-code":{"insertions":10,"deletions":18}}},{"hash":"f3d2aa8bee6f8057509511a1fe0e3bd707179a58","isMergeCommit":false,"messageTitle":"Fix AddressBookParser test cases","messageBody":"","fileTypesAndContributionMap":{"test-code":{"insertions":5,"deletions":8}}},{"hash":"53136bfd6d83a1e31ed208e6f6c3453d0daf4e4c","isMergeCommit":true,"messageTitle":"Merge branch \u0027rework-find-command\u0027","messageBody":"","fileTypesAndContributionMap":{}},{"hash":"3a1287cc3b6915ff7d52088c1eba6b2a8baf1630","isMergeCommit":false,"messageTitle":"Rework delete command and add tests","messageBody":"The \u0027delete\u0027 command inly supported delete by index. This is not an\nideal behaviour when the user already knows the exact person to delete,\nas he/she will have to first find/filter to get to the person, and\ndelete the corresponding index.\n\nLet\u0027s overload the \u0027delete\u0027 command to now support deletion by index and\nunique identifiers (until v1.3, unique identifiers are phone number and\nemail address). Deletion by unique identifiers follow the pre-existing\nprefix framework to make the user experience consistent. Also, unlike\ndeletion by index that depends on the currently filtered list displayed\nto the user, deletion by unique identifiers will work regardless of what\nis displayed.\n","fileTypesAndContributionMap":{"functional-code":{"insertions":174,"deletions":31},"test-code":{"insertions":246,"deletions":29}}},{"hash":"961211078c16159fea25206c3b7f4b749c1cb758","isMergeCommit":false,"messageTitle":"Update developer guide for find and delete","messageBody":"","fileTypesAndContributionMap":{"docs":{"insertions":54,"deletions":12}}}]},{"date":"2025-03-18T00:00:00","commitResults":[{"hash":"5d0c4ae3b15bb746d5416c89cf04445b54f3d827","isMergeCommit":true,"messageTitle":"Merge remote-tracking branch \u0027upstream/master\u0027","messageBody":"","fileTypesAndContributionMap":{}},{"hash":"01c9cbd38c99e146a3e7551021f242ab7a7c7397","isMergeCommit":true,"messageTitle":"Merge pull request #61 from junngithub/branch-add-filter-feature","messageBody":"Implement filter feature","fileTypesAndContributionMap":{}},{"hash":"72226bb848e746cf0d92f4d332f747f2d4a30853","isMergeCommit":true,"messageTitle":"Merge remote-tracking branch \u0027upstream/master\u0027","messageBody":"","fileTypesAndContributionMap":{}},{"hash":"653f1c7170559748eba2c2f11806735e51d62de2","isMergeCommit":true,"messageTitle":"Merge branch \u0027master\u0027 into rework-delete-command","messageBody":"","fileTypesAndContributionMap":{}},{"hash":"05ac9f105b3d94d384a3adebfc302ae1ee29a62c","isMergeCommit":false,"messageTitle":"Resolve merge conflict between delete and other features","messageBody":"","fileTypesAndContributionMap":{"functional-code":{"insertions":2,"deletions":2}}},{"hash":"2740352813e8fd7b0ed8500382ea298b3c3129a2","isMergeCommit":true,"messageTitle":"Merge branch \u0027master\u0027 into update-dg-branch","messageBody":"","fileTypesAndContributionMap":{}},{"hash":"4b5473c12d49d7e1301dc19fcb97eb0e23084f4d","isMergeCommit":true,"messageTitle":"Merge pull request #62 from kevinlimantoro123/update-UserGuide","messageBody":"Update user guide for v1.3","fileTypesAndContributionMap":{}}]},{"date":"2025-03-19T00:00:00","commitResults":[{"hash":"a9a0fbc3d12bbd0102098ef5a1db958e2c25e980","isMergeCommit":false,"messageTitle":"Update DeveloperGuide.md","messageBody":"","fileTypesAndContributionMap":{"docs":{"insertions":10,"deletions":32}}}]},{"date":"2025-03-20T00:00:00","commitResults":[{"hash":"dfdab96a25b543e598790c0250f72e877ebe21be","isMergeCommit":true,"messageTitle":"Merge pull request #66 from junngithub/branch-update-DG-for-filter","messageBody":"Update dg for filter and improve test coverage","fileTypesAndContributionMap":{}},{"hash":"01801506fbd1e349236fe5fa5325d4ed88c2ad04","isMergeCommit":false,"messageTitle":"Change product JAR name to craftconnect.jar","messageBody":"","tags":["v1.3"],"fileTypesAndContributionMap":{"other":{"insertions":1,"deletions":1}}},{"hash":"7ed6a4977515b8a6a62500cd1e4ca7fea23d4813","isMergeCommit":true,"messageTitle":"Merge pull request #67 from Masunori/release-branch","messageBody":"Change product JAR name to craftconnect.jar","fileTypesAndContributionMap":{}}]},{"date":"2025-03-24T00:00:00","commitResults":[{"hash":"18907f3459ed69d41db54b2c08fc8c6f3d78abca","isMergeCommit":false,"messageTitle":"Add edit distance to compare string closeness","messageBody":"","fileTypesAndContributionMap":{"functional-code":{"insertions":107,"deletions":0},"test-code":{"insertions":63,"deletions":0}}},{"hash":"8fc2b3cd9df7b9218b306800d53c1388f6d213c6","isMergeCommit":false,"messageTitle":"Add (incomplete) import command and tests","messageBody":"","fileTypesAndContributionMap":{"functional-code":{"insertions":126,"deletions":12},"test-code":{"insertions":265,"deletions":12}}},{"hash":"e309da405587b7160cb5b7defd3af779ff473a70","isMergeCommit":true,"messageTitle":"Merge pull request #80 from NhatMinh0208/improve-help","messageBody":"Improve help command","fileTypesAndContributionMap":{}}]},{"date":"2025-03-25T00:00:00","commitResults":[{"hash":"8c767577d06ed0d4803f742965a3f172dac81a68","isMergeCommit":false,"messageTitle":"Complete ImportCommand, its parser, and tests","messageBody":"","fileTypesAndContributionMap":{"functional-code":{"insertions":81,"deletions":10},"test-code":{"insertions":113,"deletions":6}}}]},{"date":"2025-03-26T00:00:00","commitResults":[{"hash":"98bebafb35fae454cded344bef344e5b176ab74c","isMergeCommit":false,"messageTitle":"Add export command, parser and tests","messageBody":"","fileTypesAndContributionMap":{"functional-code":{"insertions":216,"deletions":15},"test-code":{"insertions":392,"deletions":2}}},{"hash":"fd38f3e09c8db57f8222dfc1ab240c95cc80d722","isMergeCommit":false,"messageTitle":"Fix Export/Import tests with Linux folder names","messageBody":"","fileTypesAndContributionMap":{"test-code":{"insertions":1,"deletions":1}}},{"hash":"c5faf3399826bf8a6effb6d359a0bcfdf83f82d4","isMergeCommit":false,"messageTitle":"Fix Export/Import tests with Linux folder names","messageBody":"","fileTypesAndContributionMap":{"functional-code":{"insertions":2,"deletions":1},"test-code":{"insertions":2,"deletions":0}}},{"hash":"7aedf03c037c696e741a36f3e7d32502a97f5530","isMergeCommit":false,"messageTitle":"Fix code style of export/import test files","messageBody":"","fileTypesAndContributionMap":{"test-code":{"insertions":0,"deletions":2}}},{"hash":"016a6270939a207604bb89d204cb8457c021dd35","isMergeCommit":false,"messageTitle":"Add import/export test cases for coverage","messageBody":"","fileTypesAndContributionMap":{"test-code":{"insertions":12,"deletions":0}}},{"hash":"da27cc35d067e15842a95f88b0e6efdd6a9859da","isMergeCommit":false,"messageTitle":"Update DG: add import/export, remove delete by name","messageBody":"","fileTypesAndContributionMap":{"docs":{"insertions":84,"deletions":21}}},{"hash":"c7d4265fa0b73bb07f8343caad9d24925972bfb4","isMergeCommit":false,"messageTitle":"Add more import/export tests for coverage","messageBody":"","fileTypesAndContributionMap":{"functional-code":{"insertions":2,"deletions":1},"test-code":{"insertions":8,"deletions":0}}},{"hash":"1343fe7217f70adb3ab1c93938b2773d32a47231","isMergeCommit":false,"messageTitle":"Switch edit distance DP to bottom-up","messageBody":"","fileTypesAndContributionMap":{"functional-code":{"insertions":32,"deletions":43}}},{"hash":"ff2e999be628f772f65efc1e0fe23988db1146c7","isMergeCommit":false,"messageTitle":"Renumber extensions for import/export","messageBody":"","fileTypesAndContributionMap":{"docs":{"insertions":16,"deletions":16}}},{"hash":"530a92b69a6f1792b861b1d82f7edf44fd623fbb","isMergeCommit":false,"messageTitle":"Rewrite import use case extension","messageBody":"","fileTypesAndContributionMap":{"docs":{"insertions":1,"deletions":1}}}]},{"date":"2025-03-27T00:00:00","commitResults":[{"hash":"544eaa33f6c5785d9d5c0b192f0d725d1b76d545","isMergeCommit":false,"messageTitle":"Make edit distance case-insensitive and test","messageBody":"","fileTypesAndContributionMap":{"functional-code":{"insertions":4,"deletions":2},"test-code":{"insertions":32,"deletions":0}}},{"hash":"4717f7c01a21eeb9bdc0fceb7eee8dfa487b7104","isMergeCommit":false,"messageTitle":"Add assertions \u0026 fix UG import/export","messageBody":"","fileTypesAndContributionMap":{"functional-code":{"insertions":7,"deletions":2},"docs":{"insertions":72,"deletions":10}}},{"hash":"bc67b40b2df3a91d299a520485d5712d7466c807","isMergeCommit":false,"messageTitle":"Add JavaDoc comment for FileBasedCommand","messageBody":"","fileTypesAndContributionMap":{"functional-code":{"insertions":4,"deletions":0}}}]},{"date":"2025-03-28T00:00:00","commitResults":[{"hash":"3e8fd71a6c8bab6f42762338c5b63ea46bb373ba","isMergeCommit":false,"messageTitle":"Add UML diagram for file-based commands","messageBody":"","fileTypesAndContributionMap":{"docs":{"insertions":30,"deletions":0}}}]},{"date":"2025-03-29T00:00:00","commitResults":[{"hash":"ea998b3f96df67813b47eb447f359656d83ca216","isMergeCommit":false,"messageTitle":"Change command box colors in class diagram","messageBody":"","fileTypesAndContributionMap":{"docs":{"insertions":8,"deletions":2}}},{"hash":"e1e2a5b4e3ca44d925b554f3442533c8101f35fa","isMergeCommit":true,"messageTitle":"Merge pull request #95 from Masunori/file-based-command-diagram","messageBody":"Add UML diagram for file-based commands","fileTypesAndContributionMap":{}}]},{"date":"2025-03-31T00:00:00","commitResults":[{"hash":"1df9c84778b7d3996815122e6c9e5e13a074273a","isMergeCommit":false,"messageTitle":"Refine ImportCommand for append and ignore dupes","messageBody":"","fileTypesAndContributionMap":{"functional-code":{"insertions":109,"deletions":9},"test-code":{"insertions":847,"deletions":165}}}]},{"date":"2025-04-02T00:00:00","commitResults":[{"hash":"bee28cd8a0620fc8089499f8eae994518f331c81","isMergeCommit":false,"messageTitle":"Refine import command for append","messageBody":"The import command only supported overwrite. This is undesirable\nbehaviour because a user may have multiple JSON files from many\nCraftConnect sources, and he or she wants to merge the contacts from\nthese multiple files into one CraftConnect address book.\n\nLet\u0027s allow the user to choose between data overwrite and data appending\nwhenever the user wants to import a JSON data file. The import command\nwill support an `--overwrite` flag, which tells the system to overwrite\nexisting contacts with new data from the JSON file. This also means that\nby default, new data will be appended to the existing data, making it\nmore intuitive.\n\nThis also introduces another problem, that is new data conflicts with\nexisting contacts (such as a contact in existing contacts and another\ncontact in new data have the same unique identifiers. This is also a\nproblem for overwrite mode, where we cannot guarantee that a user\u0027s JSON\nfile contains unique contacts. The default behaviour when duplicated\ncontacts happen in overwrite mode is also just to display an error\nmessage. However, suppose there are 1000 contacts in the JSON file, the\nuser will have to do a lot of checks before the new file contains only\nunique data.\n\nLet\u0027s allow the user to simply ignore subsequent duplicate contacts\n(meaning that if there are multiple duplicate contacts, then only the\nfirst contact is preserved). The import command will support another\nflag `--ignore-duplicates`, which tells the system to simply not add\nduplicated contacts into the address book instead of displaying a\nduplicate contact error message. This also means that by default,\nduplicated contacts will result in an erroe message.\n\nLet\u0027s also modify StorageManager, AddressBookStorage,\nJsonAddressBookStorage, JsonSerializableAddressBook to support another\nmethod that reads a JSON file and ignore all duplicates, on top of the\npre-existing JSON-file-reading methods that will throw an error for\nduplicated contacts. Extension of class is used instead of modifying\nthose read methods to accept another boolean attribute for ignore/not\nignore to not break the existing code base.\n","fileTypesAndContributionMap":{"functional-code":{"insertions":161,"deletions":17},"test-code":{"insertions":552,"deletions":109}}},{"hash":"724bc8d093bb22c5e9d6f21e011d7d428e139dbc","isMergeCommit":false,"messageTitle":"Add 1 space to empty.json in test files","messageBody":"","fileTypesAndContributionMap":{"test-code":{"insertions":1,"deletions":1}}},{"hash":"8c4b8908a3c6e058b6d496bae32fe69a0afe4905","isMergeCommit":false,"messageTitle":"Add linebreak to not_json.txt in test files","messageBody":"","fileTypesAndContributionMap":{"test-code":{"insertions":1,"deletions":1}}},{"hash":"0f678321fb43a4ea5c62278d4227a32336254dea","isMergeCommit":false,"messageTitle":"Attempt to fix ModelStub\u0027s override problem","messageBody":"","fileTypesAndContributionMap":{"test-code":{"insertions":2,"deletions":2}}},{"hash":"ab174badd16e8e03ad79ad797aba5dcd6d0c20ae","isMergeCommit":true,"messageTitle":"Merge branch \u0027master\u0027 into rework-import-command","messageBody":"","fileTypesAndContributionMap":{}},{"hash":"34a819682f3ea539ed70cccf01ea6f2aa535058e","isMergeCommit":false,"messageTitle":"Resolve conflict with Undo/Redo","messageBody":"","fileTypesAndContributionMap":{"test-code":{"insertions":4,"deletions":5}}},{"hash":"3283a139bf1fa6593189ae7c8d8696c4384421fe","isMergeCommit":false,"messageTitle":"Add breakline to empty.json test file","messageBody":"","fileTypesAndContributionMap":{"test-code":{"insertions":1,"deletions":1}}}]},{"date":"2025-04-03T00:00:00","commitResults":[{"hash":"9dcabed69615e5fe8f248b56c68eef1c8a44e1e7","isMergeCommit":false,"messageTitle":"Fix delete message and update import\u0027s UG, DG","messageBody":"","fileTypesAndContributionMap":{"functional-code":{"insertions":7,"deletions":7},"docs":{"insertions":101,"deletions":22},"test-code":{"insertions":8,"deletions":1}}},{"hash":"1910543e0cd0d698a5c43515c2b4d16b6da87f3e","isMergeCommit":true,"messageTitle":"Merge pull request #120 from junngithub/branch-refine-filter","messageBody":"Fix bugs in filter and update UG description of filter","fileTypesAndContributionMap":{}},{"hash":"8cf86935c5bb37e6abd97d891d1274f3cba69440","isMergeCommit":false,"messageTitle":"Reformat export success message","messageBody":"","fileTypesAndContributionMap":{"functional-code":{"insertions":1,"deletions":1}}},{"hash":"0b6460eeefca47e0a11898046a63d50eb3a5e0b0","isMergeCommit":true,"messageTitle":"Merge pull request #126 from Masunori/import-export-feature","messageBody":"Reformat export success message","fileTypesAndContributionMap":{}}]},{"date":"2025-04-07T00:00:00","commitResults":[{"hash":"08b8c60638c4574e1715c2bf4fa80ede89b3a025","isMergeCommit":true,"messageTitle":"Resolve UG conflict, remove DG contents","messageBody":"","fileTypesAndContributionMap":{}},{"hash":"579fd1c0f64e38bbea812f95e99bd00c90363df7","isMergeCommit":false,"messageTitle":"Update UG installation","messageBody":"","fileTypesAndContributionMap":{"docs":{"insertions":10,"deletions":1}}},{"hash":"b89bee6c6019bdd89bbb2b93921ade6fe7d91619","isMergeCommit":true,"messageTitle":"Merge pull request #118 from Masunori/update-dg-branch","messageBody":"Fix delete message and update import\u0027s UG, DG","fileTypesAndContributionMap":{}}]}],"junngithub":[{"date":"2025-03-02T00:00:00","commitResults":[{"hash":"215b4b7645099ec2a4f7c1e6fffc1c0a697e555c","isMergeCommit":false,"messageTitle":"Update AboutUs.md with junngithub profile","messageBody":"","fileTypesAndContributionMap":{"docs":{"insertions":3,"deletions":4}}},{"hash":"df433730759e04fd66a7e3f3f600081b7383fc6f","isMergeCommit":false,"messageTitle":"Update name in AboutUs.md","messageBody":"","fileTypesAndContributionMap":{"docs":{"insertions":1,"deletions":1}}},{"hash":"913acf792868329ace93dbc91c0f19c2d73646e4","isMergeCommit":true,"messageTitle":"Merge branch \u0027master\u0027 into branch-merge-aboutus","messageBody":"","fileTypesAndContributionMap":{}}]},{"date":"2025-03-09T00:00:00","commitResults":[{"hash":"1347b599ecdd1e8134b443d2e48e0ddb7434bc59","isMergeCommit":false,"messageTitle":"Add edit use case","messageBody":"","fileTypesAndContributionMap":{"docs":{"insertions":67,"deletions":1}}}]},{"date":"2025-03-10T00:00:00","commitResults":[{"hash":"cc0525f01d954805c9624189e07abff3870fa242","isMergeCommit":true,"messageTitle":"Merge pull request #35 from Masunori/update-dg-branch","messageBody":"Update DG - user stories, use cases, NFRs, glossary","fileTypesAndContributionMap":{}},{"hash":"ae53e7e6cb51910a1947c6af6bd7a3b7b13a633d","isMergeCommit":false,"messageTitle":"Remove extension 2a1","messageBody":"","fileTypesAndContributionMap":{"docs":{"insertions":3,"deletions":7}}},{"hash":"b1ad57a3df40a7d6bda1f295461318a3055b42f9","isMergeCommit":true,"messageTitle":"Merge pull request #37 from junngithub/master","messageBody":"Remove extension 2a1","fileTypesAndContributionMap":{}}]},{"date":"2025-03-16T00:00:00","commitResults":[{"hash":"1874a94c533e60f9f9a517b73686be936cd107e3","isMergeCommit":true,"messageTitle":"Merge pull request #50 from Masunori/rework-find-command","messageBody":"Rework find command","fileTypesAndContributionMap":{}}]},{"date":"2025-03-17T00:00:00","commitResults":[{"hash":"ec348fc258a291baa8d691c35305537c5b635951","isMergeCommit":false,"messageTitle":"Add filter feature","messageBody":"","fileTypesAndContributionMap":{"functional-code":{"insertions":221,"deletions":15}}},{"hash":"5a5d0ea7a210868f096f5c3397caf17692ecdaed","isMergeCommit":false,"messageTitle":"Fix bug when user types a certain type of input","messageBody":"Current program breaks if user types e.g. \"filter t/friends family\".\nUpdated the logic so it accepts inputs with spaces, with the added\nbenefit of allowing users to search multiple tags at once\n","fileTypesAndContributionMap":{"functional-code":{"insertions":6,"deletions":14}}}]},{"date":"2025-03-18T00:00:00","commitResults":[{"hash":"cbeb0fb3a4f7e8a32d0a009dd82eea703f1db4b9","isMergeCommit":false,"messageTitle":"Update test cases","messageBody":"","fileTypesAndContributionMap":{"functional-code":{"insertions":22,"deletions":13},"other":{"insertions":0,"deletions":0},"test-code":{"insertions":4,"deletions":0}}},{"hash":"4f6f94792dcc776bf47d29debaf8359573316246","isMergeCommit":false,"messageTitle":"Update test cases","messageBody":"","fileTypesAndContributionMap":{"functional-code":{"insertions":18,"deletions":10},"test-code":{"insertions":273,"deletions":39}}},{"hash":"c9bb0f0ca4367f45efef381025dc15f899d644dd","isMergeCommit":false,"messageTitle":"Update for merge","messageBody":"","fileTypesAndContributionMap":{"functional-code":{"insertions":50,"deletions":9},"test-code":{"insertions":87,"deletions":32}}},{"hash":"cfad593d1f2f1cf378282ee5c3ce422fae524c7e","isMergeCommit":true,"messageTitle":"Merge branch \u0027master\u0027 of https://github.com/junngithub/tp into branch-add-filter-feature","messageBody":"# Conflicts:\n#\tsrc/main/java/seedu/address/logic/commands/FindCommand.java\n#\tsrc/main/java/seedu/address/logic/parser/FindCommandParser.java\n#\tsrc/test/java/seedu/address/logic/commands/FindCommandTest.java\n#\tsrc/test/java/seedu/address/logic/parser/AddressBookParserTest.java\n#\tsrc/test/java/seedu/address/logic/parser/FindCommandParserTest.java\n","fileTypesAndContributionMap":{}},{"hash":"f56c5b7cb5c8112fb9a28e1cb7d50334e3f31a45","isMergeCommit":false,"messageTitle":"Update JavaDoc","messageBody":"","fileTypesAndContributionMap":{"functional-code":{"insertions":25,"deletions":3}}},{"hash":"96967acfa9fa0da3a6964b3177e409920683b69d","isMergeCommit":false,"messageTitle":"Update checkstyle","messageBody":"","fileTypesAndContributionMap":{"test-code":{"insertions":9,"deletions":10}}},{"hash":"00716bb9f7fb780bbf13af106d56c664081cad35","isMergeCommit":false,"messageTitle":"Fix test util method","messageBody":"","fileTypesAndContributionMap":{"test-code":{"insertions":1,"deletions":2}}},{"hash":"e544d2449dde02e33c7cdb023372baec8c248958","isMergeCommit":true,"messageTitle":"Merge pull request #51 from Masunori/rework-delete-command","messageBody":"Rework delete command","fileTypesAndContributionMap":{}}]},{"date":"2025-03-19T00:00:00","commitResults":[{"hash":"067c76740bfebbe42aa4169073df2f1b75346caa","isMergeCommit":false,"messageTitle":"Increase test coverage","messageBody":"","fileTypesAndContributionMap":{"test-code":{"insertions":67,"deletions":12}}},{"hash":"d305480f16ffc10a29d2abede0c708c374254d33","isMergeCommit":true,"messageTitle":"Merge branch \u0027branch-add-filter-feature\u0027","messageBody":"","fileTypesAndContributionMap":{}},{"hash":"aba5fa54bdbc8263b2b5e56622eb73498fa5ff6c","isMergeCommit":false,"messageTitle":"Update DG for filter and increase test coverage","messageBody":"","fileTypesAndContributionMap":{"docs":{"insertions":35,"deletions":0},"test-code":{"insertions":2,"deletions":2}}}]},{"date":"2025-03-20T00:00:00","commitResults":[{"hash":"b053828641f5334d71805214e013a4d681f7c571","isMergeCommit":true,"messageTitle":"Merge pull request #52 from Masunori/update-dg-branch","messageBody":"Update Developer Guide for find and delete commands","fileTypesAndContributionMap":{}}]},{"date":"2025-03-27T00:00:00","commitResults":[{"hash":"2579ef1344650f65f5e6736d0cb069d96026aeea","isMergeCommit":false,"messageTitle":"Refine filter feature","messageBody":"","fileTypesAndContributionMap":{"functional-code":{"insertions":144,"deletions":7},"test-code":{"insertions":12,"deletions":23}}},{"hash":"1098907495da3318a2ed3049342b504e0fa50991","isMergeCommit":false,"messageTitle":"Add minor tweaks","messageBody":"","fileTypesAndContributionMap":{"functional-code":{"insertions":3,"deletions":12}}},{"hash":"781bff047315b43add9ba0ec5523808333293018","isMergeCommit":false,"messageTitle":"Resolve conflicts","messageBody":"","fileTypesAndContributionMap":{"functional-code":{"insertions":4,"deletions":2}}}]},{"date":"2025-04-03T00:00:00","commitResults":[{"hash":"4c308e58790ff7a19bab2a1725a9d96b7a79dbbf","isMergeCommit":false,"messageTitle":"Fix bugs in filter and update UG description of filter","messageBody":"","fileTypesAndContributionMap":{"functional-code":{"insertions":20,"deletions":39},"docs":{"insertions":23,"deletions":6},"test-code":{"insertions":70,"deletions":20}}}]}],"kevinlimantoro123":[{"date":"2025-03-02T00:00:00","commitResults":[{"hash":"cd517547dfc172fa94b65fbd3bbef317812f05ef","isMergeCommit":false,"messageTitle":"Updated about us page","messageBody":"","fileTypesAndContributionMap":{"docs":{"insertions":2,"deletions":40}}},{"hash":"f866fcc758437796ddf5d1749a677ef6c7c1e9e5","isMergeCommit":true,"messageTitle":"Merge pull request #20 from Masunori/update-about-us","messageBody":"Add Duc\u0027s information to AboutUs.md file","fileTypesAndContributionMap":{}},{"hash":"b4521ef6fe704bb81159bf48978ef67edfb085fb","isMergeCommit":true,"messageTitle":"Merge pull request #3 from AY2425S2-CS2103T-W13-4/master","messageBody":"resolve conflict","fileTypesAndContributionMap":{}},{"hash":"34d81652569a248487632814fb619ceed8b99fab","isMergeCommit":true,"messageTitle":"Merge branch \u0027update-AboutUs\u0027 into master","messageBody":"","fileTypesAndContributionMap":{}},{"hash":"0f2209f3e42380edfa75adddffeb535b139c607d","isMergeCommit":true,"messageTitle":"Merge pull request #4 from kevinlimantoro123/master","messageBody":"Resolving conflicts","fileTypesAndContributionMap":{}},{"hash":"a7b8505833c1494b9639a8debb1b82b2f3414697","isMergeCommit":true,"messageTitle":"Merge pull request #5 from AY2425S2-CS2103T-W13-4/master","messageBody":"Resolve bugs","fileTypesAndContributionMap":{}},{"hash":"903ebbe7fecfad8af0dbdfa51408465931917c53","isMergeCommit":false,"messageTitle":"Fixed error","messageBody":"","fileTypesAndContributionMap":{"docs":{"insertions":1,"deletions":2}}},{"hash":"0428e8380a77031e80773b6720d2b5e94b689a6c","isMergeCommit":true,"messageTitle":"Merge pull request #24 from kevinlimantoro123/update-AboutUs","messageBody":"Update about us","fileTypesAndContributionMap":{}},{"hash":"71d8d993bd9cd703396dcbe3411323a41a70aa21","isMergeCommit":true,"messageTitle":"Merge pull request #6 from AY2425S2-CS2103T-W13-4/master","messageBody":"Fixed AboutUs page","fileTypesAndContributionMap":{}}]},{"date":"2025-03-06T00:00:00","commitResults":[{"hash":"9c454565076035c78f277ddbfa5e06d37ecd62cf","isMergeCommit":true,"messageTitle":"Merge branch \u0027AY2425S2-CS2103T-W13-4:master\u0027 into master","messageBody":"","fileTypesAndContributionMap":{}}]},{"date":"2025-03-07T00:00:00","commitResults":[{"hash":"812efad2d6f36910f81a7c27b252e6a4701895ad","isMergeCommit":false,"messageTitle":"Updaten use cases for delete and search contact","messageBody":"","fileTypesAndContributionMap":{"docs":{"insertions":32,"deletions":9}}},{"hash":"ad6fdd49599f545f4b893db0e0a529744ee164bd","isMergeCommit":true,"messageTitle":"Merge pull request #32 from kevinlimantoro123/update-usecase-1","messageBody":"Update use cases for Delete and Search contacts","fileTypesAndContributionMap":{}},{"hash":"1ba5af3796c2a0bfe828af9b3d65d0b746ab4d71","isMergeCommit":false,"messageTitle":"Edit Delete contact use case","messageBody":"","fileTypesAndContributionMap":{"docs":{"insertions":8,"deletions":2}}},{"hash":"9fe5cac959f786d85e9e994581a70dd85644ad72","isMergeCommit":true,"messageTitle":"Merge pull request #33 from kevinlimantoro123/update-usecase-1","messageBody":"Edit Delete contact use case","fileTypesAndContributionMap":{}}]},{"date":"2025-03-11T00:00:00","commitResults":[{"hash":"6c0f2a7e5564a44c3a535fbd31b9993699db49e7","isMergeCommit":false,"messageTitle":"Changed edit function to not allow duplicate phone or email but allow for name","messageBody":"","fileTypesAndContributionMap":{"functional-code":{"insertions":19,"deletions":5}}},{"hash":"7509ba4032e7d4b64198d67f0fd42d2bf876a602","isMergeCommit":false,"messageTitle":"Fix and edit test cases for \u0027edit\u0027","messageBody":"","fileTypesAndContributionMap":{"functional-code":{"insertions":3,"deletions":3},"test-code":{"insertions":20,"deletions":19}}},{"hash":"d8e76507e2a524c9ae402a48ec8ffa7a9714a979","isMergeCommit":false,"messageTitle":"Fix checkstyle error","messageBody":"","fileTypesAndContributionMap":{"test-code":{"insertions":1,"deletions":1}}},{"hash":"19f6e3da67d3671acf915f9a44639abf96b6be37","isMergeCommit":false,"messageTitle":"Fix more checkstyle errors","messageBody":"","fileTypesAndContributionMap":{"test-code":{"insertions":0,"deletions":1}}},{"hash":"35b15c2a41497dab7854d9575e58e748c834a958","isMergeCommit":true,"messageTitle":"Merge pull request #43 from kevinlimantoro123/edit-fix","messageBody":"Edit fix","fileTypesAndContributionMap":{}}]},{"date":"2025-03-17T00:00:00","commitResults":[{"hash":"9a46c4dfcebf50937b335725efbe23aaf6482a17","isMergeCommit":false,"messageTitle":"Update developer guide","messageBody":"","fileTypesAndContributionMap":{"docs":{"insertions":6,"deletions":5}}},{"hash":"bab835b5d29c0e55c1c01a34a17cbb540ecd668b","isMergeCommit":true,"messageTitle":"Merge pull request #60 from kevinlimantoro123/updateDG-edit","messageBody":"Update developer guide","fileTypesAndContributionMap":{}}]},{"date":"2025-03-18T00:00:00","commitResults":[{"hash":"b8c61888267565d774d7f00d4dea432d5ec5b249","isMergeCommit":false,"messageTitle":"Update user guide for v1.3","messageBody":"","fileTypesAndContributionMap":{"docs":{"insertions":64,"deletions":17}}},{"hash":"efe20189087bce6e791b23c0d6b42e04e8ffed5d","isMergeCommit":false,"messageTitle":"Add image for user guide","messageBody":"","fileTypesAndContributionMap":{"docs":{"insertions":1,"deletions":1}}},{"hash":"82b143acd03d1c143a96078a25674bd4585a8d10","isMergeCommit":false,"messageTitle":"Update delete section of user guide","messageBody":"","fileTypesAndContributionMap":{"docs":{"insertions":3,"deletions":2}}},{"hash":"42bbea30727fbe4db8e59bdd606cbf61a282f850","isMergeCommit":false,"messageTitle":"Minor edits to UG","messageBody":"","fileTypesAndContributionMap":{"docs":{"insertions":2,"deletions":2}}}]},{"date":"2025-03-22T00:00:00","commitResults":[{"hash":"c7203d97a6c96f12e9c2040db2e8d575af634870","isMergeCommit":false,"messageTitle":"Tag filtering not working as intended","messageBody":"","fileTypesAndContributionMap":{"functional-code":{"insertions":27,"deletions":2}}},{"hash":"62dd0451eb2ef0599ce1948ec4c1ab7b7db5fec6","isMergeCommit":false,"messageTitle":"Add more tests for edit command","messageBody":"","fileTypesAndContributionMap":{"test-code":{"insertions":10,"deletions":0}}},{"hash":"96df714d5d73c08003912c538b93654758209778","isMergeCommit":false,"messageTitle":"Implement new tag to allow for spaces. Add additional test cases for edit commadn. Filter test needs to be fixed","messageBody":"","fileTypesAndContributionMap":{"functional-code":{"insertions":1,"deletions":27},"test-code":{"insertions":33,"deletions":3}}},{"hash":"a7799042500b9448e2078d1407fe839a190772c0","isMergeCommit":false,"messageTitle":"Fix checkstyle errors for test classes","messageBody":"","fileTypesAndContributionMap":{"test-code":{"insertions":14,"deletions":16}}},{"hash":"4cca4aebe95b2a446be9643e4ca0ef1432be6185","isMergeCommit":false,"messageTitle":"Remove additional test cases","messageBody":"","fileTypesAndContributionMap":{"test-code":{"insertions":0,"deletions":35}}},{"hash":"f7c18125bc3fe598fc5685281ecb2811ba2c672f","isMergeCommit":false,"messageTitle":"Update test file for EditCommandTest","messageBody":"","fileTypesAndContributionMap":{"test-code":{"insertions":94,"deletions":0}}},{"hash":"d445e2d68ff2f2f738183f46146d10e130ce35dd","isMergeCommit":false,"messageTitle":"Remove some redundant tests","messageBody":"","fileTypesAndContributionMap":{"functional-code":{"insertions":0,"deletions":1},"test-code":{"insertions":0,"deletions":55}}},{"hash":"63cecd1530d40672a5889cb78ee3838909d9f700","isMergeCommit":false,"messageTitle":"Update tag tests","messageBody":"","fileTypesAndContributionMap":{"functional-code":{"insertions":1,"deletions":1},"test-code":{"insertions":11,"deletions":0}}}]},{"date":"2025-03-24T00:00:00","commitResults":[{"hash":"84f6ae7a790a9245bc8c78958077a54ad2f4b402","isMergeCommit":false,"messageTitle":"Update user guide to change title name","messageBody":"","fileTypesAndContributionMap":{"docs":{"insertions":2,"deletions":2}}},{"hash":"61e5c2dabe1ce065a4a3d2483c20e81125f96002","isMergeCommit":true,"messageTitle":"Merge pull request #77 from kevinlimantoro123/update-UserGuide","messageBody":"Update user guide to change title name","fileTypesAndContributionMap":{}},{"hash":"e1bc49275ebb3ad515ddb5801e8a09c1047b5cc9","isMergeCommit":false,"messageTitle":"Enable assertions and update EditCommand class to include assertions","messageBody":"","fileTypesAndContributionMap":{"functional-code":{"insertions":27,"deletions":2},"other":{"insertions":4,"deletions":0}}},{"hash":"65985ddd241477ffa93b976524b966f1b3189117","isMergeCommit":false,"messageTitle":"Fix checkstyle errors","messageBody":"","fileTypesAndContributionMap":{"functional-code":{"insertions":2,"deletions":2}}},{"hash":"066f0e30bcb7df7b9f95cfaf56c6d407fb5b70a7","isMergeCommit":false,"messageTitle":"Update test cases to assert failure when no fields are updated during edit","messageBody":"","fileTypesAndContributionMap":{"functional-code":{"insertions":1,"deletions":2},"test-code":{"insertions":2,"deletions":7}}},{"hash":"a3c817c7ddb59a874dc116764b152aa21730bc1c","isMergeCommit":false,"messageTitle":"Further minor changes","messageBody":"","fileTypesAndContributionMap":{"functional-code":{"insertions":2,"deletions":1},"test-code":{"insertions":1,"deletions":1}}},{"hash":"869fed764c48c2e6da2900fe8a2bbc1574d71716","isMergeCommit":true,"messageTitle":"Merge pull request #75 from kevinlimantoro123/update-TagTest","messageBody":"Update tag tests","fileTypesAndContributionMap":{}},{"hash":"0f746969a522e726237687672e797a0505e2aedc","isMergeCommit":true,"messageTitle":"Merge pull request #73 from kevinlimantoro123/fix-tagParser","messageBody":"Fix tag parser","fileTypesAndContributionMap":{}},{"hash":"87a38f927cbcb4784397a0f23cd0ac9fe52a1668","isMergeCommit":true,"messageTitle":"Merge pull request #78 from kevinlimantoro123/update-Assert","messageBody":"Implement asserts in `EditCommand` class","fileTypesAndContributionMap":{}},{"hash":"3f63203870612ad2008ec730977b748dedf69c6e","isMergeCommit":true,"messageTitle":"Merge branch \u0027master\u0027 into update-EditTest","messageBody":"","fileTypesAndContributionMap":{}}]},{"date":"2025-03-25T00:00:00","commitResults":[{"hash":"e943cff8d932335bcf948bb1754e59abbf3b51a1","isMergeCommit":true,"messageTitle":"Merge pull request #74 from kevinlimantoro123/update-EditTest","messageBody":"Update test file for EditCommandTest","fileTypesAndContributionMap":{}},{"hash":"b34b9a2988b3bed305af505b132c330eff11f602","isMergeCommit":false,"messageTitle":"Update UML diagrams","messageBody":"","fileTypesAndContributionMap":{"docs":{"insertions":4,"deletions":1}}},{"hash":"36bc018c407eae34641e480aabd55cffe308cb97","isMergeCommit":true,"messageTitle":"Merge pull request #83 from kevinlimantoro123/update-UML","messageBody":"Update UML diagrams","fileTypesAndContributionMap":{}}]},{"date":"2025-03-26T00:00:00","commitResults":[{"hash":"3afff49f6a3018a8c4f0215af577954c5880b3f6","isMergeCommit":false,"messageTitle":"Implement notes feature and update relevant test cases","messageBody":"","fileTypesAndContributionMap":{"functional-code":{"insertions":253,"deletions":24},"test-code":{"insertions":237,"deletions":27}}},{"hash":"957c2591854eade5c1808b25e5106bb09052e765","isMergeCommit":true,"messageTitle":"Merge pull request #7 from AY2425S2-CS2103T-W13-4/master","messageBody":"Update branch","fileTypesAndContributionMap":{}}]},{"date":"2025-03-27T00:00:00","commitResults":[{"hash":"557aacacd9ef7b750f617952d75e9be3c15a4e6a","isMergeCommit":false,"messageTitle":"Update UG and DG for note feature","messageBody":"","fileTypesAndContributionMap":{"docs":{"insertions":104,"deletions":72}}},{"hash":"5a653d62ec2a95e6bbece5736f21903dafe2d757","isMergeCommit":false,"messageTitle":"Fix typo errors in UG and DG","messageBody":"","fileTypesAndContributionMap":{"docs":{"insertions":11,"deletions":11}}},{"hash":"fa4b8f0e2f786c142aba6984b4acbbb17251c117","isMergeCommit":true,"messageTitle":"Merge pull request #79 from Masunori/edit-distance-branch","messageBody":"Add edit distance to compare string closeness","fileTypesAndContributionMap":{}},{"hash":"7f9913cc3a7bc6414bd0b4ed22fe7f6ad0ed2f95","isMergeCommit":true,"messageTitle":"Merge pull request #81 from Masunori/import-export-feature","messageBody":"Import and Export feature","fileTypesAndContributionMap":{}},{"hash":"819e5b3cb33782aaf6db1941aae8c4c265c2c5b8","isMergeCommit":true,"messageTitle":"Merge pull request #84 from Masunori/update-dg-branch","messageBody":"Update DG: add import/export, remove delete by name","fileTypesAndContributionMap":{}},{"hash":"a333fd790315f63a47936732d68ad9a984b99114","isMergeCommit":true,"messageTitle":"Merge pull request #88 from junngithub/branch-refine-filter","messageBody":"Refine filter feature","fileTypesAndContributionMap":{}},{"hash":"27f74e03f7939fe78677775b4d6e0bfbfed2c527","isMergeCommit":false,"messageTitle":"Update DG","messageBody":"","fileTypesAndContributionMap":{"docs":{"insertions":145,"deletions":100}}},{"hash":"dc69db75f60cc871e819a938db91b3022e27090d","isMergeCommit":false,"messageTitle":"Update DG","messageBody":"","fileTypesAndContributionMap":{"docs":{"insertions":1,"deletions":1}}},{"hash":"970a3a6da4fdaff51f8c82b6b42ccb7355f7b2f4","isMergeCommit":false,"messageTitle":"Update DG","messageBody":"","fileTypesAndContributionMap":{"docs":{"insertions":152,"deletions":633}}},{"hash":"37bec3bd50acac96701f58510bfd6bb473510a31","isMergeCommit":false,"messageTitle":"Update DG","messageBody":"","fileTypesAndContributionMap":{"docs":{"insertions":633,"deletions":152}}},{"hash":"92e3db63cb96b9b63cc42ce816a7951740b5a589","isMergeCommit":false,"messageTitle":"Update DG","messageBody":"","fileTypesAndContributionMap":{"docs":{"insertions":60,"deletions":105}}},{"hash":"700cf8ac60326324209080e2c0c2965387665df3","isMergeCommit":false,"messageTitle":"Fix errors in UG","messageBody":"","fileTypesAndContributionMap":{"docs":{"insertions":5,"deletions":5}}},{"hash":"3dfb835f3c0f1b9dd3b76131366e3f7bd76776c6","isMergeCommit":true,"messageTitle":"Merge branch \u0027master\u0027 into notes-feature","messageBody":"","fileTypesAndContributionMap":{}},{"hash":"6e2132d5135181313773adc2330b779fafab4e81","isMergeCommit":false,"messageTitle":"Update import/export test files","messageBody":"","fileTypesAndContributionMap":{"test-code":{"insertions":32,"deletions":16}}}]},{"date":"2025-03-28T00:00:00","commitResults":[{"hash":"efa2d31ea6fc88ff385dd2c476ffd463233ad7d3","isMergeCommit":true,"messageTitle":"Merge branch \u0027master\u0027 into notes-feature","messageBody":"","fileTypesAndContributionMap":{}}]},{"date":"2025-03-29T00:00:00","commitResults":[{"hash":"1eb8e6163219f83730d58d7b149aee52e568debe","isMergeCommit":false,"messageTitle":"Fix export/import command tests","messageBody":"","fileTypesAndContributionMap":{"functional-code":{"insertions":1,"deletions":1},"test-code":{"insertions":32,"deletions":16}}},{"hash":"138dc38d11f23c47fa9420ff44f779d7df53860d","isMergeCommit":false,"messageTitle":"Update more tests","messageBody":"","fileTypesAndContributionMap":{"test-code":{"insertions":16,"deletions":2}}},{"hash":"daae9200037a4b77e4eeaf41ce2508c662cd3342","isMergeCommit":false,"messageTitle":"Fix test checkstyle","messageBody":"","fileTypesAndContributionMap":{"test-code":{"insertions":3,"deletions":2}}},{"hash":"3efe0c073d26955546da200c39fe3ecb834c760c","isMergeCommit":true,"messageTitle":"Merge pull request #89 from kevinlimantoro123/notes-feature","messageBody":"Implement notes feature","fileTypesAndContributionMap":{}}]},{"date":"2025-03-31T00:00:00","commitResults":[{"hash":"3e8de53c92451d9001562c7997584daccbc23400","isMergeCommit":true,"messageTitle":"Merge branch \u0027master\u0027 of https://github.com/kevinlimantoro123/tp","messageBody":"","fileTypesAndContributionMap":{}}]},{"date":"2025-04-01T00:00:00","commitResults":[{"hash":"8e7ca6235fe5e41b63d5a4e8be0fe07fe0d0d396","isMergeCommit":false,"messageTitle":"Update UG and DG","messageBody":"","fileTypesAndContributionMap":{"docs":{"insertions":8,"deletions":8}}},{"hash":"4fce911db94e58b7473fc173774e67887308a2d3","isMergeCommit":true,"messageTitle":"Merge pull request #104 from kevinlimantoro123/update-UGDG-1.5","messageBody":"Update ugdg 1.5","fileTypesAndContributionMap":{}}]},{"date":"2025-04-02T00:00:00","commitResults":[{"hash":"2ed8c5d4742689116fd885e917860f37608fcaf9","isMergeCommit":false,"messageTitle":"Update index.md and UG DG","messageBody":"","fileTypesAndContributionMap":{"docs":{"insertions":15,"deletions":7}}},{"hash":"004ba512dc8085a2c23fa03b0922e0c87ab92755","isMergeCommit":true,"messageTitle":"Merge pull request #110 from kevinlimantoro123/update-landingPage","messageBody":"Update landing page, UG and DG","fileTypesAndContributionMap":{}},{"hash":"956d507d4e55a3c0a502c2e756a3193a1ee34785","isMergeCommit":false,"messageTitle":"Fix alpha bugs","messageBody":"","fileTypesAndContributionMap":{"functional-code":{"insertions":3,"deletions":4},"docs":{"insertions":1,"deletions":0}}},{"hash":"571e0d83133e7e4abeab9bc285010e5680a42e85","isMergeCommit":true,"messageTitle":"Merge pull request #112 from kevinlimantoro123/fix-editBugs","messageBody":"Fix alpha bugs","fileTypesAndContributionMap":{}}]},{"date":"2025-04-03T00:00:00","commitResults":[{"hash":"e9a16bd2dbc8492ccae6d61cf91ad325812b84be","isMergeCommit":false,"messageTitle":"Update DG for edit","messageBody":"","fileTypesAndContributionMap":{"docs":{"insertions":6,"deletions":0}}},{"hash":"edb45244c706297ab9520b6a84a7b76e61c7bde3","isMergeCommit":false,"messageTitle":"Update UG","messageBody":"","fileTypesAndContributionMap":{"docs":{"insertions":2,"deletions":3}}},{"hash":"313795b5c2607b6f4d496aa4a435d16c8374d216","isMergeCommit":true,"messageTitle":"Merge pull request #119 from kevinlimantoro123/master","messageBody":"Update UG and DG","fileTypesAndContributionMap":{}}]},{"date":"2025-04-06T00:00:00","commitResults":[{"hash":"55e2ecea1f8bdcf622afc5ecf92e41a756212f44","isMergeCommit":false,"messageTitle":"Fix bugs","messageBody":"","fileTypesAndContributionMap":{"functional-code":{"insertions":5,"deletions":3},"docs":{"insertions":13,"deletions":13},"test-code":{"insertions":2,"deletions":1}}},{"hash":"c61122f20029c9029638d74223ea62301cf7d53c","isMergeCommit":false,"messageTitle":"Fix checkstyle","messageBody":"","fileTypesAndContributionMap":{"functional-code":{"insertions":0,"deletions":1}}},{"hash":"7a0c85701be34d7dcc5593881f6c4feae86e68ef","isMergeCommit":true,"messageTitle":"Merge pull request #179 from kevinlimantoro123/fix-bugs","messageBody":"Fix bugs","fileTypesAndContributionMap":{}}]}],"NhatMinh0208":[{"date":"2025-03-02T00:00:00","commitResults":[{"hash":"b1a8b959b1975b9725987bbac2941d2fe8756714","isMergeCommit":false,"messageTitle":"Update AboutUs page with Minh\u0027s profile","messageBody":"","fileTypesAndContributionMap":{"docs":{"insertions":4,"deletions":5}}},{"hash":"0c09dca7b3446cd8df569cc3c5f07686b1f956d3","isMergeCommit":true,"messageTitle":"Merge pull request #22 from kevinlimantoro123/update-AboutUs","messageBody":"Update about us","fileTypesAndContributionMap":{}},{"hash":"70b127b356cacb44b1a7a91b66d7e2869bae411c","isMergeCommit":true,"messageTitle":"Merge branch \u0027master\u0027 into update-aboutus-page","messageBody":"","fileTypesAndContributionMap":{}},{"hash":"3e6c7b16629d4865350d98b83c1524f7049dca2b","isMergeCommit":true,"messageTitle":"Merge pull request #18 from NhatMinh0208/update-aboutus-page","messageBody":"Update AboutUs page with Minh\u0027s profile","fileTypesAndContributionMap":{}}]},{"date":"2025-03-06T00:00:00","commitResults":[{"hash":"b439e084ae2c0d6e4c1757215c2dfcf8c8965624","isMergeCommit":false,"messageTitle":"Update README except for UI mockup","messageBody":"","fileTypesAndContributionMap":{"docs":{"insertions":8,"deletions":11}}},{"hash":"8e06425766203e086b31d5f3c5889fe4b71eeda8","isMergeCommit":false,"messageTitle":"Fix README style issues","messageBody":"","fileTypesAndContributionMap":{"docs":{"insertions":2,"deletions":2}}},{"hash":"8e74f61fdf636d77ccbd1743233bcc15dbe71f40","isMergeCommit":true,"messageTitle":"Merge pull request #28 from NhatMinh0208/update-readme","messageBody":"Update README to match project","fileTypesAndContributionMap":{}},{"hash":"c133d6bdd61c218aa93d567a1ba6e2092a01a0c9","isMergeCommit":false,"messageTitle":"Update website to match project","messageBody":"","fileTypesAndContributionMap":{"docs":{"insertions":8,"deletions":6}}},{"hash":"12a968938dbc4ca534ee9f618e72e5bb2c75f910","isMergeCommit":true,"messageTitle":"Merge pull request #29 from NhatMinh0208/update-website","messageBody":"Update website to match project","fileTypesAndContributionMap":{}}]},{"date":"2025-03-13T00:00:00","commitResults":[{"hash":"bb194466993c267ae5cd1d3b22a2a78ea7091525","isMergeCommit":false,"messageTitle":"Fix spelling error: hoobyists","messageBody":"","fileTypesAndContributionMap":{"docs":{"insertions":2,"deletions":2}}},{"hash":"80059b26fd824faf92419daf66e5430a755ace52","isMergeCommit":true,"messageTitle":"Merge pull request #44 from NhatMinh0208/fix-hoobyists","messageBody":"Fix spelling error: hoobyists","fileTypesAndContributionMap":{}},{"hash":"e227e380b07fa79a97da6d2b1c40479ed44d4992","isMergeCommit":false,"messageTitle":"Implement add command checking for email / phone duplication","messageBody":"","fileTypesAndContributionMap":{"functional-code":{"insertions":94,"deletions":3},"test-code":{"insertions":78,"deletions":2}}},{"hash":"8e44bfa271064771c5f5742669f9730dddac80c3","isMergeCommit":false,"messageTitle":"Add tests for hasSamePhoneNumber and hasSameEmail","messageBody":"","fileTypesAndContributionMap":{"test-code":{"insertions":38,"deletions":0}}},{"hash":"8bd090f76eecb721deabad7023e22040a653f4f6","isMergeCommit":false,"messageTitle":"Add punctuation to messages","messageBody":"","fileTypesAndContributionMap":{"functional-code":{"insertions":2,"deletions":2}}},{"hash":"87526488f452c1d32ec2c945555e7de848139e42","isMergeCommit":true,"messageTitle":"Merge pull request #45 from NhatMinh0208/implement-add","messageBody":"Implement add command checking for email / phone duplication","fileTypesAndContributionMap":{}}]},{"date":"2025-03-19T00:00:00","commitResults":[{"hash":"236c71ee370f1ee0ac428c06f297e9c55e565cd1","isMergeCommit":false,"messageTitle":"Add use cases for add command + Fix add command to match behavior in DG","messageBody":"","fileTypesAndContributionMap":{"functional-code":{"insertions":31,"deletions":28},"docs":{"insertions":24,"deletions":11},"test-code":{"insertions":22,"deletions":14}}}]},{"date":"2025-03-20T00:00:00","commitResults":[{"hash":"3c5bf4c197ae1cbc048020016cc3298acae538df","isMergeCommit":false,"messageTitle":"Change back from category to tag","messageBody":"","fileTypesAndContributionMap":{"functional-code":{"insertions":1,"deletions":1},"docs":{"insertions":2,"deletions":2}}},{"hash":"d45a0537ffa052c61d90d8b994c79c888b3129bb","isMergeCommit":true,"messageTitle":"Merge pull request #65 from NhatMinh0208/add-dg","messageBody":"Update use cases for `add` command + Fix `add` command to match behavior in DG","fileTypesAndContributionMap":{}},{"hash":"7697cfc6ad62ec78e49b69364e2f653907e80d77","isMergeCommit":false,"messageTitle":"Update README for MVP release","messageBody":"","fileTypesAndContributionMap":{"docs":{"insertions":2,"deletions":0}}},{"hash":"3a5870858ef0aa77b370669bbe261c2a86adfbbb","isMergeCommit":false,"messageTitle":"Fix formatting","messageBody":"","fileTypesAndContributionMap":{"docs":{"insertions":4,"deletions":2}}},{"hash":"0a4f468631e30f5919bc1d9d9905b0e026901544","isMergeCommit":true,"messageTitle":"Merge pull request #68 from NhatMinh0208/update-readme","messageBody":"Update README for MVP release","fileTypesAndContributionMap":{}}]},{"date":"2025-03-24T00:00:00","commitResults":[{"hash":"72be34d494113b28ae309b5a8f1860d817f2905e","isMergeCommit":false,"messageTitle":"Improve help command","messageBody":"","fileTypesAndContributionMap":{"functional-code":{"insertions":53,"deletions":31}}}]},{"date":"2025-03-27T00:00:00","commitResults":[{"hash":"9ad028ba74981ca6a0a4040275c72f3c31278a73","isMergeCommit":false,"messageTitle":"Add initial undo/redo command implementation","messageBody":"","fileTypesAndContributionMap":{"functional-code":{"insertions":321,"deletions":13},"test-code":{"insertions":14,"deletions":0}}},{"hash":"eab66866177fa4ac44717553c103becc73aacdeb","isMergeCommit":false,"messageTitle":"Update the DG to include undo and redo","messageBody":"","fileTypesAndContributionMap":{"docs":{"insertions":38,"deletions":0}}},{"hash":"86dfb7a2ecd4ab6bff37be69c416b42da1f7e348","isMergeCommit":true,"messageTitle":"Merge pull request #92 from NhatMinh0208/add-undo-command","messageBody":"Add initial `undo`/`redo` command implementation","fileTypesAndContributionMap":{}},{"hash":"8784bed85cec6fb80c741441006263a4892a0f54","isMergeCommit":true,"messageTitle":"Merge pull request #93 from NhatMinh0208/add-undo-to-dg","messageBody":"Update the DG to include undo and redo","fileTypesAndContributionMap":{}},{"hash":"1826c734f8ba6771cb38d73515e0e9ff23db4d32","isMergeCommit":true,"messageTitle":"Merge pull request #91 from Masunori/import-export-feature","messageBody":"Add assertions, JavaDoc, and fix UG import/export","tags":["v1.4"],"fileTypesAndContributionMap":{}}]},{"date":"2025-03-28T00:00:00","commitResults":[{"hash":"b02430823779208de8805014f965c662534c2a8d","isMergeCommit":false,"messageTitle":"Rename address book names in undo-redo diagram for clarity","messageBody":"","fileTypesAndContributionMap":{"docs":{"insertions":18,"deletions":18}}},{"hash":"357fe3d768b1e71cc0b6eed4b88541b36b7d6cb2","isMergeCommit":true,"messageTitle":"Merge pull request #94 from NhatMinh0208/update-uml","messageBody":"Rename address book names in undo-redo diagram for clarity","fileTypesAndContributionMap":{}}]},{"date":"2025-03-29T00:00:00","commitResults":[{"hash":"26e068732990acfda22d670dd036fbfb84b23aa5","isMergeCommit":false,"messageTitle":"Fix / command and add proper success message","messageBody":"","fileTypesAndContributionMap":{"functional-code":{"insertions":260,"deletions":71},"test-code":{"insertions":4,"deletions":3}}},{"hash":"089e911f2a983dcdd5a22997ff77b516394613d4","isMergeCommit":false,"messageTitle":"Add Person in description for clarity","messageBody":"","fileTypesAndContributionMap":{"functional-code":{"insertions":1,"deletions":1}}}]},{"date":"2025-04-02T00:00:00","commitResults":[{"hash":"6bad672934d4e538e89542c594c59e0ac6c19f05","isMergeCommit":false,"messageTitle":"Separate conditions in AddressBookStateNode.equals()","messageBody":"","fileTypesAndContributionMap":{"functional-code":{"insertions":7,"deletions":4}}},{"hash":"5a09953c75411f7b1ff0b4590617c79f8c631a4c","isMergeCommit":true,"messageTitle":"Merge pull request #98 from NhatMinh0208/fix-undo-redo","messageBody":"Fix `undo`/`redo` command and add proper success message","fileTypesAndContributionMap":{}},{"hash":"af688fd33a3321d2085a82bbe45eb893a5578af3","isMergeCommit":false,"messageTitle":"Improve undo/redo command","messageBody":"","fileTypesAndContributionMap":{"functional-code":{"insertions":248,"deletions":19},"test-code":{"insertions":11,"deletions":0}}}]},{"date":"2025-04-03T00:00:00","commitResults":[{"hash":"d911f6d60fea290e368d19b75d9338f84c500ecb","isMergeCommit":false,"messageTitle":"Fix undo/redo not working with no args","messageBody":"","fileTypesAndContributionMap":{"functional-code":{"insertions":39,"deletions":16}}},{"hash":"a923965bdc58f72a8a43e8d07c018dd2682d540e","isMergeCommit":true,"messageTitle":"Merge branch \u0027master\u0027 into improve-undo-redo","messageBody":"","fileTypesAndContributionMap":{}},{"hash":"92b936dcafe39fb05ec127a76cd19ea017de85ff","isMergeCommit":false,"messageTitle":"Make undo/redo command work with clear","messageBody":"","fileTypesAndContributionMap":{"functional-code":{"insertions":109,"deletions":21}}},{"hash":"6700bcf907de9a24cfed01eb5b0ec66a4e3910eb","isMergeCommit":false,"messageTitle":"Add test cases for undo and redo","messageBody":"","fileTypesAndContributionMap":{"functional-code":{"insertions":10,"deletions":2},"test-code":{"insertions":236,"deletions":0}}},{"hash":"bfb8ec790bd55871a5d5f8ac0d4fa9e64365bc3a","isMergeCommit":false,"messageTitle":"Add tests for parsers","messageBody":"","fileTypesAndContributionMap":{"functional-code":{"insertions":26,"deletions":0},"test-code":{"insertions":102,"deletions":0}}},{"hash":"bef2d4cc72bd4830187f4e6a5bbc9c335e1b8656","isMergeCommit":false,"messageTitle":"Improve undo test","messageBody":"","fileTypesAndContributionMap":{"test-code":{"insertions":19,"deletions":3}}},{"hash":"47d709423c3a44d8e8c2e9bc19417130e6264005","isMergeCommit":false,"messageTitle":"Clarify behavior in usage message","messageBody":"","fileTypesAndContributionMap":{"functional-code":{"insertions":4,"deletions":2}}},{"hash":"faf9384fb1f64060d2f638dbe958c4d8fe91eb17","isMergeCommit":true,"messageTitle":"Merge pull request #105 from Masunori/rework-import-command","messageBody":"Rework import command","fileTypesAndContributionMap":{}},{"hash":"cc43708089fc52ea9cadddf0a559789498058f5f","isMergeCommit":true,"messageTitle":"Merge branch \u0027master\u0027 into improve-undo-redo","messageBody":"","fileTypesAndContributionMap":{}},{"hash":"301bf09b37d80289a905c0cbd012fe1c34f36c17","isMergeCommit":false,"messageTitle":"Implement undo/redo multiple for ModelStub","messageBody":"","fileTypesAndContributionMap":{"test-code":{"insertions":11,"deletions":0}}},{"hash":"67427f3947bd0a4a5973bcbddef0615462378f47","isMergeCommit":false,"messageTitle":"Update UG to include undo/redo","messageBody":"","fileTypesAndContributionMap":{"docs":{"insertions":34,"deletions":0}}},{"hash":"791297b49a774dad40ae0c1e227f8514ec6c1464","isMergeCommit":false,"messageTitle":"Update UG to include undo/redo","messageBody":"","fileTypesAndContributionMap":{"docs":{"insertions":7,"deletions":3}}},{"hash":"a7f1e08b8d026d2fb17506647008c7d61f6eda77","isMergeCommit":true,"messageTitle":"Merge pull request #114 from NhatMinh0208/improve-undo-redo","messageBody":"Improve `undo`/`redo`","tags":["v1.5"],"fileTypesAndContributionMap":{}}]},{"date":"2025-04-04T00:00:00","commitResults":[{"hash":"5e3044d024144cd88fb01e6f9b8840ffba4d624f","isMergeCommit":false,"messageTitle":"Fix incorrect duplication of undo in UG","messageBody":"","fileTypesAndContributionMap":{"docs":{"insertions":2,"deletions":2}}},{"hash":"42f06331563ef523114e673a769e527a1329ee73","isMergeCommit":true,"messageTitle":"Merge pull request #127 from NhatMinh0208/fix-ug","messageBody":"Fix incorrect duplication of undo in UG","fileTypesAndContributionMap":{}},{"hash":"331e11692edd659523cd5541553ccdc7949fa908","isMergeCommit":false,"messageTitle":"Rename title of DG to CraftConnect DG","messageBody":"","fileTypesAndContributionMap":{"docs":{"insertions":1,"deletions":1}}},{"hash":"760af8f4187a997e854c9a4831e6afca076164e1","isMergeCommit":true,"messageTitle":"Merge pull request #128 from NhatMinh0208/rename-dg","messageBody":"Rename title of DG to CraftConnect DG","fileTypesAndContributionMap":{}},{"hash":"711eb6ee77ed059ecb6c76024d78aec5eac7dc7c","isMergeCommit":false,"messageTitle":"Update command summary","messageBody":"","fileTypesAndContributionMap":{"docs":{"insertions":1,"deletions":1}}},{"hash":"5943bddb68f3f86abc207eb4e8b29addd5b4bbd9","isMergeCommit":false,"messageTitle":"Update title of window to show CraftConnect","messageBody":"","fileTypesAndContributionMap":{"functional-code":{"insertions":1,"deletions":1}}},{"hash":"cc08de708b43e0a2af308611f593cc4b92ed8d11","isMergeCommit":true,"messageTitle":"Merge pull request #129 from NhatMinh0208/fix-ug","messageBody":"Improve UG ahead of PE-D","fileTypesAndContributionMap":{}}]}]},"authorFileTypeContributionMap":{"Masunori":{"docs":292,"functional-code":1032,"test-code":2571,"other":1},"junngithub":{"docs":26,"functional-code":257,"test-code":365},"kevinlimantoro123":{"docs":415,"functional-code":301,"test-code":321,"other":4},"NhatMinh0208":{"docs":113,"functional-code":1015,"test-code":513}},"authorContributionVariance":{"Masunori":72107.46,"junngithub":10464.161,"kevinlimantoro123":112110.836,"NhatMinh0208":15960.244},"authorDisplayNameMap":{"Masunori":"CS2103T-W13-4 DUON.. DUC","junngithub":"CS2103T-W13-4 NGOO.. SEN","kevinlimantoro123":"CS2103T-W13-4 KEVI..TORO","NhatMinh0208":"CS2103T-W13-4 NGUY..MINH"}}
